case_id,backend,target_label,grid_x_m,grid_y_m,actual_x_m,actual_y_m,yaw_deg,repeat_index,domain_class,success,initial_failed_state,initial_failure_reason,failed_state,failure_reason,lift_height_mm,task_duration_ms,detect_source_ms,execute_pick_ms,source_center_error_mm,selected_direction_deg,direction_policy_mode,direction_policy_band,direction_reference_deg,planned_grasp_z_m,grasp_z_clearance_m,max_cartesian_deviation_mm,lift_horizontal_path_drift_mm,execution_trace_json,target_settle_displacement_mm,unexpected_contacts_json,state_log_json
x01-y01-r01,yolo,bottle,0.34,-0.16,0.33824141151488657,-0.15728237072390178,4.111608734819305,1,IN_DOMAIN,True,,,,,146.4,1193.1,695.3,157.5,50.1,320.4699009251051,lateral_band,lower,335.4699009251051,0.195,0.07500000000000001,0.8859196681787515,0.07436413023813444,"{""candidate_id"": ""preferred_00"", ""direction_deg"": 320.4699009251051, ""pre_close_object_xy_shift_mm"": 0.0, ""close_object_xy_shift_mm"": 0.21, ""lift_horizontal_drift_mm"": 0.952, ""lift_height_mm"": 146.41, ""target_contact_geoms"": [""link7/geom:18"", ""link8/geom:20"", ""table/table_top""], ""bilateral_finger_contact"": true, ""failure_class"": ""NONE""}",0.0,[],"[{""state"": ""DETECT_SOURCE"", ""success"": true, ""message"": ""selected bottle_0 conf=0.25 base=[ 0.331 -0.151  0.169] (1534 ROI pts)"", ""reason"": ""OK"", ""duration_ms"": 695.3}, {""state"": ""PLAN_PICK"", ""success"": true, ""message"": ""selected preferred_00 direction=320deg margin=0.000rad"", ""reason"": ""OK"", ""duration_ms"": 340.2}, {""state"": ""EXECUTE_PICK"", ""success"": true, ""message"": ""validated motion plan executed"", ""reason"": ""OK"", ""duration_ms"": 157.5}, {""state"": ""VERIFY_GRASP"", ""success"": true, ""message"": ""object lifted 146 mm"", ""reason"": ""OK"", ""duration_ms"": 0.0}]"
x01-y01-r02,yolo,bottle,0.34,-0.16,0.33739610309197837,-0.16178130354872636,189.86414537109192,2,IN_DOMAIN,False,DETECT_SOURCE,STATE_FAILED,DETECT_SOURCE,STATE_FAILED,,376.4,376.4,0,,,,,,,,,,null,0.0,[],"[{""state"": ""DETECT_SOURCE"", ""success"": false, ""message"": ""no 'bottle' detected (saw 0 objects)"", ""reason"": ""STATE_FAILED"", ""duration_ms"": 376.4}]"
x01-y01-r03,yolo,bottle,0.34,-0.16,0.3397865534450228,-0.16165642913489234,349.18944390241234,3,IN_DOMAIN,True,,,,,146.3,985.7,494.8,155.6,45.5,320.1425279392241,lateral_band,lower,335.1425279392241,0.195,0.07500000000000001,0.8441221803705516,0.07413693467101398,"{""candidate_id"": ""preferred_00"", ""direction_deg"": 320.1425279392241, ""pre_close_object_xy_shift_mm"": 0.0, ""close_object_xy_shift_mm"": 0.33, ""lift_horizontal_drift_mm"": 1.609, ""lift_height_mm"": 146.278, ""target_contact_geoms"": [""link7/geom:18"", ""link8/geom:20"", ""table/table_top""], ""bilateral_finger_contact"": true, ""failure_class"": ""NONE""}",0.0,[],"[{""state"": ""DETECT_SOURCE"", ""success"": true, ""message"": ""selected bottle_0 conf=0.19 base=[ 0.332 -0.154  0.164] (1320 ROI pts)"", ""reason"": ""OK"", ""duration_ms"": 494.8}, {""state"": ""PLAN_PICK"", ""success"": true, ""message"": ""selected preferred_00 direction=320deg margin=0.000rad"", ""reason"": ""OK"", ""duration_ms"": 335.3}, {""state"": ""EXECUTE_PICK"", ""success"": true, ""message"": ""validated motion plan executed"", ""reason"": ""OK"", ""duration_ms"": 155.6}, {""state"": ""VERIFY_GRASP"", ""success"": true, ""message"": ""object lifted 146 mm"", ""reason"": ""OK"", ""duration_ms"": 0.0}]"
x01-y01-r04,yolo,bottle,0.34,-0.16,0.34144152298697783,-0.16019848739920745,27.274175479034163,4,IN_DOMAIN,False,DETECT_SOURCE,STATE_FAILED,DETECT_SOURCE,STATE_FAILED,,362.1,362.0,0,,,,,,,,,,null,0.0,[],"[{""state"": ""DETECT_SOURCE"", ""success"": false, ""message"": ""no 'bottle' detected (saw 0 objects)"", ""reason"": ""STATE_FAILED"", ""duration_ms"": 362.0}]"
x01-y01-r05,yolo,bottle,0.34,-0.16,0.3387653988194774,-0.15720531464294457,326.6471883148692,5,IN_DOMAIN,False,DETECT_SOURCE,STATE_FAILED,DETECT_SOURCE,STATE_FAILED,,362.6,362.6,0,,,,,,,,,,null,0.0,[],"[{""state"": ""DETECT_SOURCE"", ""success"": false, ""message"": ""no 'bottle' detected (saw 0 objects)"", ""reason"": ""STATE_FAILED"", ""duration_ms"": 362.6}]"
x01-y01-r06,yolo,bottle,0.34,-0.16,0.3376777758901276,-0.15983216180061274,102.89490586075706,6,IN_DOMAIN,False,DETECT_SOURCE,STATE_FAILED,DETECT_SOURCE,STATE_FAILED,,362.9,362.9,0,,,,,,,,,,null,0.0,[],"[{""state"": ""DETECT_SOURCE"", ""success"": false, ""message"": ""no 'bottle' detected (saw 0 objects)"", ""reason"": ""STATE_FAILED"", ""duration_ms"": 362.9}]"
x01-y01-r07,yolo,bottle,0.34,-0.16,0.3407241336901525,-0.16038616790210797,8.110540862640928,7,IN_DOMAIN,True,,,,,146.3,983.5,482.9,156.9,47.3,320.2251298860332,lateral_band,lower,335.2251298860332,0.195,0.07500000000000001,0.7843024171244939,0.07389317899317803,"{""candidate_id"": ""preferred_00"", ""direction_deg"": 320.2251298860332, ""pre_close_object_xy_shift_mm"": 0.0, ""close_object_xy_shift_mm"": 0.259, ""lift_horizontal_drift_mm"": 1.171, ""lift_height_mm"": 146.343, ""target_contact_geoms"": [""link7/geom:18"", ""link8/geom:20"", ""table/table_top""], ""bilateral_finger_contact"": true, ""failure_class"": ""NONE""}",0.0,[],"[{""state"": ""DETECT_SOURCE"", ""success"": true, ""message"": ""selected bottle_0 conf=0.14 base=[ 0.334 -0.154  0.166] (1400 ROI pts)"", ""reason"": ""OK"", ""duration_ms"": 482.9}, {""state"": ""PLAN_PICK"", ""success"": true, ""message"": ""selected preferred_00 direction=320deg margin=0.000rad"", ""reason"": ""OK"", ""duration_ms"": 343.6}, {""state"": ""EXECUTE_PICK"", ""success"": true, ""message"": ""validated motion plan executed"", ""reason"": ""OK"", ""duration_ms"": 156.9}, {""state"": ""VERIFY_GRASP"", ""success"": true, ""message"": ""object lifted 146 mm"", ""reason"": ""OK"", ""duration_ms"": 0.0}]"
x01-y01-r08,yolo,bottle,0.34,-0.16,0.33846166308888037,-0.16238273711067774,305.7153261362112,8,IN_DOMAIN,False,DETECT_SOURCE,STATE_FAILED,DETECT_SOURCE,STATE_FAILED,,371.5,371.5,0,,,,,,,,,,null,0.0,[],"[{""state"": ""DETECT_SOURCE"", ""success"": false, ""message"": ""no 'bottle' detected (saw 0 objects)"", ""reason"": ""STATE_FAILED"", ""duration_ms"": 371.5}]"
x01-y01-r09,yolo,bottle,0.34,-0.16,0.3409484608362998,-0.16238580641812797,267.17933328259494,9,IN_DOMAIN,False,DETECT_SOURCE,STATE_FAILED,DETECT_SOURCE,STATE_FAILED,,367.2,367.2,0,,,,,,,,,,null,0.0,[],"[{""state"": ""DETECT_SOURCE"", ""success"": false, ""message"": ""no 'bottle' detected (saw 0 objects)"", ""reason"": ""STATE_FAILED"", ""duration_ms"": 367.2}]"
x01-y01-r10,yolo,bottle,0.34,-0.16,0.34216127194941903,-0.16108734801639327,259.1876258561144,10,IN_DOMAIN,True,,,,,145.3,967.7,473.6,154.0,41.6,320.7431368269197,lateral_band,lower,335.7431368269197,0.195,0.07500000000000001,0.03027879183352884,0.07253412408572034,"{""candidate_id"": ""preferred_00"", ""direction_deg"": 320.7431368269197, ""pre_close_object_xy_shift_mm"": 0.0, ""close_object_xy_shift_mm"": 0.6, ""lift_horizontal_drift_mm"": 6.921, ""lift_height_mm"": 145.273, ""target_contact_geoms"": [""link7/geom:18"", ""link8/geom:20"", ""table/table_top""], ""bilateral_finger_contact"": true, ""failure_class"": ""NONE""}",0.0,[],"[{""state"": ""DETECT_SOURCE"", ""success"": true, ""message"": ""selected bottle_0 conf=0.60 base=[ 0.346 -0.156  0.161] (1537 ROI pts)"", ""reason"": ""OK"", ""duration_ms"": 473.6}, {""state"": ""PLAN_PICK"", ""success"": true, ""message"": ""selected preferred_00 direction=321deg margin=0.008rad"", ""reason"": ""OK"", ""duration_ms"": 340.1}, {""state"": ""EXECUTE_PICK"", ""success"": true, ""message"": ""validated motion plan executed"", ""reason"": ""OK"", ""duration_ms"": 154.0}, {""state"": ""VERIFY_GRASP"", ""success"": true, ""message"": ""object lifted 145 mm"", ""reason"": ""OK"", ""duration_ms"": 0.0}]"
x01-y02-r01,yolo,bottle,0.34,-0.115,0.33941085659356507,-0.11755174086998177,226.44294951732886,1,IN_DOMAIN,True,,,,,146.4,1163.3,596.2,161.5,50.3,325.78329774304217,lateral_band,lower,340.78329774304217,0.195,0.07500000000000001,0.9312964029112467,0.07464898055070945,"{""candidate_id"": ""preferred_00"", ""direction_deg"": 325.78329774304217, ""pre_close_object_xy_shift_mm"": 0.0, ""close_object_xy_shift_mm"": 0.158, ""lift_horizontal_drift_mm"": 1.347, ""lift_height_mm"": 146.4, ""target_contact_geoms"": [""link7/geom:18"", ""link8/geom:20"", ""table/table_top""], ""bilateral_finger_contact"": true, ""failure_class"": ""NONE""}",0.0,[],"[{""state"": ""DETECT_SOURCE"", ""success"": true, ""message"": ""selected bottle_0 conf=0.81 base=[ 0.341 -0.119  0.17 ] (2065 ROI pts)"", ""reason"": ""OK"", ""duration_ms"": 596.2}, {""state"": ""PLAN_PICK"", ""success"": true, ""message"": ""selected preferred_00 direction=326deg margin=0.000rad"", ""reason"": ""OK"", ""duration_ms"": 405.6}, {""state"": ""EXECUTE_PICK"", ""success"": true, ""message"": ""validated motion plan executed"", ""reason"": ""OK"", ""duration_ms"": 161.5}, {""state"": ""VERIFY_GRASP"", ""success"": true, ""message"": ""object lifted 146 mm"", ""reason"": ""OK"", ""duration_ms"": 0.0}]"
x01-y02-r02,yolo,bottle,0.34,-0.115,0.3401296851477501,-0.11368211659670989,203.42479740104406,2,IN_DOMAIN,True,,,,,146.0,993.2,494.7,155.8,54.0,326.45511974830356,lateral_band,lower,341.45511974830356,0.195,0.07500000000000001,0.8003280455622451,0.07537981625386293,"{""candidate_id"": ""preferred_00"", ""direction_deg"": 326.45511974830356, ""pre_close_object_xy_shift_mm"": 0.0, ""close_object_xy_shift_mm"": 0.088, ""lift_horizontal_drift_mm"": 0.267, ""lift_height_mm"": 146.018, ""target_contact_geoms"": [""link7/geom:18"", ""link8/geom:20"", ""table/table_top""], ""bilateral_finger_contact"": true, ""failure_class"": ""NONE""}",0.0,[],"[{""state"": ""DETECT_SOURCE"", ""success"": true, ""message"": ""selected bottle_0 conf=0.71 base=[ 0.337 -0.113  0.174] (1829 ROI pts)"", ""reason"": ""OK"", ""duration_ms"": 494.7}, {""state"": ""PLAN_PICK"", ""success"": true, ""message"": ""selected preferred_00 direction=326deg margin=0.000rad"", ""reason"": ""OK"", ""duration_ms"": 342.7}, {""state"": ""EXECUTE_PICK"", ""success"": true, ""message"": ""validated motion plan executed"", ""reason"": ""OK"", ""duration_ms"": 155.8}, {""state"": ""VERIFY_GRASP"", ""success"": true, ""message"": ""object lifted 146 mm"", ""reason"": ""OK"", ""duration_ms"": 0.0}]"
x01-y02-r03,yolo,bottle,0.34,-0.115,0.3392022261520067,-0.11206634065635405,21.60940299835029,3,IN_DOMAIN,True,,,,,146.2,1083.5,576.1,152.4,54.9,326.7374563127594,lateral_band,lower,341.7374563127594,0.195,0.07500000000000001,0.8372380803233478,0.07568635153355731,"{""candidate_id"": ""preferred_00"", ""direction_deg"": 326.7374563127594, ""pre_close_object_xy_shift_mm"": 0.0, ""close_object_xy_shift_mm"": 0.026, ""lift_horizontal_drift_mm"": 0.958, ""lift_height_mm"": 146.205, ""target_contact_geoms"": [""link7/geom:18"", ""link8/geom:20"", ""table/table_top""], ""bilateral_finger_contact"": true, ""failure_class"": ""NONE""}",0.0,[],"[{""state"": ""DETECT_SOURCE"", ""success"": true, ""message"": ""selected bottle_0 conf=0.43 base=[ 0.335 -0.111  0.175] (1770 ROI pts)"", ""reason"": ""OK"", ""duration_ms"": 576.1}, {""state"": ""PLAN_PICK"", ""success"": true, ""message"": ""selected preferred_00 direction=327deg margin=0.000rad"", ""reason"": ""OK"", ""duration_ms"": 355.0}, {""state"": ""EXECUTE_PICK"", ""success"": true, ""message"": ""validated motion plan executed"", ""reason"": ""OK"", ""duration_ms"": 152.4}, {""state"": ""VERIFY_GRASP"", ""success"": true, ""message"": ""object lifted 146 mm"", ""reason"": ""OK"", ""duration_ms"": 0.0}]"
x01-y02-r04,yolo,bottle,0.34,-0.115,0.3370196243315432,-0.11461180933760177,142.2939190205061,4,IN_DOMAIN,True,,,,,146.6,1157.2,591.8,166.1,53.6,326.1658223790433,lateral_band,lower,341.1658223790433,0.195,0.07500000000000001,0.9912914016841534,0.07504414420385755,"{""candidate_id"": ""preferred_00"", ""direction_deg"": 326.1658223790433, ""pre_close_object_xy_shift_mm"": 0.0, ""close_object_xy_shift_mm"": 0.239, ""lift_horizontal_drift_mm"": 1.065, ""lift_height_mm"": 146.551, ""target_contact_geoms"": [""link7/geom:18"", ""link8/geom:20"", ""table/table_top""], ""bilateral_finger_contact"": true, ""failure_class"": ""NONE""}",0.0,[],"[{""state"": ""DETECT_SOURCE"", ""success"": true, ""message"": ""selected bottle_0 conf=0.90 base=[ 0.339 -0.116  0.173] (2052 ROI pts)"", ""reason"": ""OK"", ""duration_ms"": 591.8}, {""state"": ""PLAN_PICK"", ""success"": true, ""message"": ""selected preferred_00 direction=326deg margin=0.000rad"", ""reason"": ""OK"", ""duration_ms"": 399.3}, {""state"": ""EXECUTE_PICK"", ""success"": true, ""message"": ""validated motion plan executed"", ""reason"": ""OK"", ""duration_ms"": 166.1}, {""state"": ""VERIFY_GRASP"", ""success"": true, ""message"": ""object lifted 147 mm"", ""reason"": ""OK"", ""duration_ms"": 0.0}]"
x01-y02-r05,yolo,bottle,0.34,-0.115,0.33721789872975017,-0.11683406058161305,17.94151098549255,5,IN_DOMAIN,True,,,,,146.1,965.4,471.0,152.8,54.1,325.9075169977627,lateral_band,lower,340.9075169977627,0.195,0.07500000000000001,0.8554470124824566,0.07583534110702748,"{""candidate_id"": ""preferred_00"", ""direction_deg"": 325.9075169977627, ""pre_close_object_xy_shift_mm"": 0.0, ""close_object_xy_shift_mm"": 0.076, ""lift_horizontal_drift_mm"": 0.903, ""lift_height_mm"": 146.071, ""target_contact_geoms"": [""link7/geom:18"", ""link8/geom:20"", ""table/table_top""], ""bilateral_finger_contact"": true, ""failure_class"": ""NONE""}",0.0,[],"[{""state"": ""DETECT_SOURCE"", ""success"": true, ""message"": ""selected bottle_0 conf=0.21 base=[ 0.333 -0.115  0.174] (1860 ROI pts)"", ""reason"": ""OK"", ""duration_ms"": 471.0}, {""state"": ""PLAN_PICK"", ""success"": true, ""message"": ""selected preferred_00 direction=326deg margin=0.000rad"", ""reason"": ""OK"", ""duration_ms"": 341.6}, {""state"": ""EXECUTE_PICK"", ""success"": true, ""message"": ""validated motion plan executed"", ""reason"": ""OK"", ""duration_ms"": 152.8}, {""state"": ""VERIFY_GRASP"", ""success"": true, ""message"": ""object lifted 146 mm"", ""reason"": ""OK"", ""duration_ms"": 0.0}]"
x01-y02-r06,yolo,bottle,0.34,-0.115,0.3413442272041767,-0.11766507680028478,94.43181710133352,6,IN_DOMAIN,True,,,,,146.4,1163.4,597.2,163.6,49.9,325.9003755506256,lateral_band,lower,340.9003755506256,0.195,0.07500000000000001,0.8243037712688551,0.07404779991745,"{""candidate_id"": ""preferred_00"", ""direction_deg"": 325.9003755506256, ""pre_close_object_xy_shift_mm"": 0.0, ""close_object_xy_shift_mm"": 0.372, ""lift_horizontal_drift_mm"": 1.711, ""lift_height_mm"": 146.388, ""target_contact_geoms"": [""link7/geom:18"", ""link8/geom:20"", ""table/table_top""], ""bilateral_finger_contact"": true, ""failure_class"": ""NONE""}",0.0,[],"[{""state"": ""DETECT_SOURCE"", ""success"": true, ""message"": ""selected bottle_0 conf=0.91 base=[ 0.346 -0.12   0.17 ] (2166 ROI pts)"", ""reason"": ""OK"", ""duration_ms"": 597.2}, {""state"": ""PLAN_PICK"", ""success"": true, ""message"": ""selected preferred_00 direction=326deg margin=0.000rad"", ""reason"": ""OK"", ""duration_ms"": 402.6}, {""state"": ""EXECUTE_PICK"", ""success"": true, ""message"": ""validated motion plan executed"", ""reason"": ""OK"", ""duration_ms"": 163.6}, {""state"": ""VERIFY_GRASP"", ""success"": true, ""message"": ""object lifted 146 mm"", ""reason"": ""OK"", ""duration_ms"": 0.0}]"
x01-y02-r07,yolo,bottle,0.34,-0.115,0.3387077609740365,-0.11418053238480987,164.41506473056944,7,IN_DOMAIN,True,,,,,146.1,1001.8,460.8,155.8,48.7,327.0396698645132,lateral_band,lower,342.0396698645132,0.195,0.07500000000000001,0.950901690392679,0.07657093584789228,"{""candidate_id"": ""preferred_00"", ""direction_deg"": 327.0396698645132, ""pre_close_object_xy_shift_mm"": 0.0, ""close_object_xy_shift_mm"": 0.36, ""lift_horizontal_drift_mm"": 1.937, ""lift_height_mm"": 146.145, ""target_contact_geoms"": [""link7/geom:18"", ""link8/geom:20"", ""table/table_top""], ""bilateral_finger_contact"": true, ""failure_class"": ""NONE""}",0.0,[],"[{""state"": ""DETECT_SOURCE"", ""success"": true, ""message"": ""selected bottle_0 conf=0.72 base=[ 0.33  -0.107  0.167] (1288 ROI pts)"", ""reason"": ""OK"", ""duration_ms"": 460.8}, {""state"": ""PLAN_PICK"", ""success"": true, ""message"": ""selected preferred_00 direction=327deg margin=0.000rad"", ""reason"": ""OK"", ""duration_ms"": 385.2}, {""state"": ""EXECUTE_PICK"", ""success"": true, ""message"": ""validated motion plan executed"", ""reason"": ""OK"", ""duration_ms"": 155.8}, {""state"": ""VERIFY_GRASP"", ""success"": true, ""message"": ""object lifted 146 mm"", ""reason"": ""OK"", ""duration_ms"": 0.0}]"
x01-y02-r08,yolo,bottle,0.34,-0.115,0.34045874349240074,-0.11615422198471197,8.132081426489508,8,IN_DOMAIN,True,,,,,146.3,1114.2,574.5,154.8,47.9,326.7606259124881,lateral_band,lower,341.7606259124881,0.195,0.07500000000000001,0.9272567869843098,0.07639656534221216,"{""candidate_id"": ""preferred_00"", ""direction_deg"": 326.7606259124881, ""pre_close_object_xy_shift_mm"": 0.0, ""close_object_xy_shift_mm"": 0.307, ""lift_horizontal_drift_mm"": 1.262, ""lift_height_mm"": 146.306, ""target_contact_geoms"": [""link7/geom:18"", ""link8/geom:20"", ""table/table_top""], ""bilateral_finger_contact"": true, ""failure_class"": ""NONE""}",0.0,[],"[{""state"": ""DETECT_SOURCE"", ""success"": true, ""message"": ""selected bottle_0 conf=0.39 base=[ 0.33  -0.109  0.166] (1197 ROI pts)"", ""reason"": ""OK"", ""duration_ms"": 574.5}, {""state"": ""PLAN_PICK"", ""success"": true, ""message"": ""selected preferred_00 direction=327deg margin=0.000rad"", ""reason"": ""OK"", ""duration_ms"": 384.8}, {""state"": ""EXECUTE_PICK"", ""success"": true, ""message"": ""validated motion plan executed"", ""reason"": ""OK"", ""duration_ms"": 154.8}, {""state"": ""VERIFY_GRASP"", ""success"": true, ""message"": ""object lifted 146 mm"", ""reason"": ""OK"", ""duration_ms"": 0.0}]"
x01-y02-r09,yolo,bottle,0.34,-0.115,0.34138823256227085,-0.11217389635171363,26.097008124738306,9,IN_DOMAIN,True,,,,,146.1,1065.6,569.5,150.8,54.1,326.80083867364976,lateral_band,lower,341.80083867364976,0.195,0.07500000000000001,0.7937995344230275,0.07532411882212416,"{""candidate_id"": ""preferred_00"", ""direction_deg"": 326.80083867364976, ""pre_close_object_xy_shift_mm"": 0.0, ""close_object_xy_shift_mm"": 0.026, ""lift_horizontal_drift_mm"": 0.623, ""lift_height_mm"": 146.076, ""target_contact_geoms"": [""link7/geom:18"", ""link8/geom:20"", ""table/table_top""], ""bilateral_finger_contact"": true, ""failure_class"": ""NONE""}",0.0,[],"[{""state"": ""DETECT_SOURCE"", ""success"": true, ""message"": ""selected bottle_0 conf=0.70 base=[ 0.338 -0.111  0.174] (1770 ROI pts)"", ""reason"": ""OK"", ""duration_ms"": 569.5}, {""state"": ""PLAN_PICK"", ""success"": true, ""message"": ""selected preferred_00 direction=327deg margin=0.000rad"", ""reason"": ""OK"", ""duration_ms"": 345.3}, {""state"": ""EXECUTE_PICK"", ""success"": true, ""message"": ""validated motion plan executed"", ""reason"": ""OK"", ""duration_ms"": 150.8}, {""state"": ""VERIFY_GRASP"", ""success"": true, ""message"": ""object lifted 146 mm"", ""reason"": ""OK"", ""duration_ms"": 0.0}]"
x01-y02-r10,yolo,bottle,0.34,-0.115,0.3370455020756938,-0.11445403918291694,245.94846822341995,10,IN_DOMAIN,True,,,,,146.1,1022.2,462.8,164.0,49.3,326.13651707065145,lateral_band,lower,341.13651707065145,0.195,0.07500000000000001,0.9416880849221512,0.07471687854351064,"{""candidate_id"": ""preferred_00"", ""direction_deg"": 326.13651707065145, ""pre_close_object_xy_shift_mm"": 0.0, ""close_object_xy_shift_mm"": 0.326, ""lift_horizontal_drift_mm"": 1.778, ""lift_height_mm"": 146.15, ""target_contact_geoms"": [""link7/geom:18"", ""link8/geom:20"", ""table/table_top""], ""bilateral_finger_contact"": true, ""failure_class"": ""NONE""}",0.0,[],"[{""state"": ""DETECT_SOURCE"", ""success"": true, ""message"": ""selected bottle_0 conf=0.93 base=[ 0.341 -0.117  0.169] (2242 ROI pts)"", ""reason"": ""OK"", ""duration_ms"": 462.8}, {""state"": ""PLAN_PICK"", ""success"": true, ""message"": ""selected preferred_00 direction=326deg margin=0.000rad"", ""reason"": ""OK"", ""duration_ms"": 395.4}, {""state"": ""EXECUTE_PICK"", ""success"": true, ""message"": ""validated motion plan executed"", ""reason"": ""OK"", ""duration_ms"": 164.0}, {""state"": ""VERIFY_GRASP"", ""success"": true, ""message"": ""object lifted 146 mm"", ""reason"": ""OK"", ""duration_ms"": 0.0}]"
x01-y03-r01,yolo,bottle,0.34,-0.07,0.34244740461660017,-0.06762295803255006,252.91004301784145,1,IN_DOMAIN,True,,,,,146.1,1249.9,617.8,159.7,49.2,0.0,lateral_band,upper,0.0,0.195,0.07500000000000001,0.0286788603154944,0.07158083041195222,"{""candidate_id"": ""preferred_00"", ""direction_deg"": 0.0, ""pre_close_object_xy_shift_mm"": 0.0, ""close_object_xy_shift_mm"": 0.268, ""lift_horizontal_drift_mm"": 1.516, ""lift_height_mm"": 146.119, ""target_contact_geoms"": [""link7/geom:18"", ""link8/geom:20"", ""table/table_top""], ""bilateral_finger_contact"": true, ""failure_class"": ""NONE""}",0.0,[],"[{""state"": ""DETECT_SOURCE"", ""success"": true, ""message"": ""selected bottle_0 conf=0.91 base=[ 0.346 -0.069  0.169] (1960 ROI pts)"", ""reason"": ""OK"", ""duration_ms"": 617.8}, {""state"": ""PLAN_PICK"", ""success"": true, ""message"": ""selected preferred_00 direction=0deg margin=0.031rad"", ""reason"": ""OK"", ""duration_ms"": 472.5}, {""state"": ""EXECUTE_PICK"", ""success"": true, ""message"": ""validated motion plan executed"", ""reason"": ""OK"", ""duration_ms"": 159.7}, {""state"": ""VERIFY_GRASP"", ""success"": true, ""message"": ""object lifted 146 mm"", ""reason"": ""OK"", ""duration_ms"": 0.0}]"
x01-y03-r02,yolo,bottle,0.34,-0.07,0.33854473671893215,-0.07232900728903902,75.8519265957209,2,IN_DOMAIN,True,,,,,145.9,1200.4,568.8,159.1,48.6,0.0,lateral_band,upper,0.0,0.195,0.07500000000000001,0.03043854506847021,0.07355652388176163,"{""candidate_id"": ""preferred_00"", ""direction_deg"": 0.0, ""pre_close_object_xy_shift_mm"": 0.0, ""close_object_xy_shift_mm"": 0.239, ""lift_horizontal_drift_mm"": 1.085, ""lift_height_mm"": 145.891, ""target_contact_geoms"": [""link7/geom:18"", ""link8/geom:20"", ""table/table_top""], ""bilateral_finger_contact"": true, ""failure_class"": ""NONE""}",0.0,[],"[{""state"": ""DETECT_SOURCE"", ""success"": true, ""message"": ""selected bottle_0 conf=0.91 base=[ 0.342 -0.074  0.168] (2052 ROI pts)"", ""reason"": ""OK"", ""duration_ms"": 568.8}, {""state"": ""PLAN_PICK"", ""success"": true, ""message"": ""selected preferred_00 direction=0deg margin=0.016rad"", ""reason"": ""OK"", ""duration_ms"": 472.5}, {""state"": ""EXECUTE_PICK"", ""success"": true, ""message"": ""validated motion plan executed"", ""reason"": ""OK"", ""duration_ms"": 159.1}, {""state"": ""VERIFY_GRASP"", ""success"": true, ""message"": ""object lifted 146 mm"", ""reason"": ""OK"", ""duration_ms"": 0.0}]"
x01-y03-r03,yolo,bottle,0.34,-0.07,0.3374000586180614,-0.07044531067008047,309.3512267940064,3,IN_DOMAIN,True,,,,,146.1,1226.8,585.2,162.5,52.9,0.0,lateral_band,upper,0.0,0.195,0.07500000000000001,0.030199705966054632,0.07329548042782523,"{""candidate_id"": ""preferred_00"", ""direction_deg"": 0.0, ""pre_close_object_xy_shift_mm"": 0.0, ""close_object_xy_shift_mm"": 0.179, ""lift_horizontal_drift_mm"": 0.966, ""lift_height_mm"": 146.118, ""target_contact_geoms"": [""link7/geom:18"", ""link8/geom:20"", ""table/table_top""], ""bilateral_finger_contact"": true, ""failure_class"": ""NONE""}",0.0,[],"[{""state"": ""DETECT_SOURCE"", ""success"": true, ""message"": ""selected bottle_0 conf=0.90 base=[ 0.341 -0.072  0.173] (1904 ROI pts)"", ""reason"": ""OK"", ""duration_ms"": 585.2}, {""state"": ""PLAN_PICK"", ""success"": true, ""message"": ""selected preferred_00 direction=0deg margin=0.019rad"", ""reason"": ""OK"", ""duration_ms"": 479.2}, {""state"": ""EXECUTE_PICK"", ""success"": true, ""message"": ""validated motion plan executed"", ""reason"": ""OK"", ""duration_ms"": 162.5}, {""state"": ""VERIFY_GRASP"", ""success"": true, ""message"": ""object lifted 146 mm"", ""reason"": ""OK"", ""duration_ms"": 0.0}]"
x01-y03-r04,yolo,bottle,0.34,-0.07,0.3423917381680545,-0.07087828774499977,83.75606734826962,4,IN_DOMAIN,True,,,,,146.0,1217.9,595.1,162.5,49.5,0.0,lateral_band,upper,0.0,0.195,0.07500000000000001,0.02930381480269723,0.07230301239843877,"{""candidate_id"": ""preferred_00"", ""direction_deg"": 0.0, ""pre_close_object_xy_shift_mm"": 0.0, ""close_object_xy_shift_mm"": 0.068, ""lift_horizontal_drift_mm"": 0.796, ""lift_height_mm"": 146.018, ""target_contact_geoms"": [""link7/geom:18"", ""link8/geom:20"", ""table/table_top""], ""bilateral_finger_contact"": true, ""failure_class"": ""NONE""}",0.0,[],"[{""state"": ""DETECT_SOURCE"", ""success"": true, ""message"": ""selected bottle_0 conf=0.90 base=[ 0.346 -0.072  0.169] (1938 ROI pts)"", ""reason"": ""OK"", ""duration_ms"": 595.1}, {""state"": ""PLAN_PICK"", ""success"": true, ""message"": ""selected preferred_00 direction=0deg margin=0.025rad"", ""reason"": ""OK"", ""duration_ms"": 460.3}, {""state"": ""EXECUTE_PICK"", ""success"": true, ""message"": ""validated motion plan executed"", ""reason"": ""OK"", ""duration_ms"": 162.5}, {""state"": ""VERIFY_GRASP"", ""success"": true, ""message"": ""object lifted 146 mm"", ""reason"": ""OK"", ""duration_ms"": 0.0}]"
x01-y03-r05,yolo,bottle,0.34,-0.07,0.3405665252370107,-0.06925032601541975,290.08983366078957,5,IN_DOMAIN,True,,,,,145.9,1188.7,573.7,161.2,51.6,0.0,lateral_band,upper,0.0,0.195,0.07500000000000001,0.02927447551900651,0.07227084196296597,"{""candidate_id"": ""preferred_00"", ""direction_deg"": 0.0, ""pre_close_object_xy_shift_mm"": 0.0, ""close_object_xy_shift_mm"": 0.25, ""lift_horizontal_drift_mm"": 1.177, ""lift_height_mm"": 145.93, ""target_contact_geoms"": [""link7/geom:18"", ""link8/geom:20"", ""table/table_top""], ""bilateral_finger_contact"": true, ""failure_class"": ""NONE""}",0.0,[],"[{""state"": ""DETECT_SOURCE"", ""success"": true, ""message"": ""selected bottle_0 conf=0.93 base=[ 0.345 -0.071  0.171] (1960 ROI pts)"", ""reason"": ""OK"", ""duration_ms"": 573.7}, {""state"": ""PLAN_PICK"", ""success"": true, ""message"": ""selected preferred_00 direction=0deg margin=0.026rad"", ""reason"": ""OK"", ""duration_ms"": 453.8}, {""state"": ""EXECUTE_PICK"", ""success"": true, ""message"": ""validated motion plan executed"", ""reason"": ""OK"", ""duration_ms"": 161.2}, {""state"": ""VERIFY_GRASP"", ""success"": true, ""message"": ""object lifted 146 mm"", ""reason"": ""OK"", ""duration_ms"": 0.0}]"
x01-y03-r06,yolo,bottle,0.34,-0.07,0.33718319313571526,-0.07225903304606747,221.04524181904534,6,IN_DOMAIN,True,,,,,146.2,1133.8,571.8,154.1,53.5,0.0,lateral_band,upper,0.0,0.195,0.07500000000000001,0.03172557550087073,0.0748571125476929,"{""candidate_id"": ""preferred_00"", ""direction_deg"": 0.0, ""pre_close_object_xy_shift_mm"": 0.0, ""close_object_xy_shift_mm"": 0.103, ""lift_horizontal_drift_mm"": 0.321, ""lift_height_mm"": 146.25, ""target_contact_geoms"": [""link7/geom:18"", ""link8/geom:20"", ""table/table_top""], ""bilateral_finger_contact"": true, ""failure_class"": ""NONE""}",0.0,[],"[{""state"": ""DETECT_SOURCE"", ""success"": true, ""message"": ""selected bottle_0 conf=0.71 base=[ 0.335 -0.072  0.173] (1652 ROI pts)"", ""reason"": ""OK"", ""duration_ms"": 571.8}, {""state"": ""PLAN_PICK"", ""success"": true, ""message"": ""selected preferred_00 direction=0deg margin=0.008rad"", ""reason"": ""OK"", ""duration_ms"": 408.0}, {""state"": ""EXECUTE_PICK"", ""success"": true, ""message"": ""validated motion plan executed"", ""reason"": ""OK"", ""duration_ms"": 154.1}, {""state"": ""VERIFY_GRASP"", ""success"": true, ""message"": ""object lifted 146 mm"", ""reason"": ""OK"", ""duration_ms"": 0.0}]"
x01-y03-r07,yolo,bottle,0.34,-0.07,0.3429008369085024,-0.0705771497875641,18.282076671997217,7,IN_DOMAIN,True,,,,,145.3,963.5,460.0,155.2,55.8,0.0,lateral_band,upper,0.0,0.195,0.07500000000000001,0.030752598363491528,0.07383776817472068,"{""candidate_id"": ""preferred_00"", ""direction_deg"": 0.0, ""pre_close_object_xy_shift_mm"": 0.0, ""close_object_xy_shift_mm"": 0.414, ""lift_horizontal_drift_mm"": 1.767, ""lift_height_mm"": 145.258, ""target_contact_geoms"": [""link7/geom:18"", ""link8/geom:20"", ""table/table_top""], ""bilateral_finger_contact"": true, ""failure_class"": ""NONE""}",0.0,[],"[{""state"": ""DETECT_SOURCE"", ""success"": true, ""message"": ""selected bottle_0 conf=0.33 base=[ 0.336 -0.069  0.175] (1539 ROI pts)"", ""reason"": ""OK"", ""duration_ms"": 460.0}, {""state"": ""PLAN_PICK"", ""success"": true, ""message"": ""selected preferred_00 direction=0deg margin=0.019rad"", ""reason"": ""OK"", ""duration_ms"": 348.2}, {""state"": ""EXECUTE_PICK"", ""success"": true, ""message"": ""validated motion plan executed"", ""reason"": ""OK"", ""duration_ms"": 155.2}, {""state"": ""VERIFY_GRASP"", ""success"": true, ""message"": ""object lifted 145 mm"", ""reason"": ""OK"", ""duration_ms"": 0.0}]"
x01-y03-r08,yolo,bottle,0.34,-0.07,0.3390577877580685,-0.06743214608411816,85.3413403320032,8,IN_DOMAIN,True,,,,,145.9,1216.2,596.2,161.6,49.3,0.0,lateral_band,upper,0.0,0.195,0.07500000000000001,0.029179182753484037,0.07215742251724858,"{""candidate_id"": ""preferred_00"", ""direction_deg"": 0.0, ""pre_close_object_xy_shift_mm"": 0.0, ""close_object_xy_shift_mm"": 0.243, ""lift_horizontal_drift_mm"": 1.024, ""lift_height_mm"": 145.935, ""target_contact_geoms"": [""link7/geom:18"", ""link8/geom:20"", ""table/table_top""], ""bilateral_finger_contact"": true, ""failure_class"": ""NONE""}",0.0,[],"[{""state"": ""DETECT_SOURCE"", ""success"": true, ""message"": ""selected bottle_0 conf=0.90 base=[ 0.343 -0.069  0.169] (2016 ROI pts)"", ""reason"": ""OK"", ""duration_ms"": 596.2}, {""state"": ""PLAN_PICK"", ""success"": true, ""message"": ""selected preferred_00 direction=0deg margin=0.028rad"", ""reason"": ""OK"", ""duration_ms"": 458.4}, {""state"": ""EXECUTE_PICK"", ""success"": true, ""message"": ""validated motion plan executed"", ""reason"": ""OK"", ""duration_ms"": 161.6}, {""state"": ""VERIFY_GRASP"", ""success"": true, ""message"": ""object lifted 146 mm"", ""reason"": ""OK"", ""duration_ms"": 0.0}]"
x01-y03-r09,yolo,bottle,0.34,-0.07,0.33897437234792527,-0.06708937942034639,93.45035028206198,9,IN_DOMAIN,True,,,,,145.9,1175.3,577.3,160.5,49.6,0.0,lateral_band,upper,0.0,0.195,0.07500000000000001,0.029083659286302164,0.07204672973333924,"{""candidate_id"": ""preferred_00"", ""direction_deg"": 0.0, ""pre_close_object_xy_shift_mm"": 0.0, ""close_object_xy_shift_mm"": 0.235, ""lift_horizontal_drift_mm"": 1.106, ""lift_height_mm"": 145.911, ""target_contact_geoms"": [""link7/geom:18"", ""link8/geom:20"", ""table/table_top""], ""bilateral_finger_contact"": true, ""failure_class"": ""NONE""}",0.0,[],"[{""state"": ""DETECT_SOURCE"", ""success"": true, ""message"": ""selected bottle_0 conf=0.89 base=[ 0.343 -0.069  0.169] (1980 ROI pts)"", ""reason"": ""OK"", ""duration_ms"": 577.3}, {""state"": ""PLAN_PICK"", ""success"": true, ""message"": ""selected preferred_00 direction=0deg margin=0.029rad"", ""reason"": ""OK"", ""duration_ms"": 437.5}, {""state"": ""EXECUTE_PICK"", ""success"": true, ""message"": ""validated motion plan executed"", ""reason"": ""OK"", ""duration_ms"": 160.5}, {""state"": ""VERIFY_GRASP"", ""success"": true, ""message"": ""object lifted 146 mm"", ""reason"": ""OK"", ""duration_ms"": 0.0}]"
x01-y03-r10,yolo,bottle,0.34,-0.07,0.3379962467426794,-0.06813809857492745,329.4495981993438,10,IN_DOMAIN,True,,,,,146.1,1150.6,566.9,159.6,53.0,0.0,lateral_band,upper,0.0,0.195,0.07500000000000001,0.029756976903280056,0.07278918639500556,"{""candidate_id"": ""preferred_00"", ""direction_deg"": 0.0, ""pre_close_object_xy_shift_mm"": 0.0, ""close_object_xy_shift_mm"": 0.136, ""lift_horizontal_drift_mm"": 0.482, ""lift_height_mm"": 146.086, ""target_contact_geoms"": [""link7/geom:18"", ""link8/geom:20"", ""table/table_top""], ""bilateral_finger_contact"": true, ""failure_class"": ""NONE""}",0.0,[],"[{""state"": ""DETECT_SOURCE"", ""success"": true, ""message"": ""selected bottle_0 conf=0.91 base=[ 0.34  -0.068  0.173] (1728 ROI pts)"", ""reason"": ""OK"", ""duration_ms"": 566.9}, {""state"": ""PLAN_PICK"", ""success"": true, ""message"": ""selected preferred_00 direction=0deg margin=0.026rad"", ""reason"": ""OK"", ""duration_ms"": 424.0}, {""state"": ""EXECUTE_PICK"", ""success"": true, ""message"": ""validated motion plan executed"", ""reason"": ""OK"", ""duration_ms"": 159.6}, {""state"": ""VERIFY_GRASP"", ""success"": true, ""message"": ""object lifted 146 mm"", ""reason"": ""OK"", ""duration_ms"": 0.0}]"
x01-y04-r01,yolo,bottle,0.34,-0.025,0.33901114284921685,-0.02498834011403408,254.31798031504164,1,IN_DOMAIN,True,,,,,145.9,1197.8,578.0,156.6,51.6,0.0,lateral_band,upper,0.0,0.195,0.07500000000000001,0.014768606984937822,0.04612366888316038,"{""candidate_id"": ""preferred_00"", ""direction_deg"": 0.0, ""pre_close_object_xy_shift_mm"": 0.0, ""close_object_xy_shift_mm"": 0.015, ""lift_horizontal_drift_mm"": 1.409, ""lift_height_mm"": 145.911, ""target_contact_geoms"": [""link7/geom:18"", ""link8/geom:20"", ""table/table_top""], ""bilateral_finger_contact"": true, ""failure_class"": ""NONE""}",0.0,[],"[{""state"": ""DETECT_SOURCE"", ""success"": true, ""message"": ""selected bottle_0 conf=0.89 base=[ 0.34  -0.026  0.171] (1653 ROI pts)"", ""reason"": ""OK"", ""duration_ms"": 578.0}, {""state"": ""PLAN_PICK"", ""success"": true, ""message"": ""selected preferred_00 direction=0deg margin=0.113rad"", ""reason"": ""OK"", ""duration_ms"": 463.1}, {""state"": ""EXECUTE_PICK"", ""success"": true, ""message"": ""validated motion plan executed"", ""reason"": ""OK"", ""duration_ms"": 156.6}, {""state"": ""VERIFY_GRASP"", ""success"": true, ""message"": ""object lifted 146 mm"", ""reason"": ""OK"", ""duration_ms"": 0.0}]"
x01-y04-r02,yolo,bottle,0.34,-0.025,0.3425922032518211,-0.02202509099877009,69.48110425502448,2,IN_DOMAIN,True,,,,,146.2,1218.0,591.1,153.5,52.5,0.0,lateral_band,upper,0.0,0.195,0.07500000000000001,0.012879421918387993,0.0411479169275311,"{""candidate_id"": ""preferred_00"", ""direction_deg"": 0.0, ""pre_close_object_xy_shift_mm"": 0.0, ""close_object_xy_shift_mm"": 0.077, ""lift_horizontal_drift_mm"": 1.54, ""lift_height_mm"": 146.213, ""target_contact_geoms"": [""link7/geom:18"", ""link8/geom:20"", ""table/table_top""], ""bilateral_finger_contact"": true, ""failure_class"": ""NONE""}",0.0,[],"[{""state"": ""DETECT_SOURCE"", ""success"": true, ""message"": ""selected bottle_0 conf=0.87 base=[ 0.342 -0.022  0.172] (1512 ROI pts)"", ""reason"": ""OK"", ""duration_ms"": 591.1}, {""state"": ""PLAN_PICK"", ""success"": true, ""message"": ""selected preferred_00 direction=0deg margin=0.116rad"", ""reason"": ""OK"", ""duration_ms"": 473.4}, {""state"": ""EXECUTE_PICK"", ""success"": true, ""message"": ""validated motion plan executed"", ""reason"": ""OK"", ""duration_ms"": 153.5}, {""state"": ""VERIFY_GRASP"", ""success"": true, ""message"": ""object lifted 146 mm"", ""reason"": ""OK"", ""duration_ms"": 0.0}]"
x01-y04-r03,yolo,bottle,0.34,-0.025,0.33796503377283843,-0.02717026489768161,209.35572538574107,3,IN_DOMAIN,True,,,,,146.1,997.9,472.0,173.1,59.5,0.0,lateral_band,upper,0.0,0.195,0.07500000000000001,0.017600781816730866,0.052130156371028906,"{""candidate_id"": ""preferred_00"", ""direction_deg"": 0.0, ""pre_close_object_xy_shift_mm"": 0.0, ""close_object_xy_shift_mm"": 0.264, ""lift_horizontal_drift_mm"": 1.193, ""lift_height_mm"": 146.065, ""target_contact_geoms"": [""link7/geom:18"", ""link8/geom:20"", ""table/table_top""], ""bilateral_finger_contact"": true, ""failure_class"": ""NONE""}",0.0,[],"[{""state"": ""DETECT_SOURCE"", ""success"": true, ""message"": ""selected bottle_0 conf=0.24 base=[ 0.33  -0.027  0.179] (1334 ROI pts)"", ""reason"": ""OK"", ""duration_ms"": 472.0}, {""state"": ""PLAN_PICK"", ""success"": true, ""message"": ""selected preferred_00 direction=0deg margin=0.084rad"", ""reason"": ""OK"", ""duration_ms"": 352.8}, {""state"": ""EXECUTE_PICK"", ""success"": true, ""message"": ""validated motion plan executed"", ""reason"": ""OK"", ""duration_ms"": 173.1}, {""state"": ""VERIFY_GRASP"", ""success"": true, ""message"": ""object lifted 146 mm"", ""reason"": ""OK"", ""duration_ms"": 0.0}]"
x01-y04-r04,yolo,bottle,0.34,-0.025,0.33815602752165735,-0.024167718913124577,298.8383959084954,4,IN_DOMAIN,True,,,,,145.9,1204.8,587.1,160.1,52.8,0.0,lateral_band,upper,0.0,0.195,0.07500000000000001,0.01425812349763236,0.044827987530454895,"{""candidate_id"": ""preferred_00"", ""direction_deg"": 0.0, ""pre_close_object_xy_shift_mm"": 0.0, ""close_object_xy_shift_mm"": 0.013, ""lift_horizontal_drift_mm"": 1.48, ""lift_height_mm"": 145.902, ""target_contact_geoms"": [""link7/geom:18"", ""link8/geom:20"", ""table/table_top""], ""bilateral_finger_contact"": true, ""failure_class"": ""NONE""}",0.0,[],"[{""state"": ""DETECT_SOURCE"", ""success"": true, ""message"": ""selected bottle_0 conf=0.89 base=[ 0.341 -0.025  0.173] (1650 ROI pts)"", ""reason"": ""OK"", ""duration_ms"": 587.1}, {""state"": ""PLAN_PICK"", ""success"": true, ""message"": ""selected preferred_00 direction=0deg margin=0.114rad"", ""reason"": ""OK"", ""duration_ms"": 457.6}, {""state"": ""EXECUTE_PICK"", ""success"": true, ""message"": ""validated motion plan executed"", ""reason"": ""OK"", ""duration_ms"": 160.1}, {""state"": ""VERIFY_GRASP"", ""success"": true, ""message"": ""object lifted 146 mm"", ""reason"": ""OK"", ""duration_ms"": 0.0}]"
x01-y04-r05,yolo,bottle,0.34,-0.025,0.3428298069488647,-0.02514261204938579,42.314051548508175,5,IN_DOMAIN,True,,,,,146.0,1108.0,613.0,155.5,56.4,0.0,lateral_band,upper,0.0,0.195,0.07500000000000001,0.015103407855223034,0.04674774699187724,"{""candidate_id"": ""preferred_00"", ""direction_deg"": 0.0, ""pre_close_object_xy_shift_mm"": 0.0, ""close_object_xy_shift_mm"": 0.235, ""lift_horizontal_drift_mm"": 1.232, ""lift_height_mm"": 146.013, ""target_contact_geoms"": [""link7/geom:18"", ""link8/geom:20"", ""table/table_top""], ""bilateral_finger_contact"": true, ""failure_class"": ""NONE""}",0.0,[],"[{""state"": ""DETECT_SOURCE"", ""success"": true, ""message"": ""selected bottle_0 conf=0.59 base=[ 0.337 -0.025  0.176] (1254 ROI pts)"", ""reason"": ""OK"", ""duration_ms"": 613.0}, {""state"": ""PLAN_PICK"", ""success"": true, ""message"": ""selected preferred_00 direction=0deg margin=0.102rad"", ""reason"": ""OK"", ""duration_ms"": 339.4}, {""state"": ""EXECUTE_PICK"", ""success"": true, ""message"": ""validated motion plan executed"", ""reason"": ""OK"", ""duration_ms"": 155.5}, {""state"": ""VERIFY_GRASP"", ""success"": true, ""message"": ""object lifted 146 mm"", ""reason"": ""OK"", ""duration_ms"": 0.0}]"
x01-y04-r06,yolo,bottle,0.34,-0.025,0.34160680539188226,-0.026000616771821847,173.72206830872423,6,IN_DOMAIN,True,,,,,145.7,1096.2,598.7,151.7,55.2,0.0,lateral_band,upper,0.0,0.195,0.07500000000000001,0.015236687886834204,0.04710070794027631,"{""candidate_id"": ""preferred_00"", ""direction_deg"": 0.0, ""pre_close_object_xy_shift_mm"": 0.0, ""close_object_xy_shift_mm"": 0.34, ""lift_horizontal_drift_mm"": 2.672, ""lift_height_mm"": 145.73, ""target_contact_geoms"": [""link7/geom:18"", ""link8/geom:20"", ""table/table_top""], ""bilateral_finger_contact"": true, ""failure_class"": ""NONE""}",0.0,[],"[{""state"": ""DETECT_SOURCE"", ""success"": true, ""message"": ""selected bottle_0 conf=0.79 base=[ 0.337 -0.025  0.175] (1350 ROI pts)"", ""reason"": ""OK"", ""duration_ms"": 598.7}, {""state"": ""PLAN_PICK"", ""success"": true, ""message"": ""selected preferred_00 direction=0deg margin=0.103rad"", ""reason"": ""OK"", ""duration_ms"": 345.9}, {""state"": ""EXECUTE_PICK"", ""success"": true, ""message"": ""validated motion plan executed"", ""reason"": ""OK"", ""duration_ms"": 151.7}, {""state"": ""VERIFY_GRASP"", ""success"": true, ""message"": ""object lifted 146 mm"", ""reason"": ""OK"", ""duration_ms"": 0.0}]"
x01-y04-r07,yolo,bottle,0.34,-0.025,0.342761935555266,-0.02634196570745705,311.6982151595758,7,IN_DOMAIN,True,,,,,146.1,1188.8,595.3,159.3,52.4,0.0,lateral_band,upper,0.0,0.195,0.07500000000000001,0.014381909845238003,0.045358120850989454,"{""candidate_id"": ""preferred_00"", ""direction_deg"": 0.0, ""pre_close_object_xy_shift_mm"": 0.0, ""close_object_xy_shift_mm"": 0.097, ""lift_horizontal_drift_mm"": 1.358, ""lift_height_mm"": 146.14, ""target_contact_geoms"": [""link7/geom:18"", ""link8/geom:20"", ""table/table_top""], ""bilateral_finger_contact"": true, ""failure_class"": ""NONE""}",0.0,[],"[{""state"": ""DETECT_SOURCE"", ""success"": true, ""message"": ""selected bottle_0 conf=0.89 base=[ 0.345 -0.027  0.172] (1650 ROI pts)"", ""reason"": ""OK"", ""duration_ms"": 595.3}, {""state"": ""PLAN_PICK"", ""success"": true, ""message"": ""selected preferred_00 direction=0deg margin=0.122rad"", ""reason"": ""OK"", ""duration_ms"": 434.2}, {""state"": ""EXECUTE_PICK"", ""success"": true, ""message"": ""validated motion plan executed"", ""reason"": ""OK"", ""duration_ms"": 159.3}, {""state"": ""VERIFY_GRASP"", ""success"": true, ""message"": ""object lifted 146 mm"", ""reason"": ""OK"", ""duration_ms"": 0.0}]"
x01-y04-r08,yolo,bottle,0.34,-0.025,0.3388408370919447,-0.026554123253891285,267.67134808149757,8,IN_DOMAIN,True,,,,,145.9,1365.2,741.0,160.4,52.0,0.0,lateral_band,upper,0.0,0.195,0.07500000000000001,0.015313848351701154,0.04756778711960859,"{""candidate_id"": ""preferred_00"", ""direction_deg"": 0.0, ""pre_close_object_xy_shift_mm"": 0.0, ""close_object_xy_shift_mm"": 0.017, ""lift_horizontal_drift_mm"": 1.388, ""lift_height_mm"": 145.89, ""target_contact_geoms"": [""link7/geom:18"", ""link8/geom:20"", ""table/table_top""], ""bilateral_finger_contact"": true, ""failure_class"": ""NONE""}",0.0,[],"[{""state"": ""DETECT_SOURCE"", ""success"": true, ""message"": ""selected bottle_0 conf=0.89 base=[ 0.341 -0.027  0.172] (1736 ROI pts)"", ""reason"": ""OK"", ""duration_ms"": 741.0}, {""state"": ""PLAN_PICK"", ""success"": true, ""message"": ""selected preferred_00 direction=0deg margin=0.118rad"", ""reason"": ""OK"", ""duration_ms"": 463.7}, {""state"": ""EXECUTE_PICK"", ""success"": true, ""message"": ""validated motion plan executed"", ""reason"": ""OK"", ""duration_ms"": 160.4}, {""state"": ""VERIFY_GRASP"", ""success"": true, ""message"": ""object lifted 146 mm"", ""reason"": ""OK"", ""duration_ms"": 0.0}]"
x01-y04-r09,yolo,bottle,0.34,-0.025,0.3420734284054592,-0.026865238169078112,136.4844049510978,9,IN_DOMAIN,True,,,,,146.2,1200.9,589.1,159.1,52.8,0.0,lateral_band,upper,0.0,0.195,0.07500000000000001,0.014907497681879576,0.04664701696670384,"{""candidate_id"": ""preferred_00"", ""direction_deg"": 0.0, ""pre_close_object_xy_shift_mm"": 0.0, ""close_object_xy_shift_mm"": 0.093, ""lift_horizontal_drift_mm"": 1.314, ""lift_height_mm"": 146.155, ""target_contact_geoms"": [""link7/geom:18"", ""link8/geom:20"", ""table/table_top""], ""bilateral_finger_contact"": true, ""failure_class"": ""NONE""}",0.0,[],"[{""state"": ""DETECT_SOURCE"", ""success"": true, ""message"": ""selected bottle_0 conf=0.86 base=[ 0.344 -0.027  0.173] (1650 ROI pts)"", ""reason"": ""OK"", ""duration_ms"": 589.1}, {""state"": ""PLAN_PICK"", ""success"": true, ""message"": ""selected preferred_00 direction=0deg margin=0.121rad"", ""reason"": ""OK"", ""duration_ms"": 452.6}, {""state"": ""EXECUTE_PICK"", ""success"": true, ""message"": ""validated motion plan executed"", ""reason"": ""OK"", ""duration_ms"": 159.1}, {""state"": ""VERIFY_GRASP"", ""success"": true, ""message"": ""object lifted 146 mm"", ""reason"": ""OK"", ""duration_ms"": 0.0}]"
x01-y04-r10,yolo,bottle,0.34,-0.025,0.340330036802448,-0.024379217012783824,292.7381116958437,10,IN_DOMAIN,True,,,,,145.9,1207.4,600.5,158.3,52.6,0.0,lateral_band,upper,0.0,0.195,0.07500000000000001,0.014014414472160343,0.04428891832246343,"{""candidate_id"": ""preferred_00"", ""direction_deg"": 0.0, ""pre_close_object_xy_shift_mm"": 0.0, ""close_object_xy_shift_mm"": 0.016, ""lift_horizontal_drift_mm"": 1.474, ""lift_height_mm"": 145.886, ""target_contact_geoms"": [""link7/geom:18"", ""link8/geom:20"", ""table/table_top""], ""bilateral_finger_contact"": true, ""failure_class"": ""NONE""}",0.0,[],"[{""state"": ""DETECT_SOURCE"", ""success"": true, ""message"": ""selected bottle_0 conf=0.89 base=[ 0.343 -0.025  0.172] (1650 ROI pts)"", ""reason"": ""OK"", ""duration_ms"": 600.5}, {""state"": ""PLAN_PICK"", ""success"": true, ""message"": ""selected preferred_00 direction=0deg margin=0.121rad"", ""reason"": ""OK"", ""duration_ms"": 448.6}, {""state"": ""EXECUTE_PICK"", ""success"": true, ""message"": ""validated motion plan executed"", ""reason"": ""OK"", ""duration_ms"": 158.3}, {""state"": ""VERIFY_GRASP"", ""success"": true, ""message"": ""object lifted 146 mm"", ""reason"": ""OK"", ""duration_ms"": 0.0}]"
x02-y01-r01,yolo,bottle,0.36,-0.16,0.36144664666784815,-0.15945352892197384,83.04342976197468,1,IN_DOMAIN,True,,,,,145.6,949.9,469.8,155.6,48.5,321.6101493170561,lateral_band,lower,336.6101493170561,0.195,0.07500000000000001,0.0291123274640618,0.07078102347845043,"{""candidate_id"": ""preferred_00"", ""direction_deg"": 321.6101493170561, ""pre_close_object_xy_shift_mm"": 0.0, ""close_object_xy_shift_mm"": 0.46, ""lift_horizontal_drift_mm"": 5.039, ""lift_height_mm"": 145.606, ""target_contact_geoms"": [""link7/geom:18"", ""link8/geom:20"", ""table/table_top""], ""bilateral_finger_contact"": true, ""failure_class"": ""NONE""}",0.0,[],"[{""state"": ""DETECT_SOURCE"", ""success"": true, ""message"": ""selected bottle_0 conf=0.84 base=[ 0.365 -0.158  0.168] (1848 ROI pts)"", ""reason"": ""OK"", ""duration_ms"": 469.8}, {""state"": ""PLAN_PICK"", ""success"": true, ""message"": ""selected preferred_00 direction=322deg margin=0.029rad"", ""reason"": ""OK"", ""duration_ms"": 324.5}, {""state"": ""EXECUTE_PICK"", ""success"": true, ""message"": ""validated motion plan executed"", ""reason"": ""OK"", ""duration_ms"": 155.6}, {""state"": ""VERIFY_GRASP"", ""success"": true, ""message"": ""object lifted 146 mm"", ""reason"": ""OK"", ""duration_ms"": 0.0}]"
x02-y01-r02,yolo,bottle,0.36,-0.16,0.3608333917511364,-0.15915560161788225,153.80822979001604,2,IN_DOMAIN,True,,,,,146.3,969.7,479.4,156.0,52.4,321.39075045782806,lateral_band,lower,336.39075045782806,0.195,0.07500000000000001,0.029514217964564424,0.07142937753623788,"{""candidate_id"": ""preferred_00"", ""direction_deg"": 321.39075045782806, ""pre_close_object_xy_shift_mm"": 0.0, ""close_object_xy_shift_mm"": 0.241, ""lift_horizontal_drift_mm"": 1.121, ""lift_height_mm"": 146.302, ""target_contact_geoms"": [""link7/geom:18"", ""link8/geom:20"", ""table/table_top""], ""bilateral_finger_contact"": true, ""failure_class"": ""NONE""}",0.0,[],"[{""state"": ""DETECT_SOURCE"", ""success"": true, ""message"": ""selected bottle_0 conf=0.39 base=[ 0.358 -0.156  0.172] (1680 ROI pts)"", ""reason"": ""OK"", ""duration_ms"": 479.4}, {""state"": ""PLAN_PICK"", ""success"": true, ""message"": ""selected preferred_00 direction=321deg margin=0.021rad"", ""reason"": ""OK"", ""duration_ms"": 334.3}, {""state"": ""EXECUTE_PICK"", ""success"": true, ""message"": ""validated motion plan executed"", ""reason"": ""OK"", ""duration_ms"": 156.0}, {""state"": ""VERIFY_GRASP"", ""success"": true, ""message"": ""object lifted 146 mm"", ""reason"": ""OK"", ""duration_ms"": 0.0}]"
x02-y01-r03,yolo,bottle,0.36,-0.16,0.3584055788318926,-0.16245680547461164,277.2650011908176,3,IN_DOMAIN,True,,,,,145.6,983.5,479.9,166.4,47.6,321.22256855565206,lateral_band,lower,336.22256855565206,0.195,0.07500000000000001,0.029238153956882548,0.07099030710626877,"{""candidate_id"": ""preferred_00"", ""direction_deg"": 321.22256855565206, ""pre_close_object_xy_shift_mm"": 0.0, ""close_object_xy_shift_mm"": 0.532, ""lift_horizontal_drift_mm"": 5.229, ""lift_height_mm"": 145.604, ""target_contact_geoms"": [""link7/geom:18"", ""link8/geom:20"", ""table/table_top""], ""bilateral_finger_contact"": true, ""failure_class"": ""NONE""}",0.0,[],"[{""state"": ""DETECT_SOURCE"", ""success"": true, ""message"": ""selected bottle_0 conf=0.26 base=[ 0.362 -0.159  0.167] (1705 ROI pts)"", ""reason"": ""OK"", ""duration_ms"": 479.9}, {""state"": ""PLAN_PICK"", ""success"": true, ""message"": ""selected preferred_00 direction=321deg margin=0.026rad"", ""reason"": ""OK"", ""duration_ms"": 337.2}, {""state"": ""EXECUTE_PICK"", ""success"": true, ""message"": ""validated motion plan executed"", ""reason"": ""OK"", ""duration_ms"": 166.4}, {""state"": ""VERIFY_GRASP"", ""success"": true, ""message"": ""object lifted 146 mm"", ""reason"": ""OK"", ""duration_ms"": 0.0}]"
x02-y01-r04,yolo,bottle,0.36,-0.16,0.3616830915341147,-0.1612531308171492,335.9366424796401,4,IN_DOMAIN,True,,,,,146.2,955.0,464.2,154.8,52.6,321.27321075972884,lateral_band,lower,336.27321075972884,0.195,0.07500000000000001,0.029465391568675905,0.07135354973390201,"{""candidate_id"": ""preferred_00"", ""direction_deg"": 321.27321075972884, ""pre_close_object_xy_shift_mm"": 0.0, ""close_object_xy_shift_mm"": 0.337, ""lift_horizontal_drift_mm"": 1.563, ""lift_height_mm"": 146.183, ""target_contact_geoms"": [""link7/geom:18"", ""link8/geom:20"", ""table/table_top""], ""bilateral_finger_contact"": true, ""failure_class"": ""NONE""}",0.0,[],"[{""state"": ""DETECT_SOURCE"", ""success"": true, ""message"": ""selected bottle_0 conf=0.09 base=[ 0.358 -0.158  0.172] (1568 ROI pts)"", ""reason"": ""OK"", ""duration_ms"": 464.2}, {""state"": ""PLAN_PICK"", ""success"": true, ""message"": ""selected preferred_00 direction=321deg margin=0.022rad"", ""reason"": ""OK"", ""duration_ms"": 336.0}, {""state"": ""EXECUTE_PICK"", ""success"": true, ""message"": ""validated motion plan executed"", ""reason"": ""OK"", ""duration_ms"": 154.8}, {""state"": ""VERIFY_GRASP"", ""success"": true, ""message"": ""object lifted 146 mm"", ""reason"": ""OK"", ""duration_ms"": 0.0}]"
x02-y01-r05,yolo,bottle,0.36,-0.16,0.36196321825414923,-0.15775729465078542,231.45893584183668,5,IN_DOMAIN,True,,,,,145.8,954.7,467.4,164.4,47.9,321.68563251261946,lateral_band,lower,336.68563251261946,0.195,0.07500000000000001,0.029145198409864796,0.07083631021722515,"{""candidate_id"": ""preferred_00"", ""direction_deg"": 321.68563251261946, ""pre_close_object_xy_shift_mm"": 0.0, ""close_object_xy_shift_mm"": 0.486, ""lift_horizontal_drift_mm"": 4.087, ""lift_height_mm"": 145.828, ""target_contact_geoms"": [""link7/geom:18"", ""link8/geom:20"", ""table/table_top""], ""bilateral_finger_contact"": true, ""failure_class"": ""NONE""}",0.0,[],"[{""state"": ""DETECT_SOURCE"", ""success"": true, ""message"": ""selected bottle_0 conf=0.73 base=[ 0.365 -0.157  0.168] (1824 ROI pts)"", ""reason"": ""OK"", ""duration_ms"": 467.4}, {""state"": ""PLAN_PICK"", ""success"": true, ""message"": ""selected preferred_00 direction=322deg margin=0.029rad"", ""reason"": ""OK"", ""duration_ms"": 323.0}, {""state"": ""EXECUTE_PICK"", ""success"": true, ""message"": ""validated motion plan executed"", ""reason"": ""OK"", ""duration_ms"": 164.4}, {""state"": ""VERIFY_GRASP"", ""success"": true, ""message"": ""object lifted 146 mm"", ""reason"": ""OK"", ""duration_ms"": 0.0}]"
x02-y01-r06,yolo,bottle,0.36,-0.16,0.35907226297119066,-0.16116523187894333,49.42322213178261,6,IN_DOMAIN,True,,,,,146.0,944.6,463.4,151.6,47.8,321.2880497090446,lateral_band,lower,336.2880497090446,0.195,0.07500000000000001,0.029279221992646803,0.07105729229439622,"{""candidate_id"": ""preferred_00"", ""direction_deg"": 321.2880497090446, ""pre_close_object_xy_shift_mm"": 0.0, ""close_object_xy_shift_mm"": 0.517, ""lift_horizontal_drift_mm"": 4.021, ""lift_height_mm"": 145.997, ""target_contact_geoms"": [""link7/geom:18"", ""link8/geom:20"", ""table/table_top""], ""bilateral_finger_contact"": true, ""failure_class"": ""NONE""}",0.0,[],"[{""state"": ""DETECT_SOURCE"", ""success"": true, ""message"": ""selected bottle_0 conf=0.66 base=[ 0.361 -0.159  0.168] (1710 ROI pts)"", ""reason"": ""OK"", ""duration_ms"": 463.4}, {""state"": ""PLAN_PICK"", ""success"": true, ""message"": ""selected preferred_00 direction=321deg margin=0.026rad"", ""reason"": ""OK"", ""duration_ms"": 329.6}, {""state"": ""EXECUTE_PICK"", ""success"": true, ""message"": ""validated motion plan executed"", ""reason"": ""OK"", ""duration_ms"": 151.6}, {""state"": ""VERIFY_GRASP"", ""success"": true, ""message"": ""object lifted 146 mm"", ""reason"": ""OK"", ""duration_ms"": 0.0}]"
x02-y01-r07,yolo,bottle,0.36,-0.16,0.3586262802082079,-0.15820073691663447,88.85585135397162,7,IN_DOMAIN,True,,,,,146.0,971.4,479.7,162.9,47.9,321.58212297935796,lateral_band,lower,336.58212297935796,0.195,0.07500000000000001,0.029284748946102196,0.07106625995432934,"{""candidate_id"": ""preferred_00"", ""direction_deg"": 321.58212297935796, ""pre_close_object_xy_shift_mm"": 0.0, ""close_object_xy_shift_mm"": 0.485, ""lift_horizontal_drift_mm"": 3.894, ""lift_height_mm"": 146.001, ""target_contact_geoms"": [""link7/geom:18"", ""link8/geom:20"", ""table/table_top""], ""bilateral_finger_contact"": true, ""failure_class"": ""NONE""}",0.0,[],"[{""state"": ""DETECT_SOURCE"", ""success"": true, ""message"": ""selected bottle_0 conf=0.67 base=[ 0.362 -0.157  0.168] (1848 ROI pts)"", ""reason"": ""OK"", ""duration_ms"": 479.7}, {""state"": ""PLAN_PICK"", ""success"": true, ""message"": ""selected preferred_00 direction=322deg margin=0.025rad"", ""reason"": ""OK"", ""duration_ms"": 328.8}, {""state"": ""EXECUTE_PICK"", ""success"": true, ""message"": ""validated motion plan executed"", ""reason"": ""OK"", ""duration_ms"": 162.9}, {""state"": ""VERIFY_GRASP"", ""success"": true, ""message"": ""object lifted 146 mm"", ""reason"": ""OK"", ""duration_ms"": 0.0}]"
x02-y01-r08,yolo,bottle,0.36,-0.16,0.3581754148721451,-0.16064269045637491,39.04600194204661,8,IN_DOMAIN,False,DETECT_SOURCE,STATE_FAILED,DETECT_SOURCE,STATE_FAILED,,346.3,346.2,0,,,,,,,,,,null,0.0,[],"[{""state"": ""DETECT_SOURCE"", ""success"": false, ""message"": ""no 'bottle' detected (saw 0 objects)"", ""reason"": ""STATE_FAILED"", ""duration_ms"": 346.2}]"
x02-y01-r09,yolo,bottle,0.36,-0.16,0.35936653848642774,-0.15961498480999636,317.85110090873013,9,IN_DOMAIN,True,,,,,145.9,943.0,458.3,155.2,50.1,321.3898703039921,lateral_band,lower,336.3898703039921,0.195,0.07500000000000001,0.029383413097948254,0.07122453285632302,"{""candidate_id"": ""preferred_00"", ""direction_deg"": 321.3898703039921, ""pre_close_object_xy_shift_mm"": 0.0, ""close_object_xy_shift_mm"": 0.461, ""lift_horizontal_drift_mm"": 3.918, ""lift_height_mm"": 145.934, ""target_contact_geoms"": [""link7/geom:18"", ""link8/geom:20"", ""table/table_top""], ""bilateral_finger_contact"": true, ""failure_class"": ""NONE""}",0.0,[],"[{""state"": ""DETECT_SOURCE"", ""success"": true, ""message"": ""selected bottle_0 conf=0.39 base=[ 0.36  -0.157  0.17 ] (1736 ROI pts)"", ""reason"": ""OK"", ""duration_ms"": 458.3}, {""state"": ""PLAN_PICK"", ""success"": true, ""message"": ""selected preferred_00 direction=321deg margin=0.023rad"", ""reason"": ""OK"", ""duration_ms"": 329.5}, {""state"": ""EXECUTE_PICK"", ""success"": true, ""message"": ""validated motion plan executed"", ""reason"": ""OK"", ""duration_ms"": 155.2}, {""state"": ""VERIFY_GRASP"", ""success"": true, ""message"": ""object lifted 146 mm"", ""reason"": ""OK"", ""duration_ms"": 0.0}]"
x02-y01-r10,yolo,bottle,0.36,-0.16,0.3614614023835771,-0.1584085132735974,280.17747051658904,10,IN_DOMAIN,True,,,,,145.8,943.5,455.6,159.0,49.4,321.64185315677867,lateral_band,lower,336.64185315677867,0.195,0.07500000000000001,0.029111610309896552,0.07077981224351784,"{""candidate_id"": ""preferred_00"", ""direction_deg"": 321.64185315677867, ""pre_close_object_xy_shift_mm"": 0.0, ""close_object_xy_shift_mm"": 0.509, ""lift_horizontal_drift_mm"": 3.631, ""lift_height_mm"": 145.774, ""target_contact_geoms"": [""link7/geom:18"", ""link8/geom:20"", ""table/table_top""], ""bilateral_finger_contact"": true, ""failure_class"": ""NONE""}",0.0,[],"[{""state"": ""DETECT_SOURCE"", ""success"": true, ""message"": ""selected bottle_0 conf=0.74 base=[ 0.365 -0.158  0.169] (1815 ROI pts)"", ""reason"": ""OK"", ""duration_ms"": 455.6}, {""state"": ""PLAN_PICK"", ""success"": true, ""message"": ""selected preferred_00 direction=322deg margin=0.029rad"", ""reason"": ""OK"", ""duration_ms"": 328.9}, {""state"": ""EXECUTE_PICK"", ""success"": true, ""message"": ""validated motion plan executed"", ""reason"": ""OK"", ""duration_ms"": 159.0}, {""state"": ""VERIFY_GRASP"", ""success"": true, ""message"": ""object lifted 146 mm"", ""reason"": ""OK"", ""duration_ms"": 0.0}]"
x02-y02-r01,yolo,bottle,0.36,-0.115,0.36175304589244056,-0.11241698685377162,252.67943777960028,1,IN_DOMAIN,True,,,,,146.1,1111.2,565.4,157.3,49.5,327.65453984849995,lateral_band,lower,342.65453984849995,0.195,0.07500000000000001,0.029957478392963265,0.07208708930583509,"{""candidate_id"": ""preferred_00"", ""direction_deg"": 327.65453984849995, ""pre_close_object_xy_shift_mm"": 0.0, ""close_object_xy_shift_mm"": 0.364, ""lift_horizontal_drift_mm"": 1.921, ""lift_height_mm"": 146.124, ""target_contact_geoms"": [""link7/geom:18"", ""link8/geom:20"", ""table/table_top""], ""bilateral_finger_contact"": true, ""failure_class"": ""NONE""}",0.0,[],"[{""state"": ""DETECT_SOURCE"", ""success"": true, ""message"": ""selected bottle_0 conf=0.92 base=[ 0.366 -0.114  0.169] (1960 ROI pts)"", ""reason"": ""OK"", ""duration_ms"": 565.4}, {""state"": ""PLAN_PICK"", ""success"": true, ""message"": ""selected preferred_00 direction=328deg margin=0.013rad"", ""reason"": ""OK"", ""duration_ms"": 388.4}, {""state"": ""EXECUTE_PICK"", ""success"": true, ""message"": ""validated motion plan executed"", ""reason"": ""OK"", ""duration_ms"": 157.3}, {""state"": ""VERIFY_GRASP"", ""success"": true, ""message"": ""object lifted 146 mm"", ""reason"": ""OK"", ""duration_ms"": 0.0}]"
x02-y02-r02,yolo,bottle,0.36,-0.115,0.360404652305664,-0.1175866872461554,51.94530305124959,2,IN_DOMAIN,True,,,,,145.6,1122.4,563.6,150.4,46.0,327.66408419401756,lateral_band,lower,342.66408419401756,0.195,0.07500000000000001,0.030427650794664703,0.07273393630636045,"{""candidate_id"": ""preferred_00"", ""direction_deg"": 327.66408419401756, ""pre_close_object_xy_shift_mm"": 0.0, ""close_object_xy_shift_mm"": 0.475, ""lift_horizontal_drift_mm"": 4.809, ""lift_height_mm"": 145.598, ""target_contact_geoms"": [""link7/geom:18"", ""link8/geom:20"", ""table/table_top""], ""bilateral_finger_contact"": true, ""failure_class"": ""NONE""}",0.0,[],"[{""state"": ""DETECT_SOURCE"", ""success"": true, ""message"": ""selected bottle_0 conf=0.73 base=[ 0.361 -0.113  0.166] (1425 ROI pts)"", ""reason"": ""OK"", ""duration_ms"": 563.6}, {""state"": ""PLAN_PICK"", ""success"": true, ""message"": ""selected preferred_00 direction=328deg margin=0.006rad"", ""reason"": ""OK"", ""duration_ms"": 408.4}, {""state"": ""EXECUTE_PICK"", ""success"": true, ""message"": ""validated motion plan executed"", ""reason"": ""OK"", ""duration_ms"": 150.4}, {""state"": ""VERIFY_GRASP"", ""success"": true, ""message"": ""object lifted 146 mm"", ""reason"": ""OK"", ""duration_ms"": 0.0}]"
x02-y02-r03,yolo,bottle,0.36,-0.115,0.3577497821878588,-0.1150454991959001,301.20229640665474,3,IN_DOMAIN,True,,,,,146.1,1119.9,568.5,159.0,51.9,327.0523192070731,lateral_band,lower,342.0523192070731,0.195,0.07500000000000001,0.030130347060267588,0.07233038906742473,"{""candidate_id"": ""preferred_00"", ""direction_deg"": 327.0523192070731, ""pre_close_object_xy_shift_mm"": 0.0, ""close_object_xy_shift_mm"": 0.353, ""lift_horizontal_drift_mm"": 1.9, ""lift_height_mm"": 146.129, ""target_contact_geoms"": [""link7/geom:18"", ""link8/geom:20"", ""table/table_top""], ""bilateral_finger_contact"": true, ""failure_class"": ""NONE""}",0.0,[],"[{""state"": ""DETECT_SOURCE"", ""success"": true, ""message"": ""selected bottle_0 conf=0.86 base=[ 0.363 -0.118  0.172] (1944 ROI pts)"", ""reason"": ""OK"", ""duration_ms"": 568.5}, {""state"": ""PLAN_PICK"", ""success"": true, ""message"": ""selected preferred_00 direction=327deg margin=0.010rad"", ""reason"": ""OK"", ""duration_ms"": 392.4}, {""state"": ""EXECUTE_PICK"", ""success"": true, ""message"": ""validated motion plan executed"", ""reason"": ""OK"", ""duration_ms"": 159.0}, {""state"": ""VERIFY_GRASP"", ""success"": true, ""message"": ""object lifted 146 mm"", ""reason"": ""OK"", ""duration_ms"": 0.0}]"
x02-y02-r04,yolo,bottle,0.36,-0.115,0.36125476379098287,-0.11502505617015724,9.536625453096157,4,IN_DOMAIN,True,,,,,146.1,953.8,451.4,152.7,53.2,327.5921018114106,lateral_band,lower,342.5921018114106,0.195,0.07500000000000001,0.690944058686521,0.07366049111137682,"{""candidate_id"": ""preferred_00"", ""direction_deg"": 327.5921018114106, ""pre_close_object_xy_shift_mm"": 0.0, ""close_object_xy_shift_mm"": 0.016, ""lift_horizontal_drift_mm"": 0.725, ""lift_height_mm"": 146.067, ""target_contact_geoms"": [""link7/geom:18"", ""link8/geom:20"", ""table/table_top""], ""bilateral_finger_contact"": true, ""failure_class"": ""NONE""}",0.0,[],"[{""state"": ""DETECT_SOURCE"", ""success"": true, ""message"": ""selected bottle_0 conf=0.47 base=[ 0.353 -0.111  0.172] (1344 ROI pts)"", ""reason"": ""OK"", ""duration_ms"": 451.4}, {""state"": ""PLAN_PICK"", ""success"": true, ""message"": ""selected preferred_00 direction=328deg margin=0.000rad"", ""reason"": ""OK"", ""duration_ms"": 349.6}, {""state"": ""EXECUTE_PICK"", ""success"": true, ""message"": ""validated motion plan executed"", ""reason"": ""OK"", ""duration_ms"": 152.7}, {""state"": ""VERIFY_GRASP"", ""success"": true, ""message"": ""object lifted 146 mm"", ""reason"": ""OK"", ""duration_ms"": 0.0}]"
x02-y02-r05,yolo,bottle,0.36,-0.115,0.3628566250207693,-0.1169965288759551,53.19108346326496,5,IN_DOMAIN,True,,,,,146.3,1062.3,572.2,160.5,50.1,327.11491922813843,lateral_band,lower,342.11491922813843,0.195,0.07500000000000001,0.0299611584694138,0.07209233993419459,"{""candidate_id"": ""preferred_00"", ""direction_deg"": 327.11491922813843, ""pre_close_object_xy_shift_mm"": 0.0, ""close_object_xy_shift_mm"": 0.317, ""lift_horizontal_drift_mm"": 1.835, ""lift_height_mm"": 146.33, ""target_contact_geoms"": [""link7/geom:18"", ""link8/geom:20"", ""table/table_top""], ""bilateral_finger_contact"": true, ""failure_class"": ""NONE""}",0.0,[],"[{""state"": ""DETECT_SOURCE"", ""success"": true, ""message"": ""selected bottle_0 conf=0.83 base=[ 0.365 -0.118  0.17 ] (1848 ROI pts)"", ""reason"": ""OK"", ""duration_ms"": 572.2}, {""state"": ""PLAN_PICK"", ""success"": true, ""message"": ""selected preferred_00 direction=327deg margin=0.013rad"", ""reason"": ""OK"", ""duration_ms"": 329.6}, {""state"": ""EXECUTE_PICK"", ""success"": true, ""message"": ""validated motion plan executed"", ""reason"": ""OK"", ""duration_ms"": 160.5}, {""state"": ""VERIFY_GRASP"", ""success"": true, ""message"": ""object lifted 146 mm"", ""reason"": ""OK"", ""duration_ms"": 0.0}]"
x02-y02-r06,yolo,bottle,0.36,-0.115,0.3601251637692484,-0.11222439255879707,140.55225581024726,6,IN_DOMAIN,True,,,,,146.2,1144.0,587.3,155.3,51.6,327.6516678089921,lateral_band,lower,342.65166780899204,0.195,0.07500000000000001,0.030289347251951797,0.07254843735016822,"{""candidate_id"": ""preferred_00"", ""direction_deg"": 327.6516678089921, ""pre_close_object_xy_shift_mm"": 0.0, ""close_object_xy_shift_mm"": 0.253, ""lift_horizontal_drift_mm"": 1.725, ""lift_height_mm"": 146.198, ""target_contact_geoms"": [""link7/geom:18"", ""link8/geom:20"", ""table/table_top""], ""bilateral_finger_contact"": true, ""failure_class"": ""NONE""}",0.0,[],"[{""state"": ""DETECT_SOURCE"", ""success"": true, ""message"": ""selected bottle_0 conf=0.88 base=[ 0.362 -0.113  0.171] (1815 ROI pts)"", ""reason"": ""OK"", ""duration_ms"": 587.3}, {""state"": ""PLAN_PICK"", ""success"": true, ""message"": ""selected preferred_00 direction=328deg margin=0.008rad"", ""reason"": ""OK"", ""duration_ms"": 401.4}, {""state"": ""EXECUTE_PICK"", ""success"": true, ""message"": ""validated motion plan executed"", ""reason"": ""OK"", ""duration_ms"": 155.3}, {""state"": ""VERIFY_GRASP"", ""success"": true, ""message"": ""object lifted 146 mm"", ""reason"": ""OK"", ""duration_ms"": 0.0}]"
x02-y02-r07,yolo,bottle,0.36,-0.115,0.36297151120368015,-0.11218185352489556,229.45899193312894,7,IN_DOMAIN,True,,,,,146.3,1165.9,583.3,155.2,50.6,327.75026363087534,lateral_band,lower,342.75026363087534,0.195,0.07500000000000001,0.030101037631172018,0.07228960864407605,"{""candidate_id"": ""preferred_00"", ""direction_deg"": 327.75026363087534, ""pre_close_object_xy_shift_mm"": 0.0, ""close_object_xy_shift_mm"": 0.183, ""lift_horizontal_drift_mm"": 1.632, ""lift_height_mm"": 146.275, ""target_contact_geoms"": [""link7/geom:18"", ""link8/geom:20"", ""table/table_top""], ""bilateral_finger_contact"": true, ""failure_class"": ""NONE""}",0.0,[],"[{""state"": ""DETECT_SOURCE"", ""success"": true, ""message"": ""selected bottle_0 conf=0.83 base=[ 0.365 -0.113  0.17 ] (1792 ROI pts)"", ""reason"": ""OK"", ""duration_ms"": 583.3}, {""state"": ""PLAN_PICK"", ""success"": true, ""message"": ""selected preferred_00 direction=328deg margin=0.011rad"", ""reason"": ""OK"", ""duration_ms"": 427.4}, {""state"": ""EXECUTE_PICK"", ""success"": true, ""message"": ""validated motion plan executed"", ""reason"": ""OK"", ""duration_ms"": 155.2}, {""state"": ""VERIFY_GRASP"", ""success"": true, ""message"": ""object lifted 146 mm"", ""reason"": ""OK"", ""duration_ms"": 0.0}]"
x02-y02-r08,yolo,bottle,0.36,-0.115,0.36162811398856265,-0.11229611221999498,213.26447258889024,8,IN_DOMAIN,True,,,,,146.3,1101.5,597.4,157.4,50.1,327.86699701516466,lateral_band,lower,342.86699701516466,0.195,0.07500000000000001,0.030687842047309143,0.07307317314100555,"{""candidate_id"": ""preferred_00"", ""direction_deg"": 327.86699701516466, ""pre_close_object_xy_shift_mm"": 0.0, ""close_object_xy_shift_mm"": 0.122, ""lift_horizontal_drift_mm"": 0.614, ""lift_height_mm"": 146.309, ""target_contact_geoms"": [""link7/geom:18"", ""link8/geom:20"", ""table/table_top""], ""bilateral_finger_contact"": true, ""failure_class"": ""NONE""}",0.0,[],"[{""state"": ""DETECT_SOURCE"", ""success"": true, ""message"": ""selected bottle_0 conf=0.24 base=[ 0.358 -0.11   0.17 ] (1456 ROI pts)"", ""reason"": ""OK"", ""duration_ms"": 597.4}, {""state"": ""PLAN_PICK"", ""success"": true, ""message"": ""selected preferred_00 direction=328deg margin=0.002rad"", ""reason"": ""OK"", ""duration_ms"": 346.6}, {""state"": ""EXECUTE_PICK"", ""success"": true, ""message"": ""validated motion plan executed"", ""reason"": ""OK"", ""duration_ms"": 157.4}, {""state"": ""VERIFY_GRASP"", ""success"": true, ""message"": ""object lifted 146 mm"", ""reason"": ""OK"", ""duration_ms"": 0.1}]"
x02-y02-r09,yolo,bottle,0.36,-0.115,0.36284549681491396,-0.11682055673144075,297.1636745768468,9,IN_DOMAIN,True,,,,,146.1,1089.2,582.2,161.4,51.5,327.0148375739053,lateral_band,lower,342.0148375739053,0.195,0.07500000000000001,0.029723678903871866,0.07174670656494535,"{""candidate_id"": ""preferred_00"", ""direction_deg"": 327.0148375739053, ""pre_close_object_xy_shift_mm"": 0.0, ""close_object_xy_shift_mm"": 0.348, ""lift_horizontal_drift_mm"": 1.91, ""lift_height_mm"": 146.119, ""target_contact_geoms"": [""link7/geom:18"", ""link8/geom:20"", ""table/table_top""], ""bilateral_finger_contact"": true, ""failure_class"": ""NONE""}",0.0,[],"[{""state"": ""DETECT_SOURCE"", ""success"": true, ""message"": ""selected bottle_0 conf=0.90 base=[ 0.368 -0.12   0.171] (1944 ROI pts)"", ""reason"": ""OK"", ""duration_ms"": 582.2}, {""state"": ""PLAN_PICK"", ""success"": true, ""message"": ""selected preferred_00 direction=327deg margin=0.017rad"", ""reason"": ""OK"", ""duration_ms"": 345.6}, {""state"": ""EXECUTE_PICK"", ""success"": true, ""message"": ""validated motion plan executed"", ""reason"": ""OK"", ""duration_ms"": 161.4}, {""state"": ""VERIFY_GRASP"", ""success"": true, ""message"": ""object lifted 146 mm"", ""reason"": ""OK"", ""duration_ms"": 0.0}]"
x02-y02-r10,yolo,bottle,0.36,-0.115,0.35842205304148134,-0.11252002053088131,123.31044033797488,10,IN_DOMAIN,True,,,,,146.2,1143.9,580.1,160.5,50.8,327.4778591235068,lateral_band,lower,342.4778591235068,0.195,0.07500000000000001,0.03023541954230214,0.0724750724503756,"{""candidate_id"": ""preferred_00"", ""direction_deg"": 327.4778591235068, ""pre_close_object_xy_shift_mm"": 0.0, ""close_object_xy_shift_mm"": 0.308, ""lift_horizontal_drift_mm"": 2.147, ""lift_height_mm"": 146.198, ""target_contact_geoms"": [""link7/geom:18"", ""link8/geom:20"", ""table/table_top""], ""bilateral_finger_contact"": true, ""failure_class"": ""NONE""}",0.0,[],"[{""state"": ""DETECT_SOURCE"", ""success"": true, ""message"": ""selected bottle_0 conf=0.87 base=[ 0.363 -0.114  0.17 ] (1925 ROI pts)"", ""reason"": ""OK"", ""duration_ms"": 580.1}, {""state"": ""PLAN_PICK"", ""success"": true, ""message"": ""selected preferred_00 direction=327deg margin=0.008rad"", ""reason"": ""OK"", ""duration_ms"": 403.2}, {""state"": ""EXECUTE_PICK"", ""success"": true, ""message"": ""validated motion plan executed"", ""reason"": ""OK"", ""duration_ms"": 160.5}, {""state"": ""VERIFY_GRASP"", ""success"": true, ""message"": ""object lifted 146 mm"", ""reason"": ""OK"", ""duration_ms"": 0.0}]"
x02-y03-r01,yolo,bottle,0.36,-0.07,0.35877178539109517,-0.06856984147656345,254.33746039916034,1,IN_DOMAIN,True,,,,,145.9,1129.5,565.2,157.8,51.0,0.0,lateral_band,upper,0.0,0.195,0.07500000000000001,0.026000335987841346,0.0680602689818786,"{""candidate_id"": ""preferred_00"", ""direction_deg"": 0.0, ""pre_close_object_xy_shift_mm"": 0.0, ""close_object_xy_shift_mm"": 0.15, ""lift_horizontal_drift_mm"": 1.068, ""lift_height_mm"": 145.916, ""target_contact_geoms"": [""link7/geom:18"", ""link8/geom:20"", ""table/table_top""], ""bilateral_finger_contact"": true, ""failure_class"": ""NONE""}",0.0,[],"[{""state"": ""DETECT_SOURCE"", ""success"": true, ""message"": ""selected bottle_0 conf=0.93 base=[ 0.362 -0.07   0.171] (1760 ROI pts)"", ""reason"": ""OK"", ""duration_ms"": 565.2}, {""state"": ""PLAN_PICK"", ""success"": true, ""message"": ""selected preferred_00 direction=0deg margin=0.047rad"", ""reason"": ""OK"", ""duration_ms"": 406.5}, {""state"": ""EXECUTE_PICK"", ""success"": true, ""message"": ""validated motion plan executed"", ""reason"": ""OK"", ""duration_ms"": 157.8}, {""state"": ""VERIFY_GRASP"", ""success"": true, ""message"": ""object lifted 146 mm"", ""reason"": ""OK"", ""duration_ms"": 0.0}]"
x02-y03-r02,yolo,bottle,0.36,-0.07,0.3622657387859737,-0.06944242922944671,295.11122199350416,2,IN_DOMAIN,True,,,,,145.9,1170.2,575.2,159.6,52.3,0.0,lateral_band,upper,0.0,0.195,0.07500000000000001,0.02559511307785413,0.06739148884319007,"{""candidate_id"": ""preferred_00"", ""direction_deg"": 0.0, ""pre_close_object_xy_shift_mm"": 0.0, ""close_object_xy_shift_mm"": 0.258, ""lift_horizontal_drift_mm"": 1.585, ""lift_height_mm"": 145.856, ""target_contact_geoms"": [""link7/geom:18"", ""link8/geom:20"", ""table/table_top""], ""bilateral_finger_contact"": true, ""failure_class"": ""NONE""}",0.0,[],"[{""state"": ""DETECT_SOURCE"", ""success"": true, ""message"": ""selected bottle_0 conf=0.90 base=[ 0.367 -0.071  0.172] (1734 ROI pts)"", ""reason"": ""OK"", ""duration_ms"": 575.2}, {""state"": ""PLAN_PICK"", ""success"": true, ""message"": ""selected preferred_00 direction=0deg margin=0.050rad"", ""reason"": ""OK"", ""duration_ms"": 435.4}, {""state"": ""EXECUTE_PICK"", ""success"": true, ""message"": ""validated motion plan executed"", ""reason"": ""OK"", ""duration_ms"": 159.6}, {""state"": ""VERIFY_GRASP"", ""success"": true, ""message"": ""object lifted 146 mm"", ""reason"": ""OK"", ""duration_ms"": 0.0}]"
x02-y03-r03,yolo,bottle,0.36,-0.07,0.3614252729918775,-0.06800951907480404,77.33715963921858,3,IN_DOMAIN,True,,,,,146.0,1149.3,575.4,162.8,50.5,0.0,lateral_band,upper,0.0,0.195,0.07500000000000001,0.02540861057029743,0.06721013575057745,"{""candidate_id"": ""preferred_00"", ""direction_deg"": 0.0, ""pre_close_object_xy_shift_mm"": 0.0, ""close_object_xy_shift_mm"": 0.035, ""lift_horizontal_drift_mm"": 1.074, ""lift_height_mm"": 145.959, ""target_contact_geoms"": [""link7/geom:18"", ""link8/geom:20"", ""table/table_top""], ""bilateral_finger_contact"": true, ""failure_class"": ""NONE""}",0.0,[],"[{""state"": ""DETECT_SOURCE"", ""success"": true, ""message"": ""selected bottle_0 conf=0.91 base=[ 0.364 -0.069  0.17 ] (1705 ROI pts)"", ""reason"": ""OK"", ""duration_ms"": 575.4}, {""state"": ""PLAN_PICK"", ""success"": true, ""message"": ""selected preferred_00 direction=0deg margin=0.051rad"", ""reason"": ""OK"", ""duration_ms"": 411.1}, {""state"": ""EXECUTE_PICK"", ""success"": true, ""message"": ""validated motion plan executed"", ""reason"": ""OK"", ""duration_ms"": 162.8}, {""state"": ""VERIFY_GRASP"", ""success"": true, ""message"": ""object lifted 146 mm"", ""reason"": ""OK"", ""duration_ms"": 0.0}]"
x02-y03-r04,yolo,bottle,0.36,-0.07,0.36013771271209843,-0.06731674053349221,97.13119947698853,4,IN_DOMAIN,True,,,,,146.0,1166.6,572.9,160.1,50.2,0.0,lateral_band,upper,0.0,0.195,0.07500000000000001,0.025372632429776606,0.06715810037774862,"{""candidate_id"": ""preferred_00"", ""direction_deg"": 0.0, ""pre_close_object_xy_shift_mm"": 0.0, ""close_object_xy_shift_mm"": 0.216, ""lift_horizontal_drift_mm"": 1.351, ""lift_height_mm"": 146.024, ""target_contact_geoms"": [""link7/geom:18"", ""link8/geom:20"", ""table/table_top""], ""bilateral_finger_contact"": true, ""failure_class"": ""NONE""}",0.0,[],"[{""state"": ""DETECT_SOURCE"", ""success"": true, ""message"": ""selected bottle_0 conf=0.86 base=[ 0.364 -0.069  0.17 ] (1768 ROI pts)"", ""reason"": ""OK"", ""duration_ms"": 572.9}, {""state"": ""PLAN_PICK"", ""success"": true, ""message"": ""selected preferred_00 direction=0deg margin=0.051rad"", ""reason"": ""OK"", ""duration_ms"": 433.6}, {""state"": ""EXECUTE_PICK"", ""success"": true, ""message"": ""validated motion plan executed"", ""reason"": ""OK"", ""duration_ms"": 160.1}, {""state"": ""VERIFY_GRASP"", ""success"": true, ""message"": ""object lifted 146 mm"", ""reason"": ""OK"", ""duration_ms"": 0.0}]"
x02-y03-r05,yolo,bottle,0.36,-0.07,0.35786084096218046,-0.07022134781358658,319.16045212275304,5,IN_DOMAIN,True,,,,,145.8,1140.6,569.8,161.3,53.0,0.0,lateral_band,upper,0.0,0.195,0.07500000000000001,0.02650965430570627,0.06875424337567781,"{""candidate_id"": ""preferred_00"", ""direction_deg"": 0.0, ""pre_close_object_xy_shift_mm"": 0.0, ""close_object_xy_shift_mm"": 0.036, ""lift_horizontal_drift_mm"": 0.935, ""lift_height_mm"": 145.847, ""target_contact_geoms"": [""link7/geom:18"", ""link8/geom:20"", ""table/table_top""], ""bilateral_finger_contact"": true, ""failure_class"": ""NONE""}",0.0,[],"[{""state"": ""DETECT_SOURCE"", ""success"": true, ""message"": ""selected bottle_0 conf=0.88 base=[ 0.361 -0.071  0.173] (1674 ROI pts)"", ""reason"": ""OK"", ""duration_ms"": 569.8}, {""state"": ""PLAN_PICK"", ""success"": true, ""message"": ""selected preferred_00 direction=0deg margin=0.043rad"", ""reason"": ""OK"", ""duration_ms"": 409.5}, {""state"": ""EXECUTE_PICK"", ""success"": true, ""message"": ""validated motion plan executed"", ""reason"": ""OK"", ""duration_ms"": 161.3}, {""state"": ""VERIFY_GRASP"", ""success"": true, ""message"": ""object lifted 146 mm"", ""reason"": ""OK"", ""duration_ms"": 0.0}]"
x02-y03-r06,yolo,bottle,0.36,-0.07,0.3573491596901658,-0.07015817687698706,294.66622195751216,6,IN_DOMAIN,True,,,,,146.1,1203.9,570.0,159.6,51.2,0.0,lateral_band,upper,0.0,0.195,0.07500000000000001,0.026582116384029013,0.06883138091668953,"{""candidate_id"": ""preferred_00"", ""direction_deg"": 0.0, ""pre_close_object_xy_shift_mm"": 0.0, ""close_object_xy_shift_mm"": 0.251, ""lift_horizontal_drift_mm"": 1.515, ""lift_height_mm"": 146.118, ""target_contact_geoms"": [""link7/geom:18"", ""link8/geom:20"", ""table/table_top""], ""bilateral_finger_contact"": true, ""failure_class"": ""NONE""}",0.0,[],"[{""state"": ""DETECT_SOURCE"", ""success"": true, ""message"": ""selected bottle_0 conf=0.91 base=[ 0.361 -0.072  0.171] (1782 ROI pts)"", ""reason"": ""OK"", ""duration_ms"": 570.0}, {""state"": ""PLAN_PICK"", ""success"": true, ""message"": ""selected preferred_00 direction=0deg margin=0.043rad"", ""reason"": ""OK"", ""duration_ms"": 474.3}, {""state"": ""EXECUTE_PICK"", ""success"": true, ""message"": ""validated motion plan executed"", ""reason"": ""OK"", ""duration_ms"": 159.6}, {""state"": ""VERIFY_GRASP"", ""success"": true, ""message"": ""object lifted 146 mm"", ""reason"": ""OK"", ""duration_ms"": 0.0}]"
x02-y03-r07,yolo,bottle,0.36,-0.07,0.3607397033883937,-0.06810356392606148,193.9773257045762,7,IN_DOMAIN,True,,,,,145.6,1028.4,468.0,156.1,57.8,0.0,lateral_band,upper,0.0,0.195,0.07500000000000001,0.0267019684306958,0.0691041484345523,"{""candidate_id"": ""preferred_00"", ""direction_deg"": 0.0, ""pre_close_object_xy_shift_mm"": 0.0, ""close_object_xy_shift_mm"": 0.356, ""lift_horizontal_drift_mm"": 1.142, ""lift_height_mm"": 145.586, ""target_contact_geoms"": [""link7/geom:18"", ""link8/geom:20"", ""table/table_top""], ""bilateral_finger_contact"": true, ""failure_class"": ""NONE""}",0.0,[],"[{""state"": ""DETECT_SOURCE"", ""success"": true, ""message"": ""selected bottle_0 conf=0.08 base=[ 0.353 -0.067  0.177] (1350 ROI pts)"", ""reason"": ""OK"", ""duration_ms"": 468.0}, {""state"": ""PLAN_PICK"", ""success"": true, ""message"": ""selected preferred_00 direction=0deg margin=0.044rad"", ""reason"": ""OK"", ""duration_ms"": 404.2}, {""state"": ""EXECUTE_PICK"", ""success"": true, ""message"": ""validated motion plan executed"", ""reason"": ""OK"", ""duration_ms"": 156.1}, {""state"": ""VERIFY_GRASP"", ""success"": true, ""message"": ""object lifted 146 mm"", ""reason"": ""OK"", ""duration_ms"": 0.0}]"
x02-y03-r08,yolo,bottle,0.36,-0.07,0.3582714361027255,-0.07161480826660103,163.42849655874588,8,IN_DOMAIN,True,,,,,145.7,1128.4,625.1,153.6,54.4,0.0,lateral_band,upper,0.0,0.195,0.07500000000000001,0.027233171812474182,0.0697497643096067,"{""candidate_id"": ""preferred_00"", ""direction_deg"": 0.0, ""pre_close_object_xy_shift_mm"": 0.0, ""close_object_xy_shift_mm"": 0.315, ""lift_horizontal_drift_mm"": 1.117, ""lift_height_mm"": 145.731, ""target_contact_geoms"": [""link7/geom:18"", ""link8/geom:20"", ""table/table_top""], ""bilateral_finger_contact"": true, ""failure_class"": ""NONE""}",0.0,[],"[{""state"": ""DETECT_SOURCE"", ""success"": true, ""message"": ""selected bottle_0 conf=0.89 base=[ 0.356 -0.071  0.174] (1484 ROI pts)"", ""reason"": ""OK"", ""duration_ms"": 625.1}, {""state"": ""PLAN_PICK"", ""success"": true, ""message"": ""selected preferred_00 direction=0deg margin=0.038rad"", ""reason"": ""OK"", ""duration_ms"": 349.6}, {""state"": ""EXECUTE_PICK"", ""success"": true, ""message"": ""validated motion plan executed"", ""reason"": ""OK"", ""duration_ms"": 153.6}, {""state"": ""VERIFY_GRASP"", ""success"": true, ""message"": ""object lifted 146 mm"", ""reason"": ""OK"", ""duration_ms"": 0.0}]"
x02-y03-r09,yolo,bottle,0.36,-0.07,0.3593283092308981,-0.07233636384711713,106.02004165724013,9,IN_DOMAIN,True,,,,,145.9,1181.3,590.4,163.8,50.8,0.0,lateral_band,upper,0.0,0.195,0.07500000000000001,0.026775306570230733,0.0690449582682945,"{""candidate_id"": ""preferred_00"", ""direction_deg"": 0.0, ""pre_close_object_xy_shift_mm"": 0.0, ""close_object_xy_shift_mm"": 0.162, ""lift_horizontal_drift_mm"": 1.026, ""lift_height_mm"": 145.89, ""target_contact_geoms"": [""link7/geom:18"", ""link8/geom:20"", ""table/table_top""], ""bilateral_finger_contact"": true, ""failure_class"": ""NONE""}",0.0,[],"[{""state"": ""DETECT_SOURCE"", ""success"": true, ""message"": ""selected bottle_0 conf=0.88 base=[ 0.363 -0.074  0.171] (1782 ROI pts)"", ""reason"": ""OK"", ""duration_ms"": 590.4}, {""state"": ""PLAN_PICK"", ""success"": true, ""message"": ""selected preferred_00 direction=0deg margin=0.041rad"", ""reason"": ""OK"", ""duration_ms"": 427.0}, {""state"": ""EXECUTE_PICK"", ""success"": true, ""message"": ""validated motion plan executed"", ""reason"": ""OK"", ""duration_ms"": 163.8}, {""state"": ""VERIFY_GRASP"", ""success"": true, ""message"": ""object lifted 146 mm"", ""reason"": ""OK"", ""duration_ms"": 0.0}]"
x02-y03-r10,yolo,bottle,0.36,-0.07,0.36047554369929025,-0.06859341564656107,236.18568091936783,10,IN_DOMAIN,True,,,,,146.0,1162.8,592.7,155.7,51.9,0.0,lateral_band,upper,0.0,0.195,0.07500000000000001,0.026003509968534917,0.06808109737848572,"{""candidate_id"": ""preferred_00"", ""direction_deg"": 0.0, ""pre_close_object_xy_shift_mm"": 0.0, ""close_object_xy_shift_mm"": 0.011, ""lift_horizontal_drift_mm"": 0.898, ""lift_height_mm"": 146.001, ""target_contact_geoms"": [""link7/geom:18"", ""link8/geom:20"", ""table/table_top""], ""bilateral_finger_contact"": true, ""failure_class"": ""NONE""}",0.0,[],"[{""state"": ""DETECT_SOURCE"", ""success"": true, ""message"": ""selected bottle_0 conf=0.84 base=[ 0.361 -0.069  0.172] (1568 ROI pts)"", ""reason"": ""OK"", ""duration_ms"": 592.7}, {""state"": ""PLAN_PICK"", ""success"": true, ""message"": ""selected preferred_00 direction=0deg margin=0.047rad"", ""reason"": ""OK"", ""duration_ms"": 414.4}, {""state"": ""EXECUTE_PICK"", ""success"": true, ""message"": ""validated motion plan executed"", ""reason"": ""OK"", ""duration_ms"": 155.7}, {""state"": ""VERIFY_GRASP"", ""success"": true, ""message"": ""object lifted 146 mm"", ""reason"": ""OK"", ""duration_ms"": 0.0}]"
x02-y04-r01,yolo,bottle,0.36,-0.025,0.3585900434221692,-0.027774020924722462,117.22076788337411,1,IN_DOMAIN,True,,,,,145.8,1224.5,606.3,161.2,53.1,0.0,lateral_band,upper,0.0,0.195,0.07500000000000001,0.012976310220265075,0.041834671955477666,"{""candidate_id"": ""preferred_00"", ""direction_deg"": 0.0, ""pre_close_object_xy_shift_mm"": 0.0, ""close_object_xy_shift_mm"": 0.022, ""lift_horizontal_drift_mm"": 1.529, ""lift_height_mm"": 145.824, ""target_contact_geoms"": [""link7/geom:18"", ""link8/geom:20"", ""table/table_top""], ""bilateral_finger_contact"": true, ""failure_class"": ""NONE""}",0.0,[],"[{""state"": ""DETECT_SOURCE"", ""success"": true, ""message"": ""selected bottle_0 conf=0.88 base=[ 0.361 -0.028  0.173] (1508 ROI pts)"", ""reason"": ""OK"", ""duration_ms"": 606.3}, {""state"": ""PLAN_PICK"", ""success"": true, ""message"": ""selected preferred_00 direction=0deg margin=0.114rad"", ""reason"": ""OK"", ""duration_ms"": 457.0}, {""state"": ""EXECUTE_PICK"", ""success"": true, ""message"": ""validated motion plan executed"", ""reason"": ""OK"", ""duration_ms"": 161.2}, {""state"": ""VERIFY_GRASP"", ""success"": true, ""message"": ""object lifted 146 mm"", ""reason"": ""OK"", ""duration_ms"": 0.0}]"
x02-y04-r02,yolo,bottle,0.36,-0.025,0.3584049978895887,-0.022056877934654832,352.2100374410097,2,IN_DOMAIN,True,,,,,145.4,1103.5,603.1,150.8,56.6,0.0,lateral_band,upper,0.0,0.195,0.07500000000000001,0.010652254592587578,0.03487679094570662,"{""candidate_id"": ""preferred_00"", ""direction_deg"": 0.0, ""pre_close_object_xy_shift_mm"": 0.0, ""close_object_xy_shift_mm"": 0.362, ""lift_horizontal_drift_mm"": 3.864, ""lift_height_mm"": 145.398, ""target_contact_geoms"": [""link7/geom:18"", ""link8/geom:20"", ""table/table_top""], ""bilateral_finger_contact"": true, ""failure_class"": ""NONE""}",0.0,[],"[{""state"": ""DETECT_SOURCE"", ""success"": true, ""message"": ""selected bottle_0 conf=0.68 base=[ 0.354 -0.021  0.176] (1188 ROI pts)"", ""reason"": ""OK"", ""duration_ms"": 603.1}, {""state"": ""PLAN_PICK"", ""success"": true, ""message"": ""selected preferred_00 direction=0deg margin=0.127rad"", ""reason"": ""OK"", ""duration_ms"": 349.6}, {""state"": ""EXECUTE_PICK"", ""success"": true, ""message"": ""validated motion plan executed"", ""reason"": ""OK"", ""duration_ms"": 150.8}, {""state"": ""VERIFY_GRASP"", ""success"": true, ""message"": ""object lifted 145 mm"", ""reason"": ""OK"", ""duration_ms"": 0.0}]"
x02-y04-r03,yolo,bottle,0.36,-0.025,0.3614966899999865,-0.027648625063743507,99.20139492158076,3,IN_DOMAIN,True,,,,,146.0,1193.1,586.2,159.2,52.4,0.0,lateral_band,upper,0.0,0.195,0.07500000000000001,0.012507111441621867,0.040498579757760965,"{""candidate_id"": ""preferred_00"", ""direction_deg"": 0.0, ""pre_close_object_xy_shift_mm"": 0.0, ""close_object_xy_shift_mm"": 0.123, ""lift_horizontal_drift_mm"": 1.571, ""lift_height_mm"": 146.034, ""target_contact_geoms"": [""link7/geom:18"", ""link8/geom:20"", ""table/table_top""], ""bilateral_finger_contact"": true, ""failure_class"": ""NONE""}",0.0,[],"[{""state"": ""DETECT_SOURCE"", ""success"": true, ""message"": ""selected bottle_0 conf=0.89 base=[ 0.364 -0.028  0.172] (1508 ROI pts)"", ""reason"": ""OK"", ""duration_ms"": 586.2}, {""state"": ""PLAN_PICK"", ""success"": true, ""message"": ""selected preferred_00 direction=0deg margin=0.114rad"", ""reason"": ""OK"", ""duration_ms"": 447.7}, {""state"": ""EXECUTE_PICK"", ""success"": true, ""message"": ""validated motion plan executed"", ""reason"": ""OK"", ""duration_ms"": 159.2}, {""state"": ""VERIFY_GRASP"", ""success"": true, ""message"": ""object lifted 146 mm"", ""reason"": ""OK"", ""duration_ms"": 0.0}]"
x02-y04-r04,yolo,bottle,0.36,-0.025,0.35963513587696666,-0.02397532316219274,0.23867004436990857,4,IN_DOMAIN,True,,,,,145.5,1060.0,597.7,154.2,57.9,0.0,lateral_band,upper,0.0,0.195,0.07500000000000001,0.011479978054760144,0.03740528198862955,"{""candidate_id"": ""preferred_00"", ""direction_deg"": 0.0, ""pre_close_object_xy_shift_mm"": 0.0, ""close_object_xy_shift_mm"": 0.383, ""lift_horizontal_drift_mm"": 1.5, ""lift_height_mm"": 145.512, ""target_contact_geoms"": [""link7/geom:18"", ""link8/geom:20"", ""table/table_top""], ""bilateral_finger_contact"": true, ""failure_class"": ""NONE""}",0.0,[],"[{""state"": ""DETECT_SOURCE"", ""success"": true, ""message"": ""selected bottle_0 conf=0.42 base=[ 0.353 -0.022  0.177] (1134 ROI pts)"", ""reason"": ""OK"", ""duration_ms"": 597.7}, {""state"": ""PLAN_PICK"", ""success"": true, ""message"": ""selected preferred_00 direction=0deg margin=0.126rad"", ""reason"": ""OK"", ""duration_ms"": 308.0}, {""state"": ""EXECUTE_PICK"", ""success"": true, ""message"": ""validated motion plan executed"", ""reason"": ""OK"", ""duration_ms"": 154.2}, {""state"": ""VERIFY_GRASP"", ""success"": true, ""message"": ""object lifted 146 mm"", ""reason"": ""OK"", ""duration_ms"": 0.0}]"
x02-y04-r05,yolo,bottle,0.36,-0.025,0.35963431730643863,-0.02437117034077411,69.37391675376287,5,IN_DOMAIN,True,,,,,146.1,1129.0,588.8,155.3,52.2,0.0,lateral_band,upper,0.0,0.195,0.07500000000000001,0.011722202400389486,0.038192836827344076,"{""candidate_id"": ""preferred_00"", ""direction_deg"": 0.0, ""pre_close_object_xy_shift_mm"": 0.0, ""close_object_xy_shift_mm"": 0.094, ""lift_horizontal_drift_mm"": 1.595, ""lift_height_mm"": 146.078, ""target_contact_geoms"": [""link7/geom:18"", ""link8/geom:20"", ""table/table_top""], ""bilateral_finger_contact"": true, ""failure_class"": ""NONE""}",0.0,[],"[{""state"": ""DETECT_SOURCE"", ""success"": true, ""message"": ""selected bottle_0 conf=0.89 base=[ 0.359 -0.025  0.172] (1404 ROI pts)"", ""reason"": ""OK"", ""duration_ms"": 588.8}, {""state"": ""PLAN_PICK"", ""success"": true, ""message"": ""selected preferred_00 direction=0deg margin=0.119rad"", ""reason"": ""OK"", ""duration_ms"": 384.9}, {""state"": ""EXECUTE_PICK"", ""success"": true, ""message"": ""validated motion plan executed"", ""reason"": ""OK"", ""duration_ms"": 155.3}, {""state"": ""VERIFY_GRASP"", ""success"": true, ""message"": ""object lifted 146 mm"", ""reason"": ""OK"", ""duration_ms"": 0.0}]"
x02-y04-r06,yolo,bottle,0.36,-0.025,0.36160362331607654,-0.026413978261649353,85.22917123380334,6,IN_DOMAIN,True,,,,,146.2,1190.7,588.3,160.3,52.1,0.0,lateral_band,upper,0.0,0.195,0.07500000000000001,0.012074395994365954,0.03924012683203014,"{""candidate_id"": ""preferred_00"", ""direction_deg"": 0.0, ""pre_close_object_xy_shift_mm"": 0.0, ""close_object_xy_shift_mm"": 0.111, ""lift_horizontal_drift_mm"": 1.525, ""lift_height_mm"": 146.178, ""target_contact_geoms"": [""link7/geom:18"", ""link8/geom:20"", ""table/table_top""], ""bilateral_finger_contact"": true, ""failure_class"": ""NONE""}",0.0,[],"[{""state"": ""DETECT_SOURCE"", ""success"": true, ""message"": ""selected bottle_0 conf=0.91 base=[ 0.364 -0.027  0.172] (1537 ROI pts)"", ""reason"": ""OK"", ""duration_ms"": 588.3}, {""state"": ""PLAN_PICK"", ""success"": true, ""message"": ""selected preferred_00 direction=0deg margin=0.115rad"", ""reason"": ""OK"", ""duration_ms"": 442.1}, {""state"": ""EXECUTE_PICK"", ""success"": true, ""message"": ""validated motion plan executed"", ""reason"": ""OK"", ""duration_ms"": 160.3}, {""state"": ""VERIFY_GRASP"", ""success"": true, ""message"": ""object lifted 146 mm"", ""reason"": ""OK"", ""duration_ms"": 0.0}]"
x02-y04-r07,yolo,bottle,0.36,-0.025,0.3608823488413525,-0.025273488427694005,290.16866506510524,7,IN_DOMAIN,True,,,,,146.0,1210.4,585.0,162.5,53.0,0.0,lateral_band,upper,0.0,0.195,0.07500000000000001,0.011776751270440814,0.038358292644948715,"{""candidate_id"": ""preferred_00"", ""direction_deg"": 0.0, ""pre_close_object_xy_shift_mm"": 0.0, ""close_object_xy_shift_mm"": 0.018, ""lift_horizontal_drift_mm"": 1.647, ""lift_height_mm"": 145.963, ""target_contact_geoms"": [""link7/geom:18"", ""link8/geom:20"", ""table/table_top""], ""bilateral_finger_contact"": true, ""failure_class"": ""NONE""}",0.0,[],"[{""state"": ""DETECT_SOURCE"", ""success"": true, ""message"": ""selected bottle_0 conf=0.91 base=[ 0.364 -0.026  0.173] (1508 ROI pts)"", ""reason"": ""OK"", ""duration_ms"": 585.0}, {""state"": ""PLAN_PICK"", ""success"": true, ""message"": ""selected preferred_00 direction=0deg margin=0.116rad"", ""reason"": ""OK"", ""duration_ms"": 462.9}, {""state"": ""EXECUTE_PICK"", ""success"": true, ""message"": ""validated motion plan executed"", ""reason"": ""OK"", ""duration_ms"": 162.5}, {""state"": ""VERIFY_GRASP"", ""success"": true, ""message"": ""object lifted 146 mm"", ""reason"": ""OK"", ""duration_ms"": 0.0}]"
x02-y04-r08,yolo,bottle,0.36,-0.025,0.3572140782109496,-0.026262015517833456,202.73260638640593,8,IN_DOMAIN,True,,,,,145.9,995.0,480.7,156.5,60.3,0.0,lateral_band,upper,0.0,0.195,0.07500000000000001,0.013526118797197102,0.0431616270545783,"{""candidate_id"": ""preferred_00"", ""direction_deg"": 0.0, ""pre_close_object_xy_shift_mm"": 0.0, ""close_object_xy_shift_mm"": 0.304, ""lift_horizontal_drift_mm"": 1.794, ""lift_height_mm"": 145.896, ""target_contact_geoms"": [""link7/geom:18"", ""link8/geom:20"", ""table/table_top""], ""bilateral_finger_contact"": true, ""failure_class"": ""NONE""}",0.0,[],"[{""state"": ""DETECT_SOURCE"", ""success"": true, ""message"": ""selected bottle_0 conf=0.14 base=[ 0.348 -0.026  0.18 ] (1176 ROI pts)"", ""reason"": ""OK"", ""duration_ms"": 480.7}, {""state"": ""PLAN_PICK"", ""success"": true, ""message"": ""selected preferred_00 direction=0deg margin=0.124rad"", ""reason"": ""OK"", ""duration_ms"": 357.8}, {""state"": ""EXECUTE_PICK"", ""success"": true, ""message"": ""validated motion plan executed"", ""reason"": ""OK"", ""duration_ms"": 156.5}, {""state"": ""VERIFY_GRASP"", ""success"": true, ""message"": ""object lifted 146 mm"", ""reason"": ""OK"", ""duration_ms"": 0.0}]"
x02-y04-r09,yolo,bottle,0.36,-0.025,0.36047400865913376,-0.0231577014125955,87.00505408593065,9,IN_DOMAIN,True,,,,,146.0,1219.2,588.0,161.0,51.6,0.0,lateral_band,upper,0.0,0.195,0.07500000000000001,0.010905221840280421,0.03571003407357988,"{""candidate_id"": ""preferred_00"", ""direction_deg"": 0.0, ""pre_close_object_xy_shift_mm"": 0.0, ""close_object_xy_shift_mm"": 0.127, ""lift_horizontal_drift_mm"": 1.577, ""lift_height_mm"": 146.028, ""target_contact_geoms"": [""link7/geom:18"", ""link8/geom:20"", ""table/table_top""], ""bilateral_finger_contact"": true, ""failure_class"": ""NONE""}",0.0,[],"[{""state"": ""DETECT_SOURCE"", ""success"": true, ""message"": ""selected bottle_0 conf=0.91 base=[ 0.362 -0.023  0.171] (1484 ROI pts)"", ""reason"": ""OK"", ""duration_ms"": 588.0}, {""state"": ""PLAN_PICK"", ""success"": true, ""message"": ""selected preferred_00 direction=0deg margin=0.119rad"", ""reason"": ""OK"", ""duration_ms"": 470.1}, {""state"": ""EXECUTE_PICK"", ""success"": true, ""message"": ""validated motion plan executed"", ""reason"": ""OK"", ""duration_ms"": 161.0}, {""state"": ""VERIFY_GRASP"", ""success"": true, ""message"": ""object lifted 146 mm"", ""reason"": ""OK"", ""duration_ms"": 0.0}]"
x02-y04-r10,yolo,bottle,0.36,-0.025,0.3614496627729946,-0.024084442191174695,60.824355172078654,10,IN_DOMAIN,True,,,,,146.4,1096.8,590.1,158.4,53.6,0.0,lateral_band,upper,0.0,0.195,0.07500000000000001,0.011535227907550814,0.03763277631190564,"{""candidate_id"": ""preferred_00"", ""direction_deg"": 0.0, ""pre_close_object_xy_shift_mm"": 0.0, ""close_object_xy_shift_mm"": 0.123, ""lift_horizontal_drift_mm"": 1.517, ""lift_height_mm"": 146.356, ""target_contact_geoms"": [""link7/geom:18"", ""link8/geom:20"", ""table/table_top""], ""bilateral_finger_contact"": true, ""failure_class"": ""NONE""}",0.0,[],"[{""state"": ""DETECT_SOURCE"", ""success"": true, ""message"": ""selected bottle_0 conf=0.82 base=[ 0.359 -0.024  0.173] (1350 ROI pts)"", ""reason"": ""OK"", ""duration_ms"": 590.1}, {""state"": ""PLAN_PICK"", ""success"": true, ""message"": ""selected preferred_00 direction=0deg margin=0.120rad"", ""reason"": ""OK"", ""duration_ms"": 348.2}, {""state"": ""EXECUTE_PICK"", ""success"": true, ""message"": ""validated motion plan executed"", ""reason"": ""OK"", ""duration_ms"": 158.4}, {""state"": ""VERIFY_GRASP"", ""success"": true, ""message"": ""object lifted 146 mm"", ""reason"": ""OK"", ""duration_ms"": 0.0}]"
x03-y01-r01,yolo,bottle,0.38,-0.16,0.37909062035048025,-0.15888424950123317,6.8835023700288644,1,IN_DOMAIN,True,,,,,146.3,980.6,482.3,157.4,56.5,322.37935820503907,lateral_band,lower,337.37935820503907,0.195,0.07500000000000001,0.028740815457001984,0.0701200868126563,"{""candidate_id"": ""preferred_00"", ""direction_deg"": 322.37935820503907, ""pre_close_object_xy_shift_mm"": 0.0, ""close_object_xy_shift_mm"": 0.105, ""lift_horizontal_drift_mm"": 0.641, ""lift_height_mm"": 146.307, ""target_contact_geoms"": [""link7/geom:18"", ""link8/geom:20"", ""table/table_top""], ""bilateral_finger_contact"": true, ""failure_class"": ""NONE""}",0.0,[],"[{""state"": ""DETECT_SOURCE"", ""success"": true, ""message"": ""selected bottle_0 conf=0.43 base=[ 0.375 -0.156  0.176] (1650 ROI pts)"", ""reason"": ""OK"", ""duration_ms"": 482.3}, {""state"": ""PLAN_PICK"", ""success"": true, ""message"": ""selected preferred_00 direction=322deg margin=0.040rad"", ""reason"": ""OK"", ""duration_ms"": 340.8}, {""state"": ""EXECUTE_PICK"", ""success"": true, ""message"": ""validated motion plan executed"", ""reason"": ""OK"", ""duration_ms"": 157.4}, {""state"": ""VERIFY_GRASP"", ""success"": true, ""message"": ""object lifted 146 mm"", ""reason"": ""OK"", ""duration_ms"": 0.0}]"
x03-y01-r02,yolo,bottle,0.38,-0.16,0.38241364138885964,-0.15925511489657454,359.5563802450892,2,IN_DOMAIN,True,,,,,146.4,978.1,474.9,154.6,49.6,322.5922698710333,lateral_band,lower,337.5922698710333,0.195,0.07500000000000001,0.02857007304278692,0.06978755936907086,"{""candidate_id"": ""preferred_00"", ""direction_deg"": 322.5922698710333, ""pre_close_object_xy_shift_mm"": 0.0, ""close_object_xy_shift_mm"": 0.312, ""lift_horizontal_drift_mm"": 1.398, ""lift_height_mm"": 146.401, ""target_contact_geoms"": [""link7/geom:18"", ""link8/geom:20"", ""table/table_top""], ""bilateral_finger_contact"": true, ""failure_class"": ""NONE""}",0.0,[],"[{""state"": ""DETECT_SOURCE"", ""success"": true, ""message"": ""selected bottle_0 conf=0.33 base=[ 0.38  -0.157  0.169] (1620 ROI pts)"", ""reason"": ""OK"", ""duration_ms"": 474.9}, {""state"": ""PLAN_PICK"", ""success"": true, ""message"": ""selected preferred_00 direction=323deg margin=0.045rad"", ""reason"": ""OK"", ""duration_ms"": 348.5}, {""state"": ""EXECUTE_PICK"", ""success"": true, ""message"": ""validated motion plan executed"", ""reason"": ""OK"", ""duration_ms"": 154.6}, {""state"": ""VERIFY_GRASP"", ""success"": true, ""message"": ""object lifted 146 mm"", ""reason"": ""OK"", ""duration_ms"": 0.0}]"
x03-y01-r03,yolo,bottle,0.38,-0.16,0.3819762641652872,-0.15878016477965445,251.51637948804472,3,IN_DOMAIN,True,,,,,145.9,987.8,489.0,160.3,49.4,322.4927929521042,lateral_band,lower,337.4927929521042,0.195,0.07500000000000001,0.02833586525678222,0.0692836906378711,"{""candidate_id"": ""preferred_00"", ""direction_deg"": 322.4927929521042, ""pre_close_object_xy_shift_mm"": 0.0, ""close_object_xy_shift_mm"": 0.419, ""lift_horizontal_drift_mm"": 3.918, ""lift_height_mm"": 145.851, ""target_contact_geoms"": [""link7/geom:18"", ""link8/geom:20"", ""table/table_top""], ""bilateral_finger_contact"": true, ""failure_class"": ""NONE""}",0.0,[],"[{""state"": ""DETECT_SOURCE"", ""success"": true, ""message"": ""selected bottle_0 conf=0.93 base=[ 0.387 -0.161  0.169] (1890 ROI pts)"", ""reason"": ""OK"", ""duration_ms"": 489.0}, {""state"": ""PLAN_PICK"", ""success"": true, ""message"": ""selected preferred_00 direction=322deg margin=0.056rad"", ""reason"": ""OK"", ""duration_ms"": 338.4}, {""state"": ""EXECUTE_PICK"", ""success"": true, ""message"": ""validated motion plan executed"", ""reason"": ""OK"", ""duration_ms"": 160.3}, {""state"": ""VERIFY_GRASP"", ""success"": true, ""message"": ""object lifted 146 mm"", ""reason"": ""OK"", ""duration_ms"": 0.0}]"
x03-y01-r04,yolo,bottle,0.38,-0.16,0.381908519700625,-0.1616328394430851,290.9393218097507,4,IN_DOMAIN,True,,,,,145.9,980.2,480.7,162.0,51.0,322.12018179102233,lateral_band,lower,337.12018179102233,0.195,0.07500000000000001,0.028328539040137674,0.06926664135992819,"{""candidate_id"": ""preferred_00"", ""direction_deg"": 322.12018179102233, ""pre_close_object_xy_shift_mm"": 0.0, ""close_object_xy_shift_mm"": 0.399, ""lift_horizontal_drift_mm"": 2.966, ""lift_height_mm"": 145.91, ""target_contact_geoms"": [""link7/geom:18"", ""link8/geom:20"", ""table/table_top""], ""bilateral_finger_contact"": true, ""failure_class"": ""NONE""}",0.0,[],"[{""state"": ""DETECT_SOURCE"", ""success"": true, ""message"": ""selected bottle_0 conf=0.32 base=[ 0.387 -0.163  0.171] (1802 ROI pts)"", ""reason"": ""OK"", ""duration_ms"": 480.7}, {""state"": ""PLAN_PICK"", ""success"": true, ""message"": ""selected preferred_00 direction=322deg margin=0.056rad"", ""reason"": ""OK"", ""duration_ms"": 337.4}, {""state"": ""EXECUTE_PICK"", ""success"": true, ""message"": ""validated motion plan executed"", ""reason"": ""OK"", ""duration_ms"": 162.0}, {""state"": ""VERIFY_GRASP"", ""success"": true, ""message"": ""object lifted 146 mm"", ""reason"": ""OK"", ""duration_ms"": 0.0}]"
x03-y01-r05,yolo,bottle,0.38,-0.16,0.381141934010971,-0.1606355870526158,120.34576141539293,5,IN_DOMAIN,True,,,,,146.1,986.0,480.5,159.7,50.5,322.195986848782,lateral_band,lower,337.195986848782,0.195,0.07500000000000001,0.028380854490723993,0.0693862941300481,"{""candidate_id"": ""preferred_00"", ""direction_deg"": 322.195986848782, ""pre_close_object_xy_shift_mm"": 0.0, ""close_object_xy_shift_mm"": 0.39, ""lift_horizontal_drift_mm"": 2.519, ""lift_height_mm"": 146.144, ""target_contact_geoms"": [""link7/geom:18"", ""link8/geom:20"", ""table/table_top""], ""bilateral_finger_contact"": true, ""failure_class"": ""NONE""}",0.0,[],"[{""state"": ""DETECT_SOURCE"", ""success"": true, ""message"": ""selected bottle_0 conf=0.84 base=[ 0.385 -0.162  0.17 ] (1802 ROI pts)"", ""reason"": ""OK"", ""duration_ms"": 480.5}, {""state"": ""PLAN_PICK"", ""success"": true, ""message"": ""selected preferred_00 direction=322deg margin=0.053rad"", ""reason"": ""OK"", ""duration_ms"": 345.7}, {""state"": ""EXECUTE_PICK"", ""success"": true, ""message"": ""validated motion plan executed"", ""reason"": ""OK"", ""duration_ms"": 159.7}, {""state"": ""VERIFY_GRASP"", ""success"": true, ""message"": ""object lifted 146 mm"", ""reason"": ""OK"", ""duration_ms"": 0.0}]"
x03-y01-r06,yolo,bottle,0.38,-0.16,0.37931975790957306,-0.1611465573145183,324.3314325049655,6,IN_DOMAIN,True,,,,,146.4,977.2,477.0,156.8,53.9,322.0417612241211,lateral_band,lower,337.0417612241211,0.195,0.07500000000000001,0.028487413626544524,0.0696173978433095,"{""candidate_id"": ""preferred_00"", ""direction_deg"": 322.0417612241211, ""pre_close_object_xy_shift_mm"": 0.0, ""close_object_xy_shift_mm"": 0.347, ""lift_horizontal_drift_mm"": 1.574, ""lift_height_mm"": 146.384, ""target_contact_geoms"": [""link7/geom:18"", ""link8/geom:20"", ""table/table_top""], ""bilateral_finger_contact"": true, ""failure_class"": ""NONE""}",0.0,[],"[{""state"": ""DETECT_SOURCE"", ""success"": true, ""message"": ""selected bottle_0 conf=0.36 base=[ 0.381 -0.161  0.174] (1696 ROI pts)"", ""reason"": ""OK"", ""duration_ms"": 477.0}, {""state"": ""PLAN_PICK"", ""success"": true, ""message"": ""selected preferred_00 direction=322deg margin=0.049rad"", ""reason"": ""OK"", ""duration_ms"": 343.3}, {""state"": ""EXECUTE_PICK"", ""success"": true, ""message"": ""validated motion plan executed"", ""reason"": ""OK"", ""duration_ms"": 156.8}, {""state"": ""VERIFY_GRASP"", ""success"": true, ""message"": ""object lifted 146 mm"", ""reason"": ""OK"", ""duration_ms"": 0.0}]"
x03-y01-r07,yolo,bottle,0.38,-0.16,0.3772423489943902,-0.16220664872992382,212.3095662114823,7,IN_DOMAIN,True,,,,,146.5,987.5,483.4,156.5,50.4,321.8306682572217,lateral_band,lower,336.8306682572217,0.195,0.07500000000000001,0.028596573370915562,0.06984071689188288,"{""candidate_id"": ""preferred_00"", ""direction_deg"": 321.8306682572217, ""pre_close_object_xy_shift_mm"": 0.0, ""close_object_xy_shift_mm"": 0.318, ""lift_horizontal_drift_mm"": 1.382, ""lift_height_mm"": 146.532, ""target_contact_geoms"": [""link7/geom:18"", ""link8/geom:20"", ""table/table_top""], ""bilateral_finger_contact"": true, ""failure_class"": ""NONE""}",0.0,[],"[{""state"": ""DETECT_SOURCE"", ""success"": true, ""message"": ""selected bottle_0 conf=0.64 base=[ 0.377 -0.161  0.17 ] (1624 ROI pts)"", ""reason"": ""OK"", ""duration_ms"": 483.4}, {""state"": ""PLAN_PICK"", ""success"": true, ""message"": ""selected preferred_00 direction=322deg margin=0.044rad"", ""reason"": ""OK"", ""duration_ms"": 347.7}, {""state"": ""EXECUTE_PICK"", ""success"": true, ""message"": ""validated motion plan executed"", ""reason"": ""OK"", ""duration_ms"": 156.5}, {""state"": ""VERIFY_GRASP"", ""success"": true, ""message"": ""object lifted 147 mm"", ""reason"": ""OK"", ""duration_ms"": 0.0}]"
x03-y01-r08,yolo,bottle,0.38,-0.16,0.38096966411355476,-0.1607832464242918,148.13957722922112,8,IN_DOMAIN,True,,,,,146.4,983.4,481.3,156.3,53.8,322.1348452099552,lateral_band,lower,337.1348452099552,0.195,0.07500000000000001,0.02848111474972565,0.06960413464076431,"{""candidate_id"": ""preferred_00"", ""direction_deg"": 322.1348452099552, ""pre_close_object_xy_shift_mm"": 0.0, ""close_object_xy_shift_mm"": 0.222, ""lift_horizontal_drift_mm"": 1.1, ""lift_height_mm"": 146.411, ""target_contact_geoms"": [""link7/geom:18"", ""link8/geom:20"", ""table/table_top""], ""bilateral_finger_contact"": true, ""failure_class"": ""NONE""}",0.0,[],"[{""state"": ""DETECT_SOURCE"", ""success"": true, ""message"": ""selected bottle_0 conf=0.60 base=[ 0.381 -0.161  0.174] (1696 ROI pts)"", ""reason"": ""OK"", ""duration_ms"": 481.3}, {""state"": ""PLAN_PICK"", ""success"": true, ""message"": ""selected preferred_00 direction=322deg margin=0.049rad"", ""reason"": ""OK"", ""duration_ms"": 345.7}, {""state"": ""EXECUTE_PICK"", ""success"": true, ""message"": ""validated motion plan executed"", ""reason"": ""OK"", ""duration_ms"": 156.3}, {""state"": ""VERIFY_GRASP"", ""success"": true, ""message"": ""object lifted 146 mm"", ""reason"": ""OK"", ""duration_ms"": 0.0}]"
x03-y01-r09,yolo,bottle,0.38,-0.16,0.3812845582625971,-0.16172801826439864,194.07642028426892,9,IN_DOMAIN,True,,,,,146.0,981.0,478.9,158.1,54.9,322.0533561410032,lateral_band,lower,337.0533561410032,0.195,0.07500000000000001,0.028593077379128265,0.06983374000758993,"{""candidate_id"": ""preferred_00"", ""direction_deg"": 322.0533561410032, ""pre_close_object_xy_shift_mm"": 0.0, ""close_object_xy_shift_mm"": 0.016, ""lift_horizontal_drift_mm"": 1.274, ""lift_height_mm"": 145.992, ""target_contact_geoms"": [""link7/geom:18"", ""link8/geom:20"", ""table/table_top""], ""bilateral_finger_contact"": true, ""failure_class"": ""NONE""}",0.0,[],"[{""state"": ""DETECT_SOURCE"", ""success"": true, ""message"": ""selected bottle_0 conf=0.65 base=[ 0.378 -0.16   0.175] (1595 ROI pts)"", ""reason"": ""OK"", ""duration_ms"": 478.9}, {""state"": ""PLAN_PICK"", ""success"": true, ""message"": ""selected preferred_00 direction=322deg margin=0.044rad"", ""reason"": ""OK"", ""duration_ms"": 344.0}, {""state"": ""EXECUTE_PICK"", ""success"": true, ""message"": ""validated motion plan executed"", ""reason"": ""OK"", ""duration_ms"": 158.1}, {""state"": ""VERIFY_GRASP"", ""success"": true, ""message"": ""object lifted 146 mm"", ""reason"": ""OK"", ""duration_ms"": 0.0}]"
x03-y01-r10,yolo,bottle,0.38,-0.16,0.38208655447105905,-0.15844474147231857,314.6459872030931,10,IN_DOMAIN,True,,,,,146.3,984.8,472.5,162.0,51.6,322.4617352041796,lateral_band,lower,337.4617352041796,0.195,0.07500000000000001,0.028369457536233485,0.06936062449853249,"{""candidate_id"": ""preferred_00"", ""direction_deg"": 322.4617352041796, ""pre_close_object_xy_shift_mm"": 0.0, ""close_object_xy_shift_mm"": 0.366, ""lift_horizontal_drift_mm"": 1.991, ""lift_height_mm"": 146.331, ""target_contact_geoms"": [""link7/geom:18"", ""link8/geom:20"", ""table/table_top""], ""bilateral_finger_contact"": true, ""failure_class"": ""NONE""}",0.0,[],"[{""state"": ""DETECT_SOURCE"", ""success"": true, ""message"": ""selected bottle_0 conf=0.87 base=[ 0.386 -0.16   0.171] (1802 ROI pts)"", ""reason"": ""OK"", ""duration_ms"": 472.5}, {""state"": ""PLAN_PICK"", ""success"": true, ""message"": ""selected preferred_00 direction=322deg margin=0.054rad"", ""reason"": ""OK"", ""duration_ms"": 350.4}, {""state"": ""EXECUTE_PICK"", ""success"": true, ""message"": ""validated motion plan executed"", ""reason"": ""OK"", ""duration_ms"": 162.0}, {""state"": ""VERIFY_GRASP"", ""success"": true, ""message"": ""object lifted 146 mm"", ""reason"": ""OK"", ""duration_ms"": 0.0}]"
x03-y02-r01,yolo,bottle,0.38,-0.115,0.3781222172221945,-0.1154569337497629,160.5647428542697,1,IN_DOMAIN,True,,,,,146.3,1095.2,597.2,154.3,54.4,328.1718076349724,lateral_band,lower,343.1718076349724,0.195,0.07500000000000001,0.029466358432226284,0.07135505848880912,"{""candidate_id"": ""preferred_00"", ""direction_deg"": 328.1718076349724, ""pre_close_object_xy_shift_mm"": 0.0, ""close_object_xy_shift_mm"": 0.174, ""lift_horizontal_drift_mm"": 0.868, ""lift_height_mm"": 146.251, ""target_contact_geoms"": [""link7/geom:18"", ""link8/geom:20"", ""table/table_top""], ""bilateral_finger_contact"": true, ""failure_class"": ""NONE""}",0.0,[],"[{""state"": ""DETECT_SOURCE"", ""success"": true, ""message"": ""selected bottle_0 conf=0.75 base=[ 0.375 -0.113  0.174] (1377 ROI pts)"", ""reason"": ""OK"", ""duration_ms"": 597.2}, {""state"": ""PLAN_PICK"", ""success"": true, ""message"": ""selected preferred_00 direction=328deg margin=0.022rad"", ""reason"": ""OK"", ""duration_ms"": 343.7}, {""state"": ""EXECUTE_PICK"", ""success"": true, ""message"": ""validated motion plan executed"", ""reason"": ""OK"", ""duration_ms"": 154.3}, {""state"": ""VERIFY_GRASP"", ""success"": true, ""message"": ""object lifted 146 mm"", ""reason"": ""OK"", ""duration_ms"": 0.0}]"
x03-y02-r02,yolo,bottle,0.38,-0.115,0.38062745737365344,-0.11395150446815354,306.10825343943503,2,IN_DOMAIN,True,,,,,146.2,1101.4,597.2,160.2,51.9,328.2576709529727,lateral_band,lower,343.2576709529727,0.195,0.07500000000000001,0.028899828363237463,0.07041188562378434,"{""candidate_id"": ""preferred_00"", ""direction_deg"": 328.2576709529727, ""pre_close_object_xy_shift_mm"": 0.0, ""close_object_xy_shift_mm"": 0.372, ""lift_horizontal_drift_mm"": 1.872, ""lift_height_mm"": 146.173, ""target_contact_geoms"": [""link7/geom:18"", ""link8/geom:20"", ""table/table_top""], ""bilateral_finger_contact"": true, ""failure_class"": ""NONE""}",0.0,[],"[{""state"": ""DETECT_SOURCE"", ""success"": true, ""message"": ""selected bottle_0 conf=0.92 base=[ 0.386 -0.116  0.172] (1716 ROI pts)"", ""reason"": ""OK"", ""duration_ms"": 597.2}, {""state"": ""PLAN_PICK"", ""success"": true, ""message"": ""selected preferred_00 direction=328deg margin=0.035rad"", ""reason"": ""OK"", ""duration_ms"": 344.0}, {""state"": ""EXECUTE_PICK"", ""success"": true, ""message"": ""validated motion plan executed"", ""reason"": ""OK"", ""duration_ms"": 160.2}, {""state"": ""VERIFY_GRASP"", ""success"": true, ""message"": ""object lifted 146 mm"", ""reason"": ""OK"", ""duration_ms"": 0.0}]"
x03-y02-r03,yolo,bottle,0.38,-0.115,0.37938545822426945,-0.11240278991406188,71.21078128216456,3,IN_DOMAIN,True,,,,,146.2,1114.7,597.1,173.7,50.5,328.4490106737002,lateral_band,lower,343.4490106737002,0.195,0.07500000000000001,0.029001748249726598,0.07059159928217554,"{""candidate_id"": ""preferred_00"", ""direction_deg"": 328.4490106737002, ""pre_close_object_xy_shift_mm"": 0.0, ""close_object_xy_shift_mm"": 0.374, ""lift_horizontal_drift_mm"": 2.013, ""lift_height_mm"": 146.159, ""target_contact_geoms"": [""link7/geom:18"", ""link8/geom:20"", ""table/table_top""], ""bilateral_finger_contact"": true, ""failure_class"": ""NONE""}",0.0,[],"[{""state"": ""DETECT_SOURCE"", ""success"": true, ""message"": ""selected bottle_0 conf=0.95 base=[ 0.384 -0.114  0.17 ] (1749 ROI pts)"", ""reason"": ""OK"", ""duration_ms"": 597.1}, {""state"": ""PLAN_PICK"", ""success"": true, ""message"": ""selected preferred_00 direction=328deg margin=0.032rad"", ""reason"": ""OK"", ""duration_ms"": 343.9}, {""state"": ""EXECUTE_PICK"", ""success"": true, ""message"": ""validated motion plan executed"", ""reason"": ""OK"", ""duration_ms"": 173.7}, {""state"": ""VERIFY_GRASP"", ""success"": true, ""message"": ""object lifted 146 mm"", ""reason"": ""OK"", ""duration_ms"": 0.0}]"
x03-y02-r04,yolo,bottle,0.38,-0.115,0.3792874913621278,-0.11385741771825349,57.61891929074278,4,IN_DOMAIN,True,,,,,146.3,1114.1,608.6,158.0,50.0,328.2665492625039,lateral_band,lower,343.2665492625039,0.195,0.07500000000000001,0.02906881927676618,0.07070714187456281,"{""candidate_id"": ""preferred_00"", ""direction_deg"": 328.2665492625039, ""pre_close_object_xy_shift_mm"": 0.0, ""close_object_xy_shift_mm"": 0.306, ""lift_horizontal_drift_mm"": 1.92, ""lift_height_mm"": 146.285, ""target_contact_geoms"": [""link7/geom:18"", ""link8/geom:20"", ""table/table_top""], ""bilateral_finger_contact"": true, ""failure_class"": ""NONE""}",0.0,[],"[{""state"": ""DETECT_SOURCE"", ""success"": true, ""message"": ""selected bottle_0 conf=0.87 base=[ 0.382 -0.115  0.17 ] (1728 ROI pts)"", ""reason"": ""OK"", ""duration_ms"": 608.6}, {""state"": ""PLAN_PICK"", ""success"": true, ""message"": ""selected preferred_00 direction=328deg margin=0.030rad"", ""reason"": ""OK"", ""duration_ms"": 347.4}, {""state"": ""EXECUTE_PICK"", ""success"": true, ""message"": ""validated motion plan executed"", ""reason"": ""OK"", ""duration_ms"": 158.0}, {""state"": ""VERIFY_GRASP"", ""success"": true, ""message"": ""object lifted 146 mm"", ""reason"": ""OK"", ""duration_ms"": 0.0}]"
x03-y02-r05,yolo,bottle,0.38,-0.115,0.3808555698540288,-0.11465778055714393,91.52632173623122,5,IN_DOMAIN,True,,,,,146.0,1099.2,588.0,160.1,50.1,328.218277405611,lateral_band,lower,343.218277405611,0.195,0.07500000000000001,0.028887110934597053,0.07038908551789379,"{""candidate_id"": ""preferred_00"", ""direction_deg"": 328.218277405611, ""pre_close_object_xy_shift_mm"": 0.0, ""close_object_xy_shift_mm"": 0.367, ""lift_horizontal_drift_mm"": 2.274, ""lift_height_mm"": 146.024, ""target_contact_geoms"": [""link7/geom:18"", ""link8/geom:20"", ""table/table_top""], ""bilateral_finger_contact"": true, ""failure_class"": ""NONE""}",0.0,[],"[{""state"": ""DETECT_SOURCE"", ""success"": true, ""message"": ""selected bottle_0 conf=0.93 base=[ 0.386 -0.116  0.17 ] (1802 ROI pts)"", ""reason"": ""OK"", ""duration_ms"": 588.0}, {""state"": ""PLAN_PICK"", ""success"": true, ""message"": ""selected preferred_00 direction=328deg margin=0.035rad"", ""reason"": ""OK"", ""duration_ms"": 351.1}, {""state"": ""EXECUTE_PICK"", ""success"": true, ""message"": ""validated motion plan executed"", ""reason"": ""OK"", ""duration_ms"": 160.1}, {""state"": ""VERIFY_GRASP"", ""success"": true, ""message"": ""object lifted 146 mm"", ""reason"": ""OK"", ""duration_ms"": 0.0}]"
x03-y02-r06,yolo,bottle,0.38,-0.115,0.38103181627497773,-0.11668378829726149,227.50844732319337,6,IN_DOMAIN,True,,,,,146.5,1103.8,604.9,158.1,50.7,327.9106054927822,lateral_band,lower,342.9106054927822,0.195,0.07500000000000001,0.029002834205160657,0.07059348659858954,"{""candidate_id"": ""preferred_00"", ""direction_deg"": 327.9106054927822, ""pre_close_object_xy_shift_mm"": 0.0, ""close_object_xy_shift_mm"": 0.181, ""lift_horizontal_drift_mm"": 0.923, ""lift_height_mm"": 146.491, ""target_contact_geoms"": [""link7/geom:18"", ""link8/geom:20"", ""table/table_top""], ""bilateral_finger_contact"": true, ""failure_class"": ""NONE""}",0.0,[],"[{""state"": ""DETECT_SOURCE"", ""success"": true, ""message"": ""selected bottle_0 conf=0.79 base=[ 0.383 -0.118  0.171] (1620 ROI pts)"", ""reason"": ""OK"", ""duration_ms"": 604.9}, {""state"": ""PLAN_PICK"", ""success"": true, ""message"": ""selected preferred_00 direction=328deg margin=0.032rad"", ""reason"": ""OK"", ""duration_ms"": 340.8}, {""state"": ""EXECUTE_PICK"", ""success"": true, ""message"": ""validated motion plan executed"", ""reason"": ""OK"", ""duration_ms"": 158.1}, {""state"": ""VERIFY_GRASP"", ""success"": true, ""message"": ""object lifted 146 mm"", ""reason"": ""OK"", ""duration_ms"": 0.0}]"
x03-y02-r07,yolo,bottle,0.38,-0.115,0.3772987909315162,-0.11747489468772726,277.4333059653885,7,IN_DOMAIN,True,,,,,146.2,1121.1,604.9,161.0,52.0,327.60469336580513,lateral_band,lower,342.60469336580513,0.195,0.07500000000000001,0.028961342467399752,0.07052097400921678,"{""candidate_id"": ""preferred_00"", ""direction_deg"": 327.60469336580513, ""pre_close_object_xy_shift_mm"": 0.0, ""close_object_xy_shift_mm"": 0.379, ""lift_horizontal_drift_mm"": 1.918, ""lift_height_mm"": 146.212, ""target_contact_geoms"": [""link7/geom:18"", ""link8/geom:20"", ""table/table_top""], ""bilateral_finger_contact"": true, ""failure_class"": ""NONE""}",0.0,[],"[{""state"": ""DETECT_SOURCE"", ""success"": true, ""message"": ""selected bottle_0 conf=0.93 base=[ 0.383 -0.12   0.172] (1820 ROI pts)"", ""reason"": ""OK"", ""duration_ms"": 604.9}, {""state"": ""PLAN_PICK"", ""success"": true, ""message"": ""selected preferred_00 direction=328deg margin=0.033rad"", ""reason"": ""OK"", ""duration_ms"": 355.2}, {""state"": ""EXECUTE_PICK"", ""success"": true, ""message"": ""validated motion plan executed"", ""reason"": ""OK"", ""duration_ms"": 161.0}, {""state"": ""VERIFY_GRASP"", ""success"": true, ""message"": ""object lifted 146 mm"", ""reason"": ""OK"", ""duration_ms"": 0.0}]"
x03-y02-r08,yolo,bottle,0.38,-0.115,0.37796975265931093,-0.11269488166847845,292.0602404270903,8,IN_DOMAIN,True,,,,,146.1,1124.5,595.7,159.0,51.5,328.2846653281589,lateral_band,lower,343.2846653281589,0.195,0.07500000000000001,0.02900368457142434,0.0705949640874076,"{""candidate_id"": ""preferred_00"", ""direction_deg"": 328.2846653281589, ""pre_close_object_xy_shift_mm"": 0.0, ""close_object_xy_shift_mm"": 0.357, ""lift_horizontal_drift_mm"": 2.117, ""lift_height_mm"": 146.075, ""target_contact_geoms"": [""link7/geom:18"", ""link8/geom:20"", ""table/table_top""], ""bilateral_finger_contact"": true, ""failure_class"": ""NONE""}",0.0,[],"[{""state"": ""DETECT_SOURCE"", ""success"": true, ""message"": ""selected bottle_0 conf=0.93 base=[ 0.383 -0.115  0.171] (1768 ROI pts)"", ""reason"": ""OK"", ""duration_ms"": 595.7}, {""state"": ""PLAN_PICK"", ""success"": true, ""message"": ""selected preferred_00 direction=328deg margin=0.032rad"", ""reason"": ""OK"", ""duration_ms"": 369.8}, {""state"": ""EXECUTE_PICK"", ""success"": true, ""message"": ""validated motion plan executed"", ""reason"": ""OK"", ""duration_ms"": 159.0}, {""state"": ""VERIFY_GRASP"", ""success"": true, ""message"": ""object lifted 146 mm"", ""reason"": ""OK"", ""duration_ms"": 0.0}]"
x03-y02-r09,yolo,bottle,0.38,-0.115,0.3772341402737105,-0.11691908756583949,135.32001867958965,9,IN_DOMAIN,True,,,,,146.3,1087.9,572.9,163.0,51.7,327.7462345637258,lateral_band,lower,342.7462345637258,0.195,0.07500000000000001,0.029110168673685544,0.07077737673945829,"{""candidate_id"": ""preferred_00"", ""direction_deg"": 327.7462345637258, ""pre_close_object_xy_shift_mm"": 0.0, ""close_object_xy_shift_mm"": 0.299, ""lift_horizontal_drift_mm"": 1.912, ""lift_height_mm"": 146.283, ""target_contact_geoms"": [""link7/geom:18"", ""link8/geom:20"", ""table/table_top""], ""bilateral_finger_contact"": true, ""failure_class"": ""NONE""}",0.0,[],"[{""state"": ""DETECT_SOURCE"", ""success"": true, ""message"": ""selected bottle_0 conf=0.91 base=[ 0.38  -0.118  0.172] (1696 ROI pts)"", ""reason"": ""OK"", ""duration_ms"": 572.9}, {""state"": ""PLAN_PICK"", ""success"": true, ""message"": ""selected preferred_00 direction=328deg margin=0.029rad"", ""reason"": ""OK"", ""duration_ms"": 352.0}, {""state"": ""EXECUTE_PICK"", ""success"": true, ""message"": ""validated motion plan executed"", ""reason"": ""OK"", ""duration_ms"": 163.0}, {""state"": ""VERIFY_GRASP"", ""success"": true, ""message"": ""object lifted 146 mm"", ""reason"": ""OK"", ""duration_ms"": 0.0}]"
x03-y02-r10,yolo,bottle,0.38,-0.115,0.3813846988724129,-0.11212012499073687,323.72341968435927,10,IN_DOMAIN,True,,,,,146.2,1095.9,587.1,159.1,53.3,328.57404963688555,lateral_band,lower,343.57404963688555,0.195,0.07500000000000001,0.029009868229051237,0.07060569777470885,"{""candidate_id"": ""preferred_00"", ""direction_deg"": 328.57404963688555, ""pre_close_object_xy_shift_mm"": 0.0, ""close_object_xy_shift_mm"": 0.262, ""lift_horizontal_drift_mm"": 1.836, ""lift_height_mm"": 146.172, ""target_contact_geoms"": [""link7/geom:18"", ""link8/geom:20"", ""table/table_top""], ""bilateral_finger_contact"": true, ""failure_class"": ""NONE""}",0.0,[],"[{""state"": ""DETECT_SOURCE"", ""success"": true, ""message"": ""selected bottle_0 conf=0.93 base=[ 0.384 -0.113  0.173] (1612 ROI pts)"", ""reason"": ""OK"", ""duration_ms"": 587.1}, {""state"": ""PLAN_PICK"", ""success"": true, ""message"": ""selected preferred_00 direction=329deg margin=0.032rad"", ""reason"": ""OK"", ""duration_ms"": 349.6}, {""state"": ""EXECUTE_PICK"", ""success"": true, ""message"": ""validated motion plan executed"", ""reason"": ""OK"", ""duration_ms"": 159.1}, {""state"": ""VERIFY_GRASP"", ""success"": true, ""message"": ""object lifted 146 mm"", ""reason"": ""OK"", ""duration_ms"": 0.0}]"
x03-y03-r01,yolo,bottle,0.38,-0.07,0.3829698692086826,-0.06720035413625745,200.8345622460147,1,IN_DOMAIN,True,,,,,145.5,965.7,460.0,153.0,59.9,0.0,lateral_band,upper,0.0,0.195,0.07500000000000001,0.023186759984880796,0.06365767376912533,"{""candidate_id"": ""preferred_00"", ""direction_deg"": 0.0, ""pre_close_object_xy_shift_mm"": 0.0, ""close_object_xy_shift_mm"": 0.354, ""lift_horizontal_drift_mm"": 1.083, ""lift_height_mm"": 145.548, ""target_contact_geoms"": [""link7/geom:18"", ""link8/geom:20"", ""table/table_top""], ""bilateral_finger_contact"": true, ""failure_class"": ""NONE""}",0.0,[],"[{""state"": ""DETECT_SOURCE"", ""success"": true, ""message"": ""selected bottle_0 conf=0.11 base=[ 0.376 -0.066  0.179] (1166 ROI pts)"", ""reason"": ""OK"", ""duration_ms"": 460.0}, {""state"": ""PLAN_PICK"", ""success"": true, ""message"": ""selected preferred_00 direction=0deg margin=0.066rad"", ""reason"": ""OK"", ""duration_ms"": 352.7}, {""state"": ""EXECUTE_PICK"", ""success"": true, ""message"": ""validated motion plan executed"", ""reason"": ""OK"", ""duration_ms"": 153.0}, {""state"": ""VERIFY_GRASP"", ""success"": true, ""message"": ""object lifted 146 mm"", ""reason"": ""OK"", ""duration_ms"": 0.0}]"
x03-y03-r02,yolo,bottle,0.38,-0.07,0.377510980084068,-0.06991438292379618,45.90774913811597,2,IN_DOMAIN,True,,,,,146.1,1121.1,606.1,154.6,54.2,0.0,lateral_band,upper,0.0,0.195,0.07500000000000001,0.02415181285550531,0.06513087587673673,"{""candidate_id"": ""preferred_00"", ""direction_deg"": 0.0, ""pre_close_object_xy_shift_mm"": 0.0, ""close_object_xy_shift_mm"": 0.208, ""lift_horizontal_drift_mm"": 0.982, ""lift_height_mm"": 146.093, ""target_contact_geoms"": [""link7/geom:18"", ""link8/geom:20"", ""table/table_top""], ""bilateral_finger_contact"": true, ""failure_class"": ""NONE""}",0.0,[],"[{""state"": ""DETECT_SOURCE"", ""success"": true, ""message"": ""selected bottle_0 conf=0.86 base=[ 0.375 -0.07   0.174] (1325 ROI pts)"", ""reason"": ""OK"", ""duration_ms"": 606.1}, {""state"": ""PLAN_PICK"", ""success"": true, ""message"": ""selected preferred_00 direction=0deg margin=0.060rad"", ""reason"": ""OK"", ""duration_ms"": 360.4}, {""state"": ""EXECUTE_PICK"", ""success"": true, ""message"": ""validated motion plan executed"", ""reason"": ""OK"", ""duration_ms"": 154.6}, {""state"": ""VERIFY_GRASP"", ""success"": true, ""message"": ""object lifted 146 mm"", ""reason"": ""OK"", ""duration_ms"": 0.0}]"
x03-y03-r03,yolo,bottle,0.38,-0.07,0.37892722712414567,-0.07062727402507821,8.164545005003374,3,IN_DOMAIN,True,,,,,145.3,984.5,471.0,156.0,61.5,0.0,lateral_band,upper,0.0,0.195,0.07500000000000001,0.02426332638806178,0.06539298527941101,"{""candidate_id"": ""preferred_00"", ""direction_deg"": 0.0, ""pre_close_object_xy_shift_mm"": 0.0, ""close_object_xy_shift_mm"": 0.418, ""lift_horizontal_drift_mm"": 2.085, ""lift_height_mm"": 145.265, ""target_contact_geoms"": [""link7/geom:18"", ""link8/geom:20"", ""table/table_top""], ""bilateral_finger_contact"": true, ""failure_class"": ""NONE""}",0.0,[],"[{""state"": ""DETECT_SOURCE"", ""success"": true, ""message"": ""selected bottle_0 conf=0.23 base=[ 0.372 -0.068  0.181] (1219 ROI pts)"", ""reason"": ""OK"", ""duration_ms"": 471.0}, {""state"": ""PLAN_PICK"", ""success"": true, ""message"": ""selected preferred_00 direction=0deg margin=0.059rad"", ""reason"": ""OK"", ""duration_ms"": 357.5}, {""state"": ""EXECUTE_PICK"", ""success"": true, ""message"": ""validated motion plan executed"", ""reason"": ""OK"", ""duration_ms"": 156.0}, {""state"": ""VERIFY_GRASP"", ""success"": true, ""message"": ""object lifted 145 mm"", ""reason"": ""OK"", ""duration_ms"": 0.0}]"
x03-y03-r04,yolo,bottle,0.38,-0.07,0.37747598346781686,-0.07030788204054796,62.134890176831824,4,IN_DOMAIN,True,,,,,145.9,1197.8,612.2,170.8,51.8,0.0,lateral_band,upper,0.0,0.195,0.07500000000000001,0.024018172346157284,0.06483843586343946,"{""candidate_id"": ""preferred_00"", ""direction_deg"": 0.0, ""pre_close_object_xy_shift_mm"": 0.0, ""close_object_xy_shift_mm"": 0.05, ""lift_horizontal_drift_mm"": 0.918, ""lift_height_mm"": 145.858, ""target_contact_geoms"": [""link7/geom:18"", ""link8/geom:20"", ""table/table_top""], ""bilateral_finger_contact"": true, ""failure_class"": ""NONE""}",0.0,[],"[{""state"": ""DETECT_SOURCE"", ""success"": true, ""message"": ""selected bottle_0 conf=0.92 base=[ 0.379 -0.071  0.172] (1484 ROI pts)"", ""reason"": ""OK"", ""duration_ms"": 612.2}, {""state"": ""PLAN_PICK"", ""success"": true, ""message"": ""selected preferred_00 direction=0deg margin=0.062rad"", ""reason"": ""OK"", ""duration_ms"": 414.8}, {""state"": ""EXECUTE_PICK"", ""success"": true, ""message"": ""validated motion plan executed"", ""reason"": ""OK"", ""duration_ms"": 170.8}, {""state"": ""VERIFY_GRASP"", ""success"": true, ""message"": ""object lifted 146 mm"", ""reason"": ""OK"", ""duration_ms"": 0.0}]"
x03-y03-r05,yolo,bottle,0.38,-0.07,0.37920751789870133,-0.0713503777460207,311.3862761931793,5,IN_DOMAIN,True,,,,,145.9,1148.3,584.5,157.5,53.1,0.0,lateral_band,upper,0.0,0.195,0.07500000000000001,0.023946687042495553,0.06458413651444489,"{""candidate_id"": ""preferred_00"", ""direction_deg"": 0.0, ""pre_close_object_xy_shift_mm"": 0.0, ""close_object_xy_shift_mm"": 0.111, ""lift_horizontal_drift_mm"": 1.435, ""lift_height_mm"": 145.893, ""target_contact_geoms"": [""link7/geom:18"", ""link8/geom:20"", ""table/table_top""], ""bilateral_finger_contact"": true, ""failure_class"": ""NONE""}",0.0,[],"[{""state"": ""DETECT_SOURCE"", ""success"": true, ""message"": ""selected bottle_0 conf=0.91 base=[ 0.383 -0.072  0.173] (1530 ROI pts)"", ""reason"": ""OK"", ""duration_ms"": 584.5}, {""state"": ""PLAN_PICK"", ""success"": true, ""message"": ""selected preferred_00 direction=0deg margin=0.065rad"", ""reason"": ""OK"", ""duration_ms"": 406.2}, {""state"": ""EXECUTE_PICK"", ""success"": true, ""message"": ""validated motion plan executed"", ""reason"": ""OK"", ""duration_ms"": 157.5}, {""state"": ""VERIFY_GRASP"", ""success"": true, ""message"": ""object lifted 146 mm"", ""reason"": ""OK"", ""duration_ms"": 0.0}]"
x03-y03-r06,yolo,bottle,0.38,-0.07,0.377687191509586,-0.06971738574835297,52.95200878695286,6,IN_DOMAIN,True,,,,,146.1,1146.0,575.5,156.3,52.5,0.0,lateral_band,upper,0.0,0.195,0.07500000000000001,0.023978395577175782,0.06482661953215622,"{""candidate_id"": ""preferred_00"", ""direction_deg"": 0.0, ""pre_close_object_xy_shift_mm"": 0.0, ""close_object_xy_shift_mm"": 0.135, ""lift_horizontal_drift_mm"": 1.254, ""lift_height_mm"": 146.12, ""target_contact_geoms"": [""link7/geom:18"", ""link8/geom:20"", ""table/table_top""], ""bilateral_finger_contact"": true, ""failure_class"": ""NONE""}",0.0,[],"[{""state"": ""DETECT_SOURCE"", ""success"": true, ""message"": ""selected bottle_0 conf=0.88 base=[ 0.377 -0.07   0.172] (1378 ROI pts)"", ""reason"": ""OK"", ""duration_ms"": 575.5}, {""state"": ""PLAN_PICK"", ""success"": true, ""message"": ""selected preferred_00 direction=0deg margin=0.062rad"", ""reason"": ""OK"", ""duration_ms"": 414.1}, {""state"": ""EXECUTE_PICK"", ""success"": true, ""message"": ""validated motion plan executed"", ""reason"": ""OK"", ""duration_ms"": 156.3}, {""state"": ""VERIFY_GRASP"", ""success"": true, ""message"": ""object lifted 146 mm"", ""reason"": ""OK"", ""duration_ms"": 0.0}]"
x03-y03-r07,yolo,bottle,0.38,-0.07,0.37837503574949133,-0.06736234158527118,128.21662825179658,7,IN_DOMAIN,True,,,,,146.0,1154.4,575.2,158.2,53.0,0.0,lateral_band,upper,0.0,0.195,0.07500000000000001,0.023113180627740364,0.06336879709445925,"{""candidate_id"": ""preferred_00"", ""direction_deg"": 0.0, ""pre_close_object_xy_shift_mm"": 0.0, ""close_object_xy_shift_mm"": 0.096, ""lift_horizontal_drift_mm"": 1.243, ""lift_height_mm"": 146.049, ""target_contact_geoms"": [""link7/geom:18"", ""link8/geom:20"", ""table/table_top""], ""bilateral_finger_contact"": true, ""failure_class"": ""NONE""}",0.0,[],"[{""state"": ""DETECT_SOURCE"", ""success"": true, ""message"": ""selected bottle_0 conf=0.92 base=[ 0.381 -0.068  0.173] (1530 ROI pts)"", ""reason"": ""OK"", ""duration_ms"": 575.2}, {""state"": ""PLAN_PICK"", ""success"": true, ""message"": ""selected preferred_00 direction=0deg margin=0.068rad"", ""reason"": ""OK"", ""duration_ms"": 421.0}, {""state"": ""EXECUTE_PICK"", ""success"": true, ""message"": ""validated motion plan executed"", ""reason"": ""OK"", ""duration_ms"": 158.2}, {""state"": ""VERIFY_GRASP"", ""success"": true, ""message"": ""object lifted 146 mm"", ""reason"": ""OK"", ""duration_ms"": 0.0}]"
x03-y03-r08,yolo,bottle,0.38,-0.07,0.37850806387925695,-0.07120876293197317,191.10667335343294,8,IN_DOMAIN,True,,,,,145.3,970.0,462.3,150.9,60.3,0.0,lateral_band,upper,0.0,0.195,0.07500000000000001,0.02468003055976237,0.0660177405166649,"{""candidate_id"": ""preferred_00"", ""direction_deg"": 0.0, ""pre_close_object_xy_shift_mm"": 0.0, ""close_object_xy_shift_mm"": 0.391, ""lift_horizontal_drift_mm"": 1.867, ""lift_height_mm"": 145.318, ""target_contact_geoms"": [""link7/geom:18"", ""link8/geom:20"", ""table/table_top""], ""bilateral_finger_contact"": true, ""failure_class"": ""NONE""}",0.0,[],"[{""state"": ""DETECT_SOURCE"", ""success"": true, ""message"": ""selected bottle_0 conf=0.08 base=[ 0.371 -0.07   0.18 ] (1242 ROI pts)"", ""reason"": ""OK"", ""duration_ms"": 462.3}, {""state"": ""PLAN_PICK"", ""success"": true, ""message"": ""selected preferred_00 direction=0deg margin=0.056rad"", ""reason"": ""OK"", ""duration_ms"": 356.7}, {""state"": ""EXECUTE_PICK"", ""success"": true, ""message"": ""validated motion plan executed"", ""reason"": ""OK"", ""duration_ms"": 150.9}, {""state"": ""VERIFY_GRASP"", ""success"": true, ""message"": ""object lifted 145 mm"", ""reason"": ""OK"", ""duration_ms"": 0.0}]"
x03-y03-r09,yolo,bottle,0.38,-0.07,0.38090963065432876,-0.07273438686500933,88.27518517273208,9,IN_DOMAIN,True,,,,,145.8,1142.7,577.7,155.5,50.4,0.0,lateral_band,upper,0.0,0.195,0.07500000000000001,0.024104396719792476,0.06476561513910553,"{""candidate_id"": ""preferred_00"", ""direction_deg"": 0.0, ""pre_close_object_xy_shift_mm"": 0.0, ""close_object_xy_shift_mm"": 0.085, ""lift_horizontal_drift_mm"": 2.382, ""lift_height_mm"": 145.764, ""target_contact_geoms"": [""link7/geom:18"", ""link8/geom:20"", ""table/table_top""], ""bilateral_finger_contact"": true, ""failure_class"": ""NONE""}",0.0,[],"[{""state"": ""DETECT_SOURCE"", ""success"": true, ""message"": ""selected bottle_0 conf=0.92 base=[ 0.384 -0.074  0.17 ] (1612 ROI pts)"", ""reason"": ""OK"", ""duration_ms"": 577.7}, {""state"": ""PLAN_PICK"", ""success"": true, ""message"": ""selected preferred_00 direction=0deg margin=0.065rad"", ""reason"": ""OK"", ""duration_ms"": 409.5}, {""state"": ""EXECUTE_PICK"", ""success"": true, ""message"": ""validated motion plan executed"", ""reason"": ""OK"", ""duration_ms"": 155.5}, {""state"": ""VERIFY_GRASP"", ""success"": true, ""message"": ""object lifted 146 mm"", ""reason"": ""OK"", ""duration_ms"": 0.0}]"
x03-y03-r10,yolo,bottle,0.38,-0.07,0.3803164322603108,-0.06748453259058407,243.21403151807576,10,IN_DOMAIN,True,,,,,145.6,1140.1,570.5,157.9,51.5,0.0,lateral_band,upper,0.0,0.195,0.07500000000000001,0.022980516053946663,0.06313523833156891,"{""candidate_id"": ""preferred_00"", ""direction_deg"": 0.0, ""pre_close_object_xy_shift_mm"": 0.0, ""close_object_xy_shift_mm"": 0.02, ""lift_horizontal_drift_mm"": 1.065, ""lift_height_mm"": 145.645, ""target_contact_geoms"": [""link7/geom:18"", ""link8/geom:20"", ""table/table_top""], ""bilateral_finger_contact"": true, ""failure_class"": ""NONE""}",0.0,[],"[{""state"": ""DETECT_SOURCE"", ""success"": true, ""message"": ""selected bottle_0 conf=0.92 base=[ 0.382 -0.068  0.171] (1537 ROI pts)"", ""reason"": ""OK"", ""duration_ms"": 570.5}, {""state"": ""PLAN_PICK"", ""success"": true, ""message"": ""selected preferred_00 direction=0deg margin=0.069rad"", ""reason"": ""OK"", ""duration_ms"": 411.7}, {""state"": ""EXECUTE_PICK"", ""success"": true, ""message"": ""validated motion plan executed"", ""reason"": ""OK"", ""duration_ms"": 157.9}, {""state"": ""VERIFY_GRASP"", ""success"": true, ""message"": ""object lifted 146 mm"", ""reason"": ""OK"", ""duration_ms"": 0.0}]"
x03-y04-r01,yolo,bottle,0.38,-0.025,0.3798712112060086,-0.02764357613094678,25.995173494473303,1,IN_DOMAIN,True,,,,,145.3,970.4,467.2,148.5,60.9,0.0,lateral_band,upper,0.0,0.195,0.07500000000000001,0.011303851730699779,0.03686982056418545,"{""candidate_id"": ""preferred_00"", ""direction_deg"": 0.0, ""pre_close_object_xy_shift_mm"": 0.0, ""close_object_xy_shift_mm"": 0.384, ""lift_horizontal_drift_mm"": 3.637, ""lift_height_mm"": 145.344, ""target_contact_geoms"": [""link7/geom:18"", ""link8/geom:20"", ""table/table_top""], ""bilateral_finger_contact"": true, ""failure_class"": ""NONE""}",0.0,[],"[{""state"": ""DETECT_SOURCE"", ""success"": true, ""message"": ""selected bottle_0 conf=0.08 base=[ 0.371 -0.026  0.18 ] (1040 ROI pts)"", ""reason"": ""OK"", ""duration_ms"": 467.2}, {""state"": ""PLAN_PICK"", ""success"": true, ""message"": ""selected preferred_00 direction=0deg margin=0.114rad"", ""reason"": ""OK"", ""duration_ms"": 354.7}, {""state"": ""EXECUTE_PICK"", ""success"": true, ""message"": ""validated motion plan executed"", ""reason"": ""OK"", ""duration_ms"": 148.5}, {""state"": ""VERIFY_GRASP"", ""success"": true, ""message"": ""object lifted 145 mm"", ""reason"": ""OK"", ""duration_ms"": 0.0}]"
x03-y04-r02,yolo,bottle,0.38,-0.025,0.3829612265985118,-0.024751752868522187,238.96073172517924,2,IN_DOMAIN,True,,,,,146.2,1158.8,576.0,155.5,53.1,0.0,lateral_band,upper,0.0,0.195,0.07500000000000001,0.010099107009258005,0.032903413308781854,"{""candidate_id"": ""preferred_00"", ""direction_deg"": 0.0, ""pre_close_object_xy_shift_mm"": 0.0, ""close_object_xy_shift_mm"": 0.091, ""lift_horizontal_drift_mm"": 1.75, ""lift_height_mm"": 146.194, ""target_contact_geoms"": [""link7/geom:18"", ""link8/geom:20"", ""table/table_top""], ""bilateral_finger_contact"": true, ""failure_class"": ""NONE""}",0.0,[],"[{""state"": ""DETECT_SOURCE"", ""success"": true, ""message"": ""selected bottle_0 conf=0.73 base=[ 0.382 -0.025  0.173] (1248 ROI pts)"", ""reason"": ""OK"", ""duration_ms"": 576.0}, {""state"": ""PLAN_PICK"", ""success"": true, ""message"": ""selected preferred_00 direction=0deg margin=0.115rad"", ""reason"": ""OK"", ""duration_ms"": 427.4}, {""state"": ""EXECUTE_PICK"", ""success"": true, ""message"": ""validated motion plan executed"", ""reason"": ""OK"", ""duration_ms"": 155.5}, {""state"": ""VERIFY_GRASP"", ""success"": true, ""message"": ""object lifted 146 mm"", ""reason"": ""OK"", ""duration_ms"": 0.0}]"
x03-y04-r03,yolo,bottle,0.38,-0.025,0.37934785516879194,-0.022304121699106658,300.4958748897715,3,IN_DOMAIN,True,,,,,146.0,1219.4,571.8,159.9,52.9,0.0,lateral_band,upper,0.0,0.195,0.07500000000000001,0.009270736546808468,0.03016753739408319,"{""candidate_id"": ""preferred_00"", ""direction_deg"": 0.0, ""pre_close_object_xy_shift_mm"": 0.0, ""close_object_xy_shift_mm"": 0.033, ""lift_horizontal_drift_mm"": 1.979, ""lift_height_mm"": 145.955, ""target_contact_geoms"": [""link7/geom:18"", ""link8/geom:20"", ""table/table_top""], ""bilateral_finger_contact"": true, ""failure_class"": ""NONE""}",0.0,[],"[{""state"": ""DETECT_SOURCE"", ""success"": true, ""message"": ""selected bottle_0 conf=0.85 base=[ 0.382 -0.023  0.173] (1350 ROI pts)"", ""reason"": ""OK"", ""duration_ms"": 571.8}, {""state"": ""PLAN_PICK"", ""success"": true, ""message"": ""selected preferred_00 direction=0deg margin=0.117rad"", ""reason"": ""OK"", ""duration_ms"": 487.7}, {""state"": ""EXECUTE_PICK"", ""success"": true, ""message"": ""validated motion plan executed"", ""reason"": ""OK"", ""duration_ms"": 159.9}, {""state"": ""VERIFY_GRASP"", ""success"": true, ""message"": ""object lifted 146 mm"", ""reason"": ""OK"", ""duration_ms"": 0.0}]"
x03-y04-r04,yolo,bottle,0.38,-0.025,0.3805789870571663,-0.023145376799523727,203.5047698377696,4,IN_DOMAIN,True,,,,,145.8,930.3,464.6,153.6,57.4,0.0,lateral_band,upper,0.0,0.195,0.07500000000000001,0.009931444818481086,0.03253773556811021,"{""candidate_id"": ""preferred_00"", ""direction_deg"": 0.0, ""pre_close_object_xy_shift_mm"": 0.0, ""close_object_xy_shift_mm"": 0.239, ""lift_horizontal_drift_mm"": 1.821, ""lift_height_mm"": 145.814, ""target_contact_geoms"": [""link7/geom:18"", ""link8/geom:20"", ""table/table_top""], ""bilateral_finger_contact"": true, ""failure_class"": ""NONE""}",0.0,[],"[{""state"": ""DETECT_SOURCE"", ""success"": true, ""message"": ""selected bottle_0 conf=0.09 base=[ 0.372 -0.023  0.177] (1000 ROI pts)"", ""reason"": ""OK"", ""duration_ms"": 464.6}, {""state"": ""PLAN_PICK"", ""success"": true, ""message"": ""selected preferred_00 direction=0deg margin=0.117rad"", ""reason"": ""OK"", ""duration_ms"": 312.1}, {""state"": ""EXECUTE_PICK"", ""success"": true, ""message"": ""validated motion plan executed"", ""reason"": ""OK"", ""duration_ms"": 153.6}, {""state"": ""VERIFY_GRASP"", ""success"": true, ""message"": ""object lifted 146 mm"", ""reason"": ""OK"", ""duration_ms"": 0.0}]"
x03-y04-r05,yolo,bottle,0.38,-0.025,0.377462247473166,-0.026184798491814557,27.783194442891386,5,IN_DOMAIN,True,,,,,145.5,941.6,476.7,155.2,61.0,0.0,lateral_band,upper,0.0,0.195,0.07500000000000001,0.010997046341292378,0.03595300870414448,"{""candidate_id"": ""preferred_00"", ""direction_deg"": 0.0, ""pre_close_object_xy_shift_mm"": 0.0, ""close_object_xy_shift_mm"": 0.358, ""lift_horizontal_drift_mm"": 1.538, ""lift_height_mm"": 145.529, ""target_contact_geoms"": [""link7/geom:18"", ""link8/geom:20"", ""table/table_top""], ""bilateral_finger_contact"": true, ""failure_class"": ""NONE""}",0.0,[],"[{""state"": ""DETECT_SOURCE"", ""success"": true, ""message"": ""selected bottle_0 conf=0.09 base=[ 0.369 -0.025  0.18 ] (1060 ROI pts)"", ""reason"": ""OK"", ""duration_ms"": 476.7}, {""state"": ""PLAN_PICK"", ""success"": true, ""message"": ""selected preferred_00 direction=0deg margin=0.115rad"", ""reason"": ""OK"", ""duration_ms"": 309.7}, {""state"": ""EXECUTE_PICK"", ""success"": true, ""message"": ""validated motion plan executed"", ""reason"": ""OK"", ""duration_ms"": 155.2}, {""state"": ""VERIFY_GRASP"", ""success"": true, ""message"": ""object lifted 146 mm"", ""reason"": ""OK"", ""duration_ms"": 0.0}]"
x03-y04-r06,yolo,bottle,0.38,-0.025,0.3827149686468228,-0.027162504331159684,19.510330405402513,6,IN_DOMAIN,True,,,,,145.4,986.9,477.9,153.8,61.4,0.0,lateral_band,upper,0.0,0.195,0.07500000000000001,0.010849222760170727,0.03543028594768926,"{""candidate_id"": ""preferred_00"", ""direction_deg"": 0.0, ""pre_close_object_xy_shift_mm"": 0.0, ""close_object_xy_shift_mm"": 0.383, ""lift_horizontal_drift_mm"": 1.527, ""lift_height_mm"": 145.39, ""target_contact_geoms"": [""link7/geom:18"", ""link8/geom:20"", ""table/table_top""], ""bilateral_finger_contact"": true, ""failure_class"": ""NONE""}",0.0,[],"[{""state"": ""DETECT_SOURCE"", ""success"": true, ""message"": ""selected bottle_0 conf=0.12 base=[ 0.374 -0.026  0.181] (1040 ROI pts)"", ""reason"": ""OK"", ""duration_ms"": 477.9}, {""state"": ""PLAN_PICK"", ""success"": true, ""message"": ""selected preferred_00 direction=0deg margin=0.114rad"", ""reason"": ""OK"", ""duration_ms"": 355.2}, {""state"": ""EXECUTE_PICK"", ""success"": true, ""message"": ""validated motion plan executed"", ""reason"": ""OK"", ""duration_ms"": 153.8}, {""state"": ""VERIFY_GRASP"", ""success"": true, ""message"": ""object lifted 145 mm"", ""reason"": ""OK"", ""duration_ms"": 0.0}]"
x03-y04-r07,yolo,bottle,0.38,-0.025,0.38087033310193064,-0.02671904330227535,193.17997227018142,7,IN_DOMAIN,False,DETECT_SOURCE,STATE_FAILED,DETECT_SOURCE,STATE_FAILED,,359.6,359.6,0,,,,,,,,,,null,0.0,[],"[{""state"": ""DETECT_SOURCE"", ""success"": false, ""message"": ""no 'bottle' detected (saw 0 objects)"", ""reason"": ""STATE_FAILED"", ""duration_ms"": 359.6}]"
x03-y04-r08,yolo,bottle,0.38,-0.025,0.37813665297853677,-0.02253054093007536,286.6897622175386,8,IN_DOMAIN,True,,,,,145.9,1203.1,584.3,155.5,52.5,0.0,lateral_band,upper,0.0,0.195,0.07500000000000001,0.009490339110646418,0.03092603673716654,"{""candidate_id"": ""preferred_00"", ""direction_deg"": 0.0, ""pre_close_object_xy_shift_mm"": 0.0, ""close_object_xy_shift_mm"": 0.016, ""lift_horizontal_drift_mm"": 2.732, ""lift_height_mm"": 145.872, ""target_contact_geoms"": [""link7/geom:18"", ""link8/geom:20"", ""table/table_top""], ""bilateral_finger_contact"": true, ""failure_class"": ""NONE""}",0.0,[],"[{""state"": ""DETECT_SOURCE"", ""success"": true, ""message"": ""selected bottle_0 conf=0.89 base=[ 0.381 -0.023  0.172] (1400 ROI pts)"", ""reason"": ""OK"", ""duration_ms"": 584.3}, {""state"": ""PLAN_PICK"", ""success"": true, ""message"": ""selected preferred_00 direction=0deg margin=0.116rad"", ""reason"": ""OK"", ""duration_ms"": 463.3}, {""state"": ""EXECUTE_PICK"", ""success"": true, ""message"": ""validated motion plan executed"", ""reason"": ""OK"", ""duration_ms"": 155.5}, {""state"": ""VERIFY_GRASP"", ""success"": true, ""message"": ""object lifted 146 mm"", ""reason"": ""OK"", ""duration_ms"": 0.0}]"
x03-y04-r09,yolo,bottle,0.38,-0.025,0.3799362716182731,-0.025185244521087304,303.6181319702953,9,IN_DOMAIN,True,,,,,145.8,1218.0,584.2,160.4,53.0,0.0,lateral_band,upper,0.0,0.195,0.07500000000000001,0.010285139600520155,0.03346919104173754,"{""candidate_id"": ""preferred_00"", ""direction_deg"": 0.0, ""pre_close_object_xy_shift_mm"": 0.0, ""close_object_xy_shift_mm"": 0.019, ""lift_horizontal_drift_mm"": 1.999, ""lift_height_mm"": 145.77, ""target_contact_geoms"": [""link7/geom:18"", ""link8/geom:20"", ""table/table_top""], ""bilateral_finger_contact"": true, ""failure_class"": ""NONE""}",0.0,[],"[{""state"": ""DETECT_SOURCE"", ""success"": true, ""message"": ""selected bottle_0 conf=0.92 base=[ 0.383 -0.026  0.173] (1400 ROI pts)"", ""reason"": ""OK"", ""duration_ms"": 584.2}, {""state"": ""PLAN_PICK"", ""success"": true, ""message"": ""selected preferred_00 direction=0deg margin=0.115rad"", ""reason"": ""OK"", ""duration_ms"": 473.5}, {""state"": ""EXECUTE_PICK"", ""success"": true, ""message"": ""validated motion plan executed"", ""reason"": ""OK"", ""duration_ms"": 160.4}, {""state"": ""VERIFY_GRASP"", ""success"": true, ""message"": ""object lifted 146 mm"", ""reason"": ""OK"", ""duration_ms"": 0.0}]"
x03-y04-r10,yolo,bottle,0.38,-0.025,0.38213800017235133,-0.02450230270644624,207.00159693660459,10,IN_DOMAIN,False,DETECT_SOURCE,STATE_FAILED,DETECT_SOURCE,STATE_FAILED,,367.7,367.7,0,,,,,,,,,,null,0.0,[],"[{""state"": ""DETECT_SOURCE"", ""success"": false, ""message"": ""no 'bottle' detected (saw 0 objects)"", ""reason"": ""STATE_FAILED"", ""duration_ms"": 367.7}]"
x04-y01-r01,yolo,bottle,0.4,-0.16,0.40183523812437344,-0.1606278150490091,192.8947349062653,1,IN_DOMAIN,True,,,,,146.3,972.0,470.4,157.1,56.3,323.20052471866654,lateral_band,lower,338.20052471866654,0.195,0.07500000000000001,0.02814102346723583,0.06877947838217678,"{""candidate_id"": ""preferred_00"", ""direction_deg"": 323.20052471866654, ""pre_close_object_xy_shift_mm"": 0.0, ""close_object_xy_shift_mm"": 0.013, ""lift_horizontal_drift_mm"": 0.711, ""lift_height_mm"": 146.346, ""target_contact_geoms"": [""link7/geom:18"", ""link8/geom:20"", ""table/table_top""], ""bilateral_finger_contact"": true, ""failure_class"": ""NONE""}",0.0,[],"[{""state"": ""DETECT_SOURCE"", ""success"": true, ""message"": ""selected bottle_0 conf=0.18 base=[ 0.399 -0.16   0.176] (1508 ROI pts)"", ""reason"": ""OK"", ""duration_ms"": 470.4}, {""state"": ""PLAN_PICK"", ""success"": true, ""message"": ""selected preferred_00 direction=323deg margin=0.069rad"", ""reason"": ""OK"", ""duration_ms"": 344.5}, {""state"": ""EXECUTE_PICK"", ""success"": true, ""message"": ""validated motion plan executed"", ""reason"": ""OK"", ""duration_ms"": 157.1}, {""state"": ""VERIFY_GRASP"", ""success"": true, ""message"": ""object lifted 146 mm"", ""reason"": ""OK"", ""duration_ms"": 0.0}]"
x04-y01-r02,yolo,bottle,0.4,-0.16,0.4008539267539422,-0.1606910150359486,243.3478056347607,2,IN_DOMAIN,True,,,,,146.0,1103.4,597.9,167.7,49.7,323.0975425219297,lateral_band,lower,338.0975425219297,0.195,0.07500000000000001,0.028050682261629243,0.06845191510669764,"{""candidate_id"": ""preferred_00"", ""direction_deg"": 323.0975425219297, ""pre_close_object_xy_shift_mm"": 0.0, ""close_object_xy_shift_mm"": 0.393, ""lift_horizontal_drift_mm"": 2.518, ""lift_height_mm"": 146.03, ""target_contact_geoms"": [""link7/geom:18"", ""link8/geom:20"", ""table/table_top""], ""bilateral_finger_contact"": true, ""failure_class"": ""NONE""}",0.0,[],"[{""state"": ""DETECT_SOURCE"", ""success"": true, ""message"": ""selected bottle_0 conf=0.94 base=[ 0.407 -0.164  0.169] (1820 ROI pts)"", ""reason"": ""OK"", ""duration_ms"": 597.9}, {""state"": ""PLAN_PICK"", ""success"": true, ""message"": ""selected preferred_00 direction=323deg margin=0.081rad"", ""reason"": ""OK"", ""duration_ms"": 337.8}, {""state"": ""EXECUTE_PICK"", ""success"": true, ""message"": ""validated motion plan executed"", ""reason"": ""OK"", ""duration_ms"": 167.7}, {""state"": ""VERIFY_GRASP"", ""success"": true, ""message"": ""object lifted 146 mm"", ""reason"": ""OK"", ""duration_ms"": 0.0}]"
x04-y01-r03,yolo,bottle,0.4,-0.16,0.40230459012233816,-0.16048500252794914,36.03832107959527,3,IN_DOMAIN,True,,,,,146.4,969.6,471.0,161.9,51.5,323.25456267942786,lateral_band,lower,338.25456267942786,0.195,0.07500000000000001,0.028082710191420134,0.0685868789721819,"{""candidate_id"": ""preferred_00"", ""direction_deg"": 323.25456267942786, ""pre_close_object_xy_shift_mm"": 0.0, ""close_object_xy_shift_mm"": 0.253, ""lift_horizontal_drift_mm"": 1.282, ""lift_height_mm"": 146.4, ""target_contact_geoms"": [""link7/geom:18"", ""link8/geom:20"", ""table/table_top""], ""bilateral_finger_contact"": true, ""failure_class"": ""NONE""}",0.0,[],"[{""state"": ""DETECT_SOURCE"", ""success"": true, ""message"": ""selected bottle_0 conf=0.63 base=[ 0.404 -0.161  0.171] (1560 ROI pts)"", ""reason"": ""OK"", ""duration_ms"": 471.0}, {""state"": ""PLAN_PICK"", ""success"": true, ""message"": ""selected preferred_00 direction=323deg margin=0.075rad"", ""reason"": ""OK"", ""duration_ms"": 336.6}, {""state"": ""EXECUTE_PICK"", ""success"": true, ""message"": ""validated motion plan executed"", ""reason"": ""OK"", ""duration_ms"": 161.9}, {""state"": ""VERIFY_GRASP"", ""success"": true, ""message"": ""object lifted 146 mm"", ""reason"": ""OK"", ""duration_ms"": 0.0}]"
x04-y01-r04,yolo,bottle,0.4,-0.16,0.4026889060524506,-0.15916169311404127,256.0247241191929,4,IN_DOMAIN,True,,,,,145.9,1080.5,582.4,164.1,50.7,323.4126542914893,lateral_band,lower,338.4126542914893,0.195,0.07500000000000001,0.028041582576392398,0.06840243543947713,"{""candidate_id"": ""preferred_00"", ""direction_deg"": 323.4126542914893, ""pre_close_object_xy_shift_mm"": 0.0, ""close_object_xy_shift_mm"": 0.42, ""lift_horizontal_drift_mm"": 3.699, ""lift_height_mm"": 145.929, ""target_contact_geoms"": [""link7/geom:18"", ""link8/geom:20"", ""table/table_top""], ""bilateral_finger_contact"": true, ""failure_class"": ""NONE""}",0.0,[],"[{""state"": ""DETECT_SOURCE"", ""success"": true, ""message"": ""selected bottle_0 conf=0.90 base=[ 0.41  -0.162  0.17 ] (1836 ROI pts)"", ""reason"": ""OK"", ""duration_ms"": 582.4}, {""state"": ""PLAN_PICK"", ""success"": true, ""message"": ""selected preferred_00 direction=323deg margin=0.083rad"", ""reason"": ""OK"", ""duration_ms"": 334.0}, {""state"": ""EXECUTE_PICK"", ""success"": true, ""message"": ""validated motion plan executed"", ""reason"": ""OK"", ""duration_ms"": 164.1}, {""state"": ""VERIFY_GRASP"", ""success"": true, ""message"": ""object lifted 146 mm"", ""reason"": ""OK"", ""duration_ms"": 0.0}]"
x04-y01-r05,yolo,bottle,0.4,-0.16,0.39829346746397887,-0.16108792529653376,12.166749388558774,5,IN_DOMAIN,True,,,,,146.4,964.3,464.2,158.8,56.7,323.07248179246955,lateral_band,lower,338.07248179246955,0.195,0.07500000000000001,0.028190860337921047,0.06892185821771676,"{""candidate_id"": ""preferred_00"", ""direction_deg"": 323.07248179246955, ""pre_close_object_xy_shift_mm"": 0.0, ""close_object_xy_shift_mm"": 0.146, ""lift_horizontal_drift_mm"": 0.814, ""lift_height_mm"": 146.4, ""target_contact_geoms"": [""link7/geom:18"", ""link8/geom:20"", ""table/table_top""], ""bilateral_finger_contact"": true, ""failure_class"": ""NONE""}",0.0,[],"[{""state"": ""DETECT_SOURCE"", ""success"": true, ""message"": ""selected bottle_0 conf=0.24 base=[ 0.396 -0.159  0.176] (1537 ROI pts)"", ""reason"": ""OK"", ""duration_ms"": 464.2}, {""state"": ""PLAN_PICK"", ""success"": true, ""message"": ""selected preferred_00 direction=323deg margin=0.065rad"", ""reason"": ""OK"", ""duration_ms"": 341.3}, {""state"": ""EXECUTE_PICK"", ""success"": true, ""message"": ""validated motion plan executed"", ""reason"": ""OK"", ""duration_ms"": 158.8}, {""state"": ""VERIFY_GRASP"", ""success"": true, ""message"": ""object lifted 146 mm"", ""reason"": ""OK"", ""duration_ms"": 0.0}]"
x04-y01-r06,yolo,bottle,0.4,-0.16,0.4006963774911435,-0.15959938287522285,342.33084397514426,6,IN_DOMAIN,True,,,,,146.5,972.8,471.9,157.9,55.1,323.22414189769637,lateral_band,lower,338.22414189769637,0.195,0.07500000000000001,0.02812639610259254,0.06873461644462608,"{""candidate_id"": ""preferred_00"", ""direction_deg"": 323.22414189769637, ""pre_close_object_xy_shift_mm"": 0.0, ""close_object_xy_shift_mm"": 0.068, ""lift_horizontal_drift_mm"": 0.671, ""lift_height_mm"": 146.497, ""target_contact_geoms"": [""link7/geom:18"", ""link8/geom:20"", ""table/table_top""], ""bilateral_finger_contact"": true, ""failure_class"": ""NONE""}",0.0,[],"[{""state"": ""DETECT_SOURCE"", ""success"": true, ""message"": ""selected bottle_0 conf=0.10 base=[ 0.4   -0.16   0.175] (1530 ROI pts)"", ""reason"": ""OK"", ""duration_ms"": 471.9}, {""state"": ""PLAN_PICK"", ""success"": true, ""message"": ""selected preferred_00 direction=323deg margin=0.070rad"", ""reason"": ""OK"", ""duration_ms"": 343.0}, {""state"": ""EXECUTE_PICK"", ""success"": true, ""message"": ""validated motion plan executed"", ""reason"": ""OK"", ""duration_ms"": 157.9}, {""state"": ""VERIFY_GRASP"", ""success"": true, ""message"": ""object lifted 146 mm"", ""reason"": ""OK"", ""duration_ms"": 0.0}]"
x04-y01-r07,yolo,bottle,0.4,-0.16,0.397976522575968,-0.15751753257480325,2.4048437072071005,7,IN_DOMAIN,True,,,,,145.3,960.3,467.0,154.7,48.2,323.8197604521262,lateral_band,lower,338.8197604521262,0.195,0.07500000000000001,0.02814346007847974,0.06878679029642516,"{""candidate_id"": ""preferred_00"", ""direction_deg"": 323.8197604521262, ""pre_close_object_xy_shift_mm"": 0.0, ""close_object_xy_shift_mm"": 0.498, ""lift_horizontal_drift_mm"": 5.075, ""lift_height_mm"": 145.299, ""target_contact_geoms"": [""link7/geom:18"", ""link8/geom:20"", ""table/table_top""], ""bilateral_finger_contact"": true, ""failure_class"": ""NONE""}",0.0,[],"[{""state"": ""DETECT_SOURCE"", ""success"": true, ""message"": ""selected bottle_0 conf=0.12 base=[ 0.4   -0.155  0.168] (1537 ROI pts)"", ""reason"": ""OK"", ""duration_ms"": 467.0}, {""state"": ""PLAN_PICK"", ""success"": true, ""message"": ""selected preferred_00 direction=324deg margin=0.069rad"", ""reason"": ""OK"", ""duration_ms"": 338.5}, {""state"": ""EXECUTE_PICK"", ""success"": true, ""message"": ""validated motion plan executed"", ""reason"": ""OK"", ""duration_ms"": 154.7}, {""state"": ""VERIFY_GRASP"", ""success"": true, ""message"": ""object lifted 145 mm"", ""reason"": ""OK"", ""duration_ms"": 0.0}]"
x04-y01-r08,yolo,bottle,0.4,-0.16,0.4013497826695881,-0.16092209883947836,117.48613002250725,8,IN_DOMAIN,True,,,,,146.0,964.7,460.6,166.6,51.2,323.0390431989016,lateral_band,lower,338.0390431989016,0.195,0.07500000000000001,0.028048641756353878,0.0684415781888369,"{""candidate_id"": ""preferred_00"", ""direction_deg"": 323.0390431989016, ""pre_close_object_xy_shift_mm"": 0.0, ""close_object_xy_shift_mm"": 0.379, ""lift_horizontal_drift_mm"": 2.152, ""lift_height_mm"": 146.048, ""target_contact_geoms"": [""link7/geom:18"", ""link8/geom:20"", ""table/table_top""], ""bilateral_finger_contact"": true, ""failure_class"": ""NONE""}",0.0,[],"[{""state"": ""DETECT_SOURCE"", ""success"": true, ""message"": ""selected bottle_0 conf=0.85 base=[ 0.407 -0.164  0.171] (1800 ROI pts)"", ""reason"": ""OK"", ""duration_ms"": 460.6}, {""state"": ""PLAN_PICK"", ""success"": true, ""message"": ""selected preferred_00 direction=323deg margin=0.081rad"", ""reason"": ""OK"", ""duration_ms"": 337.4}, {""state"": ""EXECUTE_PICK"", ""success"": true, ""message"": ""validated motion plan executed"", ""reason"": ""OK"", ""duration_ms"": 166.6}, {""state"": ""VERIFY_GRASP"", ""success"": true, ""message"": ""object lifted 146 mm"", ""reason"": ""OK"", ""duration_ms"": 0.0}]"
x04-y01-r09,yolo,bottle,0.4,-0.16,0.3988478998264553,-0.15716404890273064,208.98890360516566,9,IN_DOMAIN,True,,,,,146.3,959.0,470.8,155.5,53.7,323.4797496341306,lateral_band,lower,338.4797496341306,0.195,0.07500000000000001,0.0281470700994821,0.06879754605190973,"{""candidate_id"": ""preferred_00"", ""direction_deg"": 323.4797496341306, ""pre_close_object_xy_shift_mm"": 0.0, ""close_object_xy_shift_mm"": 0.174, ""lift_horizontal_drift_mm"": 1.001, ""lift_height_mm"": 146.29, ""target_contact_geoms"": [""link7/geom:18"", ""link8/geom:20"", ""table/table_top""], ""bilateral_finger_contact"": true, ""failure_class"": ""NONE""}",0.0,[],"[{""state"": ""DETECT_SOURCE"", ""success"": true, ""message"": ""selected bottle_0 conf=0.55 base=[ 0.399 -0.157  0.174] (1560 ROI pts)"", ""reason"": ""OK"", ""duration_ms"": 470.8}, {""state"": ""PLAN_PICK"", ""success"": true, ""message"": ""selected preferred_00 direction=323deg margin=0.068rad"", ""reason"": ""OK"", ""duration_ms"": 332.7}, {""state"": ""EXECUTE_PICK"", ""success"": true, ""message"": ""validated motion plan executed"", ""reason"": ""OK"", ""duration_ms"": 155.5}, {""state"": ""VERIFY_GRASP"", ""success"": true, ""message"": ""object lifted 146 mm"", ""reason"": ""OK"", ""duration_ms"": 0.0}]"
x04-y01-r10,yolo,bottle,0.4,-0.16,0.3973223662452485,-0.15885142252012374,129.71199605582106,10,IN_DOMAIN,True,,,,,146.0,957.9,458.5,163.8,52.5,323.1090556373876,lateral_band,lower,338.1090556373876,0.195,0.07500000000000001,0.02809203362659808,0.06862070802001535,"{""candidate_id"": ""preferred_00"", ""direction_deg"": 323.1090556373876, ""pre_close_object_xy_shift_mm"": 0.0, ""close_object_xy_shift_mm"": 0.326, ""lift_horizontal_drift_mm"": 2.192, ""lift_height_mm"": 146.046, ""target_contact_geoms"": [""link7/geom:18"", ""link8/geom:20"", ""table/table_top""], ""bilateral_finger_contact"": true, ""failure_class"": ""NONE""}",0.0,[],"[{""state"": ""DETECT_SOURCE"", ""success"": true, ""message"": ""selected bottle_0 conf=0.88 base=[ 0.402 -0.162  0.172] (1750 ROI pts)"", ""reason"": ""OK"", ""duration_ms"": 458.5}, {""state"": ""PLAN_PICK"", ""success"": true, ""message"": ""selected preferred_00 direction=323deg margin=0.074rad"", ""reason"": ""OK"", ""duration_ms"": 335.5}, {""state"": ""EXECUTE_PICK"", ""success"": true, ""message"": ""validated motion plan executed"", ""reason"": ""OK"", ""duration_ms"": 163.8}, {""state"": ""VERIFY_GRASP"", ""success"": true, ""message"": ""object lifted 146 mm"", ""reason"": ""OK"", ""duration_ms"": 0.0}]"
x04-y02-r01,yolo,bottle,0.4,-0.115,0.3982434846340795,-0.11340505843120534,254.01365224455262,1,IN_DOMAIN,True,,,,,146.0,1166.3,592.4,162.6,50.9,329.08722541066817,lateral_band,lower,344.08722541066817,0.195,0.07500000000000001,0.028338324662754145,0.06928939141197626,"{""candidate_id"": ""preferred_00"", ""direction_deg"": 329.08722541066817, ""pre_close_object_xy_shift_mm"": 0.0, ""close_object_xy_shift_mm"": 0.376, ""lift_horizontal_drift_mm"": 2.392, ""lift_height_mm"": 146.018, ""target_contact_geoms"": [""link7/geom:18"", ""link8/geom:20"", ""table/table_top""], ""bilateral_finger_contact"": true, ""failure_class"": ""NONE""}",0.0,[],"[{""state"": ""DETECT_SOURCE"", ""success"": true, ""message"": ""selected bottle_0 conf=0.92 base=[ 0.403 -0.115  0.171] (1632 ROI pts)"", ""reason"": ""OK"", ""duration_ms"": 592.4}, {""state"": ""PLAN_PICK"", ""success"": true, ""message"": ""selected preferred_00 direction=329deg margin=0.055rad"", ""reason"": ""OK"", ""duration_ms"": 411.2}, {""state"": ""EXECUTE_PICK"", ""success"": true, ""message"": ""validated motion plan executed"", ""reason"": ""OK"", ""duration_ms"": 162.6}, {""state"": ""VERIFY_GRASP"", ""success"": true, ""message"": ""object lifted 146 mm"", ""reason"": ""OK"", ""duration_ms"": 0.0}]"
x04-y02-r02,yolo,bottle,0.4,-0.115,0.4023418358409831,-0.11409752251814341,166.88126680619177,2,IN_DOMAIN,True,,,,,146.0,1088.4,592.0,154.1,56.0,329.17695415331895,lateral_band,lower,344.17695415331895,0.195,0.07500000000000001,0.02842959718307414,0.06949387404857074,"{""candidate_id"": ""preferred_00"", ""direction_deg"": 329.17695415331895, ""pre_close_object_xy_shift_mm"": 0.0, ""close_object_xy_shift_mm"": 0.073, ""lift_horizontal_drift_mm"": 1.201, ""lift_height_mm"": 145.974, ""target_contact_geoms"": [""link7/geom:18"", ""link8/geom:20"", ""table/table_top""], ""bilateral_finger_contact"": true, ""failure_class"": ""NONE""}",0.0,[],"[{""state"": ""DETECT_SOURCE"", ""success"": true, ""message"": ""selected bottle_0 conf=0.44 base=[ 0.4   -0.113  0.176] (1372 ROI pts)"", ""reason"": ""OK"", ""duration_ms"": 592.0}, {""state"": ""PLAN_PICK"", ""success"": true, ""message"": ""selected preferred_00 direction=329deg margin=0.051rad"", ""reason"": ""OK"", ""duration_ms"": 342.3}, {""state"": ""EXECUTE_PICK"", ""success"": true, ""message"": ""validated motion plan executed"", ""reason"": ""OK"", ""duration_ms"": 154.1}, {""state"": ""VERIFY_GRASP"", ""success"": true, ""message"": ""object lifted 146 mm"", ""reason"": ""OK"", ""duration_ms"": 0.0}]"
x04-y02-r03,yolo,bottle,0.4,-0.115,0.3991854331403055,-0.11526059930708392,327.54808357770656,3,IN_DOMAIN,True,,,,,146.3,1075.7,577.0,158.5,53.7,328.89801935425555,lateral_band,lower,343.89801935425555,0.195,0.07500000000000001,0.02837817772080747,0.06938028380414521,"{""candidate_id"": ""preferred_00"", ""direction_deg"": 328.89801935425555, ""pre_close_object_xy_shift_mm"": 0.0, ""close_object_xy_shift_mm"": 0.303, ""lift_horizontal_drift_mm"": 1.427, ""lift_height_mm"": 146.291, ""target_contact_geoms"": [""link7/geom:18"", ""link8/geom:20"", ""table/table_top""], ""bilateral_finger_contact"": true, ""failure_class"": ""NONE""}",0.0,[],"[{""state"": ""DETECT_SOURCE"", ""success"": true, ""message"": ""selected bottle_0 conf=0.90 base=[ 0.401 -0.116  0.174] (1470 ROI pts)"", ""reason"": ""OK"", ""duration_ms"": 577.0}, {""state"": ""PLAN_PICK"", ""success"": true, ""message"": ""selected preferred_00 direction=329deg margin=0.053rad"", ""reason"": ""OK"", ""duration_ms"": 340.1}, {""state"": ""EXECUTE_PICK"", ""success"": true, ""message"": ""validated motion plan executed"", ""reason"": ""OK"", ""duration_ms"": 158.5}, {""state"": ""VERIFY_GRASP"", ""success"": true, ""message"": ""object lifted 146 mm"", ""reason"": ""OK"", ""duration_ms"": 0.0}]"
x04-y02-r04,yolo,bottle,0.4,-0.115,0.4021572394537974,-0.11292898342035448,359.2347935867728,4,IN_DOMAIN,True,,,,,146.3,1068.4,577.9,154.0,58.8,329.39329291029526,lateral_band,lower,344.39329291029526,0.195,0.07500000000000001,0.02851891647011681,0.06968307485866476,"{""candidate_id"": ""preferred_00"", ""direction_deg"": 329.39329291029526, ""pre_close_object_xy_shift_mm"": 0.0, ""close_object_xy_shift_mm"": 0.015, ""lift_horizontal_drift_mm"": 0.459, ""lift_height_mm"": 146.3, ""target_contact_geoms"": [""link7/geom:18"", ""link8/geom:20"", ""table/table_top""], ""bilateral_finger_contact"": true, ""failure_class"": ""NONE""}",0.0,[],"[{""state"": ""DETECT_SOURCE"", ""success"": true, ""message"": ""selected bottle_0 conf=0.35 base=[ 0.398 -0.111  0.178] (1300 ROI pts)"", ""reason"": ""OK"", ""duration_ms"": 577.9}, {""state"": ""PLAN_PICK"", ""success"": true, ""message"": ""selected preferred_00 direction=329deg margin=0.047rad"", ""reason"": ""OK"", ""duration_ms"": 336.6}, {""state"": ""EXECUTE_PICK"", ""success"": true, ""message"": ""validated motion plan executed"", ""reason"": ""OK"", ""duration_ms"": 154.0}, {""state"": ""VERIFY_GRASP"", ""success"": true, ""message"": ""object lifted 146 mm"", ""reason"": ""OK"", ""duration_ms"": 0.0}]"
x04-y02-r05,yolo,bottle,0.4,-0.115,0.4007834274743577,-0.11632807260539246,313.69437805156946,5,IN_DOMAIN,True,,,,,146.1,1076.7,584.5,157.5,52.4,328.90789151603144,lateral_band,lower,343.90789151603144,0.195,0.07500000000000001,0.028305661311546087,0.06921271885609667,"{""candidate_id"": ""preferred_00"", ""direction_deg"": 328.90789151603144, ""pre_close_object_xy_shift_mm"": 0.0, ""close_object_xy_shift_mm"": 0.384, ""lift_horizontal_drift_mm"": 2.63, ""lift_height_mm"": 146.137, ""target_contact_geoms"": [""link7/geom:18"", ""link8/geom:20"", ""table/table_top""], ""bilateral_finger_contact"": true, ""failure_class"": ""NONE""}",0.0,[],"[{""state"": ""DETECT_SOURCE"", ""success"": true, ""message"": ""selected bottle_0 conf=0.92 base=[ 0.404 -0.117  0.172] (1440 ROI pts)"", ""reason"": ""OK"", ""duration_ms"": 584.5}, {""state"": ""PLAN_PICK"", ""success"": true, ""message"": ""selected preferred_00 direction=329deg margin=0.057rad"", ""reason"": ""OK"", ""duration_ms"": 334.7}, {""state"": ""EXECUTE_PICK"", ""success"": true, ""message"": ""validated motion plan executed"", ""reason"": ""OK"", ""duration_ms"": 157.5}, {""state"": ""VERIFY_GRASP"", ""success"": true, ""message"": ""object lifted 146 mm"", ""reason"": ""OK"", ""duration_ms"": 0.0}]"
x04-y02-r06,yolo,bottle,0.4,-0.115,0.3975375230131474,-0.11352595845162018,294.16207998725565,6,IN_DOMAIN,True,,,,,146.1,1086.2,573.2,162.7,52.0,329.0661524529184,lateral_band,lower,344.0661524529184,0.195,0.07500000000000001,0.028359556340682057,0.06933815157295632,"{""candidate_id"": ""preferred_00"", ""direction_deg"": 329.0661524529184, ""pre_close_object_xy_shift_mm"": 0.0, ""close_object_xy_shift_mm"": 0.383, ""lift_horizontal_drift_mm"": 2.464, ""lift_height_mm"": 146.113, ""target_contact_geoms"": [""link7/geom:18"", ""link8/geom:20"", ""table/table_top""], ""bilateral_finger_contact"": true, ""failure_class"": ""NONE""}",0.0,[],"[{""state"": ""DETECT_SOURCE"", ""success"": true, ""message"": ""selected bottle_0 conf=0.91 base=[ 0.402 -0.115  0.172] (1568 ROI pts)"", ""reason"": ""OK"", ""duration_ms"": 573.2}, {""state"": ""PLAN_PICK"", ""success"": true, ""message"": ""selected preferred_00 direction=329deg margin=0.054rad"", ""reason"": ""OK"", ""duration_ms"": 350.2}, {""state"": ""EXECUTE_PICK"", ""success"": true, ""message"": ""validated motion plan executed"", ""reason"": ""OK"", ""duration_ms"": 162.7}, {""state"": ""VERIFY_GRASP"", ""success"": true, ""message"": ""object lifted 146 mm"", ""reason"": ""OK"", ""duration_ms"": 0.0}]"
x04-y02-r07,yolo,bottle,0.4,-0.115,0.4022081589664662,-0.1122473745097399,171.57551782584224,7,IN_DOMAIN,True,,,,,146.0,964.1,474.3,154.9,57.0,329.41457667430103,lateral_band,lower,344.41457667430103,0.195,0.07500000000000001,0.0284887394514161,0.06962018383682579,"{""candidate_id"": ""preferred_00"", ""direction_deg"": 329.41457667430103, ""pre_close_object_xy_shift_mm"": 0.0, ""close_object_xy_shift_mm"": 0.023, ""lift_horizontal_drift_mm"": 2.028, ""lift_height_mm"": 145.954, ""target_contact_geoms"": [""link7/geom:18"", ""link8/geom:20"", ""table/table_top""], ""bilateral_finger_contact"": true, ""failure_class"": ""NONE""}",0.0,[],"[{""state"": ""DETECT_SOURCE"", ""success"": true, ""message"": ""selected bottle_0 conf=0.41 base=[ 0.399 -0.111  0.177] (1300 ROI pts)"", ""reason"": ""OK"", ""duration_ms"": 474.3}, {""state"": ""PLAN_PICK"", ""success"": true, ""message"": ""selected preferred_00 direction=329deg margin=0.049rad"", ""reason"": ""OK"", ""duration_ms"": 334.9}, {""state"": ""EXECUTE_PICK"", ""success"": true, ""message"": ""validated motion plan executed"", ""reason"": ""OK"", ""duration_ms"": 154.9}, {""state"": ""VERIFY_GRASP"", ""success"": true, ""message"": ""object lifted 146 mm"", ""reason"": ""OK"", ""duration_ms"": 0.0}]"
x04-y02-r08,yolo,bottle,0.4,-0.115,0.40039738378560225,-0.11501076711535907,162.06399255700242,8,IN_DOMAIN,True,,,,,146.5,1079.7,582.5,154.8,55.6,328.9768346143256,lateral_band,lower,343.9768346143256,0.195,0.07500000000000001,0.028447150897537084,0.06953181418202022,"{""candidate_id"": ""preferred_00"", ""direction_deg"": 328.9768346143256, ""pre_close_object_xy_shift_mm"": 0.0, ""close_object_xy_shift_mm"": 0.109, ""lift_horizontal_drift_mm"": 0.78, ""lift_height_mm"": 146.489, ""target_contact_geoms"": [""link7/geom:18"", ""link8/geom:20"", ""table/table_top""], ""bilateral_finger_contact"": true, ""failure_class"": ""NONE""}",0.0,[],"[{""state"": ""DETECT_SOURCE"", ""success"": true, ""message"": ""selected bottle_0 conf=0.77 base=[ 0.399 -0.115  0.175] (1372 ROI pts)"", ""reason"": ""OK"", ""duration_ms"": 582.5}, {""state"": ""PLAN_PICK"", ""success"": true, ""message"": ""selected preferred_00 direction=329deg margin=0.050rad"", ""reason"": ""OK"", ""duration_ms"": 342.3}, {""state"": ""EXECUTE_PICK"", ""success"": true, ""message"": ""validated motion plan executed"", ""reason"": ""OK"", ""duration_ms"": 154.8}, {""state"": ""VERIFY_GRASP"", ""success"": true, ""message"": ""object lifted 146 mm"", ""reason"": ""OK"", ""duration_ms"": 0.0}]"
x04-y02-r09,yolo,bottle,0.4,-0.115,0.3976795838351954,-0.1132897250423113,86.72562991073298,9,IN_DOMAIN,True,,,,,146.0,1120.9,589.9,158.9,51.7,329.0798186559955,lateral_band,lower,344.07981865599555,0.195,0.07500000000000001,0.028359161403063625,0.06933725176297292,"{""candidate_id"": ""preferred_00"", ""direction_deg"": 329.0798186559955, ""pre_close_object_xy_shift_mm"": 0.0, ""close_object_xy_shift_mm"": 0.37, ""lift_horizontal_drift_mm"": 2.319, ""lift_height_mm"": 146.005, ""target_contact_geoms"": [""link7/geom:18"", ""link8/geom:20"", ""table/table_top""], ""bilateral_finger_contact"": true, ""failure_class"": ""NONE""}",0.0,[],"[{""state"": ""DETECT_SOURCE"", ""success"": true, ""message"": ""selected bottle_0 conf=0.91 base=[ 0.402 -0.115  0.171] (1600 ROI pts)"", ""reason"": ""OK"", ""duration_ms"": 589.9}, {""state"": ""PLAN_PICK"", ""success"": true, ""message"": ""selected preferred_00 direction=329deg margin=0.054rad"", ""reason"": ""OK"", ""duration_ms"": 372.0}, {""state"": ""EXECUTE_PICK"", ""success"": true, ""message"": ""validated motion plan executed"", ""reason"": ""OK"", ""duration_ms"": 158.9}, {""state"": ""VERIFY_GRASP"", ""success"": true, ""message"": ""object lifted 146 mm"", ""reason"": ""OK"", ""duration_ms"": 0.0}]"
x04-y02-r10,yolo,bottle,0.4,-0.115,0.40096895074739236,-0.11647382310530523,263.28231331826123,10,IN_DOMAIN,True,,,,,146.0,1149.1,581.0,163.0,50.7,328.7473482123407,lateral_band,lower,343.7473482123407,0.195,0.07500000000000001,0.028251570364491847,0.06908051474912127,"{""candidate_id"": ""preferred_00"", ""direction_deg"": 328.7473482123407, ""pre_close_object_xy_shift_mm"": 0.0, ""close_object_xy_shift_mm"": 0.366, ""lift_horizontal_drift_mm"": 2.311, ""lift_height_mm"": 145.994, ""target_contact_geoms"": [""link7/geom:18"", ""link8/geom:20"", ""table/table_top""], ""bilateral_finger_contact"": true, ""failure_class"": ""NONE""}",0.0,[],"[{""state"": ""DETECT_SOURCE"", ""success"": true, ""message"": ""selected bottle_0 conf=0.91 base=[ 0.406 -0.118  0.17 ] (1632 ROI pts)"", ""reason"": ""OK"", ""duration_ms"": 581.0}, {""state"": ""PLAN_PICK"", ""success"": true, ""message"": ""selected preferred_00 direction=329deg margin=0.060rad"", ""reason"": ""OK"", ""duration_ms"": 405.1}, {""state"": ""EXECUTE_PICK"", ""success"": true, ""message"": ""validated motion plan executed"", ""reason"": ""OK"", ""duration_ms"": 163.0}, {""state"": ""VERIFY_GRASP"", ""success"": true, ""message"": ""object lifted 146 mm"", ""reason"": ""OK"", ""duration_ms"": 0.0}]"
x04-y03-r01,yolo,bottle,0.4,-0.07,0.3989962670549988,-0.06838435697270677,137.21796906569918,1,IN_DOMAIN,True,,,,,145.8,1166.7,575.1,161.0,52.5,0.0,lateral_band,upper,0.0,0.195,0.07500000000000001,0.021425758792485622,0.0598899715886678,"{""candidate_id"": ""preferred_00"", ""direction_deg"": 0.0, ""pre_close_object_xy_shift_mm"": 0.0, ""close_object_xy_shift_mm"": 0.006, ""lift_horizontal_drift_mm"": 1.382, ""lift_height_mm"": 145.772, ""target_contact_geoms"": [""link7/geom:18"", ""link8/geom:20"", ""table/table_top""], ""bilateral_finger_contact"": true, ""failure_class"": ""NONE""}",0.0,[],"[{""state"": ""DETECT_SOURCE"", ""success"": true, ""message"": ""selected bottle_0 conf=0.89 base=[ 0.401 -0.069  0.172] (1372 ROI pts)"", ""reason"": ""OK"", ""duration_ms"": 575.1}, {""state"": ""PLAN_PICK"", ""success"": true, ""message"": ""selected preferred_00 direction=0deg margin=0.088rad"", ""reason"": ""OK"", ""duration_ms"": 430.6}, {""state"": ""EXECUTE_PICK"", ""success"": true, ""message"": ""validated motion plan executed"", ""reason"": ""OK"", ""duration_ms"": 161.0}, {""state"": ""VERIFY_GRASP"", ""success"": true, ""message"": ""object lifted 146 mm"", ""reason"": ""OK"", ""duration_ms"": 0.0}]"
x04-y03-r02,yolo,bottle,0.4,-0.07,0.40210886950791125,-0.06833344975260884,257.3740264986291,2,IN_DOMAIN,True,,,,,145.9,1225.4,635.4,158.5,51.4,0.0,lateral_band,upper,0.0,0.195,0.07500000000000001,0.021209244426065203,0.059353252786709554,"{""candidate_id"": ""preferred_00"", ""direction_deg"": 0.0, ""pre_close_object_xy_shift_mm"": 0.0, ""close_object_xy_shift_mm"": 0.108, ""lift_horizontal_drift_mm"": 1.513, ""lift_height_mm"": 145.923, ""target_contact_geoms"": [""link7/geom:18"", ""link8/geom:20"", ""table/table_top""], ""bilateral_finger_contact"": true, ""failure_class"": ""NONE""}",0.0,[],"[{""state"": ""DETECT_SOURCE"", ""success"": true, ""message"": ""selected bottle_0 conf=0.94 base=[ 0.406 -0.069  0.171] (1400 ROI pts)"", ""reason"": ""OK"", ""duration_ms"": 635.4}, {""state"": ""PLAN_PICK"", ""success"": true, ""message"": ""selected preferred_00 direction=0deg margin=0.092rad"", ""reason"": ""OK"", ""duration_ms"": 431.6}, {""state"": ""EXECUTE_PICK"", ""success"": true, ""message"": ""validated motion plan executed"", ""reason"": ""OK"", ""duration_ms"": 158.5}, {""state"": ""VERIFY_GRASP"", ""success"": true, ""message"": ""object lifted 146 mm"", ""reason"": ""OK"", ""duration_ms"": 0.0}]"
x04-y03-r03,yolo,bottle,0.4,-0.07,0.4001328956866587,-0.07235620119172345,63.87888269606649,3,IN_DOMAIN,True,,,,,145.9,1170.2,572.3,157.7,51.5,0.0,lateral_band,upper,0.0,0.195,0.07500000000000001,0.022333745470326245,0.061398719364069126,"{""candidate_id"": ""preferred_00"", ""direction_deg"": 0.0, ""pre_close_object_xy_shift_mm"": 0.0, ""close_object_xy_shift_mm"": 0.026, ""lift_horizontal_drift_mm"": 1.355, ""lift_height_mm"": 145.948, ""target_contact_geoms"": [""link7/geom:18"", ""link8/geom:20"", ""table/table_top""], ""bilateral_finger_contact"": true, ""failure_class"": ""NONE""}",0.0,[],"[{""state"": ""DETECT_SOURCE"", ""success"": true, ""message"": ""selected bottle_0 conf=0.82 base=[ 0.402 -0.073  0.171] (1377 ROI pts)"", ""reason"": ""OK"", ""duration_ms"": 572.3}, {""state"": ""PLAN_PICK"", ""success"": true, ""message"": ""selected preferred_00 direction=0deg margin=0.084rad"", ""reason"": ""OK"", ""duration_ms"": 440.2}, {""state"": ""EXECUTE_PICK"", ""success"": true, ""message"": ""validated motion plan executed"", ""reason"": ""OK"", ""duration_ms"": 157.7}, {""state"": ""VERIFY_GRASP"", ""success"": true, ""message"": ""object lifted 146 mm"", ""reason"": ""OK"", ""duration_ms"": 0.0}]"
x04-y03-r04,yolo,bottle,0.4,-0.07,0.40006144757157847,-0.06872195738365629,26.646106015098564,4,IN_DOMAIN,True,,,,,145.5,965.2,466.8,147.6,56.3,0.0,lateral_band,upper,0.0,0.195,0.07500000000000001,0.021736997293667206,0.06070492823447761,"{""candidate_id"": ""preferred_00"", ""direction_deg"": 0.0, ""pre_close_object_xy_shift_mm"": 0.0, ""close_object_xy_shift_mm"": 0.35, ""lift_horizontal_drift_mm"": 3.108, ""lift_height_mm"": 145.483, ""target_contact_geoms"": [""link7/geom:18"", ""link8/geom:20"", ""table/table_top""], ""bilateral_finger_contact"": true, ""failure_class"": ""NONE""}",0.0,[],"[{""state"": ""DETECT_SOURCE"", ""success"": true, ""message"": ""selected bottle_0 conf=0.28 base=[ 0.394 -0.068  0.176] (1100 ROI pts)"", ""reason"": ""OK"", ""duration_ms"": 466.8}, {""state"": ""PLAN_PICK"", ""success"": true, ""message"": ""selected preferred_00 direction=0deg margin=0.081rad"", ""reason"": ""OK"", ""duration_ms"": 350.8}, {""state"": ""EXECUTE_PICK"", ""success"": true, ""message"": ""validated motion plan executed"", ""reason"": ""OK"", ""duration_ms"": 147.6}, {""state"": ""VERIFY_GRASP"", ""success"": true, ""message"": ""object lifted 145 mm"", ""reason"": ""OK"", ""duration_ms"": 0.0}]"
x04-y03-r05,yolo,bottle,0.4,-0.07,0.4024130651418214,-0.07149333148571733,151.36452544801466,5,IN_DOMAIN,True,,,,,145.9,1180.6,594.6,156.8,54.4,0.0,lateral_band,upper,0.0,0.195,0.07500000000000001,0.021981461309543288,0.0607352003710942,"{""candidate_id"": ""preferred_00"", ""direction_deg"": 0.0, ""pre_close_object_xy_shift_mm"": 0.0, ""close_object_xy_shift_mm"": 0.009, ""lift_horizontal_drift_mm"": 1.414, ""lift_height_mm"": 145.941, ""target_contact_geoms"": [""link7/geom:18"", ""link8/geom:20"", ""table/table_top""], ""bilateral_finger_contact"": true, ""failure_class"": ""NONE""}",0.0,[],"[{""state"": ""DETECT_SOURCE"", ""success"": true, ""message"": ""selected bottle_0 conf=0.90 base=[ 0.404 -0.072  0.174] (1316 ROI pts)"", ""reason"": ""OK"", ""duration_ms"": 594.6}, {""state"": ""PLAN_PICK"", ""success"": true, ""message"": ""selected preferred_00 direction=0deg margin=0.088rad"", ""reason"": ""OK"", ""duration_ms"": 429.2}, {""state"": ""EXECUTE_PICK"", ""success"": true, ""message"": ""validated motion plan executed"", ""reason"": ""OK"", ""duration_ms"": 156.8}, {""state"": ""VERIFY_GRASP"", ""success"": true, ""message"": ""object lifted 146 mm"", ""reason"": ""OK"", ""duration_ms"": 0.0}]"
x04-y03-r06,yolo,bottle,0.4,-0.07,0.40033022622479325,-0.07278389030817596,112.78824512721994,6,IN_DOMAIN,True,,,,,145.9,1213.9,663.0,159.6,52.3,0.0,lateral_band,upper,0.0,0.195,0.07500000000000001,0.022475848535375306,0.06150641110353888,"{""candidate_id"": ""preferred_00"", ""direction_deg"": 0.0, ""pre_close_object_xy_shift_mm"": 0.0, ""close_object_xy_shift_mm"": 0.246, ""lift_horizontal_drift_mm"": 1.764, ""lift_height_mm"": 145.856, ""target_contact_geoms"": [""link7/geom:18"", ""link8/geom:20"", ""table/table_top""], ""bilateral_finger_contact"": true, ""failure_class"": ""NONE""}",0.0,[],"[{""state"": ""DETECT_SOURCE"", ""success"": true, ""message"": ""selected bottle_0 conf=0.86 base=[ 0.405 -0.074  0.172] (1457 ROI pts)"", ""reason"": ""OK"", ""duration_ms"": 663.0}, {""state"": ""PLAN_PICK"", ""success"": true, ""message"": ""selected preferred_00 direction=0deg margin=0.087rad"", ""reason"": ""OK"", ""duration_ms"": 391.2}, {""state"": ""EXECUTE_PICK"", ""success"": true, ""message"": ""validated motion plan executed"", ""reason"": ""OK"", ""duration_ms"": 159.6}, {""state"": ""VERIFY_GRASP"", ""success"": true, ""message"": ""object lifted 146 mm"", ""reason"": ""OK"", ""duration_ms"": 0.0}]"
x04-y03-r07,yolo,bottle,0.4,-0.07,0.39752763887786474,-0.07047814653126588,113.84442993115097,7,IN_DOMAIN,True,,,,,145.8,1157.9,572.3,157.5,52.9,0.0,lateral_band,upper,0.0,0.195,0.07500000000000001,0.02210825738025557,0.06101806386125116,"{""candidate_id"": ""preferred_00"", ""direction_deg"": 0.0, ""pre_close_object_xy_shift_mm"": 0.0, ""close_object_xy_shift_mm"": 0.221, ""lift_horizontal_drift_mm"": 1.712, ""lift_height_mm"": 145.849, ""target_contact_geoms"": [""link7/geom:18"", ""link8/geom:20"", ""table/table_top""], ""bilateral_finger_contact"": true, ""failure_class"": ""NONE""}",0.0,[],"[{""state"": ""DETECT_SOURCE"", ""success"": true, ""message"": ""selected bottle_0 conf=0.87 base=[ 0.402 -0.072  0.173] (1457 ROI pts)"", ""reason"": ""OK"", ""duration_ms"": 572.3}, {""state"": ""PLAN_PICK"", ""success"": true, ""message"": ""selected preferred_00 direction=0deg margin=0.085rad"", ""reason"": ""OK"", ""duration_ms"": 428.1}, {""state"": ""EXECUTE_PICK"", ""success"": true, ""message"": ""validated motion plan executed"", ""reason"": ""OK"", ""duration_ms"": 157.5}, {""state"": ""VERIFY_GRASP"", ""success"": true, ""message"": ""object lifted 146 mm"", ""reason"": ""OK"", ""duration_ms"": 0.0}]"
x04-y03-r08,yolo,bottle,0.4,-0.07,0.40274210288662354,-0.07203668858827313,242.6633669827121,8,IN_DOMAIN,True,,,,,145.9,1163.7,572.1,160.6,52.0,0.0,lateral_band,upper,0.0,0.195,0.07500000000000001,0.02213059008636251,0.06096593343988992,"{""candidate_id"": ""preferred_00"", ""direction_deg"": 0.0, ""pre_close_object_xy_shift_mm"": 0.0, ""close_object_xy_shift_mm"": 0.026, ""lift_horizontal_drift_mm"": 1.429, ""lift_height_mm"": 145.941, ""target_contact_geoms"": [""link7/geom:18"", ""link8/geom:20"", ""table/table_top""], ""bilateral_finger_contact"": true, ""failure_class"": ""NONE""}",0.0,[],"[{""state"": ""DETECT_SOURCE"", ""success"": true, ""message"": ""selected bottle_0 conf=0.86 base=[ 0.404 -0.073  0.172] (1300 ROI pts)"", ""reason"": ""OK"", ""duration_ms"": 572.1}, {""state"": ""PLAN_PICK"", ""success"": true, ""message"": ""selected preferred_00 direction=0deg margin=0.087rad"", ""reason"": ""OK"", ""duration_ms"": 430.9}, {""state"": ""EXECUTE_PICK"", ""success"": true, ""message"": ""validated motion plan executed"", ""reason"": ""OK"", ""duration_ms"": 160.6}, {""state"": ""VERIFY_GRASP"", ""success"": true, ""message"": ""object lifted 146 mm"", ""reason"": ""OK"", ""duration_ms"": 0.0}]"
x04-y03-r09,yolo,bottle,0.4,-0.07,0.4008631877872604,-0.06763490721922444,84.16436616986952,9,IN_DOMAIN,True,,,,,145.8,1148.5,566.3,157.7,52.2,0.0,lateral_band,upper,0.0,0.195,0.07500000000000001,0.02102353755521432,0.05908487719079953,"{""candidate_id"": ""preferred_00"", ""direction_deg"": 0.0, ""pre_close_object_xy_shift_mm"": 0.0, ""close_object_xy_shift_mm"": 0.008, ""lift_horizontal_drift_mm"": 1.404, ""lift_height_mm"": 145.783, ""target_contact_geoms"": [""link7/geom:18"", ""link8/geom:20"", ""table/table_top""], ""bilateral_finger_contact"": true, ""failure_class"": ""NONE""}",0.0,[],"[{""state"": ""DETECT_SOURCE"", ""success"": true, ""message"": ""selected bottle_0 conf=0.92 base=[ 0.404 -0.068  0.172] (1421 ROI pts)"", ""reason"": ""OK"", ""duration_ms"": 566.3}, {""state"": ""PLAN_PICK"", ""success"": true, ""message"": ""selected preferred_00 direction=0deg margin=0.091rad"", ""reason"": ""OK"", ""duration_ms"": 424.4}, {""state"": ""EXECUTE_PICK"", ""success"": true, ""message"": ""validated motion plan executed"", ""reason"": ""OK"", ""duration_ms"": 157.7}, {""state"": ""VERIFY_GRASP"", ""success"": true, ""message"": ""object lifted 146 mm"", ""reason"": ""OK"", ""duration_ms"": 0.0}]"
x04-y03-r10,yolo,bottle,0.4,-0.07,0.3995830048469203,-0.06888300880986138,175.47539178806596,10,IN_DOMAIN,True,,,,,145.5,1064.3,567.0,148.5,56.3,0.0,lateral_band,upper,0.0,0.195,0.07500000000000001,0.02169332716207348,0.06059320362025676,"{""candidate_id"": ""preferred_00"", ""direction_deg"": 0.0, ""pre_close_object_xy_shift_mm"": 0.0, ""close_object_xy_shift_mm"": 0.346, ""lift_horizontal_drift_mm"": 3.165, ""lift_height_mm"": 145.471, ""target_contact_geoms"": [""link7/geom:18"", ""link8/geom:20"", ""table/table_top""], ""bilateral_finger_contact"": true, ""failure_class"": ""NONE""}",0.0,[],"[{""state"": ""DETECT_SOURCE"", ""success"": true, ""message"": ""selected bottle_0 conf=0.35 base=[ 0.395 -0.068  0.176] (1127 ROI pts)"", ""reason"": ""OK"", ""duration_ms"": 567.0}, {""state"": ""PLAN_PICK"", ""success"": true, ""message"": ""selected preferred_00 direction=0deg margin=0.082rad"", ""reason"": ""OK"", ""duration_ms"": 348.8}, {""state"": ""EXECUTE_PICK"", ""success"": true, ""message"": ""validated motion plan executed"", ""reason"": ""OK"", ""duration_ms"": 148.5}, {""state"": ""VERIFY_GRASP"", ""success"": true, ""message"": ""object lifted 145 mm"", ""reason"": ""OK"", ""duration_ms"": 0.0}]"
x04-y04-r01,yolo,bottle,0.4,-0.025,0.40163700238842526,-0.022110902055881124,7.0126734917834765,1,IN_DOMAIN,True,,,,,145.4,915.2,465.0,148.1,57.4,0.0,lateral_band,upper,0.0,0.195,0.07500000000000001,0.008102883142137854,0.02586333085203622,"{""candidate_id"": ""preferred_00"", ""direction_deg"": 0.0, ""pre_close_object_xy_shift_mm"": 0.0, ""close_object_xy_shift_mm"": 0.359, ""lift_horizontal_drift_mm"": 5.024, ""lift_height_mm"": 145.433, ""target_contact_geoms"": [""link7/geom:18"", ""link8/geom:20"", ""table/table_top""], ""bilateral_finger_contact"": true, ""failure_class"": ""NONE""}",0.0,[],"[{""state"": ""DETECT_SOURCE"", ""success"": true, ""message"": ""selected bottle_0 conf=0.52 base=[ 0.394 -0.021  0.177] (893 ROI pts)"", ""reason"": ""OK"", ""duration_ms"": 465.0}, {""state"": ""PLAN_PICK"", ""success"": true, ""message"": ""selected preferred_00 direction=0deg margin=0.120rad"", ""reason"": ""OK"", ""duration_ms"": 302.1}, {""state"": ""EXECUTE_PICK"", ""success"": true, ""message"": ""validated motion plan executed"", ""reason"": ""OK"", ""duration_ms"": 148.1}, {""state"": ""VERIFY_GRASP"", ""success"": true, ""message"": ""object lifted 145 mm"", ""reason"": ""OK"", ""duration_ms"": 0.0}]"
x04-y04-r02,yolo,bottle,0.4,-0.025,0.40274451747079126,-0.024041687366791513,207.18467086533872,2,IN_DOMAIN,True,,,,,146.0,918.5,462.5,152.3,58.9,0.0,lateral_band,upper,0.0,0.195,0.07500000000000001,0.009060241751291798,0.029153459580073714,"{""candidate_id"": ""preferred_00"", ""direction_deg"": 0.0, ""pre_close_object_xy_shift_mm"": 0.0, ""close_object_xy_shift_mm"": 0.204, ""lift_horizontal_drift_mm"": 2.017, ""lift_height_mm"": 146.011, ""target_contact_geoms"": [""link7/geom:18"", ""link8/geom:20"", ""table/table_top""], ""bilateral_finger_contact"": true, ""failure_class"": ""NONE""}",0.0,[],"[{""state"": ""DETECT_SOURCE"", ""success"": true, ""message"": ""selected bottle_0 conf=0.22 base=[ 0.394 -0.024  0.178] (893 ROI pts)"", ""reason"": ""OK"", ""duration_ms"": 462.5}, {""state"": ""PLAN_PICK"", ""success"": true, ""message"": ""selected preferred_00 direction=0deg margin=0.119rad"", ""reason"": ""OK"", ""duration_ms"": 303.7}, {""state"": ""EXECUTE_PICK"", ""success"": true, ""message"": ""validated motion plan executed"", ""reason"": ""OK"", ""duration_ms"": 152.3}, {""state"": ""VERIFY_GRASP"", ""success"": true, ""message"": ""object lifted 146 mm"", ""reason"": ""OK"", ""duration_ms"": 0.0}]"
x04-y04-r03,yolo,bottle,0.4,-0.025,0.3994938636946717,-0.026251013234748436,95.9618871853087,3,IN_DOMAIN,True,,,,,145.9,1170.0,570.3,163.6,51.8,0.0,lateral_band,upper,0.0,0.195,0.07500000000000001,0.009640266806507843,0.03084392275995726,"{""candidate_id"": ""preferred_00"", ""direction_deg"": 0.0, ""pre_close_object_xy_shift_mm"": 0.0, ""close_object_xy_shift_mm"": 0.012, ""lift_horizontal_drift_mm"": 3.333, ""lift_height_mm"": 145.948, ""target_contact_geoms"": [""link7/geom:18"", ""link8/geom:20"", ""table/table_top""], ""bilateral_finger_contact"": true, ""failure_class"": ""NONE""}",0.0,[],"[{""state"": ""DETECT_SOURCE"", ""success"": true, ""message"": ""selected bottle_0 conf=0.79 base=[ 0.403 -0.027  0.172] (1288 ROI pts)"", ""reason"": ""OK"", ""duration_ms"": 570.3}, {""state"": ""PLAN_PICK"", ""success"": true, ""message"": ""selected preferred_00 direction=0deg margin=0.121rad"", ""reason"": ""OK"", ""duration_ms"": 436.1}, {""state"": ""EXECUTE_PICK"", ""success"": true, ""message"": ""validated motion plan executed"", ""reason"": ""OK"", ""duration_ms"": 163.6}, {""state"": ""VERIFY_GRASP"", ""success"": true, ""message"": ""object lifted 146 mm"", ""reason"": ""OK"", ""duration_ms"": 0.0}]"
x04-y04-r04,yolo,bottle,0.4,-0.025,0.3986143592919312,-0.027411746577843475,238.56657179805484,4,IN_DOMAIN,True,,,,,146.1,1043.2,577.0,155.3,53.0,0.0,lateral_band,upper,0.0,0.195,0.07500000000000001,0.010208325466292727,0.03285008380722952,"{""candidate_id"": ""preferred_00"", ""direction_deg"": 0.0, ""pre_close_object_xy_shift_mm"": 0.0, ""close_object_xy_shift_mm"": 0.011, ""lift_horizontal_drift_mm"": 1.796, ""lift_height_mm"": 146.143, ""target_contact_geoms"": [""link7/geom:18"", ""link8/geom:20"", ""table/table_top""], ""bilateral_finger_contact"": true, ""failure_class"": ""NONE""}",0.0,[],"[{""state"": ""DETECT_SOURCE"", ""success"": true, ""message"": ""selected bottle_0 conf=0.55 base=[ 0.397 -0.028  0.173] (1150 ROI pts)"", ""reason"": ""OK"", ""duration_ms"": 577.0}, {""state"": ""PLAN_PICK"", ""success"": true, ""message"": ""selected preferred_00 direction=0deg margin=0.118rad"", ""reason"": ""OK"", ""duration_ms"": 310.8}, {""state"": ""EXECUTE_PICK"", ""success"": true, ""message"": ""validated motion plan executed"", ""reason"": ""OK"", ""duration_ms"": 155.3}, {""state"": ""VERIFY_GRASP"", ""success"": true, ""message"": ""object lifted 146 mm"", ""reason"": ""OK"", ""duration_ms"": 0.0}]"
x04-y04-r05,yolo,bottle,0.4,-0.025,0.39948151586866776,-0.027919389033668106,56.617503368979506,5,IN_DOMAIN,True,,,,,146.1,1047.7,576.3,154.4,53.3,0.0,lateral_band,upper,0.0,0.195,0.07500000000000001,0.010212485119077812,0.03286426050707368,"{""candidate_id"": ""preferred_00"", ""direction_deg"": 0.0, ""pre_close_object_xy_shift_mm"": 0.0, ""close_object_xy_shift_mm"": 0.164, ""lift_horizontal_drift_mm"": 1.912, ""lift_height_mm"": 146.052, ""target_contact_geoms"": [""link7/geom:18"", ""link8/geom:20"", ""table/table_top""], ""bilateral_finger_contact"": true, ""failure_class"": ""NONE""}",0.0,[],"[{""state"": ""DETECT_SOURCE"", ""success"": true, ""message"": ""selected bottle_0 conf=0.55 base=[ 0.397 -0.028  0.173] (1100 ROI pts)"", ""reason"": ""OK"", ""duration_ms"": 576.3}, {""state"": ""PLAN_PICK"", ""success"": true, ""message"": ""selected preferred_00 direction=0deg margin=0.118rad"", ""reason"": ""OK"", ""duration_ms"": 317.0}, {""state"": ""EXECUTE_PICK"", ""success"": true, ""message"": ""validated motion plan executed"", ""reason"": ""OK"", ""duration_ms"": 154.4}, {""state"": ""VERIFY_GRASP"", ""success"": true, ""message"": ""object lifted 146 mm"", ""reason"": ""OK"", ""duration_ms"": 0.0}]"
x04-y04-r06,yolo,bottle,0.4,-0.025,0.3997109357012795,-0.024538605088633942,179.81922526795566,6,IN_DOMAIN,True,,,,,145.9,1034.6,575.8,152.0,57.2,0.0,lateral_band,upper,0.0,0.195,0.07500000000000001,0.009085133030485724,0.029253122523393828,"{""candidate_id"": ""preferred_00"", ""direction_deg"": 0.0, ""pre_close_object_xy_shift_mm"": 0.0, ""close_object_xy_shift_mm"": 0.323, ""lift_horizontal_drift_mm"": 2.213, ""lift_height_mm"": 145.895, ""target_contact_geoms"": [""link7/geom:18"", ""link8/geom:20"", ""table/table_top""], ""bilateral_finger_contact"": true, ""failure_class"": ""NONE""}",0.0,[],"[{""state"": ""DETECT_SOURCE"", ""success"": true, ""message"": ""selected bottle_0 conf=0.37 base=[ 0.394 -0.024  0.177] (987 ROI pts)"", ""reason"": ""OK"", ""duration_ms"": 575.8}, {""state"": ""PLAN_PICK"", ""success"": true, ""message"": ""selected preferred_00 direction=0deg margin=0.119rad"", ""reason"": ""OK"", ""duration_ms"": 306.7}, {""state"": ""EXECUTE_PICK"", ""success"": true, ""message"": ""validated motion plan executed"", ""reason"": ""OK"", ""duration_ms"": 152.0}, {""state"": ""VERIFY_GRASP"", ""success"": true, ""message"": ""object lifted 146 mm"", ""reason"": ""OK"", ""duration_ms"": 0.0}]"
x04-y04-r07,yolo,bottle,0.4,-0.025,0.3986508158163461,-0.02344611855213678,102.29781499879556,7,IN_DOMAIN,True,,,,,145.8,1181.4,585.0,158.9,52.1,0.0,lateral_band,upper,0.0,0.195,0.07500000000000001,0.00886499084087083,0.02828293781097568,"{""candidate_id"": ""preferred_00"", ""direction_deg"": 0.0, ""pre_close_object_xy_shift_mm"": 0.0, ""close_object_xy_shift_mm"": 0.018, ""lift_horizontal_drift_mm"": 2.098, ""lift_height_mm"": 145.818, ""target_contact_geoms"": [""link7/geom:18"", ""link8/geom:20"", ""table/table_top""], ""bilateral_finger_contact"": true, ""failure_class"": ""NONE""}",0.0,[],"[{""state"": ""DETECT_SOURCE"", ""success"": true, ""message"": ""selected bottle_0 conf=0.81 base=[ 0.402 -0.024  0.172] (1288 ROI pts)"", ""reason"": ""OK"", ""duration_ms"": 585.0}, {""state"": ""PLAN_PICK"", ""success"": true, ""message"": ""selected preferred_00 direction=0deg margin=0.122rad"", ""reason"": ""OK"", ""duration_ms"": 437.5}, {""state"": ""EXECUTE_PICK"", ""success"": true, ""message"": ""validated motion plan executed"", ""reason"": ""OK"", ""duration_ms"": 158.9}, {""state"": ""VERIFY_GRASP"", ""success"": true, ""message"": ""object lifted 146 mm"", ""reason"": ""OK"", ""duration_ms"": 0.0}]"
x04-y04-r08,yolo,bottle,0.4,-0.025,0.398515744406877,-0.024548841872835306,186.68364331917758,8,IN_DOMAIN,True,,,,,145.7,919.7,455.9,155.8,58.6,0.0,lateral_band,upper,0.0,0.195,0.07500000000000001,0.009246421626480355,0.029865394995017204,"{""candidate_id"": ""preferred_00"", ""direction_deg"": 0.0, ""pre_close_object_xy_shift_mm"": 0.0, ""close_object_xy_shift_mm"": 0.296, ""lift_horizontal_drift_mm"": 2.104, ""lift_height_mm"": 145.684, ""target_contact_geoms"": [""link7/geom:18"", ""link8/geom:20"", ""table/table_top""], ""bilateral_finger_contact"": true, ""failure_class"": ""NONE""}",0.0,[],"[{""state"": ""DETECT_SOURCE"", ""success"": true, ""message"": ""selected bottle_0 conf=0.26 base=[ 0.391 -0.024  0.178] (940 ROI pts)"", ""reason"": ""OK"", ""duration_ms"": 455.9}, {""state"": ""PLAN_PICK"", ""success"": true, ""message"": ""selected preferred_00 direction=0deg margin=0.118rad"", ""reason"": ""OK"", ""duration_ms"": 308.0}, {""state"": ""EXECUTE_PICK"", ""success"": true, ""message"": ""validated motion plan executed"", ""reason"": ""OK"", ""duration_ms"": 155.8}, {""state"": ""VERIFY_GRASP"", ""success"": true, ""message"": ""object lifted 146 mm"", ""reason"": ""OK"", ""duration_ms"": 0.0}]"
x04-y04-r09,yolo,bottle,0.4,-0.025,0.3999458229548447,-0.024367856171860873,174.24538044899865,9,IN_DOMAIN,True,,,,,145.7,1032.8,566.4,155.4,55.0,0.0,lateral_band,upper,0.0,0.195,0.07500000000000001,0.008984889858014407,0.028871440634888206,"{""candidate_id"": ""preferred_00"", ""direction_deg"": 0.0, ""pre_close_object_xy_shift_mm"": 0.0, ""close_object_xy_shift_mm"": 0.319, ""lift_horizontal_drift_mm"": 2.234, ""lift_height_mm"": 145.657, ""target_contact_geoms"": [""link7/geom:18"", ""link8/geom:20"", ""table/table_top""], ""bilateral_finger_contact"": true, ""failure_class"": ""NONE""}",0.0,[],"[{""state"": ""DETECT_SOURCE"", ""success"": true, ""message"": ""selected bottle_0 conf=0.49 base=[ 0.395 -0.024  0.175] (987 ROI pts)"", ""reason"": ""OK"", ""duration_ms"": 566.4}, {""state"": ""PLAN_PICK"", ""success"": true, ""message"": ""selected preferred_00 direction=0deg margin=0.119rad"", ""reason"": ""OK"", ""duration_ms"": 310.9}, {""state"": ""EXECUTE_PICK"", ""success"": true, ""message"": ""validated motion plan executed"", ""reason"": ""OK"", ""duration_ms"": 155.4}, {""state"": ""VERIFY_GRASP"", ""success"": true, ""message"": ""object lifted 146 mm"", ""reason"": ""OK"", ""duration_ms"": 0.0}]"
x04-y04-r10,yolo,bottle,0.4,-0.025,0.39988509657225685,-0.02533053869754801,155.37188249754777,10,IN_DOMAIN,True,,,,,145.8,1120.9,592.6,153.4,53.8,0.0,lateral_band,upper,0.0,0.195,0.07500000000000001,0.009247655522784046,0.02963321269563612,"{""candidate_id"": ""preferred_00"", ""direction_deg"": 0.0, ""pre_close_object_xy_shift_mm"": 0.0, ""close_object_xy_shift_mm"": 0.213, ""lift_horizontal_drift_mm"": 2.024, ""lift_height_mm"": 145.801, ""target_contact_geoms"": [""link7/geom:18"", ""link8/geom:20"", ""table/table_top""], ""bilateral_finger_contact"": true, ""failure_class"": ""NONE""}",0.0,[],"[{""state"": ""DETECT_SOURCE"", ""success"": true, ""message"": ""selected bottle_0 conf=0.83 base=[ 0.4   -0.025  0.174] (1104 ROI pts)"", ""reason"": ""OK"", ""duration_ms"": 592.6}, {""state"": ""PLAN_PICK"", ""success"": true, ""message"": ""selected preferred_00 direction=0deg margin=0.120rad"", ""reason"": ""OK"", ""duration_ms"": 374.9}, {""state"": ""EXECUTE_PICK"", ""success"": true, ""message"": ""validated motion plan executed"", ""reason"": ""OK"", ""duration_ms"": 153.4}, {""state"": ""VERIFY_GRASP"", ""success"": true, ""message"": ""object lifted 146 mm"", ""reason"": ""OK"", ""duration_ms"": 0.0}]"
x05-y01-r01,yolo,bottle,0.42,-0.16,0.4190530118384864,-0.15888492637422502,229.36130716955986,1,IN_DOMAIN,True,,,,,146.2,980.1,465.6,164.8,50.8,324.1985330123846,lateral_band,lower,339.19853301238453,0.195,0.07500000000000001,0.028044361231260702,0.0681659990698447,"{""candidate_id"": ""preferred_00"", ""direction_deg"": 324.1985330123846, ""pre_close_object_xy_shift_mm"": 0.0, ""close_object_xy_shift_mm"": 0.359, ""lift_horizontal_drift_mm"": 1.781, ""lift_height_mm"": 146.224, ""target_contact_geoms"": [""link7/geom:18"", ""link8/geom:20"", ""table/table_top""], ""bilateral_finger_contact"": true, ""failure_class"": ""NONE""}",0.0,[],"[{""state"": ""DETECT_SOURCE"", ""success"": true, ""message"": ""selected bottle_0 conf=0.70 base=[ 0.423 -0.161  0.171] (1550 ROI pts)"", ""reason"": ""OK"", ""duration_ms"": 465.6}, {""state"": ""PLAN_PICK"", ""success"": true, ""message"": ""selected preferred_00 direction=324deg margin=0.100rad"", ""reason"": ""OK"", ""duration_ms"": 349.7}, {""state"": ""EXECUTE_PICK"", ""success"": true, ""message"": ""validated motion plan executed"", ""reason"": ""OK"", ""duration_ms"": 164.8}, {""state"": ""VERIFY_GRASP"", ""success"": true, ""message"": ""object lifted 146 mm"", ""reason"": ""OK"", ""duration_ms"": 0.0}]"
x05-y01-r02,yolo,bottle,0.42,-0.16,0.42025001075220303,-0.16130191358747628,272.46611766806956,2,IN_DOMAIN,True,,,,,146.0,982.7,460.8,169.8,51.4,323.92967221456263,lateral_band,lower,338.92967221456263,0.195,0.07500000000000001,0.028077538914700183,0.06812655279296113,"{""candidate_id"": ""preferred_00"", ""direction_deg"": 323.92967221456263, ""pre_close_object_xy_shift_mm"": 0.0, ""close_object_xy_shift_mm"": 0.394, ""lift_horizontal_drift_mm"": 2.54, ""lift_height_mm"": 146.012, ""target_contact_geoms"": [""link7/geom:18"", ""link8/geom:20"", ""table/table_top""], ""bilateral_finger_contact"": true, ""failure_class"": ""NONE""}",0.0,[],"[{""state"": ""DETECT_SOURCE"", ""success"": true, ""message"": ""selected bottle_0 conf=0.90 base=[ 0.427 -0.164  0.171] (1666 ROI pts)"", ""reason"": ""OK"", ""duration_ms"": 460.8}, {""state"": ""PLAN_PICK"", ""success"": true, ""message"": ""selected preferred_00 direction=324deg margin=0.107rad"", ""reason"": ""OK"", ""duration_ms"": 352.1}, {""state"": ""EXECUTE_PICK"", ""success"": true, ""message"": ""validated motion plan executed"", ""reason"": ""OK"", ""duration_ms"": 169.8}, {""state"": ""VERIFY_GRASP"", ""success"": true, ""message"": ""object lifted 146 mm"", ""reason"": ""OK"", ""duration_ms"": 0.0}]"
x05-y01-r03,yolo,bottle,0.42,-0.16,0.41896808347087355,-0.15993408316469804,105.16631906765258,3,IN_DOMAIN,True,,,,,146.3,969.6,450.3,168.7,51.0,324.0423794362686,lateral_band,lower,339.0423794362686,0.195,0.07500000000000001,0.028059141501672446,0.06814160435258391,"{""candidate_id"": ""preferred_00"", ""direction_deg"": 324.0423794362686, ""pre_close_object_xy_shift_mm"": 0.0, ""close_object_xy_shift_mm"": 0.381, ""lift_horizontal_drift_mm"": 2.123, ""lift_height_mm"": 146.257, ""target_contact_geoms"": [""link7/geom:18"", ""link8/geom:20"", ""table/table_top""], ""bilateral_finger_contact"": true, ""failure_class"": ""NONE""}",0.0,[],"[{""state"": ""DETECT_SOURCE"", ""success"": true, ""message"": ""selected bottle_0 conf=0.89 base=[ 0.425 -0.163  0.17 ] (1666 ROI pts)"", ""reason"": ""OK"", ""duration_ms"": 450.3}, {""state"": ""PLAN_PICK"", ""success"": true, ""message"": ""selected preferred_00 direction=324deg margin=0.103rad"", ""reason"": ""OK"", ""duration_ms"": 350.5}, {""state"": ""EXECUTE_PICK"", ""success"": true, ""message"": ""validated motion plan executed"", ""reason"": ""OK"", ""duration_ms"": 168.7}, {""state"": ""VERIFY_GRASP"", ""success"": true, ""message"": ""object lifted 146 mm"", ""reason"": ""OK"", ""duration_ms"": 0.0}]"
x05-y01-r04,yolo,bottle,0.42,-0.16,0.4221862282548655,-0.161593582127188,98.65468047444354,4,IN_DOMAIN,True,,,,,146.0,979.7,457.2,169.9,50.9,323.97949716529996,lateral_band,lower,338.97949716529996,0.195,0.07500000000000001,0.02808881353419056,0.06812184482907668,"{""candidate_id"": ""preferred_00"", ""direction_deg"": 323.97949716529996, ""pre_close_object_xy_shift_mm"": 0.0, ""close_object_xy_shift_mm"": 0.378, ""lift_horizontal_drift_mm"": 2.362, ""lift_height_mm"": 146.0, ""target_contact_geoms"": [""link7/geom:18"", ""link8/geom:20"", ""table/table_top""], ""bilateral_finger_contact"": true, ""failure_class"": ""NONE""}",0.0,[],"[{""state"": ""DETECT_SOURCE"", ""success"": true, ""message"": ""selected bottle_0 conf=0.88 base=[ 0.428 -0.165  0.17 ] (1666 ROI pts)"", ""reason"": ""OK"", ""duration_ms"": 457.2}, {""state"": ""PLAN_PICK"", ""success"": true, ""message"": ""selected preferred_00 direction=324deg margin=0.109rad"", ""reason"": ""OK"", ""duration_ms"": 352.6}, {""state"": ""EXECUTE_PICK"", ""success"": true, ""message"": ""validated motion plan executed"", ""reason"": ""OK"", ""duration_ms"": 169.9}, {""state"": ""VERIFY_GRASP"", ""success"": true, ""message"": ""object lifted 146 mm"", ""reason"": ""OK"", ""duration_ms"": 0.0}]"
x05-y01-r05,yolo,bottle,0.42,-0.16,0.42253357866283225,-0.15984678049008147,83.83313966036627,5,IN_DOMAIN,True,,,,,146.2,973.2,456.8,170.3,51.0,324.2817032945767,lateral_band,lower,339.2817032945767,0.195,0.07500000000000001,0.028083332216074144,0.06812380437160231,"{""candidate_id"": ""preferred_00"", ""direction_deg"": 324.2817032945767, ""pre_close_object_xy_shift_mm"": 0.0, ""close_object_xy_shift_mm"": 0.409, ""lift_horizontal_drift_mm"": 2.398, ""lift_height_mm"": 146.216, ""target_contact_geoms"": [""link7/geom:18"", ""link8/geom:20"", ""table/table_top""], ""bilateral_finger_contact"": true, ""failure_class"": ""NONE""}",0.0,[],"[{""state"": ""DETECT_SOURCE"", ""success"": true, ""message"": ""selected bottle_0 conf=0.91 base=[ 0.428 -0.162  0.171] (1617 ROI pts)"", ""reason"": ""OK"", ""duration_ms"": 456.8}, {""state"": ""PLAN_PICK"", ""success"": true, ""message"": ""selected preferred_00 direction=324deg margin=0.108rad"", ""reason"": ""OK"", ""duration_ms"": 346.0}, {""state"": ""EXECUTE_PICK"", ""success"": true, ""message"": ""validated motion plan executed"", ""reason"": ""OK"", ""duration_ms"": 170.3}, {""state"": ""VERIFY_GRASP"", ""success"": true, ""message"": ""object lifted 146 mm"", ""reason"": ""OK"", ""duration_ms"": 0.0}]"
x05-y01-r06,yolo,bottle,0.42,-0.16,0.4213071304087181,-0.16236064022296046,231.3428588529171,6,IN_DOMAIN,True,,,,,146.0,975.7,461.7,169.1,50.6,323.89356070671965,lateral_band,lower,338.89356070671965,0.195,0.07500000000000001,0.02806880603994669,0.0681322928791434,"{""candidate_id"": ""preferred_00"", ""direction_deg"": 323.89356070671965, ""pre_close_object_xy_shift_mm"": 0.0, ""close_object_xy_shift_mm"": 0.363, ""lift_horizontal_drift_mm"": 2.262, ""lift_height_mm"": 146.005, ""target_contact_geoms"": [""link7/geom:18"", ""link8/geom:20"", ""table/table_top""], ""bilateral_finger_contact"": true, ""failure_class"": ""NONE""}",0.0,[],"[{""state"": ""DETECT_SOURCE"", ""success"": true, ""message"": ""selected bottle_0 conf=0.88 base=[ 0.426 -0.164  0.17 ] (1550 ROI pts)"", ""reason"": ""OK"", ""duration_ms"": 461.7}, {""state"": ""PLAN_PICK"", ""success"": true, ""message"": ""selected preferred_00 direction=324deg margin=0.105rad"", ""reason"": ""OK"", ""duration_ms"": 344.9}, {""state"": ""EXECUTE_PICK"", ""success"": true, ""message"": ""validated motion plan executed"", ""reason"": ""OK"", ""duration_ms"": 169.1}, {""state"": ""VERIFY_GRASP"", ""success"": true, ""message"": ""object lifted 146 mm"", ""reason"": ""OK"", ""duration_ms"": 0.0}]"
x05-y01-r07,yolo,bottle,0.42,-0.16,0.4177819769259859,-0.16251296507744198,177.35477759834058,7,IN_DOMAIN,True,,,,,146.1,960.6,450.4,159.2,59.2,323.73846729088353,lateral_band,lower,338.73846729088353,0.195,0.07500000000000001,0.0280316540607495,0.0683272252711878,"{""candidate_id"": ""preferred_00"", ""direction_deg"": 323.73846729088353, ""pre_close_object_xy_shift_mm"": 0.0, ""close_object_xy_shift_mm"": 0.104, ""lift_horizontal_drift_mm"": 1.403, ""lift_height_mm"": 146.143, ""target_contact_geoms"": [""link7/geom:18"", ""link8/geom:20"", ""table/table_top""], ""bilateral_finger_contact"": true, ""failure_class"": ""NONE""}",0.0,[],"[{""state"": ""DETECT_SOURCE"", ""success"": true, ""message"": ""selected bottle_0 conf=0.21 base=[ 0.413 -0.161  0.179] (1350 ROI pts)"", ""reason"": ""OK"", ""duration_ms"": 450.4}, {""state"": ""PLAN_PICK"", ""success"": true, ""message"": ""selected preferred_00 direction=324deg margin=0.087rad"", ""reason"": ""OK"", ""duration_ms"": 351.0}, {""state"": ""EXECUTE_PICK"", ""success"": true, ""message"": ""validated motion plan executed"", ""reason"": ""OK"", ""duration_ms"": 159.2}, {""state"": ""VERIFY_GRASP"", ""success"": true, ""message"": ""object lifted 146 mm"", ""reason"": ""OK"", ""duration_ms"": 0.0}]"
x05-y01-r08,yolo,bottle,0.42,-0.16,0.4213861705584855,-0.16168607104935798,181.3528542277181,8,IN_DOMAIN,True,,,,,146.2,957.2,449.3,165.9,48.3,324.09733882550654,lateral_band,lower,339.09733882550654,0.195,0.07500000000000001,0.028029071164767314,0.06824493630921351,"{""candidate_id"": ""preferred_00"", ""direction_deg"": 324.09733882550654, ""pre_close_object_xy_shift_mm"": 0.0, ""close_object_xy_shift_mm"": 0.101, ""lift_horizontal_drift_mm"": 0.735, ""lift_height_mm"": 146.226, ""target_contact_geoms"": [""link7/geom:18"", ""link8/geom:20"", ""table/table_top""], ""bilateral_finger_contact"": true, ""failure_class"": ""NONE""}",0.0,[],"[{""state"": ""DETECT_SOURCE"", ""success"": true, ""message"": ""selected bottle_0 conf=0.08 base=[ 0.418 -0.16   0.168] (1350 ROI pts)"", ""reason"": ""OK"", ""duration_ms"": 449.3}, {""state"": ""PLAN_PICK"", ""success"": true, ""message"": ""selected preferred_00 direction=324deg margin=0.092rad"", ""reason"": ""OK"", ""duration_ms"": 342.0}, {""state"": ""EXECUTE_PICK"", ""success"": true, ""message"": ""validated motion plan executed"", ""reason"": ""OK"", ""duration_ms"": 165.9}, {""state"": ""VERIFY_GRASP"", ""success"": true, ""message"": ""object lifted 146 mm"", ""reason"": ""OK"", ""duration_ms"": 0.0}]"
x05-y01-r09,yolo,bottle,0.42,-0.16,0.42263153286551886,-0.1592030461699519,126.70611212363936,9,IN_DOMAIN,True,,,,,146.0,972.3,457.4,167.9,52.8,324.28421629618487,lateral_band,lower,339.28421629618487,0.195,0.07500000000000001,0.02807608612442324,0.06812736465725953,"{""candidate_id"": ""preferred_00"", ""direction_deg"": 324.28421629618487, ""pre_close_object_xy_shift_mm"": 0.0, ""close_object_xy_shift_mm"": 0.372, ""lift_horizontal_drift_mm"": 2.192, ""lift_height_mm"": 146.039, ""target_contact_geoms"": [""link7/geom:18"", ""link8/geom:20"", ""table/table_top""], ""bilateral_finger_contact"": true, ""failure_class"": ""NONE""}",0.0,[],"[{""state"": ""DETECT_SOURCE"", ""success"": true, ""message"": ""selected bottle_0 conf=0.83 base=[ 0.428 -0.162  0.172] (1536 ROI pts)"", ""reason"": ""OK"", ""duration_ms"": 457.4}, {""state"": ""PLAN_PICK"", ""success"": true, ""message"": ""selected preferred_00 direction=324deg margin=0.107rad"", ""reason"": ""OK"", ""duration_ms"": 346.9}, {""state"": ""EXECUTE_PICK"", ""success"": true, ""message"": ""validated motion plan executed"", ""reason"": ""OK"", ""duration_ms"": 167.9}, {""state"": ""VERIFY_GRASP"", ""success"": true, ""message"": ""object lifted 146 mm"", ""reason"": ""OK"", ""duration_ms"": 0.0}]"
x05-y01-r10,yolo,bottle,0.42,-0.16,0.421330273691707,-0.16203151285199915,260.0471874460494,10,IN_DOMAIN,True,,,,,146.0,1070.0,560.1,167.6,51.2,323.9172817060801,lateral_band,lower,338.9172817060801,0.195,0.07500000000000001,0.028089204942514403,0.06812172642095432,"{""candidate_id"": ""preferred_00"", ""direction_deg"": 323.9172817060801, ""pre_close_object_xy_shift_mm"": 0.0, ""close_object_xy_shift_mm"": 0.394, ""lift_horizontal_drift_mm"": 2.677, ""lift_height_mm"": 146.007, ""target_contact_geoms"": [""link7/geom:18"", ""link8/geom:20"", ""table/table_top""], ""bilateral_finger_contact"": true, ""failure_class"": ""NONE""}",0.0,[],"[{""state"": ""DETECT_SOURCE"", ""success"": true, ""message"": ""selected bottle_0 conf=0.91 base=[ 0.428 -0.165  0.171] (1666 ROI pts)"", ""reason"": ""OK"", ""duration_ms"": 560.1}, {""state"": ""PLAN_PICK"", ""success"": true, ""message"": ""selected preferred_00 direction=324deg margin=0.109rad"", ""reason"": ""OK"", ""duration_ms"": 342.2}, {""state"": ""EXECUTE_PICK"", ""success"": true, ""message"": ""validated motion plan executed"", ""reason"": ""OK"", ""duration_ms"": 167.6}, {""state"": ""VERIFY_GRASP"", ""success"": true, ""message"": ""object lifted 146 mm"", ""reason"": ""OK"", ""duration_ms"": 0.0}]"
x05-y02-r01,yolo,bottle,0.42,-0.115,0.42015385234521685,-0.11352346415883573,340.402515950933,1,IN_DOMAIN,True,,,,,146.4,1070.5,570.5,159.8,55.4,329.93436626631905,lateral_band,lower,344.93436626631905,0.195,0.07500000000000001,0.028079567664022847,0.06857508582654447,"{""candidate_id"": ""preferred_00"", ""direction_deg"": 329.93436626631905, ""pre_close_object_xy_shift_mm"": 0.0, ""close_object_xy_shift_mm"": 0.235, ""lift_horizontal_drift_mm"": 1.293, ""lift_height_mm"": 146.379, ""target_contact_geoms"": [""link7/geom:18"", ""link8/geom:20"", ""table/table_top""], ""bilateral_finger_contact"": true, ""failure_class"": ""NONE""}",0.0,[],"[{""state"": ""DETECT_SOURCE"", ""success"": true, ""message"": ""selected bottle_0 conf=0.77 base=[ 0.42  -0.113  0.175] (1222 ROI pts)"", ""reason"": ""OK"", ""duration_ms"": 570.5}, {""state"": ""PLAN_PICK"", ""success"": true, ""message"": ""selected preferred_00 direction=330deg margin=0.076rad"", ""reason"": ""OK"", ""duration_ms"": 340.2}, {""state"": ""EXECUTE_PICK"", ""success"": true, ""message"": ""validated motion plan executed"", ""reason"": ""OK"", ""duration_ms"": 159.8}, {""state"": ""VERIFY_GRASP"", ""success"": true, ""message"": ""object lifted 146 mm"", ""reason"": ""OK"", ""duration_ms"": 0.0}]"
x05-y02-r02,yolo,bottle,0.42,-0.115,0.41882029298312073,-0.11705715817979638,246.8791296477546,2,IN_DOMAIN,True,,,,,146.0,1076.3,569.8,166.2,50.7,329.3375850560592,lateral_band,lower,344.3375850560592,0.195,0.07500000000000001,0.02804530717232839,0.06842384332184916,"{""candidate_id"": ""preferred_00"", ""direction_deg"": 329.3375850560592, ""pre_close_object_xy_shift_mm"": 0.0, ""close_object_xy_shift_mm"": 0.378, ""lift_horizontal_drift_mm"": 2.131, ""lift_height_mm"": 146.048, ""target_contact_geoms"": [""link7/geom:18"", ""link8/geom:20"", ""table/table_top""], ""bilateral_finger_contact"": true, ""failure_class"": ""NONE""}",0.0,[],"[{""state"": ""DETECT_SOURCE"", ""success"": true, ""message"": ""selected bottle_0 conf=0.90 base=[ 0.423 -0.119  0.17 ] (1500 ROI pts)"", ""reason"": ""OK"", ""duration_ms"": 569.8}, {""state"": ""PLAN_PICK"", ""success"": true, ""message"": ""selected preferred_00 direction=329deg margin=0.082rad"", ""reason"": ""OK"", ""duration_ms"": 340.4}, {""state"": ""EXECUTE_PICK"", ""success"": true, ""message"": ""validated motion plan executed"", ""reason"": ""OK"", ""duration_ms"": 166.2}, {""state"": ""VERIFY_GRASP"", ""success"": true, ""message"": ""object lifted 146 mm"", ""reason"": ""OK"", ""duration_ms"": 0.0}]"
x05-y02-r03,yolo,bottle,0.42,-0.115,0.4183303843111174,-0.1141863146222312,296.73539906837266,3,IN_DOMAIN,True,,,,,146.0,1075.7,565.9,167.1,51.6,329.63042109560183,lateral_band,lower,344.63042109560183,0.195,0.07500000000000001,0.028042173478258665,0.06840596908870364,"{""candidate_id"": ""preferred_00"", ""direction_deg"": 329.63042109560183, ""pre_close_object_xy_shift_mm"": 0.0, ""close_object_xy_shift_mm"": 0.362, ""lift_horizontal_drift_mm"": 2.194, ""lift_height_mm"": 146.014, ""target_contact_geoms"": [""link7/geom:18"", ""link8/geom:20"", ""table/table_top""], ""bilateral_finger_contact"": true, ""failure_class"": ""NONE""}",0.0,[],"[{""state"": ""DETECT_SOURCE"", ""success"": true, ""message"": ""selected bottle_0 conf=0.91 base=[ 0.425 -0.117  0.171] (1504 ROI pts)"", ""reason"": ""OK"", ""duration_ms"": 565.9}, {""state"": ""PLAN_PICK"", ""success"": true, ""message"": ""selected preferred_00 direction=330deg margin=0.083rad"", ""reason"": ""OK"", ""duration_ms"": 342.7}, {""state"": ""EXECUTE_PICK"", ""success"": true, ""message"": ""validated motion plan executed"", ""reason"": ""OK"", ""duration_ms"": 167.1}, {""state"": ""VERIFY_GRASP"", ""success"": true, ""message"": ""object lifted 146 mm"", ""reason"": ""OK"", ""duration_ms"": 0.0}]"
x05-y02-r04,yolo,bottle,0.42,-0.115,0.4225362191224215,-0.11658050906986804,177.32687928708364,4,IN_DOMAIN,True,,,,,145.8,947.5,455.5,154.0,58.0,329.5531255491533,lateral_band,lower,344.5531255491533,0.195,0.07500000000000001,0.02809516014144702,0.06863171088648959,"{""candidate_id"": ""preferred_00"", ""direction_deg"": 329.5531255491533, ""pre_close_object_xy_shift_mm"": 0.0, ""close_object_xy_shift_mm"": 0.139, ""lift_horizontal_drift_mm"": 2.187, ""lift_height_mm"": 145.801, ""target_contact_geoms"": [""link7/geom:18"", ""link8/geom:20"", ""table/table_top""], ""bilateral_finger_contact"": true, ""failure_class"": ""NONE""}",0.0,[],"[{""state"": ""DETECT_SOURCE"", ""success"": true, ""message"": ""selected bottle_0 conf=0.41 base=[ 0.418 -0.115  0.178] (1200 ROI pts)"", ""reason"": ""OK"", ""duration_ms"": 455.5}, {""state"": ""PLAN_PICK"", ""success"": true, ""message"": ""selected preferred_00 direction=330deg margin=0.074rad"", ""reason"": ""OK"", ""duration_ms"": 338.0}, {""state"": ""EXECUTE_PICK"", ""success"": true, ""message"": ""validated motion plan executed"", ""reason"": ""OK"", ""duration_ms"": 154.0}, {""state"": ""VERIFY_GRASP"", ""success"": true, ""message"": ""object lifted 146 mm"", ""reason"": ""OK"", ""duration_ms"": 0.0}]"
x05-y02-r05,yolo,bottle,0.42,-0.115,0.4214459090264385,-0.11589254891286373,239.5720384160289,5,IN_DOMAIN,True,,,,,146.2,1097.0,589.2,166.2,50.5,329.53255977627504,lateral_band,lower,344.53255977627504,0.195,0.07500000000000001,0.02803714992425028,0.06837364561980913,"{""candidate_id"": ""preferred_00"", ""direction_deg"": 329.53255977627504, ""pre_close_object_xy_shift_mm"": 0.0, ""close_object_xy_shift_mm"": 0.27, ""lift_horizontal_drift_mm"": 2.169, ""lift_height_mm"": 146.176, ""target_contact_geoms"": [""link7/geom:18"", ""link8/geom:20"", ""table/table_top""], ""bilateral_finger_contact"": true, ""failure_class"": ""NONE""}",0.0,[],"[{""state"": ""DETECT_SOURCE"", ""success"": true, ""message"": ""selected bottle_0 conf=0.89 base=[ 0.425 -0.118  0.17 ] (1440 ROI pts)"", ""reason"": ""OK"", ""duration_ms"": 589.2}, {""state"": ""PLAN_PICK"", ""success"": true, ""message"": ""selected preferred_00 direction=330deg margin=0.085rad"", ""reason"": ""OK"", ""duration_ms"": 341.6}, {""state"": ""EXECUTE_PICK"", ""success"": true, ""message"": ""validated motion plan executed"", ""reason"": ""OK"", ""duration_ms"": 166.2}, {""state"": ""VERIFY_GRASP"", ""success"": true, ""message"": ""object lifted 146 mm"", ""reason"": ""OK"", ""duration_ms"": 0.0}]"
x05-y02-r06,yolo,bottle,0.42,-0.115,0.4192657643080521,-0.11598779851559021,22.645849499312046,6,IN_DOMAIN,True,,,,,145.9,960.4,460.6,151.5,55.7,329.5429513798974,lateral_band,lower,344.5429513798974,0.195,0.07500000000000001,0.028127178402292584,0.06873706087996284,"{""candidate_id"": ""preferred_00"", ""direction_deg"": 329.5429513798974, ""pre_close_object_xy_shift_mm"": 0.0, ""close_object_xy_shift_mm"": 0.045, ""lift_horizontal_drift_mm"": 2.006, ""lift_height_mm"": 145.878, ""target_contact_geoms"": [""link7/geom:18"", ""link8/geom:20"", ""table/table_top""], ""bilateral_finger_contact"": true, ""failure_class"": ""NONE""}",0.0,[],"[{""state"": ""DETECT_SOURCE"", ""success"": true, ""message"": ""selected bottle_0 conf=0.41 base=[ 0.415 -0.115  0.175] (1225 ROI pts)"", ""reason"": ""OK"", ""duration_ms"": 460.6}, {""state"": ""PLAN_PICK"", ""success"": true, ""message"": ""selected preferred_00 direction=330deg margin=0.070rad"", ""reason"": ""OK"", ""duration_ms"": 348.3}, {""state"": ""EXECUTE_PICK"", ""success"": true, ""message"": ""validated motion plan executed"", ""reason"": ""OK"", ""duration_ms"": 151.5}, {""state"": ""VERIFY_GRASP"", ""success"": true, ""message"": ""object lifted 146 mm"", ""reason"": ""OK"", ""duration_ms"": 0.0}]"
x05-y02-r07,yolo,bottle,0.42,-0.115,0.41884691449537115,-0.11530789601710975,28.212781505745568,7,IN_DOMAIN,True,,,,,145.9,1054.3,557.9,151.8,54.5,329.58596207731165,lateral_band,lower,344.58596207731165,0.195,0.07500000000000001,0.028120430671094508,0.06871579162104473,"{""candidate_id"": ""preferred_00"", ""direction_deg"": 329.58596207731165, ""pre_close_object_xy_shift_mm"": 0.0, ""close_object_xy_shift_mm"": 0.032, ""lift_horizontal_drift_mm"": 1.996, ""lift_height_mm"": 145.906, ""target_contact_geoms"": [""link7/geom:18"", ""link8/geom:20"", ""table/table_top""], ""bilateral_finger_contact"": true, ""failure_class"": ""NONE""}",0.0,[],"[{""state"": ""DETECT_SOURCE"", ""success"": true, ""message"": ""selected bottle_0 conf=0.65 base=[ 0.416 -0.115  0.174] (1225 ROI pts)"", ""reason"": ""OK"", ""duration_ms"": 557.9}, {""state"": ""PLAN_PICK"", ""success"": true, ""message"": ""selected preferred_00 direction=330deg margin=0.071rad"", ""reason"": ""OK"", ""duration_ms"": 344.6}, {""state"": ""EXECUTE_PICK"", ""success"": true, ""message"": ""validated motion plan executed"", ""reason"": ""OK"", ""duration_ms"": 151.8}, {""state"": ""VERIFY_GRASP"", ""success"": true, ""message"": ""object lifted 146 mm"", ""reason"": ""OK"", ""duration_ms"": 0.0}]"
x05-y02-r08,yolo,bottle,0.42,-0.115,0.4176290357646015,-0.1174326214216043,344.6675390418237,8,IN_DOMAIN,True,,,,,146.5,963.4,460.0,161.4,56.8,329.3830315559489,lateral_band,lower,344.3830315559489,0.195,0.07500000000000001,0.028107199493376703,0.06867274282731158,"{""candidate_id"": ""preferred_00"", ""direction_deg"": 329.3830315559489, ""pre_close_object_xy_shift_mm"": 0.0, ""close_object_xy_shift_mm"": 0.217, ""lift_horizontal_drift_mm"": 1.287, ""lift_height_mm"": 146.47, ""target_contact_geoms"": [""link7/geom:18"", ""link8/geom:20"", ""table/table_top""], ""bilateral_finger_contact"": true, ""failure_class"": ""NONE""}",0.0,[],"[{""state"": ""DETECT_SOURCE"", ""success"": true, ""message"": ""selected bottle_0 conf=0.42 base=[ 0.416 -0.116  0.177] (1222 ROI pts)"", ""reason"": ""OK"", ""duration_ms"": 460.0}, {""state"": ""PLAN_PICK"", ""success"": true, ""message"": ""selected preferred_00 direction=329deg margin=0.072rad"", ""reason"": ""OK"", ""duration_ms"": 342.1}, {""state"": ""EXECUTE_PICK"", ""success"": true, ""message"": ""validated motion plan executed"", ""reason"": ""OK"", ""duration_ms"": 161.4}, {""state"": ""VERIFY_GRASP"", ""success"": true, ""message"": ""object lifted 146 mm"", ""reason"": ""OK"", ""duration_ms"": 0.0}]"
x05-y02-r09,yolo,bottle,0.42,-0.115,0.419259516136987,-0.1124563094781968,220.28526176221632,9,IN_DOMAIN,True,,,,,146.5,1065.7,562.5,160.3,52.6,329.90030672819154,lateral_band,lower,344.90030672819154,0.195,0.07500000000000001,0.02808699726172646,0.06860263603988603,"{""candidate_id"": ""preferred_00"", ""direction_deg"": 329.90030672819154, ""pre_close_object_xy_shift_mm"": 0.0, ""close_object_xy_shift_mm"": 0.04, ""lift_horizontal_drift_mm"": 0.731, ""lift_height_mm"": 146.546, ""target_contact_geoms"": [""link7/geom:18"", ""link8/geom:20"", ""table/table_top""], ""bilateral_finger_contact"": true, ""failure_class"": ""NONE""}",0.0,[],"[{""state"": ""DETECT_SOURCE"", ""success"": true, ""message"": ""selected bottle_0 conf=0.87 base=[ 0.419 -0.113  0.172] (1296 ROI pts)"", ""reason"": ""OK"", ""duration_ms"": 562.5}, {""state"": ""PLAN_PICK"", ""success"": true, ""message"": ""selected preferred_00 direction=330deg margin=0.075rad"", ""reason"": ""OK"", ""duration_ms"": 342.9}, {""state"": ""EXECUTE_PICK"", ""success"": true, ""message"": ""validated motion plan executed"", ""reason"": ""OK"", ""duration_ms"": 160.3}, {""state"": ""VERIFY_GRASP"", ""success"": true, ""message"": ""object lifted 147 mm"", ""reason"": ""OK"", ""duration_ms"": 0.0}]"
x05-y02-r10,yolo,bottle,0.42,-0.115,0.41780946301708605,-0.11323322177324398,11.271675915942234,10,IN_DOMAIN,True,,,,,146.2,958.2,457.3,155.9,57.6,329.91661355973383,lateral_band,lower,344.91661355973383,0.195,0.07500000000000001,0.028183247660672116,0.06890095969656267,"{""candidate_id"": ""preferred_00"", ""direction_deg"": 329.91661355973383, ""pre_close_object_xy_shift_mm"": 0.0, ""close_object_xy_shift_mm"": 0.026, ""lift_horizontal_drift_mm"": 1.478, ""lift_height_mm"": 146.213, ""target_contact_geoms"": [""link7/geom:18"", ""link8/geom:20"", ""table/table_top""], ""bilateral_finger_contact"": true, ""failure_class"": ""NONE""}",0.0,[],"[{""state"": ""DETECT_SOURCE"", ""success"": true, ""message"": ""selected bottle_0 conf=0.55 base=[ 0.412 -0.111  0.177] (1225 ROI pts)"", ""reason"": ""OK"", ""duration_ms"": 457.3}, {""state"": ""PLAN_PICK"", ""success"": true, ""message"": ""selected preferred_00 direction=330deg margin=0.065rad"", ""reason"": ""OK"", ""duration_ms"": 345.0}, {""state"": ""EXECUTE_PICK"", ""success"": true, ""message"": ""validated motion plan executed"", ""reason"": ""OK"", ""duration_ms"": 155.9}, {""state"": ""VERIFY_GRASP"", ""success"": true, ""message"": ""object lifted 146 mm"", ""reason"": ""OK"", ""duration_ms"": 0.0}]"
x05-y03-r01,yolo,bottle,0.42,-0.07,0.41851272806189327,-0.06780682958853837,176.55478921579652,1,IN_DOMAIN,True,,,,,146.0,979.2,462.5,152.6,57.0,0.0,lateral_band,upper,0.0,0.195,0.07500000000000001,0.020063712943333055,0.05698864223999794,"{""candidate_id"": ""preferred_00"", ""direction_deg"": 0.0, ""pre_close_object_xy_shift_mm"": 0.0, ""close_object_xy_shift_mm"": 0.372, ""lift_horizontal_drift_mm"": 2.331, ""lift_height_mm"": 145.96, ""target_contact_geoms"": [""link7/geom:18"", ""link8/geom:20"", ""table/table_top""], ""bilateral_finger_contact"": true, ""failure_class"": ""NONE""}",0.0,[],"[{""state"": ""DETECT_SOURCE"", ""success"": true, ""message"": ""selected bottle_0 conf=0.21 base=[ 0.414 -0.067  0.177] (1034 ROI pts)"", ""reason"": ""OK"", ""duration_ms"": 462.5}, {""state"": ""PLAN_PICK"", ""success"": true, ""message"": ""selected preferred_00 direction=0deg margin=0.103rad"", ""reason"": ""OK"", ""duration_ms"": 364.1}, {""state"": ""EXECUTE_PICK"", ""success"": true, ""message"": ""validated motion plan executed"", ""reason"": ""OK"", ""duration_ms"": 152.6}, {""state"": ""VERIFY_GRASP"", ""success"": true, ""message"": ""object lifted 146 mm"", ""reason"": ""OK"", ""duration_ms"": 0.0}]"
x05-y03-r02,yolo,bottle,0.42,-0.07,0.4188855069770103,-0.06726038519847599,65.49608067684662,2,IN_DOMAIN,True,,,,,145.9,1136.1,574.8,157.2,52.9,0.0,lateral_band,upper,0.0,0.195,0.07500000000000001,0.019866202818890438,0.05637246514179191,"{""candidate_id"": ""preferred_00"", ""direction_deg"": 0.0, ""pre_close_object_xy_shift_mm"": 0.0, ""close_object_xy_shift_mm"": 0.042, ""lift_horizontal_drift_mm"": 1.448, ""lift_height_mm"": 145.858, ""target_contact_geoms"": [""link7/geom:18"", ""link8/geom:20"", ""table/table_top""], ""bilateral_finger_contact"": true, ""failure_class"": ""NONE""}",0.0,[],"[{""state"": ""DETECT_SOURCE"", ""success"": true, ""message"": ""selected bottle_0 conf=0.70 base=[ 0.42  -0.068  0.173] (1248 ROI pts)"", ""reason"": ""OK"", ""duration_ms"": 574.8}, {""state"": ""PLAN_PICK"", ""success"": true, ""message"": ""selected preferred_00 direction=0deg margin=0.110rad"", ""reason"": ""OK"", ""duration_ms"": 404.1}, {""state"": ""EXECUTE_PICK"", ""success"": true, ""message"": ""validated motion plan executed"", ""reason"": ""OK"", ""duration_ms"": 157.2}, {""state"": ""VERIFY_GRASP"", ""success"": true, ""message"": ""object lifted 146 mm"", ""reason"": ""OK"", ""duration_ms"": 0.0}]"
x05-y03-r03,yolo,bottle,0.42,-0.07,0.4222139176334503,-0.07181482118152956,347.8287808096355,3,IN_DOMAIN,True,,,,,145.5,1080.4,575.0,154.9,56.9,0.0,lateral_band,upper,0.0,0.195,0.07500000000000001,0.02066147835676331,0.05788625680985785,"{""candidate_id"": ""preferred_00"", ""direction_deg"": 0.0, ""pre_close_object_xy_shift_mm"": 0.0, ""close_object_xy_shift_mm"": 0.384, ""lift_horizontal_drift_mm"": 3.376, ""lift_height_mm"": 145.483, ""target_contact_geoms"": [""link7/geom:18"", ""link8/geom:20"", ""table/table_top""], ""bilateral_finger_contact"": true, ""failure_class"": ""NONE""}",0.0,[],"[{""state"": ""DETECT_SOURCE"", ""success"": true, ""message"": ""selected bottle_0 conf=0.19 base=[ 0.419 -0.071  0.177] (1056 ROI pts)"", ""reason"": ""OK"", ""duration_ms"": 575.0}, {""state"": ""PLAN_PICK"", ""success"": true, ""message"": ""selected preferred_00 direction=0deg margin=0.106rad"", ""reason"": ""OK"", ""duration_ms"": 350.5}, {""state"": ""EXECUTE_PICK"", ""success"": true, ""message"": ""validated motion plan executed"", ""reason"": ""OK"", ""duration_ms"": 154.9}, {""state"": ""VERIFY_GRASP"", ""success"": true, ""message"": ""object lifted 145 mm"", ""reason"": ""OK"", ""duration_ms"": 0.0}]"
x05-y03-r04,yolo,bottle,0.42,-0.07,0.4196025721413753,-0.06980399996414775,239.65538836346153,4,IN_DOMAIN,True,,,,,145.9,1126.8,558.5,158.5,52.5,0.0,lateral_band,upper,0.0,0.195,0.07500000000000001,0.020529734615425718,0.057595391697653174,"{""candidate_id"": ""preferred_00"", ""direction_deg"": 0.0, ""pre_close_object_xy_shift_mm"": 0.0, ""close_object_xy_shift_mm"": 0.012, ""lift_horizontal_drift_mm"": 1.444, ""lift_height_mm"": 145.862, ""target_contact_geoms"": [""link7/geom:18"", ""link8/geom:20"", ""table/table_top""], ""bilateral_finger_contact"": true, ""failure_class"": ""NONE""}",0.0,[],"[{""state"": ""DETECT_SOURCE"", ""success"": true, ""message"": ""selected bottle_0 conf=0.65 base=[ 0.421 -0.07   0.172] (1225 ROI pts)"", ""reason"": ""OK"", ""duration_ms"": 558.5}, {""state"": ""PLAN_PICK"", ""success"": true, ""message"": ""selected preferred_00 direction=0deg margin=0.108rad"", ""reason"": ""OK"", ""duration_ms"": 409.7}, {""state"": ""EXECUTE_PICK"", ""success"": true, ""message"": ""validated motion plan executed"", ""reason"": ""OK"", ""duration_ms"": 158.5}, {""state"": ""VERIFY_GRASP"", ""success"": true, ""message"": ""object lifted 146 mm"", ""reason"": ""OK"", ""duration_ms"": 0.0}]"
x05-y03-r05,yolo,bottle,0.42,-0.07,0.4221315544657583,-0.06937236985019198,340.41137660949636,5,IN_DOMAIN,True,,,,,145.9,1167.7,597.5,160.2,54.6,0.0,lateral_band,upper,0.0,0.195,0.07500000000000001,0.020113585120884826,0.05678085579118112,"{""candidate_id"": ""preferred_00"", ""direction_deg"": 0.0, ""pre_close_object_xy_shift_mm"": 0.0, ""close_object_xy_shift_mm"": 0.219, ""lift_horizontal_drift_mm"": 1.512, ""lift_height_mm"": 145.86, ""target_contact_geoms"": [""link7/geom:18"", ""link8/geom:20"", ""table/table_top""], ""bilateral_finger_contact"": true, ""failure_class"": ""NONE""}",0.0,[],"[{""state"": ""DETECT_SOURCE"", ""success"": true, ""message"": ""selected bottle_0 conf=0.56 base=[ 0.422 -0.069  0.175] (1080 ROI pts)"", ""reason"": ""OK"", ""duration_ms"": 597.5}, {""state"": ""PLAN_PICK"", ""success"": true, ""message"": ""selected preferred_00 direction=0deg margin=0.111rad"", ""reason"": ""OK"", ""duration_ms"": 410.1}, {""state"": ""EXECUTE_PICK"", ""success"": true, ""message"": ""validated motion plan executed"", ""reason"": ""OK"", ""duration_ms"": 160.2}, {""state"": ""VERIFY_GRASP"", ""success"": true, ""message"": ""object lifted 146 mm"", ""reason"": ""OK"", ""duration_ms"": 0.0}]"
x05-y03-r06,yolo,bottle,0.42,-0.07,0.42119124336848984,-0.0673775141157702,193.2369919502159,6,IN_DOMAIN,True,,,,,145.5,957.5,455.9,150.1,58.8,0.0,lateral_band,upper,0.0,0.195,0.07500000000000001,0.019900931502210815,0.056658267753433,"{""candidate_id"": ""preferred_00"", ""direction_deg"": 0.0, ""pre_close_object_xy_shift_mm"": 0.0, ""close_object_xy_shift_mm"": 0.359, ""lift_horizontal_drift_mm"": 3.269, ""lift_height_mm"": 145.467, ""target_contact_geoms"": [""link7/geom:18"", ""link8/geom:20"", ""table/table_top""], ""bilateral_finger_contact"": true, ""failure_class"": ""NONE""}",0.0,[],"[{""state"": ""DETECT_SOURCE"", ""success"": true, ""message"": ""selected bottle_0 conf=0.18 base=[ 0.414 -0.066  0.178] (987 ROI pts)"", ""reason"": ""OK"", ""duration_ms"": 455.9}, {""state"": ""PLAN_PICK"", ""success"": true, ""message"": ""selected preferred_00 direction=0deg margin=0.104rad"", ""reason"": ""OK"", ""duration_ms"": 351.4}, {""state"": ""EXECUTE_PICK"", ""success"": true, ""message"": ""validated motion plan executed"", ""reason"": ""OK"", ""duration_ms"": 150.1}, {""state"": ""VERIFY_GRASP"", ""success"": true, ""message"": ""object lifted 145 mm"", ""reason"": ""OK"", ""duration_ms"": 0.0}]"
x05-y03-r07,yolo,bottle,0.42,-0.07,0.4193327724382743,-0.07034770583310324,53.573822242604415,7,IN_DOMAIN,True,,,,,145.8,1119.4,566.0,153.4,52.7,0.0,lateral_band,upper,0.0,0.195,0.07500000000000001,0.020618233767813975,0.05782941645376577,"{""candidate_id"": ""preferred_00"", ""direction_deg"": 0.0, ""pre_close_object_xy_shift_mm"": 0.0, ""close_object_xy_shift_mm"": 0.161, ""lift_horizontal_drift_mm"": 1.623, ""lift_height_mm"": 145.779, ""target_contact_geoms"": [""link7/geom:18"", ""link8/geom:20"", ""table/table_top""], ""bilateral_finger_contact"": true, ""failure_class"": ""NONE""}",0.0,[],"[{""state"": ""DETECT_SOURCE"", ""success"": true, ""message"": ""selected bottle_0 conf=0.69 base=[ 0.419 -0.07   0.173] (1176 ROI pts)"", ""reason"": ""OK"", ""duration_ms"": 566.0}, {""state"": ""PLAN_PICK"", ""success"": true, ""message"": ""selected preferred_00 direction=0deg margin=0.106rad"", ""reason"": ""OK"", ""duration_ms"": 400.0}, {""state"": ""EXECUTE_PICK"", ""success"": true, ""message"": ""validated motion plan executed"", ""reason"": ""OK"", ""duration_ms"": 153.4}, {""state"": ""VERIFY_GRASP"", ""success"": true, ""message"": ""object lifted 146 mm"", ""reason"": ""OK"", ""duration_ms"": 0.0}]"
x05-y03-r08,yolo,bottle,0.42,-0.07,0.4226506540604424,-0.07105998500045276,322.64401454402656,8,IN_DOMAIN,True,,,,,145.9,1141.3,563.2,172.9,52.9,0.0,lateral_band,upper,0.0,0.195,0.07500000000000001,0.020584062198960237,0.05751020241777046,"{""candidate_id"": ""preferred_00"", ""direction_deg"": 0.0, ""pre_close_object_xy_shift_mm"": 0.0, ""close_object_xy_shift_mm"": 0.034, ""lift_horizontal_drift_mm"": 1.494, ""lift_height_mm"": 145.909, ""target_contact_geoms"": [""link7/geom:18"", ""link8/geom:20"", ""table/table_top""], ""bilateral_finger_contact"": true, ""failure_class"": ""NONE""}",0.0,[],"[{""state"": ""DETECT_SOURCE"", ""success"": true, ""message"": ""selected bottle_0 conf=0.81 base=[ 0.426 -0.072  0.173] (1215 ROI pts)"", ""reason"": ""OK"", ""duration_ms"": 563.2}, {""state"": ""PLAN_PICK"", ""success"": true, ""message"": ""selected preferred_00 direction=0deg margin=0.114rad"", ""reason"": ""OK"", ""duration_ms"": 405.2}, {""state"": ""EXECUTE_PICK"", ""success"": true, ""message"": ""validated motion plan executed"", ""reason"": ""OK"", ""duration_ms"": 172.9}, {""state"": ""VERIFY_GRASP"", ""success"": true, ""message"": ""object lifted 146 mm"", ""reason"": ""OK"", ""duration_ms"": 0.0}]"
x05-y03-r09,yolo,bottle,0.42,-0.07,0.4214012768121411,-0.06796063030158184,359.8458550779539,9,IN_DOMAIN,True,,,,,145.4,965.3,454.3,153.4,58.1,0.0,lateral_band,upper,0.0,0.195,0.07500000000000001,0.01981257401731235,0.05641635027160331,"{""candidate_id"": ""preferred_00"", ""direction_deg"": 0.0, ""pre_close_object_xy_shift_mm"": 0.0, ""close_object_xy_shift_mm"": 0.393, ""lift_horizontal_drift_mm"": 3.403, ""lift_height_mm"": 145.374, ""target_contact_geoms"": [""link7/geom:18"", ""link8/geom:20"", ""table/table_top""], ""bilateral_finger_contact"": true, ""failure_class"": ""NONE""}",0.0,[],"[{""state"": ""DETECT_SOURCE"", ""success"": true, ""message"": ""selected bottle_0 conf=0.25 base=[ 0.416 -0.066  0.178] (1012 ROI pts)"", ""reason"": ""OK"", ""duration_ms"": 454.3}, {""state"": ""PLAN_PICK"", ""success"": true, ""message"": ""selected preferred_00 direction=0deg margin=0.106rad"", ""reason"": ""OK"", ""duration_ms"": 357.7}, {""state"": ""EXECUTE_PICK"", ""success"": true, ""message"": ""validated motion plan executed"", ""reason"": ""OK"", ""duration_ms"": 153.4}, {""state"": ""VERIFY_GRASP"", ""success"": true, ""message"": ""object lifted 145 mm"", ""reason"": ""OK"", ""duration_ms"": 0.0}]"
x05-y03-r10,yolo,bottle,0.42,-0.07,0.41940736344061424,-0.06885379715644223,75.07209485919758,10,IN_DOMAIN,True,,,,,145.8,1145.0,571.8,163.4,51.0,0.0,lateral_band,upper,0.0,0.195,0.07500000000000001,0.020241543959548337,0.056987823273997984,"{""candidate_id"": ""preferred_00"", ""direction_deg"": 0.0, ""pre_close_object_xy_shift_mm"": 0.0, ""close_object_xy_shift_mm"": 0.061, ""lift_horizontal_drift_mm"": 1.49, ""lift_height_mm"": 145.838, ""target_contact_geoms"": [""link7/geom:18"", ""link8/geom:20"", ""table/table_top""], ""bilateral_finger_contact"": true, ""failure_class"": ""NONE""}",0.0,[],"[{""state"": ""DETECT_SOURCE"", ""success"": true, ""message"": ""selected bottle_0 conf=0.80 base=[ 0.423 -0.07   0.171] (1288 ROI pts)"", ""reason"": ""OK"", ""duration_ms"": 571.8}, {""state"": ""PLAN_PICK"", ""success"": true, ""message"": ""selected preferred_00 direction=0deg margin=0.111rad"", ""reason"": ""OK"", ""duration_ms"": 409.8}, {""state"": ""EXECUTE_PICK"", ""success"": true, ""message"": ""validated motion plan executed"", ""reason"": ""OK"", ""duration_ms"": 163.4}, {""state"": ""VERIFY_GRASP"", ""success"": true, ""message"": ""object lifted 146 mm"", ""reason"": ""OK"", ""duration_ms"": 0.0}]"
x05-y04-r01,yolo,bottle,0.42,-0.025,0.42255896685927763,-0.02379934656188797,336.26355719744237,1,IN_DOMAIN,True,,,,,145.8,1128.4,593.3,154.6,54.4,0.0,lateral_band,upper,0.0,0.195,0.07500000000000001,0.008155448017254603,0.02525378901912515,"{""candidate_id"": ""preferred_00"", ""direction_deg"": 0.0, ""pre_close_object_xy_shift_mm"": 0.0, ""close_object_xy_shift_mm"": 0.189, ""lift_horizontal_drift_mm"": 2.024, ""lift_height_mm"": 145.798, ""target_contact_geoms"": [""link7/geom:18"", ""link8/geom:20"", ""table/table_top""], ""bilateral_finger_contact"": true, ""failure_class"": ""NONE""}",0.0,[],"[{""state"": ""DETECT_SOURCE"", ""success"": true, ""message"": ""selected bottle_0 conf=0.81 base=[ 0.422 -0.024  0.174] (1034 ROI pts)"", ""reason"": ""OK"", ""duration_ms"": 593.3}, {""state"": ""PLAN_PICK"", ""success"": true, ""message"": ""selected preferred_00 direction=0deg margin=0.135rad"", ""reason"": ""OK"", ""duration_ms"": 380.4}, {""state"": ""EXECUTE_PICK"", ""success"": true, ""message"": ""validated motion plan executed"", ""reason"": ""OK"", ""duration_ms"": 154.6}, {""state"": ""VERIFY_GRASP"", ""success"": true, ""message"": ""object lifted 146 mm"", ""reason"": ""OK"", ""duration_ms"": 0.0}]"
x05-y04-r02,yolo,bottle,0.42,-0.025,0.4228049591604409,-0.027363338533570276,278.7106985522391,2,IN_DOMAIN,True,,,,,145.9,1196.1,592.6,160.2,52.1,0.0,lateral_band,upper,0.0,0.195,0.07500000000000001,0.009280311603675784,0.028925843201889442,"{""candidate_id"": ""preferred_00"", ""direction_deg"": 0.0, ""pre_close_object_xy_shift_mm"": 0.0, ""close_object_xy_shift_mm"": 0.029, ""lift_horizontal_drift_mm"": 2.768, ""lift_height_mm"": 145.889, ""target_contact_geoms"": [""link7/geom:18"", ""link8/geom:20"", ""table/table_top""], ""bilateral_finger_contact"": true, ""failure_class"": ""NONE""}",0.0,[],"[{""state"": ""DETECT_SOURCE"", ""success"": true, ""message"": ""selected bottle_0 conf=0.84 base=[ 0.427 -0.028  0.172] (1144 ROI pts)"", ""reason"": ""OK"", ""duration_ms"": 592.6}, {""state"": ""PLAN_PICK"", ""success"": true, ""message"": ""selected preferred_00 direction=0deg margin=0.138rad"", ""reason"": ""OK"", ""duration_ms"": 443.3}, {""state"": ""EXECUTE_PICK"", ""success"": true, ""message"": ""validated motion plan executed"", ""reason"": ""OK"", ""duration_ms"": 160.2}, {""state"": ""VERIFY_GRASP"", ""success"": true, ""message"": ""object lifted 146 mm"", ""reason"": ""OK"", ""duration_ms"": 0.0}]"
x05-y04-r03,yolo,bottle,0.42,-0.025,0.42051011603135446,-0.022953617387506668,303.99176179194336,3,IN_DOMAIN,True,,,,,146.1,1223.4,595.6,184.8,52.6,0.0,lateral_band,upper,0.0,0.195,0.07500000000000001,0.008142047840111851,0.02515141098849473,"{""candidate_id"": ""preferred_00"", ""direction_deg"": 0.0, ""pre_close_object_xy_shift_mm"": 0.0, ""close_object_xy_shift_mm"": 0.035, ""lift_horizontal_drift_mm"": 3.116, ""lift_height_mm"": 146.104, ""target_contact_geoms"": [""link7/geom:18"", ""link8/geom:20"", ""table/table_top""], ""bilateral_finger_contact"": true, ""failure_class"": ""NONE""}",0.0,[],"[{""state"": ""DETECT_SOURCE"", ""success"": true, ""message"": ""selected bottle_0 conf=0.74 base=[ 0.424 -0.024  0.172] (1118 ROI pts)"", ""reason"": ""OK"", ""duration_ms"": 595.6}, {""state"": ""PLAN_PICK"", ""success"": true, ""message"": ""selected preferred_00 direction=0deg margin=0.137rad"", ""reason"": ""OK"", ""duration_ms"": 443.0}, {""state"": ""EXECUTE_PICK"", ""success"": true, ""message"": ""validated motion plan executed"", ""reason"": ""OK"", ""duration_ms"": 184.8}, {""state"": ""VERIFY_GRASP"", ""success"": true, ""message"": ""object lifted 146 mm"", ""reason"": ""OK"", ""duration_ms"": 0.0}]"
x05-y04-r04,yolo,bottle,0.42,-0.025,0.4177403945326516,-0.02524456424340276,171.9992412883415,4,IN_DOMAIN,True,,,,,145.6,1049.2,591.7,152.9,54.6,0.0,lateral_band,upper,0.0,0.195,0.07500000000000001,0.008647499540142585,0.02718607098025516,"{""candidate_id"": ""preferred_00"", ""direction_deg"": 0.0, ""pre_close_object_xy_shift_mm"": 0.0, ""close_object_xy_shift_mm"": 0.296, ""lift_horizontal_drift_mm"": 2.662, ""lift_height_mm"": 145.563, ""target_contact_geoms"": [""link7/geom:18"", ""link8/geom:20"", ""table/table_top""], ""bilateral_finger_contact"": true, ""failure_class"": ""NONE""}",0.0,[],"[{""state"": ""DETECT_SOURCE"", ""success"": true, ""message"": ""selected bottle_0 conf=0.56 base=[ 0.414 -0.025  0.174] (945 ROI pts)"", ""reason"": ""OK"", ""duration_ms"": 591.7}, {""state"": ""PLAN_PICK"", ""success"": true, ""message"": ""selected preferred_00 direction=0deg margin=0.129rad"", ""reason"": ""OK"", ""duration_ms"": 304.5}, {""state"": ""EXECUTE_PICK"", ""success"": true, ""message"": ""validated motion plan executed"", ""reason"": ""OK"", ""duration_ms"": 152.9}, {""state"": ""VERIFY_GRASP"", ""success"": true, ""message"": ""object lifted 146 mm"", ""reason"": ""OK"", ""duration_ms"": 0.0}]"
x05-y04-r05,yolo,bottle,0.42,-0.025,0.4203961171940543,-0.02489995989252683,350.89656812250547,5,IN_DOMAIN,True,,,,,146.0,1052.8,583.0,154.7,54.9,0.0,lateral_band,upper,0.0,0.195,0.07500000000000001,0.00840981010793735,0.026265377083727486,"{""candidate_id"": ""preferred_00"", ""direction_deg"": 0.0, ""pre_close_object_xy_shift_mm"": 0.0, ""close_object_xy_shift_mm"": 0.341, ""lift_horizontal_drift_mm"": 2.223, ""lift_height_mm"": 146.039, ""target_contact_geoms"": [""link7/geom:18"", ""link8/geom:20"", ""table/table_top""], ""bilateral_finger_contact"": true, ""failure_class"": ""NONE""}",0.0,[],"[{""state"": ""DETECT_SOURCE"", ""success"": true, ""message"": ""selected bottle_0 conf=0.67 base=[ 0.418 -0.024  0.175] (924 ROI pts)"", ""reason"": ""OK"", ""duration_ms"": 583.0}, {""state"": ""PLAN_PICK"", ""success"": true, ""message"": ""selected preferred_00 direction=0deg margin=0.132rad"", ""reason"": ""OK"", ""duration_ms"": 315.1}, {""state"": ""EXECUTE_PICK"", ""success"": true, ""message"": ""validated motion plan executed"", ""reason"": ""OK"", ""duration_ms"": 154.7}, {""state"": ""VERIFY_GRASP"", ""success"": true, ""message"": ""object lifted 146 mm"", ""reason"": ""OK"", ""duration_ms"": 0.0}]"
x05-y04-r06,yolo,bottle,0.42,-0.025,0.4182149383186991,-0.02417582064458742,321.89732644183437,6,IN_DOMAIN,True,,,,,145.9,1198.0,591.2,159.5,53.3,0.0,lateral_band,upper,0.0,0.195,0.07500000000000001,0.008385620397725555,0.026106414901534064,"{""candidate_id"": ""preferred_00"", ""direction_deg"": 0.0, ""pre_close_object_xy_shift_mm"": 0.0, ""close_object_xy_shift_mm"": 0.134, ""lift_horizontal_drift_mm"": 2.032, ""lift_height_mm"": 145.928, ""target_contact_geoms"": [""link7/geom:18"", ""link8/geom:20"", ""table/table_top""], ""bilateral_finger_contact"": true, ""failure_class"": ""NONE""}",0.0,[],"[{""state"": ""DETECT_SOURCE"", ""success"": true, ""message"": ""selected bottle_0 conf=0.78 base=[ 0.42  -0.024  0.173] (1128 ROI pts)"", ""reason"": ""OK"", ""duration_ms"": 591.2}, {""state"": ""PLAN_PICK"", ""success"": true, ""message"": ""selected preferred_00 direction=0deg margin=0.134rad"", ""reason"": ""OK"", ""duration_ms"": 447.3}, {""state"": ""EXECUTE_PICK"", ""success"": true, ""message"": ""validated motion plan executed"", ""reason"": ""OK"", ""duration_ms"": 159.5}, {""state"": ""VERIFY_GRASP"", ""success"": true, ""message"": ""object lifted 146 mm"", ""reason"": ""OK"", ""duration_ms"": 0.0}]"
x05-y04-r07,yolo,bottle,0.42,-0.025,0.4213633530463228,-0.0242830735693091,247.20635998234525,7,IN_DOMAIN,True,,,,,145.8,1129.8,597.1,156.0,52.5,0.0,lateral_band,upper,0.0,0.195,0.07500000000000001,0.008522865262043799,0.0265411960723963,"{""candidate_id"": ""preferred_00"", ""direction_deg"": 0.0, ""pre_close_object_xy_shift_mm"": 0.0, ""close_object_xy_shift_mm"": 0.013, ""lift_horizontal_drift_mm"": 2.024, ""lift_height_mm"": 145.774, ""target_contact_geoms"": [""link7/geom:18"", ""link8/geom:20"", ""table/table_top""], ""bilateral_finger_contact"": true, ""failure_class"": ""NONE""}",0.0,[],"[{""state"": ""DETECT_SOURCE"", ""success"": true, ""message"": ""selected bottle_0 conf=0.82 base=[ 0.422 -0.025  0.172] (1104 ROI pts)"", ""reason"": ""OK"", ""duration_ms"": 597.1}, {""state"": ""PLAN_PICK"", ""success"": true, ""message"": ""selected preferred_00 direction=0deg margin=0.134rad"", ""reason"": ""OK"", ""duration_ms"": 376.7}, {""state"": ""EXECUTE_PICK"", ""success"": true, ""message"": ""validated motion plan executed"", ""reason"": ""OK"", ""duration_ms"": 156.0}, {""state"": ""VERIFY_GRASP"", ""success"": true, ""message"": ""object lifted 146 mm"", ""reason"": ""OK"", ""duration_ms"": 0.0}]"
x05-y04-r08,yolo,bottle,0.42,-0.025,0.4190327572022528,-0.0243636019014101,296.11333269747684,8,IN_DOMAIN,True,,,,,145.9,1171.0,566.6,161.9,52.4,0.0,lateral_band,upper,0.0,0.195,0.07500000000000001,0.008568500036019423,0.02665984644986992,"{""candidate_id"": ""preferred_00"", ""direction_deg"": 0.0, ""pre_close_object_xy_shift_mm"": 0.0, ""close_object_xy_shift_mm"": 0.035, ""lift_horizontal_drift_mm"": 3.038, ""lift_height_mm"": 145.945, ""target_contact_geoms"": [""link7/geom:18"", ""link8/geom:20"", ""table/table_top""], ""bilateral_finger_contact"": true, ""failure_class"": ""NONE""}",0.0,[],"[{""state"": ""DETECT_SOURCE"", ""success"": true, ""message"": ""selected bottle_0 conf=0.81 base=[ 0.423 -0.025  0.172] (1144 ROI pts)"", ""reason"": ""OK"", ""duration_ms"": 566.6}, {""state"": ""PLAN_PICK"", ""success"": true, ""message"": ""selected preferred_00 direction=0deg margin=0.135rad"", ""reason"": ""OK"", ""duration_ms"": 442.6}, {""state"": ""EXECUTE_PICK"", ""success"": true, ""message"": ""validated motion plan executed"", ""reason"": ""OK"", ""duration_ms"": 161.9}, {""state"": ""VERIFY_GRASP"", ""success"": true, ""message"": ""object lifted 146 mm"", ""reason"": ""OK"", ""duration_ms"": 0.0}]"
x05-y04-r09,yolo,bottle,0.42,-0.025,0.4171300176234602,-0.023922908991532824,158.93545724747636,9,IN_DOMAIN,True,,,,,145.8,1094.2,573.8,152.5,54.3,0.0,lateral_band,upper,0.0,0.195,0.07500000000000001,0.008282772148248917,0.025862139285215035,"{""candidate_id"": ""preferred_00"", ""direction_deg"": 0.0, ""pre_close_object_xy_shift_mm"": 0.0, ""close_object_xy_shift_mm"": 0.227, ""lift_horizontal_drift_mm"": 2.124, ""lift_height_mm"": 145.755, ""target_contact_geoms"": [""link7/geom:18"", ""link8/geom:20"", ""table/table_top""], ""bilateral_finger_contact"": true, ""failure_class"": ""NONE""}",0.0,[],"[{""state"": ""DETECT_SOURCE"", ""success"": true, ""message"": ""selected bottle_0 conf=0.84 base=[ 0.417 -0.023  0.174] (1012 ROI pts)"", ""reason"": ""OK"", ""duration_ms"": 573.8}, {""state"": ""PLAN_PICK"", ""success"": true, ""message"": ""selected preferred_00 direction=0deg margin=0.131rad"", ""reason"": ""OK"", ""duration_ms"": 367.9}, {""state"": ""EXECUTE_PICK"", ""success"": true, ""message"": ""validated motion plan executed"", ""reason"": ""OK"", ""duration_ms"": 152.5}, {""state"": ""VERIFY_GRASP"", ""success"": true, ""message"": ""object lifted 146 mm"", ""reason"": ""OK"", ""duration_ms"": 0.0}]"
x05-y04-r10,yolo,bottle,0.42,-0.025,0.421452224697526,-0.025720522743117025,255.17189361570905,10,IN_DOMAIN,True,,,,,145.8,1298.3,671.5,178.9,51.4,0.0,lateral_band,upper,0.0,0.195,0.07500000000000001,0.008886467270733058,0.02771462389732411,"{""candidate_id"": ""preferred_00"", ""direction_deg"": 0.0, ""pre_close_object_xy_shift_mm"": 0.0, ""close_object_xy_shift_mm"": 0.017, ""lift_horizontal_drift_mm"": 2.023, ""lift_height_mm"": 145.832, ""target_contact_geoms"": [""link7/geom:18"", ""link8/geom:20"", ""table/table_top""], ""bilateral_finger_contact"": true, ""failure_class"": ""NONE""}",0.0,[],"[{""state"": ""DETECT_SOURCE"", ""success"": true, ""message"": ""selected bottle_0 conf=0.85 base=[ 0.424 -0.026  0.171] (1125 ROI pts)"", ""reason"": ""OK"", ""duration_ms"": 671.5}, {""state"": ""PLAN_PICK"", ""success"": true, ""message"": ""selected preferred_00 direction=0deg margin=0.135rad"", ""reason"": ""OK"", ""duration_ms"": 447.9}, {""state"": ""EXECUTE_PICK"", ""success"": true, ""message"": ""validated motion plan executed"", ""reason"": ""OK"", ""duration_ms"": 178.9}, {""state"": ""VERIFY_GRASP"", ""success"": true, ""message"": ""object lifted 146 mm"", ""reason"": ""OK"", ""duration_ms"": 0.0}]"
