trial,model,backend,seed,cup_x_m,cup_y_m,success,failed_state,task_duration_ms,detect_source_ms,execute_pick_ms,detect_target_ms,execute_place_ms,source_center_error_mm,target_center_error_mm,lift_height_mm,placement_error_mm,state_log_json
1,real,yolo,20260712,0.38,-0.11,1,,2006.1,718.9,467.1,0.1,819.7,6.1,31.1,127.4,28.3,"[{""state"": ""DETECT_SOURCE"", ""success"": true, ""message"": ""selected cup_0 conf=0.70 base=[ 0.378 -0.108  0.17 ] (1813 ROI pts)"", ""duration_ms"": 718.9}, {""state"": ""PLAN_PICK"", ""success"": true, ""message"": ""grasp=[ 0.378 -0.108  0.165] pre=[ 0.32  -0.092  0.165]"", ""duration_ms"": 0.1}, {""state"": ""EXECUTE_PICK"", ""success"": true, ""message"": ""grasp executed"", ""duration_ms"": 467.1}, {""state"": ""VERIFY_GRASP"", ""success"": true, ""message"": ""object lifted 127 mm"", ""duration_ms"": 0.0}, {""state"": ""DETECT_TARGET"", ""success"": true, ""message"": ""target container bowl_0 base=[ 0.531 -0.006  0.14 ]"", ""duration_ms"": 0.1}, {""state"": ""PLAN_PLACE"", ""success"": true, ""message"": ""release above [ 0.531 -0.006  0.14 ] +0.07m"", ""duration_ms"": 0.0}, {""state"": ""EXECUTE_PLACE"", ""success"": true, ""message"": ""released"", ""duration_ms"": 819.7}, {""state"": ""VERIFY_DONE"", ""success"": true, ""message"": ""object placed 28 mm from target"", ""duration_ms"": 0.0}]"
2,real,yolo,20260712,0.38,-0.11,1,,1876.5,579.9,466.6,0.1,829.7,6.1,31.1,127.4,28.3,"[{""state"": ""DETECT_SOURCE"", ""success"": true, ""message"": ""selected cup_0 conf=0.70 base=[ 0.378 -0.108  0.17 ] (1813 ROI pts)"", ""duration_ms"": 579.9}, {""state"": ""PLAN_PICK"", ""success"": true, ""message"": ""grasp=[ 0.378 -0.108  0.165] pre=[ 0.32  -0.092  0.165]"", ""duration_ms"": 0.1}, {""state"": ""EXECUTE_PICK"", ""success"": true, ""message"": ""grasp executed"", ""duration_ms"": 466.6}, {""state"": ""VERIFY_GRASP"", ""success"": true, ""message"": ""object lifted 127 mm"", ""duration_ms"": 0.0}, {""state"": ""DETECT_TARGET"", ""success"": true, ""message"": ""target container bowl_0 base=[ 0.531 -0.006  0.14 ]"", ""duration_ms"": 0.1}, {""state"": ""PLAN_PLACE"", ""success"": true, ""message"": ""release above [ 0.531 -0.006  0.14 ] +0.07m"", ""duration_ms"": 0.0}, {""state"": ""EXECUTE_PLACE"", ""success"": true, ""message"": ""released"", ""duration_ms"": 829.7}, {""state"": ""VERIFY_DONE"", ""success"": true, ""message"": ""object placed 28 mm from target"", ""duration_ms"": 0.0}]"
3,real,yolo,20260712,0.38,-0.11,1,,1857.2,564.0,465.1,0.1,827.8,6.1,31.1,127.4,28.3,"[{""state"": ""DETECT_SOURCE"", ""success"": true, ""message"": ""selected cup_0 conf=0.70 base=[ 0.378 -0.108  0.17 ] (1813 ROI pts)"", ""duration_ms"": 564.0}, {""state"": ""PLAN_PICK"", ""success"": true, ""message"": ""grasp=[ 0.378 -0.108  0.165] pre=[ 0.32  -0.092  0.165]"", ""duration_ms"": 0.1}, {""state"": ""EXECUTE_PICK"", ""success"": true, ""message"": ""grasp executed"", ""duration_ms"": 465.1}, {""state"": ""VERIFY_GRASP"", ""success"": true, ""message"": ""object lifted 127 mm"", ""duration_ms"": 0.0}, {""state"": ""DETECT_TARGET"", ""success"": true, ""message"": ""target container bowl_0 base=[ 0.531 -0.006  0.14 ]"", ""duration_ms"": 0.1}, {""state"": ""PLAN_PLACE"", ""success"": true, ""message"": ""release above [ 0.531 -0.006  0.14 ] +0.07m"", ""duration_ms"": 0.0}, {""state"": ""EXECUTE_PLACE"", ""success"": true, ""message"": ""released"", ""duration_ms"": 827.8}, {""state"": ""VERIFY_DONE"", ""success"": true, ""message"": ""object placed 28 mm from target"", ""duration_ms"": 0.0}]"
4,real,yolo,20260712,0.38,-0.11,1,,1844.7,557.0,464.2,0.1,823.2,6.1,31.1,127.4,28.3,"[{""state"": ""DETECT_SOURCE"", ""success"": true, ""message"": ""selected cup_0 conf=0.70 base=[ 0.378 -0.108  0.17 ] (1813 ROI pts)"", ""duration_ms"": 557.0}, {""state"": ""PLAN_PICK"", ""success"": true, ""message"": ""grasp=[ 0.378 -0.108  0.165] pre=[ 0.32  -0.092  0.165]"", ""duration_ms"": 0.1}, {""state"": ""EXECUTE_PICK"", ""success"": true, ""message"": ""grasp executed"", ""duration_ms"": 464.2}, {""state"": ""VERIFY_GRASP"", ""success"": true, ""message"": ""object lifted 127 mm"", ""duration_ms"": 0.0}, {""state"": ""DETECT_TARGET"", ""success"": true, ""message"": ""target container bowl_0 base=[ 0.531 -0.006  0.14 ]"", ""duration_ms"": 0.1}, {""state"": ""PLAN_PLACE"", ""success"": true, ""message"": ""release above [ 0.531 -0.006  0.14 ] +0.07m"", ""duration_ms"": 0.0}, {""state"": ""EXECUTE_PLACE"", ""success"": true, ""message"": ""released"", ""duration_ms"": 823.2}, {""state"": ""VERIFY_DONE"", ""success"": true, ""message"": ""object placed 28 mm from target"", ""duration_ms"": 0.0}]"
5,real,yolo,20260712,0.38,-0.11,1,,1867.4,571.4,463.7,0.1,832.1,6.1,31.1,127.4,28.3,"[{""state"": ""DETECT_SOURCE"", ""success"": true, ""message"": ""selected cup_0 conf=0.70 base=[ 0.378 -0.108  0.17 ] (1813 ROI pts)"", ""duration_ms"": 571.4}, {""state"": ""PLAN_PICK"", ""success"": true, ""message"": ""grasp=[ 0.378 -0.108  0.165] pre=[ 0.32  -0.092  0.165]"", ""duration_ms"": 0.1}, {""state"": ""EXECUTE_PICK"", ""success"": true, ""message"": ""grasp executed"", ""duration_ms"": 463.7}, {""state"": ""VERIFY_GRASP"", ""success"": true, ""message"": ""object lifted 127 mm"", ""duration_ms"": 0.0}, {""state"": ""DETECT_TARGET"", ""success"": true, ""message"": ""target container bowl_0 base=[ 0.531 -0.006  0.14 ]"", ""duration_ms"": 0.1}, {""state"": ""PLAN_PLACE"", ""success"": true, ""message"": ""release above [ 0.531 -0.006  0.14 ] +0.07m"", ""duration_ms"": 0.0}, {""state"": ""EXECUTE_PLACE"", ""success"": true, ""message"": ""released"", ""duration_ms"": 832.1}, {""state"": ""VERIFY_DONE"", ""success"": true, ""message"": ""object placed 28 mm from target"", ""duration_ms"": 0.0}]"
6,real,yolo,20260712,0.38,-0.11,1,,1862.6,560.6,467.0,0.1,834.7,6.1,31.1,127.4,28.3,"[{""state"": ""DETECT_SOURCE"", ""success"": true, ""message"": ""selected cup_0 conf=0.70 base=[ 0.378 -0.108  0.17 ] (1813 ROI pts)"", ""duration_ms"": 560.6}, {""state"": ""PLAN_PICK"", ""success"": true, ""message"": ""grasp=[ 0.378 -0.108  0.165] pre=[ 0.32  -0.092  0.165]"", ""duration_ms"": 0.1}, {""state"": ""EXECUTE_PICK"", ""success"": true, ""message"": ""grasp executed"", ""duration_ms"": 467.0}, {""state"": ""VERIFY_GRASP"", ""success"": true, ""message"": ""object lifted 127 mm"", ""duration_ms"": 0.0}, {""state"": ""DETECT_TARGET"", ""success"": true, ""message"": ""target container bowl_0 base=[ 0.531 -0.006  0.14 ]"", ""duration_ms"": 0.1}, {""state"": ""PLAN_PLACE"", ""success"": true, ""message"": ""release above [ 0.531 -0.006  0.14 ] +0.07m"", ""duration_ms"": 0.0}, {""state"": ""EXECUTE_PLACE"", ""success"": true, ""message"": ""released"", ""duration_ms"": 834.7}, {""state"": ""VERIFY_DONE"", ""success"": true, ""message"": ""object placed 28 mm from target"", ""duration_ms"": 0.0}]"
7,real,yolo,20260712,0.38,-0.11,1,,1867.5,563.2,464.0,0.1,840.1,6.1,31.1,127.4,28.3,"[{""state"": ""DETECT_SOURCE"", ""success"": true, ""message"": ""selected cup_0 conf=0.70 base=[ 0.378 -0.108  0.17 ] (1813 ROI pts)"", ""duration_ms"": 563.2}, {""state"": ""PLAN_PICK"", ""success"": true, ""message"": ""grasp=[ 0.378 -0.108  0.165] pre=[ 0.32  -0.092  0.165]"", ""duration_ms"": 0.1}, {""state"": ""EXECUTE_PICK"", ""success"": true, ""message"": ""grasp executed"", ""duration_ms"": 464.0}, {""state"": ""VERIFY_GRASP"", ""success"": true, ""message"": ""object lifted 127 mm"", ""duration_ms"": 0.0}, {""state"": ""DETECT_TARGET"", ""success"": true, ""message"": ""target container bowl_0 base=[ 0.531 -0.006  0.14 ]"", ""duration_ms"": 0.1}, {""state"": ""PLAN_PLACE"", ""success"": true, ""message"": ""release above [ 0.531 -0.006  0.14 ] +0.07m"", ""duration_ms"": 0.0}, {""state"": ""EXECUTE_PLACE"", ""success"": true, ""message"": ""released"", ""duration_ms"": 840.1}, {""state"": ""VERIFY_DONE"", ""success"": true, ""message"": ""object placed 28 mm from target"", ""duration_ms"": 0.0}]"
8,real,yolo,20260712,0.38,-0.11,1,,1860.2,568.2,462.3,0.1,829.4,6.1,31.1,127.4,28.3,"[{""state"": ""DETECT_SOURCE"", ""success"": true, ""message"": ""selected cup_0 conf=0.70 base=[ 0.378 -0.108  0.17 ] (1813 ROI pts)"", ""duration_ms"": 568.2}, {""state"": ""PLAN_PICK"", ""success"": true, ""message"": ""grasp=[ 0.378 -0.108  0.165] pre=[ 0.32  -0.092  0.165]"", ""duration_ms"": 0.1}, {""state"": ""EXECUTE_PICK"", ""success"": true, ""message"": ""grasp executed"", ""duration_ms"": 462.3}, {""state"": ""VERIFY_GRASP"", ""success"": true, ""message"": ""object lifted 127 mm"", ""duration_ms"": 0.0}, {""state"": ""DETECT_TARGET"", ""success"": true, ""message"": ""target container bowl_0 base=[ 0.531 -0.006  0.14 ]"", ""duration_ms"": 0.1}, {""state"": ""PLAN_PLACE"", ""success"": true, ""message"": ""release above [ 0.531 -0.006  0.14 ] +0.07m"", ""duration_ms"": 0.0}, {""state"": ""EXECUTE_PLACE"", ""success"": true, ""message"": ""released"", ""duration_ms"": 829.4}, {""state"": ""VERIFY_DONE"", ""success"": true, ""message"": ""object placed 28 mm from target"", ""duration_ms"": 0.0}]"
9,real,yolo,20260712,0.38,-0.11,1,,1882.2,568.9,466.8,0.1,846.1,6.1,31.1,127.4,28.3,"[{""state"": ""DETECT_SOURCE"", ""success"": true, ""message"": ""selected cup_0 conf=0.70 base=[ 0.378 -0.108  0.17 ] (1813 ROI pts)"", ""duration_ms"": 568.9}, {""state"": ""PLAN_PICK"", ""success"": true, ""message"": ""grasp=[ 0.378 -0.108  0.165] pre=[ 0.32  -0.092  0.165]"", ""duration_ms"": 0.1}, {""state"": ""EXECUTE_PICK"", ""success"": true, ""message"": ""grasp executed"", ""duration_ms"": 466.8}, {""state"": ""VERIFY_GRASP"", ""success"": true, ""message"": ""object lifted 127 mm"", ""duration_ms"": 0.0}, {""state"": ""DETECT_TARGET"", ""success"": true, ""message"": ""target container bowl_0 base=[ 0.531 -0.006  0.14 ]"", ""duration_ms"": 0.1}, {""state"": ""PLAN_PLACE"", ""success"": true, ""message"": ""release above [ 0.531 -0.006  0.14 ] +0.07m"", ""duration_ms"": 0.0}, {""state"": ""EXECUTE_PLACE"", ""success"": true, ""message"": ""released"", ""duration_ms"": 846.1}, {""state"": ""VERIFY_DONE"", ""success"": true, ""message"": ""object placed 28 mm from target"", ""duration_ms"": 0.0}]"
10,real,yolo,20260712,0.38,-0.11,1,,1899.2,571.4,479.1,0.1,848.5,6.1,31.1,127.4,28.3,"[{""state"": ""DETECT_SOURCE"", ""success"": true, ""message"": ""selected cup_0 conf=0.70 base=[ 0.378 -0.108  0.17 ] (1813 ROI pts)"", ""duration_ms"": 571.4}, {""state"": ""PLAN_PICK"", ""success"": true, ""message"": ""grasp=[ 0.378 -0.108  0.165] pre=[ 0.32  -0.092  0.165]"", ""duration_ms"": 0.1}, {""state"": ""EXECUTE_PICK"", ""success"": true, ""message"": ""grasp executed"", ""duration_ms"": 479.1}, {""state"": ""VERIFY_GRASP"", ""success"": true, ""message"": ""object lifted 127 mm"", ""duration_ms"": 0.0}, {""state"": ""DETECT_TARGET"", ""success"": true, ""message"": ""target container bowl_0 base=[ 0.531 -0.006  0.14 ]"", ""duration_ms"": 0.1}, {""state"": ""PLAN_PLACE"", ""success"": true, ""message"": ""release above [ 0.531 -0.006  0.14 ] +0.07m"", ""duration_ms"": 0.0}, {""state"": ""EXECUTE_PLACE"", ""success"": true, ""message"": ""released"", ""duration_ms"": 848.5}, {""state"": ""VERIFY_DONE"", ""success"": true, ""message"": ""object placed 28 mm from target"", ""duration_ms"": 0.0}]"
11,real,yolo,20260712,0.38,-0.11,1,,1901.5,562.1,484.9,0.1,854.2,6.1,31.1,127.4,28.3,"[{""state"": ""DETECT_SOURCE"", ""success"": true, ""message"": ""selected cup_0 conf=0.70 base=[ 0.378 -0.108  0.17 ] (1813 ROI pts)"", ""duration_ms"": 562.1}, {""state"": ""PLAN_PICK"", ""success"": true, ""message"": ""grasp=[ 0.378 -0.108  0.165] pre=[ 0.32  -0.092  0.165]"", ""duration_ms"": 0.1}, {""state"": ""EXECUTE_PICK"", ""success"": true, ""message"": ""grasp executed"", ""duration_ms"": 484.9}, {""state"": ""VERIFY_GRASP"", ""success"": true, ""message"": ""object lifted 127 mm"", ""duration_ms"": 0.0}, {""state"": ""DETECT_TARGET"", ""success"": true, ""message"": ""target container bowl_0 base=[ 0.531 -0.006  0.14 ]"", ""duration_ms"": 0.1}, {""state"": ""PLAN_PLACE"", ""success"": true, ""message"": ""release above [ 0.531 -0.006  0.14 ] +0.07m"", ""duration_ms"": 0.0}, {""state"": ""EXECUTE_PLACE"", ""success"": true, ""message"": ""released"", ""duration_ms"": 854.2}, {""state"": ""VERIFY_DONE"", ""success"": true, ""message"": ""object placed 28 mm from target"", ""duration_ms"": 0.0}]"
12,real,yolo,20260712,0.38,-0.11,1,,1896.5,574.7,477.8,0.1,843.8,6.1,31.1,127.4,28.3,"[{""state"": ""DETECT_SOURCE"", ""success"": true, ""message"": ""selected cup_0 conf=0.70 base=[ 0.378 -0.108  0.17 ] (1813 ROI pts)"", ""duration_ms"": 574.7}, {""state"": ""PLAN_PICK"", ""success"": true, ""message"": ""grasp=[ 0.378 -0.108  0.165] pre=[ 0.32  -0.092  0.165]"", ""duration_ms"": 0.1}, {""state"": ""EXECUTE_PICK"", ""success"": true, ""message"": ""grasp executed"", ""duration_ms"": 477.8}, {""state"": ""VERIFY_GRASP"", ""success"": true, ""message"": ""object lifted 127 mm"", ""duration_ms"": 0.0}, {""state"": ""DETECT_TARGET"", ""success"": true, ""message"": ""target container bowl_0 base=[ 0.531 -0.006  0.14 ]"", ""duration_ms"": 0.1}, {""state"": ""PLAN_PLACE"", ""success"": true, ""message"": ""release above [ 0.531 -0.006  0.14 ] +0.07m"", ""duration_ms"": 0.0}, {""state"": ""EXECUTE_PLACE"", ""success"": true, ""message"": ""released"", ""duration_ms"": 843.8}, {""state"": ""VERIFY_DONE"", ""success"": true, ""message"": ""object placed 28 mm from target"", ""duration_ms"": 0.0}]"
13,real,yolo,20260712,0.38,-0.11,1,,1883.1,573.6,468.0,0.1,841.3,6.1,31.1,127.4,28.3,"[{""state"": ""DETECT_SOURCE"", ""success"": true, ""message"": ""selected cup_0 conf=0.70 base=[ 0.378 -0.108  0.17 ] (1813 ROI pts)"", ""duration_ms"": 573.6}, {""state"": ""PLAN_PICK"", ""success"": true, ""message"": ""grasp=[ 0.378 -0.108  0.165] pre=[ 0.32  -0.092  0.165]"", ""duration_ms"": 0.1}, {""state"": ""EXECUTE_PICK"", ""success"": true, ""message"": ""grasp executed"", ""duration_ms"": 468.0}, {""state"": ""VERIFY_GRASP"", ""success"": true, ""message"": ""object lifted 127 mm"", ""duration_ms"": 0.0}, {""state"": ""DETECT_TARGET"", ""success"": true, ""message"": ""target container bowl_0 base=[ 0.531 -0.006  0.14 ]"", ""duration_ms"": 0.1}, {""state"": ""PLAN_PLACE"", ""success"": true, ""message"": ""release above [ 0.531 -0.006  0.14 ] +0.07m"", ""duration_ms"": 0.0}, {""state"": ""EXECUTE_PLACE"", ""success"": true, ""message"": ""released"", ""duration_ms"": 841.3}, {""state"": ""VERIFY_DONE"", ""success"": true, ""message"": ""object placed 28 mm from target"", ""duration_ms"": 0.0}]"
14,real,yolo,20260712,0.38,-0.11,1,,1883.2,566.5,475.3,0.1,841.3,6.1,31.1,127.4,28.3,"[{""state"": ""DETECT_SOURCE"", ""success"": true, ""message"": ""selected cup_0 conf=0.70 base=[ 0.378 -0.108  0.17 ] (1813 ROI pts)"", ""duration_ms"": 566.5}, {""state"": ""PLAN_PICK"", ""success"": true, ""message"": ""grasp=[ 0.378 -0.108  0.165] pre=[ 0.32  -0.092  0.165]"", ""duration_ms"": 0.1}, {""state"": ""EXECUTE_PICK"", ""success"": true, ""message"": ""grasp executed"", ""duration_ms"": 475.3}, {""state"": ""VERIFY_GRASP"", ""success"": true, ""message"": ""object lifted 127 mm"", ""duration_ms"": 0.0}, {""state"": ""DETECT_TARGET"", ""success"": true, ""message"": ""target container bowl_0 base=[ 0.531 -0.006  0.14 ]"", ""duration_ms"": 0.1}, {""state"": ""PLAN_PLACE"", ""success"": true, ""message"": ""release above [ 0.531 -0.006  0.14 ] +0.07m"", ""duration_ms"": 0.0}, {""state"": ""EXECUTE_PLACE"", ""success"": true, ""message"": ""released"", ""duration_ms"": 841.3}, {""state"": ""VERIFY_DONE"", ""success"": true, ""message"": ""object placed 28 mm from target"", ""duration_ms"": 0.0}]"
15,real,yolo,20260712,0.38,-0.11,1,,1877.7,550.4,479.3,0.1,847.8,6.1,31.1,127.4,28.3,"[{""state"": ""DETECT_SOURCE"", ""success"": true, ""message"": ""selected cup_0 conf=0.70 base=[ 0.378 -0.108  0.17 ] (1813 ROI pts)"", ""duration_ms"": 550.4}, {""state"": ""PLAN_PICK"", ""success"": true, ""message"": ""grasp=[ 0.378 -0.108  0.165] pre=[ 0.32  -0.092  0.165]"", ""duration_ms"": 0.1}, {""state"": ""EXECUTE_PICK"", ""success"": true, ""message"": ""grasp executed"", ""duration_ms"": 479.3}, {""state"": ""VERIFY_GRASP"", ""success"": true, ""message"": ""object lifted 127 mm"", ""duration_ms"": 0.0}, {""state"": ""DETECT_TARGET"", ""success"": true, ""message"": ""target container bowl_0 base=[ 0.531 -0.006  0.14 ]"", ""duration_ms"": 0.1}, {""state"": ""PLAN_PLACE"", ""success"": true, ""message"": ""release above [ 0.531 -0.006  0.14 ] +0.07m"", ""duration_ms"": 0.0}, {""state"": ""EXECUTE_PLACE"", ""success"": true, ""message"": ""released"", ""duration_ms"": 847.8}, {""state"": ""VERIFY_DONE"", ""success"": true, ""message"": ""object placed 28 mm from target"", ""duration_ms"": 0.0}]"
16,real,yolo,20260712,0.38,-0.11,1,,1887.3,588.2,465.7,0.1,833.2,6.1,31.1,127.4,28.3,"[{""state"": ""DETECT_SOURCE"", ""success"": true, ""message"": ""selected cup_0 conf=0.70 base=[ 0.378 -0.108  0.17 ] (1813 ROI pts)"", ""duration_ms"": 588.2}, {""state"": ""PLAN_PICK"", ""success"": true, ""message"": ""grasp=[ 0.378 -0.108  0.165] pre=[ 0.32  -0.092  0.165]"", ""duration_ms"": 0.1}, {""state"": ""EXECUTE_PICK"", ""success"": true, ""message"": ""grasp executed"", ""duration_ms"": 465.7}, {""state"": ""VERIFY_GRASP"", ""success"": true, ""message"": ""object lifted 127 mm"", ""duration_ms"": 0.0}, {""state"": ""DETECT_TARGET"", ""success"": true, ""message"": ""target container bowl_0 base=[ 0.531 -0.006  0.14 ]"", ""duration_ms"": 0.1}, {""state"": ""PLAN_PLACE"", ""success"": true, ""message"": ""release above [ 0.531 -0.006  0.14 ] +0.07m"", ""duration_ms"": 0.0}, {""state"": ""EXECUTE_PLACE"", ""success"": true, ""message"": ""released"", ""duration_ms"": 833.2}, {""state"": ""VERIFY_DONE"", ""success"": true, ""message"": ""object placed 28 mm from target"", ""duration_ms"": 0.0}]"
17,real,yolo,20260712,0.38,-0.11,1,,1859.7,557.8,464.4,0.1,837.2,6.1,31.1,127.4,28.3,"[{""state"": ""DETECT_SOURCE"", ""success"": true, ""message"": ""selected cup_0 conf=0.70 base=[ 0.378 -0.108  0.17 ] (1813 ROI pts)"", ""duration_ms"": 557.8}, {""state"": ""PLAN_PICK"", ""success"": true, ""message"": ""grasp=[ 0.378 -0.108  0.165] pre=[ 0.32  -0.092  0.165]"", ""duration_ms"": 0.1}, {""state"": ""EXECUTE_PICK"", ""success"": true, ""message"": ""grasp executed"", ""duration_ms"": 464.4}, {""state"": ""VERIFY_GRASP"", ""success"": true, ""message"": ""object lifted 127 mm"", ""duration_ms"": 0.0}, {""state"": ""DETECT_TARGET"", ""success"": true, ""message"": ""target container bowl_0 base=[ 0.531 -0.006  0.14 ]"", ""duration_ms"": 0.1}, {""state"": ""PLAN_PLACE"", ""success"": true, ""message"": ""release above [ 0.531 -0.006  0.14 ] +0.07m"", ""duration_ms"": 0.0}, {""state"": ""EXECUTE_PLACE"", ""success"": true, ""message"": ""released"", ""duration_ms"": 837.2}, {""state"": ""VERIFY_DONE"", ""success"": true, ""message"": ""object placed 28 mm from target"", ""duration_ms"": 0.0}]"
18,real,yolo,20260712,0.38,-0.11,1,,1867.3,570.2,467.0,0.1,829.7,6.1,31.1,127.4,28.3,"[{""state"": ""DETECT_SOURCE"", ""success"": true, ""message"": ""selected cup_0 conf=0.70 base=[ 0.378 -0.108  0.17 ] (1813 ROI pts)"", ""duration_ms"": 570.2}, {""state"": ""PLAN_PICK"", ""success"": true, ""message"": ""grasp=[ 0.378 -0.108  0.165] pre=[ 0.32  -0.092  0.165]"", ""duration_ms"": 0.1}, {""state"": ""EXECUTE_PICK"", ""success"": true, ""message"": ""grasp executed"", ""duration_ms"": 467.0}, {""state"": ""VERIFY_GRASP"", ""success"": true, ""message"": ""object lifted 127 mm"", ""duration_ms"": 0.0}, {""state"": ""DETECT_TARGET"", ""success"": true, ""message"": ""target container bowl_0 base=[ 0.531 -0.006  0.14 ]"", ""duration_ms"": 0.1}, {""state"": ""PLAN_PLACE"", ""success"": true, ""message"": ""release above [ 0.531 -0.006  0.14 ] +0.07m"", ""duration_ms"": 0.0}, {""state"": ""EXECUTE_PLACE"", ""success"": true, ""message"": ""released"", ""duration_ms"": 829.7}, {""state"": ""VERIFY_DONE"", ""success"": true, ""message"": ""object placed 28 mm from target"", ""duration_ms"": 0.0}]"
19,real,yolo,20260712,0.38,-0.11,1,,1896.0,573.1,468.7,0.1,853.9,6.1,31.1,127.4,28.3,"[{""state"": ""DETECT_SOURCE"", ""success"": true, ""message"": ""selected cup_0 conf=0.70 base=[ 0.378 -0.108  0.17 ] (1813 ROI pts)"", ""duration_ms"": 573.1}, {""state"": ""PLAN_PICK"", ""success"": true, ""message"": ""grasp=[ 0.378 -0.108  0.165] pre=[ 0.32  -0.092  0.165]"", ""duration_ms"": 0.1}, {""state"": ""EXECUTE_PICK"", ""success"": true, ""message"": ""grasp executed"", ""duration_ms"": 468.7}, {""state"": ""VERIFY_GRASP"", ""success"": true, ""message"": ""object lifted 127 mm"", ""duration_ms"": 0.0}, {""state"": ""DETECT_TARGET"", ""success"": true, ""message"": ""target container bowl_0 base=[ 0.531 -0.006  0.14 ]"", ""duration_ms"": 0.1}, {""state"": ""PLAN_PLACE"", ""success"": true, ""message"": ""release above [ 0.531 -0.006  0.14 ] +0.07m"", ""duration_ms"": 0.0}, {""state"": ""EXECUTE_PLACE"", ""success"": true, ""message"": ""released"", ""duration_ms"": 853.9}, {""state"": ""VERIFY_DONE"", ""success"": true, ""message"": ""object placed 28 mm from target"", ""duration_ms"": 0.0}]"
20,real,yolo,20260712,0.38,-0.11,1,,1871.0,568.9,476.4,0.1,825.5,6.1,31.1,127.4,28.3,"[{""state"": ""DETECT_SOURCE"", ""success"": true, ""message"": ""selected cup_0 conf=0.70 base=[ 0.378 -0.108  0.17 ] (1813 ROI pts)"", ""duration_ms"": 568.9}, {""state"": ""PLAN_PICK"", ""success"": true, ""message"": ""grasp=[ 0.378 -0.108  0.165] pre=[ 0.32  -0.092  0.165]"", ""duration_ms"": 0.1}, {""state"": ""EXECUTE_PICK"", ""success"": true, ""message"": ""grasp executed"", ""duration_ms"": 476.4}, {""state"": ""VERIFY_GRASP"", ""success"": true, ""message"": ""object lifted 127 mm"", ""duration_ms"": 0.0}, {""state"": ""DETECT_TARGET"", ""success"": true, ""message"": ""target container bowl_0 base=[ 0.531 -0.006  0.14 ]"", ""duration_ms"": 0.1}, {""state"": ""PLAN_PLACE"", ""success"": true, ""message"": ""release above [ 0.531 -0.006  0.14 ] +0.07m"", ""duration_ms"": 0.0}, {""state"": ""EXECUTE_PLACE"", ""success"": true, ""message"": ""released"", ""duration_ms"": 825.5}, {""state"": ""VERIFY_DONE"", ""success"": true, ""message"": ""object placed 28 mm from target"", ""duration_ms"": 0.0}]"
21,real,yolo,20260712,0.38,-0.11,1,,1850.5,549.3,462.8,0.1,838.1,6.1,31.1,127.4,28.3,"[{""state"": ""DETECT_SOURCE"", ""success"": true, ""message"": ""selected cup_0 conf=0.70 base=[ 0.378 -0.108  0.17 ] (1813 ROI pts)"", ""duration_ms"": 549.3}, {""state"": ""PLAN_PICK"", ""success"": true, ""message"": ""grasp=[ 0.378 -0.108  0.165] pre=[ 0.32  -0.092  0.165]"", ""duration_ms"": 0.1}, {""state"": ""EXECUTE_PICK"", ""success"": true, ""message"": ""grasp executed"", ""duration_ms"": 462.8}, {""state"": ""VERIFY_GRASP"", ""success"": true, ""message"": ""object lifted 127 mm"", ""duration_ms"": 0.0}, {""state"": ""DETECT_TARGET"", ""success"": true, ""message"": ""target container bowl_0 base=[ 0.531 -0.006  0.14 ]"", ""duration_ms"": 0.1}, {""state"": ""PLAN_PLACE"", ""success"": true, ""message"": ""release above [ 0.531 -0.006  0.14 ] +0.07m"", ""duration_ms"": 0.0}, {""state"": ""EXECUTE_PLACE"", ""success"": true, ""message"": ""released"", ""duration_ms"": 838.1}, {""state"": ""VERIFY_DONE"", ""success"": true, ""message"": ""object placed 28 mm from target"", ""duration_ms"": 0.0}]"
22,real,yolo,20260712,0.38,-0.11,1,,1869.6,570.0,470.3,0.1,829.1,6.1,31.1,127.4,28.3,"[{""state"": ""DETECT_SOURCE"", ""success"": true, ""message"": ""selected cup_0 conf=0.70 base=[ 0.378 -0.108  0.17 ] (1813 ROI pts)"", ""duration_ms"": 570.0}, {""state"": ""PLAN_PICK"", ""success"": true, ""message"": ""grasp=[ 0.378 -0.108  0.165] pre=[ 0.32  -0.092  0.165]"", ""duration_ms"": 0.1}, {""state"": ""EXECUTE_PICK"", ""success"": true, ""message"": ""grasp executed"", ""duration_ms"": 470.3}, {""state"": ""VERIFY_GRASP"", ""success"": true, ""message"": ""object lifted 127 mm"", ""duration_ms"": 0.0}, {""state"": ""DETECT_TARGET"", ""success"": true, ""message"": ""target container bowl_0 base=[ 0.531 -0.006  0.14 ]"", ""duration_ms"": 0.1}, {""state"": ""PLAN_PLACE"", ""success"": true, ""message"": ""release above [ 0.531 -0.006  0.14 ] +0.07m"", ""duration_ms"": 0.0}, {""state"": ""EXECUTE_PLACE"", ""success"": true, ""message"": ""released"", ""duration_ms"": 829.1}, {""state"": ""VERIFY_DONE"", ""success"": true, ""message"": ""object placed 28 mm from target"", ""duration_ms"": 0.0}]"
23,real,yolo,20260712,0.38,-0.11,1,,1879.0,568.9,462.7,0.1,847.2,6.1,31.1,127.4,28.3,"[{""state"": ""DETECT_SOURCE"", ""success"": true, ""message"": ""selected cup_0 conf=0.70 base=[ 0.378 -0.108  0.17 ] (1813 ROI pts)"", ""duration_ms"": 568.9}, {""state"": ""PLAN_PICK"", ""success"": true, ""message"": ""grasp=[ 0.378 -0.108  0.165] pre=[ 0.32  -0.092  0.165]"", ""duration_ms"": 0.1}, {""state"": ""EXECUTE_PICK"", ""success"": true, ""message"": ""grasp executed"", ""duration_ms"": 462.7}, {""state"": ""VERIFY_GRASP"", ""success"": true, ""message"": ""object lifted 127 mm"", ""duration_ms"": 0.0}, {""state"": ""DETECT_TARGET"", ""success"": true, ""message"": ""target container bowl_0 base=[ 0.531 -0.006  0.14 ]"", ""duration_ms"": 0.1}, {""state"": ""PLAN_PLACE"", ""success"": true, ""message"": ""release above [ 0.531 -0.006  0.14 ] +0.07m"", ""duration_ms"": 0.0}, {""state"": ""EXECUTE_PLACE"", ""success"": true, ""message"": ""released"", ""duration_ms"": 847.2}, {""state"": ""VERIFY_DONE"", ""success"": true, ""message"": ""object placed 28 mm from target"", ""duration_ms"": 0.0}]"
24,real,yolo,20260712,0.38,-0.11,1,,1872.2,569.9,471.5,0.1,830.5,6.1,31.1,127.4,28.3,"[{""state"": ""DETECT_SOURCE"", ""success"": true, ""message"": ""selected cup_0 conf=0.70 base=[ 0.378 -0.108  0.17 ] (1813 ROI pts)"", ""duration_ms"": 569.9}, {""state"": ""PLAN_PICK"", ""success"": true, ""message"": ""grasp=[ 0.378 -0.108  0.165] pre=[ 0.32  -0.092  0.165]"", ""duration_ms"": 0.1}, {""state"": ""EXECUTE_PICK"", ""success"": true, ""message"": ""grasp executed"", ""duration_ms"": 471.5}, {""state"": ""VERIFY_GRASP"", ""success"": true, ""message"": ""object lifted 127 mm"", ""duration_ms"": 0.0}, {""state"": ""DETECT_TARGET"", ""success"": true, ""message"": ""target container bowl_0 base=[ 0.531 -0.006  0.14 ]"", ""duration_ms"": 0.1}, {""state"": ""PLAN_PLACE"", ""success"": true, ""message"": ""release above [ 0.531 -0.006  0.14 ] +0.07m"", ""duration_ms"": 0.0}, {""state"": ""EXECUTE_PLACE"", ""success"": true, ""message"": ""released"", ""duration_ms"": 830.5}, {""state"": ""VERIFY_DONE"", ""success"": true, ""message"": ""object placed 28 mm from target"", ""duration_ms"": 0.0}]"
25,real,yolo,20260712,0.38,-0.11,1,,1861.9,560.0,465.4,0.1,836.3,6.1,31.1,127.4,28.3,"[{""state"": ""DETECT_SOURCE"", ""success"": true, ""message"": ""selected cup_0 conf=0.70 base=[ 0.378 -0.108  0.17 ] (1813 ROI pts)"", ""duration_ms"": 560.0}, {""state"": ""PLAN_PICK"", ""success"": true, ""message"": ""grasp=[ 0.378 -0.108  0.165] pre=[ 0.32  -0.092  0.165]"", ""duration_ms"": 0.1}, {""state"": ""EXECUTE_PICK"", ""success"": true, ""message"": ""grasp executed"", ""duration_ms"": 465.4}, {""state"": ""VERIFY_GRASP"", ""success"": true, ""message"": ""object lifted 127 mm"", ""duration_ms"": 0.0}, {""state"": ""DETECT_TARGET"", ""success"": true, ""message"": ""target container bowl_0 base=[ 0.531 -0.006  0.14 ]"", ""duration_ms"": 0.1}, {""state"": ""PLAN_PLACE"", ""success"": true, ""message"": ""release above [ 0.531 -0.006  0.14 ] +0.07m"", ""duration_ms"": 0.0}, {""state"": ""EXECUTE_PLACE"", ""success"": true, ""message"": ""released"", ""duration_ms"": 836.3}, {""state"": ""VERIFY_DONE"", ""success"": true, ""message"": ""object placed 28 mm from target"", ""duration_ms"": 0.0}]"
26,real,yolo,20260712,0.38,-0.11,1,,1895.5,576.3,472.0,0.1,846.9,6.1,31.1,127.4,28.3,"[{""state"": ""DETECT_SOURCE"", ""success"": true, ""message"": ""selected cup_0 conf=0.70 base=[ 0.378 -0.108  0.17 ] (1813 ROI pts)"", ""duration_ms"": 576.3}, {""state"": ""PLAN_PICK"", ""success"": true, ""message"": ""grasp=[ 0.378 -0.108  0.165] pre=[ 0.32  -0.092  0.165]"", ""duration_ms"": 0.1}, {""state"": ""EXECUTE_PICK"", ""success"": true, ""message"": ""grasp executed"", ""duration_ms"": 472.0}, {""state"": ""VERIFY_GRASP"", ""success"": true, ""message"": ""object lifted 127 mm"", ""duration_ms"": 0.0}, {""state"": ""DETECT_TARGET"", ""success"": true, ""message"": ""target container bowl_0 base=[ 0.531 -0.006  0.14 ]"", ""duration_ms"": 0.1}, {""state"": ""PLAN_PLACE"", ""success"": true, ""message"": ""release above [ 0.531 -0.006  0.14 ] +0.07m"", ""duration_ms"": 0.0}, {""state"": ""EXECUTE_PLACE"", ""success"": true, ""message"": ""released"", ""duration_ms"": 846.9}, {""state"": ""VERIFY_DONE"", ""success"": true, ""message"": ""object placed 28 mm from target"", ""duration_ms"": 0.0}]"
27,real,yolo,20260712,0.38,-0.11,1,,1864.1,566.2,463.0,0.1,834.6,6.1,31.1,127.4,28.3,"[{""state"": ""DETECT_SOURCE"", ""success"": true, ""message"": ""selected cup_0 conf=0.70 base=[ 0.378 -0.108  0.17 ] (1813 ROI pts)"", ""duration_ms"": 566.2}, {""state"": ""PLAN_PICK"", ""success"": true, ""message"": ""grasp=[ 0.378 -0.108  0.165] pre=[ 0.32  -0.092  0.165]"", ""duration_ms"": 0.1}, {""state"": ""EXECUTE_PICK"", ""success"": true, ""message"": ""grasp executed"", ""duration_ms"": 463.0}, {""state"": ""VERIFY_GRASP"", ""success"": true, ""message"": ""object lifted 127 mm"", ""duration_ms"": 0.0}, {""state"": ""DETECT_TARGET"", ""success"": true, ""message"": ""target container bowl_0 base=[ 0.531 -0.006  0.14 ]"", ""duration_ms"": 0.1}, {""state"": ""PLAN_PLACE"", ""success"": true, ""message"": ""release above [ 0.531 -0.006  0.14 ] +0.07m"", ""duration_ms"": 0.0}, {""state"": ""EXECUTE_PLACE"", ""success"": true, ""message"": ""released"", ""duration_ms"": 834.6}, {""state"": ""VERIFY_DONE"", ""success"": true, ""message"": ""object placed 28 mm from target"", ""duration_ms"": 0.0}]"
28,real,yolo,20260712,0.38,-0.11,1,,1883.5,567.5,473.7,0.1,842.0,6.1,31.1,127.4,28.3,"[{""state"": ""DETECT_SOURCE"", ""success"": true, ""message"": ""selected cup_0 conf=0.70 base=[ 0.378 -0.108  0.17 ] (1813 ROI pts)"", ""duration_ms"": 567.5}, {""state"": ""PLAN_PICK"", ""success"": true, ""message"": ""grasp=[ 0.378 -0.108  0.165] pre=[ 0.32  -0.092  0.165]"", ""duration_ms"": 0.1}, {""state"": ""EXECUTE_PICK"", ""success"": true, ""message"": ""grasp executed"", ""duration_ms"": 473.7}, {""state"": ""VERIFY_GRASP"", ""success"": true, ""message"": ""object lifted 127 mm"", ""duration_ms"": 0.0}, {""state"": ""DETECT_TARGET"", ""success"": true, ""message"": ""target container bowl_0 base=[ 0.531 -0.006  0.14 ]"", ""duration_ms"": 0.1}, {""state"": ""PLAN_PLACE"", ""success"": true, ""message"": ""release above [ 0.531 -0.006  0.14 ] +0.07m"", ""duration_ms"": 0.0}, {""state"": ""EXECUTE_PLACE"", ""success"": true, ""message"": ""released"", ""duration_ms"": 842.0}, {""state"": ""VERIFY_DONE"", ""success"": true, ""message"": ""object placed 28 mm from target"", ""duration_ms"": 0.0}]"
29,real,yolo,20260712,0.38,-0.11,1,,1866.7,573.0,464.8,0.1,828.7,6.1,31.1,127.4,28.3,"[{""state"": ""DETECT_SOURCE"", ""success"": true, ""message"": ""selected cup_0 conf=0.70 base=[ 0.378 -0.108  0.17 ] (1813 ROI pts)"", ""duration_ms"": 573.0}, {""state"": ""PLAN_PICK"", ""success"": true, ""message"": ""grasp=[ 0.378 -0.108  0.165] pre=[ 0.32  -0.092  0.165]"", ""duration_ms"": 0.1}, {""state"": ""EXECUTE_PICK"", ""success"": true, ""message"": ""grasp executed"", ""duration_ms"": 464.8}, {""state"": ""VERIFY_GRASP"", ""success"": true, ""message"": ""object lifted 127 mm"", ""duration_ms"": 0.0}, {""state"": ""DETECT_TARGET"", ""success"": true, ""message"": ""target container bowl_0 base=[ 0.531 -0.006  0.14 ]"", ""duration_ms"": 0.1}, {""state"": ""PLAN_PLACE"", ""success"": true, ""message"": ""release above [ 0.531 -0.006  0.14 ] +0.07m"", ""duration_ms"": 0.0}, {""state"": ""EXECUTE_PLACE"", ""success"": true, ""message"": ""released"", ""duration_ms"": 828.7}, {""state"": ""VERIFY_DONE"", ""success"": true, ""message"": ""object placed 28 mm from target"", ""duration_ms"": 0.0}]"
30,real,yolo,20260712,0.38,-0.11,1,,1854.1,559.0,464.1,0.1,830.8,6.1,31.1,127.4,28.3,"[{""state"": ""DETECT_SOURCE"", ""success"": true, ""message"": ""selected cup_0 conf=0.70 base=[ 0.378 -0.108  0.17 ] (1813 ROI pts)"", ""duration_ms"": 559.0}, {""state"": ""PLAN_PICK"", ""success"": true, ""message"": ""grasp=[ 0.378 -0.108  0.165] pre=[ 0.32  -0.092  0.165]"", ""duration_ms"": 0.1}, {""state"": ""EXECUTE_PICK"", ""success"": true, ""message"": ""grasp executed"", ""duration_ms"": 464.1}, {""state"": ""VERIFY_GRASP"", ""success"": true, ""message"": ""object lifted 127 mm"", ""duration_ms"": 0.0}, {""state"": ""DETECT_TARGET"", ""success"": true, ""message"": ""target container bowl_0 base=[ 0.531 -0.006  0.14 ]"", ""duration_ms"": 0.1}, {""state"": ""PLAN_PLACE"", ""success"": true, ""message"": ""release above [ 0.531 -0.006  0.14 ] +0.07m"", ""duration_ms"": 0.0}, {""state"": ""EXECUTE_PLACE"", ""success"": true, ""message"": ""released"", ""duration_ms"": 830.8}, {""state"": ""VERIFY_DONE"", ""success"": true, ""message"": ""object placed 28 mm from target"", ""duration_ms"": 0.0}]"
31,real,yolo,20260712,0.38,-0.11,1,,1853.5,554.1,465.1,0.1,834.1,6.1,31.1,127.4,28.3,"[{""state"": ""DETECT_SOURCE"", ""success"": true, ""message"": ""selected cup_0 conf=0.70 base=[ 0.378 -0.108  0.17 ] (1813 ROI pts)"", ""duration_ms"": 554.1}, {""state"": ""PLAN_PICK"", ""success"": true, ""message"": ""grasp=[ 0.378 -0.108  0.165] pre=[ 0.32  -0.092  0.165]"", ""duration_ms"": 0.1}, {""state"": ""EXECUTE_PICK"", ""success"": true, ""message"": ""grasp executed"", ""duration_ms"": 465.1}, {""state"": ""VERIFY_GRASP"", ""success"": true, ""message"": ""object lifted 127 mm"", ""duration_ms"": 0.0}, {""state"": ""DETECT_TARGET"", ""success"": true, ""message"": ""target container bowl_0 base=[ 0.531 -0.006  0.14 ]"", ""duration_ms"": 0.1}, {""state"": ""PLAN_PLACE"", ""success"": true, ""message"": ""release above [ 0.531 -0.006  0.14 ] +0.07m"", ""duration_ms"": 0.0}, {""state"": ""EXECUTE_PLACE"", ""success"": true, ""message"": ""released"", ""duration_ms"": 834.1}, {""state"": ""VERIFY_DONE"", ""success"": true, ""message"": ""object placed 28 mm from target"", ""duration_ms"": 0.0}]"
32,real,yolo,20260712,0.38,-0.11,1,,1856.4,558.5,465.2,0.1,832.5,6.1,31.1,127.4,28.3,"[{""state"": ""DETECT_SOURCE"", ""success"": true, ""message"": ""selected cup_0 conf=0.70 base=[ 0.378 -0.108  0.17 ] (1813 ROI pts)"", ""duration_ms"": 558.5}, {""state"": ""PLAN_PICK"", ""success"": true, ""message"": ""grasp=[ 0.378 -0.108  0.165] pre=[ 0.32  -0.092  0.165]"", ""duration_ms"": 0.1}, {""state"": ""EXECUTE_PICK"", ""success"": true, ""message"": ""grasp executed"", ""duration_ms"": 465.2}, {""state"": ""VERIFY_GRASP"", ""success"": true, ""message"": ""object lifted 127 mm"", ""duration_ms"": 0.0}, {""state"": ""DETECT_TARGET"", ""success"": true, ""message"": ""target container bowl_0 base=[ 0.531 -0.006  0.14 ]"", ""duration_ms"": 0.1}, {""state"": ""PLAN_PLACE"", ""success"": true, ""message"": ""release above [ 0.531 -0.006  0.14 ] +0.07m"", ""duration_ms"": 0.0}, {""state"": ""EXECUTE_PLACE"", ""success"": true, ""message"": ""released"", ""duration_ms"": 832.5}, {""state"": ""VERIFY_DONE"", ""success"": true, ""message"": ""object placed 28 mm from target"", ""duration_ms"": 0.0}]"
33,real,yolo,20260712,0.38,-0.11,1,,1858.3,558.1,464.4,0.1,835.6,6.1,31.1,127.4,28.3,"[{""state"": ""DETECT_SOURCE"", ""success"": true, ""message"": ""selected cup_0 conf=0.70 base=[ 0.378 -0.108  0.17 ] (1813 ROI pts)"", ""duration_ms"": 558.1}, {""state"": ""PLAN_PICK"", ""success"": true, ""message"": ""grasp=[ 0.378 -0.108  0.165] pre=[ 0.32  -0.092  0.165]"", ""duration_ms"": 0.1}, {""state"": ""EXECUTE_PICK"", ""success"": true, ""message"": ""grasp executed"", ""duration_ms"": 464.4}, {""state"": ""VERIFY_GRASP"", ""success"": true, ""message"": ""object lifted 127 mm"", ""duration_ms"": 0.0}, {""state"": ""DETECT_TARGET"", ""success"": true, ""message"": ""target container bowl_0 base=[ 0.531 -0.006  0.14 ]"", ""duration_ms"": 0.1}, {""state"": ""PLAN_PLACE"", ""success"": true, ""message"": ""release above [ 0.531 -0.006  0.14 ] +0.07m"", ""duration_ms"": 0.0}, {""state"": ""EXECUTE_PLACE"", ""success"": true, ""message"": ""released"", ""duration_ms"": 835.6}, {""state"": ""VERIFY_DONE"", ""success"": true, ""message"": ""object placed 28 mm from target"", ""duration_ms"": 0.0}]"
34,real,yolo,20260712,0.38,-0.11,1,,1863.5,572.4,464.5,0.1,826.4,6.1,31.1,127.4,28.3,"[{""state"": ""DETECT_SOURCE"", ""success"": true, ""message"": ""selected cup_0 conf=0.70 base=[ 0.378 -0.108  0.17 ] (1813 ROI pts)"", ""duration_ms"": 572.4}, {""state"": ""PLAN_PICK"", ""success"": true, ""message"": ""grasp=[ 0.378 -0.108  0.165] pre=[ 0.32  -0.092  0.165]"", ""duration_ms"": 0.1}, {""state"": ""EXECUTE_PICK"", ""success"": true, ""message"": ""grasp executed"", ""duration_ms"": 464.5}, {""state"": ""VERIFY_GRASP"", ""success"": true, ""message"": ""object lifted 127 mm"", ""duration_ms"": 0.0}, {""state"": ""DETECT_TARGET"", ""success"": true, ""message"": ""target container bowl_0 base=[ 0.531 -0.006  0.14 ]"", ""duration_ms"": 0.1}, {""state"": ""PLAN_PLACE"", ""success"": true, ""message"": ""release above [ 0.531 -0.006  0.14 ] +0.07m"", ""duration_ms"": 0.0}, {""state"": ""EXECUTE_PLACE"", ""success"": true, ""message"": ""released"", ""duration_ms"": 826.4}, {""state"": ""VERIFY_DONE"", ""success"": true, ""message"": ""object placed 28 mm from target"", ""duration_ms"": 0.0}]"
35,real,yolo,20260712,0.38,-0.11,1,,1861.0,569.6,464.1,0.1,827.1,6.1,31.1,127.4,28.3,"[{""state"": ""DETECT_SOURCE"", ""success"": true, ""message"": ""selected cup_0 conf=0.70 base=[ 0.378 -0.108  0.17 ] (1813 ROI pts)"", ""duration_ms"": 569.6}, {""state"": ""PLAN_PICK"", ""success"": true, ""message"": ""grasp=[ 0.378 -0.108  0.165] pre=[ 0.32  -0.092  0.165]"", ""duration_ms"": 0.1}, {""state"": ""EXECUTE_PICK"", ""success"": true, ""message"": ""grasp executed"", ""duration_ms"": 464.1}, {""state"": ""VERIFY_GRASP"", ""success"": true, ""message"": ""object lifted 127 mm"", ""duration_ms"": 0.0}, {""state"": ""DETECT_TARGET"", ""success"": true, ""message"": ""target container bowl_0 base=[ 0.531 -0.006  0.14 ]"", ""duration_ms"": 0.1}, {""state"": ""PLAN_PLACE"", ""success"": true, ""message"": ""release above [ 0.531 -0.006  0.14 ] +0.07m"", ""duration_ms"": 0.0}, {""state"": ""EXECUTE_PLACE"", ""success"": true, ""message"": ""released"", ""duration_ms"": 827.1}, {""state"": ""VERIFY_DONE"", ""success"": true, ""message"": ""object placed 28 mm from target"", ""duration_ms"": 0.0}]"
36,real,yolo,20260712,0.38,-0.11,1,,1850.5,562.3,461.1,0.1,826.9,6.1,31.1,127.4,28.3,"[{""state"": ""DETECT_SOURCE"", ""success"": true, ""message"": ""selected cup_0 conf=0.70 base=[ 0.378 -0.108  0.17 ] (1813 ROI pts)"", ""duration_ms"": 562.3}, {""state"": ""PLAN_PICK"", ""success"": true, ""message"": ""grasp=[ 0.378 -0.108  0.165] pre=[ 0.32  -0.092  0.165]"", ""duration_ms"": 0.1}, {""state"": ""EXECUTE_PICK"", ""success"": true, ""message"": ""grasp executed"", ""duration_ms"": 461.1}, {""state"": ""VERIFY_GRASP"", ""success"": true, ""message"": ""object lifted 127 mm"", ""duration_ms"": 0.0}, {""state"": ""DETECT_TARGET"", ""success"": true, ""message"": ""target container bowl_0 base=[ 0.531 -0.006  0.14 ]"", ""duration_ms"": 0.1}, {""state"": ""PLAN_PLACE"", ""success"": true, ""message"": ""release above [ 0.531 -0.006  0.14 ] +0.07m"", ""duration_ms"": 0.0}, {""state"": ""EXECUTE_PLACE"", ""success"": true, ""message"": ""released"", ""duration_ms"": 826.9}, {""state"": ""VERIFY_DONE"", ""success"": true, ""message"": ""object placed 28 mm from target"", ""duration_ms"": 0.0}]"
37,real,yolo,20260712,0.38,-0.11,1,,1860.2,570.1,464.4,0.1,825.5,6.1,31.1,127.4,28.3,"[{""state"": ""DETECT_SOURCE"", ""success"": true, ""message"": ""selected cup_0 conf=0.70 base=[ 0.378 -0.108  0.17 ] (1813 ROI pts)"", ""duration_ms"": 570.1}, {""state"": ""PLAN_PICK"", ""success"": true, ""message"": ""grasp=[ 0.378 -0.108  0.165] pre=[ 0.32  -0.092  0.165]"", ""duration_ms"": 0.1}, {""state"": ""EXECUTE_PICK"", ""success"": true, ""message"": ""grasp executed"", ""duration_ms"": 464.4}, {""state"": ""VERIFY_GRASP"", ""success"": true, ""message"": ""object lifted 127 mm"", ""duration_ms"": 0.0}, {""state"": ""DETECT_TARGET"", ""success"": true, ""message"": ""target container bowl_0 base=[ 0.531 -0.006  0.14 ]"", ""duration_ms"": 0.1}, {""state"": ""PLAN_PLACE"", ""success"": true, ""message"": ""release above [ 0.531 -0.006  0.14 ] +0.07m"", ""duration_ms"": 0.0}, {""state"": ""EXECUTE_PLACE"", ""success"": true, ""message"": ""released"", ""duration_ms"": 825.5}, {""state"": ""VERIFY_DONE"", ""success"": true, ""message"": ""object placed 28 mm from target"", ""duration_ms"": 0.0}]"
38,real,yolo,20260712,0.38,-0.11,1,,1847.5,558.4,462.8,0.1,826.1,6.1,31.1,127.4,28.3,"[{""state"": ""DETECT_SOURCE"", ""success"": true, ""message"": ""selected cup_0 conf=0.70 base=[ 0.378 -0.108  0.17 ] (1813 ROI pts)"", ""duration_ms"": 558.4}, {""state"": ""PLAN_PICK"", ""success"": true, ""message"": ""grasp=[ 0.378 -0.108  0.165] pre=[ 0.32  -0.092  0.165]"", ""duration_ms"": 0.1}, {""state"": ""EXECUTE_PICK"", ""success"": true, ""message"": ""grasp executed"", ""duration_ms"": 462.8}, {""state"": ""VERIFY_GRASP"", ""success"": true, ""message"": ""object lifted 127 mm"", ""duration_ms"": 0.0}, {""state"": ""DETECT_TARGET"", ""success"": true, ""message"": ""target container bowl_0 base=[ 0.531 -0.006  0.14 ]"", ""duration_ms"": 0.1}, {""state"": ""PLAN_PLACE"", ""success"": true, ""message"": ""release above [ 0.531 -0.006  0.14 ] +0.07m"", ""duration_ms"": 0.0}, {""state"": ""EXECUTE_PLACE"", ""success"": true, ""message"": ""released"", ""duration_ms"": 826.1}, {""state"": ""VERIFY_DONE"", ""success"": true, ""message"": ""object placed 28 mm from target"", ""duration_ms"": 0.0}]"
39,real,yolo,20260712,0.38,-0.11,1,,1840.4,548.6,463.5,0.1,828.0,6.1,31.1,127.4,28.3,"[{""state"": ""DETECT_SOURCE"", ""success"": true, ""message"": ""selected cup_0 conf=0.70 base=[ 0.378 -0.108  0.17 ] (1813 ROI pts)"", ""duration_ms"": 548.6}, {""state"": ""PLAN_PICK"", ""success"": true, ""message"": ""grasp=[ 0.378 -0.108  0.165] pre=[ 0.32  -0.092  0.165]"", ""duration_ms"": 0.1}, {""state"": ""EXECUTE_PICK"", ""success"": true, ""message"": ""grasp executed"", ""duration_ms"": 463.5}, {""state"": ""VERIFY_GRASP"", ""success"": true, ""message"": ""object lifted 127 mm"", ""duration_ms"": 0.0}, {""state"": ""DETECT_TARGET"", ""success"": true, ""message"": ""target container bowl_0 base=[ 0.531 -0.006  0.14 ]"", ""duration_ms"": 0.1}, {""state"": ""PLAN_PLACE"", ""success"": true, ""message"": ""release above [ 0.531 -0.006  0.14 ] +0.07m"", ""duration_ms"": 0.0}, {""state"": ""EXECUTE_PLACE"", ""success"": true, ""message"": ""released"", ""duration_ms"": 828.0}, {""state"": ""VERIFY_DONE"", ""success"": true, ""message"": ""object placed 28 mm from target"", ""duration_ms"": 0.0}]"
40,real,yolo,20260712,0.38,-0.11,1,,1855.8,553.6,469.0,0.1,832.9,6.1,31.1,127.4,28.3,"[{""state"": ""DETECT_SOURCE"", ""success"": true, ""message"": ""selected cup_0 conf=0.70 base=[ 0.378 -0.108  0.17 ] (1813 ROI pts)"", ""duration_ms"": 553.6}, {""state"": ""PLAN_PICK"", ""success"": true, ""message"": ""grasp=[ 0.378 -0.108  0.165] pre=[ 0.32  -0.092  0.165]"", ""duration_ms"": 0.1}, {""state"": ""EXECUTE_PICK"", ""success"": true, ""message"": ""grasp executed"", ""duration_ms"": 469.0}, {""state"": ""VERIFY_GRASP"", ""success"": true, ""message"": ""object lifted 127 mm"", ""duration_ms"": 0.0}, {""state"": ""DETECT_TARGET"", ""success"": true, ""message"": ""target container bowl_0 base=[ 0.531 -0.006  0.14 ]"", ""duration_ms"": 0.1}, {""state"": ""PLAN_PLACE"", ""success"": true, ""message"": ""release above [ 0.531 -0.006  0.14 ] +0.07m"", ""duration_ms"": 0.0}, {""state"": ""EXECUTE_PLACE"", ""success"": true, ""message"": ""released"", ""duration_ms"": 832.9}, {""state"": ""VERIFY_DONE"", ""success"": true, ""message"": ""object placed 28 mm from target"", ""duration_ms"": 0.0}]"
41,real,yolo,20260712,0.38,-0.11,1,,1834.0,546.4,463.5,0.1,823.8,6.1,31.1,127.4,28.3,"[{""state"": ""DETECT_SOURCE"", ""success"": true, ""message"": ""selected cup_0 conf=0.70 base=[ 0.378 -0.108  0.17 ] (1813 ROI pts)"", ""duration_ms"": 546.4}, {""state"": ""PLAN_PICK"", ""success"": true, ""message"": ""grasp=[ 0.378 -0.108  0.165] pre=[ 0.32  -0.092  0.165]"", ""duration_ms"": 0.1}, {""state"": ""EXECUTE_PICK"", ""success"": true, ""message"": ""grasp executed"", ""duration_ms"": 463.5}, {""state"": ""VERIFY_GRASP"", ""success"": true, ""message"": ""object lifted 127 mm"", ""duration_ms"": 0.0}, {""state"": ""DETECT_TARGET"", ""success"": true, ""message"": ""target container bowl_0 base=[ 0.531 -0.006  0.14 ]"", ""duration_ms"": 0.1}, {""state"": ""PLAN_PLACE"", ""success"": true, ""message"": ""release above [ 0.531 -0.006  0.14 ] +0.07m"", ""duration_ms"": 0.0}, {""state"": ""EXECUTE_PLACE"", ""success"": true, ""message"": ""released"", ""duration_ms"": 823.8}, {""state"": ""VERIFY_DONE"", ""success"": true, ""message"": ""object placed 28 mm from target"", ""duration_ms"": 0.0}]"
42,real,yolo,20260712,0.38,-0.11,1,,1850.2,559.3,462.6,0.1,828.1,6.1,31.1,127.4,28.3,"[{""state"": ""DETECT_SOURCE"", ""success"": true, ""message"": ""selected cup_0 conf=0.70 base=[ 0.378 -0.108  0.17 ] (1813 ROI pts)"", ""duration_ms"": 559.3}, {""state"": ""PLAN_PICK"", ""success"": true, ""message"": ""grasp=[ 0.378 -0.108  0.165] pre=[ 0.32  -0.092  0.165]"", ""duration_ms"": 0.1}, {""state"": ""EXECUTE_PICK"", ""success"": true, ""message"": ""grasp executed"", ""duration_ms"": 462.6}, {""state"": ""VERIFY_GRASP"", ""success"": true, ""message"": ""object lifted 127 mm"", ""duration_ms"": 0.0}, {""state"": ""DETECT_TARGET"", ""success"": true, ""message"": ""target container bowl_0 base=[ 0.531 -0.006  0.14 ]"", ""duration_ms"": 0.1}, {""state"": ""PLAN_PLACE"", ""success"": true, ""message"": ""release above [ 0.531 -0.006  0.14 ] +0.07m"", ""duration_ms"": 0.0}, {""state"": ""EXECUTE_PLACE"", ""success"": true, ""message"": ""released"", ""duration_ms"": 828.1}, {""state"": ""VERIFY_DONE"", ""success"": true, ""message"": ""object placed 28 mm from target"", ""duration_ms"": 0.0}]"
43,real,yolo,20260712,0.38,-0.11,1,,1860.8,565.8,464.5,0.1,830.2,6.1,31.1,127.4,28.3,"[{""state"": ""DETECT_SOURCE"", ""success"": true, ""message"": ""selected cup_0 conf=0.70 base=[ 0.378 -0.108  0.17 ] (1813 ROI pts)"", ""duration_ms"": 565.8}, {""state"": ""PLAN_PICK"", ""success"": true, ""message"": ""grasp=[ 0.378 -0.108  0.165] pre=[ 0.32  -0.092  0.165]"", ""duration_ms"": 0.1}, {""state"": ""EXECUTE_PICK"", ""success"": true, ""message"": ""grasp executed"", ""duration_ms"": 464.5}, {""state"": ""VERIFY_GRASP"", ""success"": true, ""message"": ""object lifted 127 mm"", ""duration_ms"": 0.0}, {""state"": ""DETECT_TARGET"", ""success"": true, ""message"": ""target container bowl_0 base=[ 0.531 -0.006  0.14 ]"", ""duration_ms"": 0.1}, {""state"": ""PLAN_PLACE"", ""success"": true, ""message"": ""release above [ 0.531 -0.006  0.14 ] +0.07m"", ""duration_ms"": 0.0}, {""state"": ""EXECUTE_PLACE"", ""success"": true, ""message"": ""released"", ""duration_ms"": 830.2}, {""state"": ""VERIFY_DONE"", ""success"": true, ""message"": ""object placed 28 mm from target"", ""duration_ms"": 0.0}]"
44,real,yolo,20260712,0.38,-0.11,1,,1855.8,563.1,463.9,0.1,828.6,6.1,31.1,127.4,28.3,"[{""state"": ""DETECT_SOURCE"", ""success"": true, ""message"": ""selected cup_0 conf=0.70 base=[ 0.378 -0.108  0.17 ] (1813 ROI pts)"", ""duration_ms"": 563.1}, {""state"": ""PLAN_PICK"", ""success"": true, ""message"": ""grasp=[ 0.378 -0.108  0.165] pre=[ 0.32  -0.092  0.165]"", ""duration_ms"": 0.1}, {""state"": ""EXECUTE_PICK"", ""success"": true, ""message"": ""grasp executed"", ""duration_ms"": 463.9}, {""state"": ""VERIFY_GRASP"", ""success"": true, ""message"": ""object lifted 127 mm"", ""duration_ms"": 0.0}, {""state"": ""DETECT_TARGET"", ""success"": true, ""message"": ""target container bowl_0 base=[ 0.531 -0.006  0.14 ]"", ""duration_ms"": 0.1}, {""state"": ""PLAN_PLACE"", ""success"": true, ""message"": ""release above [ 0.531 -0.006  0.14 ] +0.07m"", ""duration_ms"": 0.0}, {""state"": ""EXECUTE_PLACE"", ""success"": true, ""message"": ""released"", ""duration_ms"": 828.6}, {""state"": ""VERIFY_DONE"", ""success"": true, ""message"": ""object placed 28 mm from target"", ""duration_ms"": 0.0}]"
45,real,yolo,20260712,0.38,-0.11,1,,1860.1,562.8,464.7,0.1,832.2,6.1,31.1,127.4,28.3,"[{""state"": ""DETECT_SOURCE"", ""success"": true, ""message"": ""selected cup_0 conf=0.70 base=[ 0.378 -0.108  0.17 ] (1813 ROI pts)"", ""duration_ms"": 562.8}, {""state"": ""PLAN_PICK"", ""success"": true, ""message"": ""grasp=[ 0.378 -0.108  0.165] pre=[ 0.32  -0.092  0.165]"", ""duration_ms"": 0.1}, {""state"": ""EXECUTE_PICK"", ""success"": true, ""message"": ""grasp executed"", ""duration_ms"": 464.7}, {""state"": ""VERIFY_GRASP"", ""success"": true, ""message"": ""object lifted 127 mm"", ""duration_ms"": 0.0}, {""state"": ""DETECT_TARGET"", ""success"": true, ""message"": ""target container bowl_0 base=[ 0.531 -0.006  0.14 ]"", ""duration_ms"": 0.1}, {""state"": ""PLAN_PLACE"", ""success"": true, ""message"": ""release above [ 0.531 -0.006  0.14 ] +0.07m"", ""duration_ms"": 0.0}, {""state"": ""EXECUTE_PLACE"", ""success"": true, ""message"": ""released"", ""duration_ms"": 832.2}, {""state"": ""VERIFY_DONE"", ""success"": true, ""message"": ""object placed 28 mm from target"", ""duration_ms"": 0.0}]"
46,real,yolo,20260712,0.38,-0.11,1,,1865.9,575.2,466.3,0.1,824.2,6.1,31.1,127.4,28.3,"[{""state"": ""DETECT_SOURCE"", ""success"": true, ""message"": ""selected cup_0 conf=0.70 base=[ 0.378 -0.108  0.17 ] (1813 ROI pts)"", ""duration_ms"": 575.2}, {""state"": ""PLAN_PICK"", ""success"": true, ""message"": ""grasp=[ 0.378 -0.108  0.165] pre=[ 0.32  -0.092  0.165]"", ""duration_ms"": 0.1}, {""state"": ""EXECUTE_PICK"", ""success"": true, ""message"": ""grasp executed"", ""duration_ms"": 466.3}, {""state"": ""VERIFY_GRASP"", ""success"": true, ""message"": ""object lifted 127 mm"", ""duration_ms"": 0.0}, {""state"": ""DETECT_TARGET"", ""success"": true, ""message"": ""target container bowl_0 base=[ 0.531 -0.006  0.14 ]"", ""duration_ms"": 0.1}, {""state"": ""PLAN_PLACE"", ""success"": true, ""message"": ""release above [ 0.531 -0.006  0.14 ] +0.07m"", ""duration_ms"": 0.0}, {""state"": ""EXECUTE_PLACE"", ""success"": true, ""message"": ""released"", ""duration_ms"": 824.2}, {""state"": ""VERIFY_DONE"", ""success"": true, ""message"": ""object placed 28 mm from target"", ""duration_ms"": 0.0}]"
47,real,yolo,20260712,0.38,-0.11,1,,1880.0,580.8,466.2,0.1,832.8,6.1,31.1,127.4,28.3,"[{""state"": ""DETECT_SOURCE"", ""success"": true, ""message"": ""selected cup_0 conf=0.70 base=[ 0.378 -0.108  0.17 ] (1813 ROI pts)"", ""duration_ms"": 580.8}, {""state"": ""PLAN_PICK"", ""success"": true, ""message"": ""grasp=[ 0.378 -0.108  0.165] pre=[ 0.32  -0.092  0.165]"", ""duration_ms"": 0.1}, {""state"": ""EXECUTE_PICK"", ""success"": true, ""message"": ""grasp executed"", ""duration_ms"": 466.2}, {""state"": ""VERIFY_GRASP"", ""success"": true, ""message"": ""object lifted 127 mm"", ""duration_ms"": 0.0}, {""state"": ""DETECT_TARGET"", ""success"": true, ""message"": ""target container bowl_0 base=[ 0.531 -0.006  0.14 ]"", ""duration_ms"": 0.1}, {""state"": ""PLAN_PLACE"", ""success"": true, ""message"": ""release above [ 0.531 -0.006  0.14 ] +0.07m"", ""duration_ms"": 0.0}, {""state"": ""EXECUTE_PLACE"", ""success"": true, ""message"": ""released"", ""duration_ms"": 832.8}, {""state"": ""VERIFY_DONE"", ""success"": true, ""message"": ""object placed 28 mm from target"", ""duration_ms"": 0.0}]"
48,real,yolo,20260712,0.38,-0.11,1,,1851.8,558.7,464.9,0.1,827.9,6.1,31.1,127.4,28.3,"[{""state"": ""DETECT_SOURCE"", ""success"": true, ""message"": ""selected cup_0 conf=0.70 base=[ 0.378 -0.108  0.17 ] (1813 ROI pts)"", ""duration_ms"": 558.7}, {""state"": ""PLAN_PICK"", ""success"": true, ""message"": ""grasp=[ 0.378 -0.108  0.165] pre=[ 0.32  -0.092  0.165]"", ""duration_ms"": 0.1}, {""state"": ""EXECUTE_PICK"", ""success"": true, ""message"": ""grasp executed"", ""duration_ms"": 464.9}, {""state"": ""VERIFY_GRASP"", ""success"": true, ""message"": ""object lifted 127 mm"", ""duration_ms"": 0.0}, {""state"": ""DETECT_TARGET"", ""success"": true, ""message"": ""target container bowl_0 base=[ 0.531 -0.006  0.14 ]"", ""duration_ms"": 0.1}, {""state"": ""PLAN_PLACE"", ""success"": true, ""message"": ""release above [ 0.531 -0.006  0.14 ] +0.07m"", ""duration_ms"": 0.0}, {""state"": ""EXECUTE_PLACE"", ""success"": true, ""message"": ""released"", ""duration_ms"": 827.9}, {""state"": ""VERIFY_DONE"", ""success"": true, ""message"": ""object placed 28 mm from target"", ""duration_ms"": 0.0}]"
49,real,yolo,20260712,0.38,-0.11,1,,1854.7,555.4,471.3,0.1,827.7,6.1,31.1,127.4,28.3,"[{""state"": ""DETECT_SOURCE"", ""success"": true, ""message"": ""selected cup_0 conf=0.70 base=[ 0.378 -0.108  0.17 ] (1813 ROI pts)"", ""duration_ms"": 555.4}, {""state"": ""PLAN_PICK"", ""success"": true, ""message"": ""grasp=[ 0.378 -0.108  0.165] pre=[ 0.32  -0.092  0.165]"", ""duration_ms"": 0.1}, {""state"": ""EXECUTE_PICK"", ""success"": true, ""message"": ""grasp executed"", ""duration_ms"": 471.3}, {""state"": ""VERIFY_GRASP"", ""success"": true, ""message"": ""object lifted 127 mm"", ""duration_ms"": 0.0}, {""state"": ""DETECT_TARGET"", ""success"": true, ""message"": ""target container bowl_0 base=[ 0.531 -0.006  0.14 ]"", ""duration_ms"": 0.1}, {""state"": ""PLAN_PLACE"", ""success"": true, ""message"": ""release above [ 0.531 -0.006  0.14 ] +0.07m"", ""duration_ms"": 0.0}, {""state"": ""EXECUTE_PLACE"", ""success"": true, ""message"": ""released"", ""duration_ms"": 827.7}, {""state"": ""VERIFY_DONE"", ""success"": true, ""message"": ""object placed 28 mm from target"", ""duration_ms"": 0.0}]"
50,real,yolo,20260712,0.38,-0.11,1,,1850.3,561.3,465.1,0.1,823.6,6.1,31.1,127.4,28.3,"[{""state"": ""DETECT_SOURCE"", ""success"": true, ""message"": ""selected cup_0 conf=0.70 base=[ 0.378 -0.108  0.17 ] (1813 ROI pts)"", ""duration_ms"": 561.3}, {""state"": ""PLAN_PICK"", ""success"": true, ""message"": ""grasp=[ 0.378 -0.108  0.165] pre=[ 0.32  -0.092  0.165]"", ""duration_ms"": 0.1}, {""state"": ""EXECUTE_PICK"", ""success"": true, ""message"": ""grasp executed"", ""duration_ms"": 465.1}, {""state"": ""VERIFY_GRASP"", ""success"": true, ""message"": ""object lifted 127 mm"", ""duration_ms"": 0.0}, {""state"": ""DETECT_TARGET"", ""success"": true, ""message"": ""target container bowl_0 base=[ 0.531 -0.006  0.14 ]"", ""duration_ms"": 0.1}, {""state"": ""PLAN_PLACE"", ""success"": true, ""message"": ""release above [ 0.531 -0.006  0.14 ] +0.07m"", ""duration_ms"": 0.0}, {""state"": ""EXECUTE_PLACE"", ""success"": true, ""message"": ""released"", ""duration_ms"": 823.6}, {""state"": ""VERIFY_DONE"", ""success"": true, ""message"": ""object placed 28 mm from target"", ""duration_ms"": 0.0}]"
51,real,yolo,20260712,0.38,-0.11,1,,1854.6,561.4,463.3,0.1,829.7,6.1,31.1,127.4,28.3,"[{""state"": ""DETECT_SOURCE"", ""success"": true, ""message"": ""selected cup_0 conf=0.70 base=[ 0.378 -0.108  0.17 ] (1813 ROI pts)"", ""duration_ms"": 561.4}, {""state"": ""PLAN_PICK"", ""success"": true, ""message"": ""grasp=[ 0.378 -0.108  0.165] pre=[ 0.32  -0.092  0.165]"", ""duration_ms"": 0.1}, {""state"": ""EXECUTE_PICK"", ""success"": true, ""message"": ""grasp executed"", ""duration_ms"": 463.3}, {""state"": ""VERIFY_GRASP"", ""success"": true, ""message"": ""object lifted 127 mm"", ""duration_ms"": 0.0}, {""state"": ""DETECT_TARGET"", ""success"": true, ""message"": ""target container bowl_0 base=[ 0.531 -0.006  0.14 ]"", ""duration_ms"": 0.1}, {""state"": ""PLAN_PLACE"", ""success"": true, ""message"": ""release above [ 0.531 -0.006  0.14 ] +0.07m"", ""duration_ms"": 0.0}, {""state"": ""EXECUTE_PLACE"", ""success"": true, ""message"": ""released"", ""duration_ms"": 829.7}, {""state"": ""VERIFY_DONE"", ""success"": true, ""message"": ""object placed 28 mm from target"", ""duration_ms"": 0.0}]"
52,real,yolo,20260712,0.38,-0.11,1,,1852.2,556.2,465.1,0.1,830.6,6.1,31.1,127.4,28.3,"[{""state"": ""DETECT_SOURCE"", ""success"": true, ""message"": ""selected cup_0 conf=0.70 base=[ 0.378 -0.108  0.17 ] (1813 ROI pts)"", ""duration_ms"": 556.2}, {""state"": ""PLAN_PICK"", ""success"": true, ""message"": ""grasp=[ 0.378 -0.108  0.165] pre=[ 0.32  -0.092  0.165]"", ""duration_ms"": 0.1}, {""state"": ""EXECUTE_PICK"", ""success"": true, ""message"": ""grasp executed"", ""duration_ms"": 465.1}, {""state"": ""VERIFY_GRASP"", ""success"": true, ""message"": ""object lifted 127 mm"", ""duration_ms"": 0.0}, {""state"": ""DETECT_TARGET"", ""success"": true, ""message"": ""target container bowl_0 base=[ 0.531 -0.006  0.14 ]"", ""duration_ms"": 0.1}, {""state"": ""PLAN_PLACE"", ""success"": true, ""message"": ""release above [ 0.531 -0.006  0.14 ] +0.07m"", ""duration_ms"": 0.0}, {""state"": ""EXECUTE_PLACE"", ""success"": true, ""message"": ""released"", ""duration_ms"": 830.6}, {""state"": ""VERIFY_DONE"", ""success"": true, ""message"": ""object placed 28 mm from target"", ""duration_ms"": 0.0}]"
53,real,yolo,20260712,0.38,-0.11,1,,1874.3,579.7,462.7,0.1,831.7,6.1,31.1,127.4,28.3,"[{""state"": ""DETECT_SOURCE"", ""success"": true, ""message"": ""selected cup_0 conf=0.70 base=[ 0.378 -0.108  0.17 ] (1813 ROI pts)"", ""duration_ms"": 579.7}, {""state"": ""PLAN_PICK"", ""success"": true, ""message"": ""grasp=[ 0.378 -0.108  0.165] pre=[ 0.32  -0.092  0.165]"", ""duration_ms"": 0.1}, {""state"": ""EXECUTE_PICK"", ""success"": true, ""message"": ""grasp executed"", ""duration_ms"": 462.7}, {""state"": ""VERIFY_GRASP"", ""success"": true, ""message"": ""object lifted 127 mm"", ""duration_ms"": 0.0}, {""state"": ""DETECT_TARGET"", ""success"": true, ""message"": ""target container bowl_0 base=[ 0.531 -0.006  0.14 ]"", ""duration_ms"": 0.1}, {""state"": ""PLAN_PLACE"", ""success"": true, ""message"": ""release above [ 0.531 -0.006  0.14 ] +0.07m"", ""duration_ms"": 0.0}, {""state"": ""EXECUTE_PLACE"", ""success"": true, ""message"": ""released"", ""duration_ms"": 831.7}, {""state"": ""VERIFY_DONE"", ""success"": true, ""message"": ""object placed 28 mm from target"", ""duration_ms"": 0.0}]"
54,real,yolo,20260712,0.38,-0.11,1,,1854.1,557.7,465.9,0.1,830.3,6.1,31.1,127.4,28.3,"[{""state"": ""DETECT_SOURCE"", ""success"": true, ""message"": ""selected cup_0 conf=0.70 base=[ 0.378 -0.108  0.17 ] (1813 ROI pts)"", ""duration_ms"": 557.7}, {""state"": ""PLAN_PICK"", ""success"": true, ""message"": ""grasp=[ 0.378 -0.108  0.165] pre=[ 0.32  -0.092  0.165]"", ""duration_ms"": 0.1}, {""state"": ""EXECUTE_PICK"", ""success"": true, ""message"": ""grasp executed"", ""duration_ms"": 465.9}, {""state"": ""VERIFY_GRASP"", ""success"": true, ""message"": ""object lifted 127 mm"", ""duration_ms"": 0.0}, {""state"": ""DETECT_TARGET"", ""success"": true, ""message"": ""target container bowl_0 base=[ 0.531 -0.006  0.14 ]"", ""duration_ms"": 0.1}, {""state"": ""PLAN_PLACE"", ""success"": true, ""message"": ""release above [ 0.531 -0.006  0.14 ] +0.07m"", ""duration_ms"": 0.0}, {""state"": ""EXECUTE_PLACE"", ""success"": true, ""message"": ""released"", ""duration_ms"": 830.3}, {""state"": ""VERIFY_DONE"", ""success"": true, ""message"": ""object placed 28 mm from target"", ""duration_ms"": 0.0}]"
55,real,yolo,20260712,0.38,-0.11,1,,1840.9,544.0,462.6,0.1,834.0,6.1,31.1,127.4,28.3,"[{""state"": ""DETECT_SOURCE"", ""success"": true, ""message"": ""selected cup_0 conf=0.70 base=[ 0.378 -0.108  0.17 ] (1813 ROI pts)"", ""duration_ms"": 544.0}, {""state"": ""PLAN_PICK"", ""success"": true, ""message"": ""grasp=[ 0.378 -0.108  0.165] pre=[ 0.32  -0.092  0.165]"", ""duration_ms"": 0.1}, {""state"": ""EXECUTE_PICK"", ""success"": true, ""message"": ""grasp executed"", ""duration_ms"": 462.6}, {""state"": ""VERIFY_GRASP"", ""success"": true, ""message"": ""object lifted 127 mm"", ""duration_ms"": 0.0}, {""state"": ""DETECT_TARGET"", ""success"": true, ""message"": ""target container bowl_0 base=[ 0.531 -0.006  0.14 ]"", ""duration_ms"": 0.1}, {""state"": ""PLAN_PLACE"", ""success"": true, ""message"": ""release above [ 0.531 -0.006  0.14 ] +0.07m"", ""duration_ms"": 0.0}, {""state"": ""EXECUTE_PLACE"", ""success"": true, ""message"": ""released"", ""duration_ms"": 834.0}, {""state"": ""VERIFY_DONE"", ""success"": true, ""message"": ""object placed 28 mm from target"", ""duration_ms"": 0.0}]"
56,real,yolo,20260712,0.38,-0.11,1,,1850.4,557.9,464.2,0.1,828.0,6.1,31.1,127.4,28.3,"[{""state"": ""DETECT_SOURCE"", ""success"": true, ""message"": ""selected cup_0 conf=0.70 base=[ 0.378 -0.108  0.17 ] (1813 ROI pts)"", ""duration_ms"": 557.9}, {""state"": ""PLAN_PICK"", ""success"": true, ""message"": ""grasp=[ 0.378 -0.108  0.165] pre=[ 0.32  -0.092  0.165]"", ""duration_ms"": 0.1}, {""state"": ""EXECUTE_PICK"", ""success"": true, ""message"": ""grasp executed"", ""duration_ms"": 464.2}, {""state"": ""VERIFY_GRASP"", ""success"": true, ""message"": ""object lifted 127 mm"", ""duration_ms"": 0.0}, {""state"": ""DETECT_TARGET"", ""success"": true, ""message"": ""target container bowl_0 base=[ 0.531 -0.006  0.14 ]"", ""duration_ms"": 0.1}, {""state"": ""PLAN_PLACE"", ""success"": true, ""message"": ""release above [ 0.531 -0.006  0.14 ] +0.07m"", ""duration_ms"": 0.0}, {""state"": ""EXECUTE_PLACE"", ""success"": true, ""message"": ""released"", ""duration_ms"": 828.0}, {""state"": ""VERIFY_DONE"", ""success"": true, ""message"": ""object placed 28 mm from target"", ""duration_ms"": 0.0}]"
57,real,yolo,20260712,0.38,-0.11,1,,1853.3,554.4,465.1,0.1,833.5,6.1,31.1,127.4,28.3,"[{""state"": ""DETECT_SOURCE"", ""success"": true, ""message"": ""selected cup_0 conf=0.70 base=[ 0.378 -0.108  0.17 ] (1813 ROI pts)"", ""duration_ms"": 554.4}, {""state"": ""PLAN_PICK"", ""success"": true, ""message"": ""grasp=[ 0.378 -0.108  0.165] pre=[ 0.32  -0.092  0.165]"", ""duration_ms"": 0.1}, {""state"": ""EXECUTE_PICK"", ""success"": true, ""message"": ""grasp executed"", ""duration_ms"": 465.1}, {""state"": ""VERIFY_GRASP"", ""success"": true, ""message"": ""object lifted 127 mm"", ""duration_ms"": 0.0}, {""state"": ""DETECT_TARGET"", ""success"": true, ""message"": ""target container bowl_0 base=[ 0.531 -0.006  0.14 ]"", ""duration_ms"": 0.1}, {""state"": ""PLAN_PLACE"", ""success"": true, ""message"": ""release above [ 0.531 -0.006  0.14 ] +0.07m"", ""duration_ms"": 0.0}, {""state"": ""EXECUTE_PLACE"", ""success"": true, ""message"": ""released"", ""duration_ms"": 833.5}, {""state"": ""VERIFY_DONE"", ""success"": true, ""message"": ""object placed 28 mm from target"", ""duration_ms"": 0.0}]"
58,real,yolo,20260712,0.38,-0.11,1,,1862.0,570.7,462.2,0.1,828.9,6.1,31.1,127.4,28.3,"[{""state"": ""DETECT_SOURCE"", ""success"": true, ""message"": ""selected cup_0 conf=0.70 base=[ 0.378 -0.108  0.17 ] (1813 ROI pts)"", ""duration_ms"": 570.7}, {""state"": ""PLAN_PICK"", ""success"": true, ""message"": ""grasp=[ 0.378 -0.108  0.165] pre=[ 0.32  -0.092  0.165]"", ""duration_ms"": 0.1}, {""state"": ""EXECUTE_PICK"", ""success"": true, ""message"": ""grasp executed"", ""duration_ms"": 462.2}, {""state"": ""VERIFY_GRASP"", ""success"": true, ""message"": ""object lifted 127 mm"", ""duration_ms"": 0.0}, {""state"": ""DETECT_TARGET"", ""success"": true, ""message"": ""target container bowl_0 base=[ 0.531 -0.006  0.14 ]"", ""duration_ms"": 0.1}, {""state"": ""PLAN_PLACE"", ""success"": true, ""message"": ""release above [ 0.531 -0.006  0.14 ] +0.07m"", ""duration_ms"": 0.0}, {""state"": ""EXECUTE_PLACE"", ""success"": true, ""message"": ""released"", ""duration_ms"": 828.9}, {""state"": ""VERIFY_DONE"", ""success"": true, ""message"": ""object placed 28 mm from target"", ""duration_ms"": 0.0}]"
59,real,yolo,20260712,0.38,-0.11,1,,1851.7,562.9,463.4,0.1,825.1,6.1,31.1,127.4,28.3,"[{""state"": ""DETECT_SOURCE"", ""success"": true, ""message"": ""selected cup_0 conf=0.70 base=[ 0.378 -0.108  0.17 ] (1813 ROI pts)"", ""duration_ms"": 562.9}, {""state"": ""PLAN_PICK"", ""success"": true, ""message"": ""grasp=[ 0.378 -0.108  0.165] pre=[ 0.32  -0.092  0.165]"", ""duration_ms"": 0.1}, {""state"": ""EXECUTE_PICK"", ""success"": true, ""message"": ""grasp executed"", ""duration_ms"": 463.4}, {""state"": ""VERIFY_GRASP"", ""success"": true, ""message"": ""object lifted 127 mm"", ""duration_ms"": 0.0}, {""state"": ""DETECT_TARGET"", ""success"": true, ""message"": ""target container bowl_0 base=[ 0.531 -0.006  0.14 ]"", ""duration_ms"": 0.1}, {""state"": ""PLAN_PLACE"", ""success"": true, ""message"": ""release above [ 0.531 -0.006  0.14 ] +0.07m"", ""duration_ms"": 0.0}, {""state"": ""EXECUTE_PLACE"", ""success"": true, ""message"": ""released"", ""duration_ms"": 825.1}, {""state"": ""VERIFY_DONE"", ""success"": true, ""message"": ""object placed 28 mm from target"", ""duration_ms"": 0.0}]"
60,real,yolo,20260712,0.38,-0.11,1,,1835.5,547.0,464.3,0.1,824.0,6.1,31.1,127.4,28.3,"[{""state"": ""DETECT_SOURCE"", ""success"": true, ""message"": ""selected cup_0 conf=0.70 base=[ 0.378 -0.108  0.17 ] (1813 ROI pts)"", ""duration_ms"": 547.0}, {""state"": ""PLAN_PICK"", ""success"": true, ""message"": ""grasp=[ 0.378 -0.108  0.165] pre=[ 0.32  -0.092  0.165]"", ""duration_ms"": 0.1}, {""state"": ""EXECUTE_PICK"", ""success"": true, ""message"": ""grasp executed"", ""duration_ms"": 464.3}, {""state"": ""VERIFY_GRASP"", ""success"": true, ""message"": ""object lifted 127 mm"", ""duration_ms"": 0.0}, {""state"": ""DETECT_TARGET"", ""success"": true, ""message"": ""target container bowl_0 base=[ 0.531 -0.006  0.14 ]"", ""duration_ms"": 0.1}, {""state"": ""PLAN_PLACE"", ""success"": true, ""message"": ""release above [ 0.531 -0.006  0.14 ] +0.07m"", ""duration_ms"": 0.0}, {""state"": ""EXECUTE_PLACE"", ""success"": true, ""message"": ""released"", ""duration_ms"": 824.0}, {""state"": ""VERIFY_DONE"", ""success"": true, ""message"": ""object placed 28 mm from target"", ""duration_ms"": 0.0}]"
61,real,yolo,20260712,0.38,-0.11,1,,1862.4,570.6,463.7,0.1,827.9,6.1,31.1,127.4,28.3,"[{""state"": ""DETECT_SOURCE"", ""success"": true, ""message"": ""selected cup_0 conf=0.70 base=[ 0.378 -0.108  0.17 ] (1813 ROI pts)"", ""duration_ms"": 570.6}, {""state"": ""PLAN_PICK"", ""success"": true, ""message"": ""grasp=[ 0.378 -0.108  0.165] pre=[ 0.32  -0.092  0.165]"", ""duration_ms"": 0.1}, {""state"": ""EXECUTE_PICK"", ""success"": true, ""message"": ""grasp executed"", ""duration_ms"": 463.7}, {""state"": ""VERIFY_GRASP"", ""success"": true, ""message"": ""object lifted 127 mm"", ""duration_ms"": 0.0}, {""state"": ""DETECT_TARGET"", ""success"": true, ""message"": ""target container bowl_0 base=[ 0.531 -0.006  0.14 ]"", ""duration_ms"": 0.1}, {""state"": ""PLAN_PLACE"", ""success"": true, ""message"": ""release above [ 0.531 -0.006  0.14 ] +0.07m"", ""duration_ms"": 0.0}, {""state"": ""EXECUTE_PLACE"", ""success"": true, ""message"": ""released"", ""duration_ms"": 827.9}, {""state"": ""VERIFY_DONE"", ""success"": true, ""message"": ""object placed 28 mm from target"", ""duration_ms"": 0.0}]"
62,real,yolo,20260712,0.38,-0.11,1,,1862.8,566.4,464.6,0.1,831.6,6.1,31.1,127.4,28.3,"[{""state"": ""DETECT_SOURCE"", ""success"": true, ""message"": ""selected cup_0 conf=0.70 base=[ 0.378 -0.108  0.17 ] (1813 ROI pts)"", ""duration_ms"": 566.4}, {""state"": ""PLAN_PICK"", ""success"": true, ""message"": ""grasp=[ 0.378 -0.108  0.165] pre=[ 0.32  -0.092  0.165]"", ""duration_ms"": 0.1}, {""state"": ""EXECUTE_PICK"", ""success"": true, ""message"": ""grasp executed"", ""duration_ms"": 464.6}, {""state"": ""VERIFY_GRASP"", ""success"": true, ""message"": ""object lifted 127 mm"", ""duration_ms"": 0.0}, {""state"": ""DETECT_TARGET"", ""success"": true, ""message"": ""target container bowl_0 base=[ 0.531 -0.006  0.14 ]"", ""duration_ms"": 0.1}, {""state"": ""PLAN_PLACE"", ""success"": true, ""message"": ""release above [ 0.531 -0.006  0.14 ] +0.07m"", ""duration_ms"": 0.0}, {""state"": ""EXECUTE_PLACE"", ""success"": true, ""message"": ""released"", ""duration_ms"": 831.6}, {""state"": ""VERIFY_DONE"", ""success"": true, ""message"": ""object placed 28 mm from target"", ""duration_ms"": 0.0}]"
63,real,yolo,20260712,0.38,-0.11,1,,1848.7,551.0,465.3,0.1,832.2,6.1,31.1,127.4,28.3,"[{""state"": ""DETECT_SOURCE"", ""success"": true, ""message"": ""selected cup_0 conf=0.70 base=[ 0.378 -0.108  0.17 ] (1813 ROI pts)"", ""duration_ms"": 551.0}, {""state"": ""PLAN_PICK"", ""success"": true, ""message"": ""grasp=[ 0.378 -0.108  0.165] pre=[ 0.32  -0.092  0.165]"", ""duration_ms"": 0.1}, {""state"": ""EXECUTE_PICK"", ""success"": true, ""message"": ""grasp executed"", ""duration_ms"": 465.3}, {""state"": ""VERIFY_GRASP"", ""success"": true, ""message"": ""object lifted 127 mm"", ""duration_ms"": 0.0}, {""state"": ""DETECT_TARGET"", ""success"": true, ""message"": ""target container bowl_0 base=[ 0.531 -0.006  0.14 ]"", ""duration_ms"": 0.1}, {""state"": ""PLAN_PLACE"", ""success"": true, ""message"": ""release above [ 0.531 -0.006  0.14 ] +0.07m"", ""duration_ms"": 0.0}, {""state"": ""EXECUTE_PLACE"", ""success"": true, ""message"": ""released"", ""duration_ms"": 832.2}, {""state"": ""VERIFY_DONE"", ""success"": true, ""message"": ""object placed 28 mm from target"", ""duration_ms"": 0.0}]"
64,real,yolo,20260712,0.38,-0.11,1,,1853.0,558.5,462.6,0.1,831.6,6.1,31.1,127.4,28.3,"[{""state"": ""DETECT_SOURCE"", ""success"": true, ""message"": ""selected cup_0 conf=0.70 base=[ 0.378 -0.108  0.17 ] (1813 ROI pts)"", ""duration_ms"": 558.5}, {""state"": ""PLAN_PICK"", ""success"": true, ""message"": ""grasp=[ 0.378 -0.108  0.165] pre=[ 0.32  -0.092  0.165]"", ""duration_ms"": 0.1}, {""state"": ""EXECUTE_PICK"", ""success"": true, ""message"": ""grasp executed"", ""duration_ms"": 462.6}, {""state"": ""VERIFY_GRASP"", ""success"": true, ""message"": ""object lifted 127 mm"", ""duration_ms"": 0.0}, {""state"": ""DETECT_TARGET"", ""success"": true, ""message"": ""target container bowl_0 base=[ 0.531 -0.006  0.14 ]"", ""duration_ms"": 0.1}, {""state"": ""PLAN_PLACE"", ""success"": true, ""message"": ""release above [ 0.531 -0.006  0.14 ] +0.07m"", ""duration_ms"": 0.0}, {""state"": ""EXECUTE_PLACE"", ""success"": true, ""message"": ""released"", ""duration_ms"": 831.6}, {""state"": ""VERIFY_DONE"", ""success"": true, ""message"": ""object placed 28 mm from target"", ""duration_ms"": 0.0}]"
65,real,yolo,20260712,0.38,-0.11,1,,1852.0,556.0,462.6,0.1,833.1,6.1,31.1,127.4,28.3,"[{""state"": ""DETECT_SOURCE"", ""success"": true, ""message"": ""selected cup_0 conf=0.70 base=[ 0.378 -0.108  0.17 ] (1813 ROI pts)"", ""duration_ms"": 556.0}, {""state"": ""PLAN_PICK"", ""success"": true, ""message"": ""grasp=[ 0.378 -0.108  0.165] pre=[ 0.32  -0.092  0.165]"", ""duration_ms"": 0.1}, {""state"": ""EXECUTE_PICK"", ""success"": true, ""message"": ""grasp executed"", ""duration_ms"": 462.6}, {""state"": ""VERIFY_GRASP"", ""success"": true, ""message"": ""object lifted 127 mm"", ""duration_ms"": 0.0}, {""state"": ""DETECT_TARGET"", ""success"": true, ""message"": ""target container bowl_0 base=[ 0.531 -0.006  0.14 ]"", ""duration_ms"": 0.1}, {""state"": ""PLAN_PLACE"", ""success"": true, ""message"": ""release above [ 0.531 -0.006  0.14 ] +0.07m"", ""duration_ms"": 0.0}, {""state"": ""EXECUTE_PLACE"", ""success"": true, ""message"": ""released"", ""duration_ms"": 833.1}, {""state"": ""VERIFY_DONE"", ""success"": true, ""message"": ""object placed 28 mm from target"", ""duration_ms"": 0.0}]"
66,real,yolo,20260712,0.38,-0.11,1,,1866.2,567.6,463.7,0.1,834.6,6.1,31.1,127.4,28.3,"[{""state"": ""DETECT_SOURCE"", ""success"": true, ""message"": ""selected cup_0 conf=0.70 base=[ 0.378 -0.108  0.17 ] (1813 ROI pts)"", ""duration_ms"": 567.6}, {""state"": ""PLAN_PICK"", ""success"": true, ""message"": ""grasp=[ 0.378 -0.108  0.165] pre=[ 0.32  -0.092  0.165]"", ""duration_ms"": 0.1}, {""state"": ""EXECUTE_PICK"", ""success"": true, ""message"": ""grasp executed"", ""duration_ms"": 463.7}, {""state"": ""VERIFY_GRASP"", ""success"": true, ""message"": ""object lifted 127 mm"", ""duration_ms"": 0.0}, {""state"": ""DETECT_TARGET"", ""success"": true, ""message"": ""target container bowl_0 base=[ 0.531 -0.006  0.14 ]"", ""duration_ms"": 0.1}, {""state"": ""PLAN_PLACE"", ""success"": true, ""message"": ""release above [ 0.531 -0.006  0.14 ] +0.07m"", ""duration_ms"": 0.0}, {""state"": ""EXECUTE_PLACE"", ""success"": true, ""message"": ""released"", ""duration_ms"": 834.6}, {""state"": ""VERIFY_DONE"", ""success"": true, ""message"": ""object placed 28 mm from target"", ""duration_ms"": 0.0}]"
67,real,yolo,20260712,0.38,-0.11,1,,1853.9,560.0,463.2,0.1,830.4,6.1,31.1,127.4,28.3,"[{""state"": ""DETECT_SOURCE"", ""success"": true, ""message"": ""selected cup_0 conf=0.70 base=[ 0.378 -0.108  0.17 ] (1813 ROI pts)"", ""duration_ms"": 560.0}, {""state"": ""PLAN_PICK"", ""success"": true, ""message"": ""grasp=[ 0.378 -0.108  0.165] pre=[ 0.32  -0.092  0.165]"", ""duration_ms"": 0.1}, {""state"": ""EXECUTE_PICK"", ""success"": true, ""message"": ""grasp executed"", ""duration_ms"": 463.2}, {""state"": ""VERIFY_GRASP"", ""success"": true, ""message"": ""object lifted 127 mm"", ""duration_ms"": 0.0}, {""state"": ""DETECT_TARGET"", ""success"": true, ""message"": ""target container bowl_0 base=[ 0.531 -0.006  0.14 ]"", ""duration_ms"": 0.1}, {""state"": ""PLAN_PLACE"", ""success"": true, ""message"": ""release above [ 0.531 -0.006  0.14 ] +0.07m"", ""duration_ms"": 0.0}, {""state"": ""EXECUTE_PLACE"", ""success"": true, ""message"": ""released"", ""duration_ms"": 830.4}, {""state"": ""VERIFY_DONE"", ""success"": true, ""message"": ""object placed 28 mm from target"", ""duration_ms"": 0.0}]"
68,real,yolo,20260712,0.38,-0.11,1,,1857.5,561.5,463.8,0.1,832.0,6.1,31.1,127.4,28.3,"[{""state"": ""DETECT_SOURCE"", ""success"": true, ""message"": ""selected cup_0 conf=0.70 base=[ 0.378 -0.108  0.17 ] (1813 ROI pts)"", ""duration_ms"": 561.5}, {""state"": ""PLAN_PICK"", ""success"": true, ""message"": ""grasp=[ 0.378 -0.108  0.165] pre=[ 0.32  -0.092  0.165]"", ""duration_ms"": 0.1}, {""state"": ""EXECUTE_PICK"", ""success"": true, ""message"": ""grasp executed"", ""duration_ms"": 463.8}, {""state"": ""VERIFY_GRASP"", ""success"": true, ""message"": ""object lifted 127 mm"", ""duration_ms"": 0.0}, {""state"": ""DETECT_TARGET"", ""success"": true, ""message"": ""target container bowl_0 base=[ 0.531 -0.006  0.14 ]"", ""duration_ms"": 0.1}, {""state"": ""PLAN_PLACE"", ""success"": true, ""message"": ""release above [ 0.531 -0.006  0.14 ] +0.07m"", ""duration_ms"": 0.0}, {""state"": ""EXECUTE_PLACE"", ""success"": true, ""message"": ""released"", ""duration_ms"": 832.0}, {""state"": ""VERIFY_DONE"", ""success"": true, ""message"": ""object placed 28 mm from target"", ""duration_ms"": 0.0}]"
69,real,yolo,20260712,0.38,-0.11,1,,1873.4,560.1,475.0,0.1,838.0,6.1,31.1,127.4,28.3,"[{""state"": ""DETECT_SOURCE"", ""success"": true, ""message"": ""selected cup_0 conf=0.70 base=[ 0.378 -0.108  0.17 ] (1813 ROI pts)"", ""duration_ms"": 560.1}, {""state"": ""PLAN_PICK"", ""success"": true, ""message"": ""grasp=[ 0.378 -0.108  0.165] pre=[ 0.32  -0.092  0.165]"", ""duration_ms"": 0.1}, {""state"": ""EXECUTE_PICK"", ""success"": true, ""message"": ""grasp executed"", ""duration_ms"": 475.0}, {""state"": ""VERIFY_GRASP"", ""success"": true, ""message"": ""object lifted 127 mm"", ""duration_ms"": 0.0}, {""state"": ""DETECT_TARGET"", ""success"": true, ""message"": ""target container bowl_0 base=[ 0.531 -0.006  0.14 ]"", ""duration_ms"": 0.1}, {""state"": ""PLAN_PLACE"", ""success"": true, ""message"": ""release above [ 0.531 -0.006  0.14 ] +0.07m"", ""duration_ms"": 0.0}, {""state"": ""EXECUTE_PLACE"", ""success"": true, ""message"": ""released"", ""duration_ms"": 838.0}, {""state"": ""VERIFY_DONE"", ""success"": true, ""message"": ""object placed 28 mm from target"", ""duration_ms"": 0.0}]"
70,real,yolo,20260712,0.38,-0.11,1,,1838.4,553.3,463.4,0.1,821.4,6.1,31.1,127.4,28.3,"[{""state"": ""DETECT_SOURCE"", ""success"": true, ""message"": ""selected cup_0 conf=0.70 base=[ 0.378 -0.108  0.17 ] (1813 ROI pts)"", ""duration_ms"": 553.3}, {""state"": ""PLAN_PICK"", ""success"": true, ""message"": ""grasp=[ 0.378 -0.108  0.165] pre=[ 0.32  -0.092  0.165]"", ""duration_ms"": 0.1}, {""state"": ""EXECUTE_PICK"", ""success"": true, ""message"": ""grasp executed"", ""duration_ms"": 463.4}, {""state"": ""VERIFY_GRASP"", ""success"": true, ""message"": ""object lifted 127 mm"", ""duration_ms"": 0.0}, {""state"": ""DETECT_TARGET"", ""success"": true, ""message"": ""target container bowl_0 base=[ 0.531 -0.006  0.14 ]"", ""duration_ms"": 0.1}, {""state"": ""PLAN_PLACE"", ""success"": true, ""message"": ""release above [ 0.531 -0.006  0.14 ] +0.07m"", ""duration_ms"": 0.0}, {""state"": ""EXECUTE_PLACE"", ""success"": true, ""message"": ""released"", ""duration_ms"": 821.4}, {""state"": ""VERIFY_DONE"", ""success"": true, ""message"": ""object placed 28 mm from target"", ""duration_ms"": 0.0}]"
71,real,yolo,20260712,0.38,-0.11,1,,1844.7,548.1,465.2,0.1,831.2,6.1,31.1,127.4,28.3,"[{""state"": ""DETECT_SOURCE"", ""success"": true, ""message"": ""selected cup_0 conf=0.70 base=[ 0.378 -0.108  0.17 ] (1813 ROI pts)"", ""duration_ms"": 548.1}, {""state"": ""PLAN_PICK"", ""success"": true, ""message"": ""grasp=[ 0.378 -0.108  0.165] pre=[ 0.32  -0.092  0.165]"", ""duration_ms"": 0.1}, {""state"": ""EXECUTE_PICK"", ""success"": true, ""message"": ""grasp executed"", ""duration_ms"": 465.2}, {""state"": ""VERIFY_GRASP"", ""success"": true, ""message"": ""object lifted 127 mm"", ""duration_ms"": 0.0}, {""state"": ""DETECT_TARGET"", ""success"": true, ""message"": ""target container bowl_0 base=[ 0.531 -0.006  0.14 ]"", ""duration_ms"": 0.1}, {""state"": ""PLAN_PLACE"", ""success"": true, ""message"": ""release above [ 0.531 -0.006  0.14 ] +0.07m"", ""duration_ms"": 0.0}, {""state"": ""EXECUTE_PLACE"", ""success"": true, ""message"": ""released"", ""duration_ms"": 831.2}, {""state"": ""VERIFY_DONE"", ""success"": true, ""message"": ""object placed 28 mm from target"", ""duration_ms"": 0.0}]"
72,real,yolo,20260712,0.38,-0.11,1,,1828.8,539.2,462.9,0.0,826.5,6.1,31.1,127.4,28.3,"[{""state"": ""DETECT_SOURCE"", ""success"": true, ""message"": ""selected cup_0 conf=0.70 base=[ 0.378 -0.108  0.17 ] (1813 ROI pts)"", ""duration_ms"": 539.2}, {""state"": ""PLAN_PICK"", ""success"": true, ""message"": ""grasp=[ 0.378 -0.108  0.165] pre=[ 0.32  -0.092  0.165]"", ""duration_ms"": 0.1}, {""state"": ""EXECUTE_PICK"", ""success"": true, ""message"": ""grasp executed"", ""duration_ms"": 462.9}, {""state"": ""VERIFY_GRASP"", ""success"": true, ""message"": ""object lifted 127 mm"", ""duration_ms"": 0.0}, {""state"": ""DETECT_TARGET"", ""success"": true, ""message"": ""target container bowl_0 base=[ 0.531 -0.006  0.14 ]"", ""duration_ms"": 0.0}, {""state"": ""PLAN_PLACE"", ""success"": true, ""message"": ""release above [ 0.531 -0.006  0.14 ] +0.07m"", ""duration_ms"": 0.0}, {""state"": ""EXECUTE_PLACE"", ""success"": true, ""message"": ""released"", ""duration_ms"": 826.5}, {""state"": ""VERIFY_DONE"", ""success"": true, ""message"": ""object placed 28 mm from target"", ""duration_ms"": 0.0}]"
73,real,yolo,20260712,0.38,-0.11,1,,1830.4,539.7,463.8,0.1,826.6,6.1,31.1,127.4,28.3,"[{""state"": ""DETECT_SOURCE"", ""success"": true, ""message"": ""selected cup_0 conf=0.70 base=[ 0.378 -0.108  0.17 ] (1813 ROI pts)"", ""duration_ms"": 539.7}, {""state"": ""PLAN_PICK"", ""success"": true, ""message"": ""grasp=[ 0.378 -0.108  0.165] pre=[ 0.32  -0.092  0.165]"", ""duration_ms"": 0.1}, {""state"": ""EXECUTE_PICK"", ""success"": true, ""message"": ""grasp executed"", ""duration_ms"": 463.8}, {""state"": ""VERIFY_GRASP"", ""success"": true, ""message"": ""object lifted 127 mm"", ""duration_ms"": 0.0}, {""state"": ""DETECT_TARGET"", ""success"": true, ""message"": ""target container bowl_0 base=[ 0.531 -0.006  0.14 ]"", ""duration_ms"": 0.1}, {""state"": ""PLAN_PLACE"", ""success"": true, ""message"": ""release above [ 0.531 -0.006  0.14 ] +0.07m"", ""duration_ms"": 0.0}, {""state"": ""EXECUTE_PLACE"", ""success"": true, ""message"": ""released"", ""duration_ms"": 826.6}, {""state"": ""VERIFY_DONE"", ""success"": true, ""message"": ""object placed 28 mm from target"", ""duration_ms"": 0.0}]"
74,real,yolo,20260712,0.38,-0.11,1,,1840.4,547.7,464.3,0.1,828.1,6.1,31.1,127.4,28.3,"[{""state"": ""DETECT_SOURCE"", ""success"": true, ""message"": ""selected cup_0 conf=0.70 base=[ 0.378 -0.108  0.17 ] (1813 ROI pts)"", ""duration_ms"": 547.7}, {""state"": ""PLAN_PICK"", ""success"": true, ""message"": ""grasp=[ 0.378 -0.108  0.165] pre=[ 0.32  -0.092  0.165]"", ""duration_ms"": 0.1}, {""state"": ""EXECUTE_PICK"", ""success"": true, ""message"": ""grasp executed"", ""duration_ms"": 464.3}, {""state"": ""VERIFY_GRASP"", ""success"": true, ""message"": ""object lifted 127 mm"", ""duration_ms"": 0.0}, {""state"": ""DETECT_TARGET"", ""success"": true, ""message"": ""target container bowl_0 base=[ 0.531 -0.006  0.14 ]"", ""duration_ms"": 0.1}, {""state"": ""PLAN_PLACE"", ""success"": true, ""message"": ""release above [ 0.531 -0.006  0.14 ] +0.07m"", ""duration_ms"": 0.0}, {""state"": ""EXECUTE_PLACE"", ""success"": true, ""message"": ""released"", ""duration_ms"": 828.1}, {""state"": ""VERIFY_DONE"", ""success"": true, ""message"": ""object placed 28 mm from target"", ""duration_ms"": 0.0}]"
75,real,yolo,20260712,0.38,-0.11,1,,1827.6,542.1,464.4,0.1,820.8,6.1,31.1,127.4,28.3,"[{""state"": ""DETECT_SOURCE"", ""success"": true, ""message"": ""selected cup_0 conf=0.70 base=[ 0.378 -0.108  0.17 ] (1813 ROI pts)"", ""duration_ms"": 542.1}, {""state"": ""PLAN_PICK"", ""success"": true, ""message"": ""grasp=[ 0.378 -0.108  0.165] pre=[ 0.32  -0.092  0.165]"", ""duration_ms"": 0.1}, {""state"": ""EXECUTE_PICK"", ""success"": true, ""message"": ""grasp executed"", ""duration_ms"": 464.4}, {""state"": ""VERIFY_GRASP"", ""success"": true, ""message"": ""object lifted 127 mm"", ""duration_ms"": 0.0}, {""state"": ""DETECT_TARGET"", ""success"": true, ""message"": ""target container bowl_0 base=[ 0.531 -0.006  0.14 ]"", ""duration_ms"": 0.1}, {""state"": ""PLAN_PLACE"", ""success"": true, ""message"": ""release above [ 0.531 -0.006  0.14 ] +0.07m"", ""duration_ms"": 0.0}, {""state"": ""EXECUTE_PLACE"", ""success"": true, ""message"": ""released"", ""duration_ms"": 820.8}, {""state"": ""VERIFY_DONE"", ""success"": true, ""message"": ""object placed 28 mm from target"", ""duration_ms"": 0.0}]"
76,real,yolo,20260712,0.38,-0.11,1,,1844.3,547.0,463.8,0.1,833.3,6.1,31.1,127.4,28.3,"[{""state"": ""DETECT_SOURCE"", ""success"": true, ""message"": ""selected cup_0 conf=0.70 base=[ 0.378 -0.108  0.17 ] (1813 ROI pts)"", ""duration_ms"": 547.0}, {""state"": ""PLAN_PICK"", ""success"": true, ""message"": ""grasp=[ 0.378 -0.108  0.165] pre=[ 0.32  -0.092  0.165]"", ""duration_ms"": 0.1}, {""state"": ""EXECUTE_PICK"", ""success"": true, ""message"": ""grasp executed"", ""duration_ms"": 463.8}, {""state"": ""VERIFY_GRASP"", ""success"": true, ""message"": ""object lifted 127 mm"", ""duration_ms"": 0.0}, {""state"": ""DETECT_TARGET"", ""success"": true, ""message"": ""target container bowl_0 base=[ 0.531 -0.006  0.14 ]"", ""duration_ms"": 0.1}, {""state"": ""PLAN_PLACE"", ""success"": true, ""message"": ""release above [ 0.531 -0.006  0.14 ] +0.07m"", ""duration_ms"": 0.0}, {""state"": ""EXECUTE_PLACE"", ""success"": true, ""message"": ""released"", ""duration_ms"": 833.3}, {""state"": ""VERIFY_DONE"", ""success"": true, ""message"": ""object placed 28 mm from target"", ""duration_ms"": 0.0}]"
77,real,yolo,20260712,0.38,-0.11,1,,1841.1,547.5,464.5,0.1,828.8,6.1,31.1,127.4,28.3,"[{""state"": ""DETECT_SOURCE"", ""success"": true, ""message"": ""selected cup_0 conf=0.70 base=[ 0.378 -0.108  0.17 ] (1813 ROI pts)"", ""duration_ms"": 547.5}, {""state"": ""PLAN_PICK"", ""success"": true, ""message"": ""grasp=[ 0.378 -0.108  0.165] pre=[ 0.32  -0.092  0.165]"", ""duration_ms"": 0.1}, {""state"": ""EXECUTE_PICK"", ""success"": true, ""message"": ""grasp executed"", ""duration_ms"": 464.5}, {""state"": ""VERIFY_GRASP"", ""success"": true, ""message"": ""object lifted 127 mm"", ""duration_ms"": 0.0}, {""state"": ""DETECT_TARGET"", ""success"": true, ""message"": ""target container bowl_0 base=[ 0.531 -0.006  0.14 ]"", ""duration_ms"": 0.1}, {""state"": ""PLAN_PLACE"", ""success"": true, ""message"": ""release above [ 0.531 -0.006  0.14 ] +0.07m"", ""duration_ms"": 0.0}, {""state"": ""EXECUTE_PLACE"", ""success"": true, ""message"": ""released"", ""duration_ms"": 828.8}, {""state"": ""VERIFY_DONE"", ""success"": true, ""message"": ""object placed 28 mm from target"", ""duration_ms"": 0.0}]"
78,real,yolo,20260712,0.38,-0.11,1,,1832.4,548.3,461.6,0.1,822.2,6.1,31.1,127.4,28.3,"[{""state"": ""DETECT_SOURCE"", ""success"": true, ""message"": ""selected cup_0 conf=0.70 base=[ 0.378 -0.108  0.17 ] (1813 ROI pts)"", ""duration_ms"": 548.3}, {""state"": ""PLAN_PICK"", ""success"": true, ""message"": ""grasp=[ 0.378 -0.108  0.165] pre=[ 0.32  -0.092  0.165]"", ""duration_ms"": 0.1}, {""state"": ""EXECUTE_PICK"", ""success"": true, ""message"": ""grasp executed"", ""duration_ms"": 461.6}, {""state"": ""VERIFY_GRASP"", ""success"": true, ""message"": ""object lifted 127 mm"", ""duration_ms"": 0.0}, {""state"": ""DETECT_TARGET"", ""success"": true, ""message"": ""target container bowl_0 base=[ 0.531 -0.006  0.14 ]"", ""duration_ms"": 0.1}, {""state"": ""PLAN_PLACE"", ""success"": true, ""message"": ""release above [ 0.531 -0.006  0.14 ] +0.07m"", ""duration_ms"": 0.0}, {""state"": ""EXECUTE_PLACE"", ""success"": true, ""message"": ""released"", ""duration_ms"": 822.2}, {""state"": ""VERIFY_DONE"", ""success"": true, ""message"": ""object placed 28 mm from target"", ""duration_ms"": 0.0}]"
79,real,yolo,20260712,0.38,-0.11,1,,1851.3,556.3,465.0,0.1,829.8,6.1,31.1,127.4,28.3,"[{""state"": ""DETECT_SOURCE"", ""success"": true, ""message"": ""selected cup_0 conf=0.70 base=[ 0.378 -0.108  0.17 ] (1813 ROI pts)"", ""duration_ms"": 556.3}, {""state"": ""PLAN_PICK"", ""success"": true, ""message"": ""grasp=[ 0.378 -0.108  0.165] pre=[ 0.32  -0.092  0.165]"", ""duration_ms"": 0.1}, {""state"": ""EXECUTE_PICK"", ""success"": true, ""message"": ""grasp executed"", ""duration_ms"": 465.0}, {""state"": ""VERIFY_GRASP"", ""success"": true, ""message"": ""object lifted 127 mm"", ""duration_ms"": 0.0}, {""state"": ""DETECT_TARGET"", ""success"": true, ""message"": ""target container bowl_0 base=[ 0.531 -0.006  0.14 ]"", ""duration_ms"": 0.1}, {""state"": ""PLAN_PLACE"", ""success"": true, ""message"": ""release above [ 0.531 -0.006  0.14 ] +0.07m"", ""duration_ms"": 0.0}, {""state"": ""EXECUTE_PLACE"", ""success"": true, ""message"": ""released"", ""duration_ms"": 829.8}, {""state"": ""VERIFY_DONE"", ""success"": true, ""message"": ""object placed 28 mm from target"", ""duration_ms"": 0.0}]"
80,real,yolo,20260712,0.38,-0.11,1,,1820.2,535.8,464.1,0.0,820.1,6.1,31.1,127.4,28.3,"[{""state"": ""DETECT_SOURCE"", ""success"": true, ""message"": ""selected cup_0 conf=0.70 base=[ 0.378 -0.108  0.17 ] (1813 ROI pts)"", ""duration_ms"": 535.8}, {""state"": ""PLAN_PICK"", ""success"": true, ""message"": ""grasp=[ 0.378 -0.108  0.165] pre=[ 0.32  -0.092  0.165]"", ""duration_ms"": 0.1}, {""state"": ""EXECUTE_PICK"", ""success"": true, ""message"": ""grasp executed"", ""duration_ms"": 464.1}, {""state"": ""VERIFY_GRASP"", ""success"": true, ""message"": ""object lifted 127 mm"", ""duration_ms"": 0.0}, {""state"": ""DETECT_TARGET"", ""success"": true, ""message"": ""target container bowl_0 base=[ 0.531 -0.006  0.14 ]"", ""duration_ms"": 0.0}, {""state"": ""PLAN_PLACE"", ""success"": true, ""message"": ""release above [ 0.531 -0.006  0.14 ] +0.07m"", ""duration_ms"": 0.0}, {""state"": ""EXECUTE_PLACE"", ""success"": true, ""message"": ""released"", ""duration_ms"": 820.1}, {""state"": ""VERIFY_DONE"", ""success"": true, ""message"": ""object placed 28 mm from target"", ""duration_ms"": 0.0}]"
81,real,yolo,20260712,0.38,-0.11,1,,1843.7,550.3,464.7,0.1,828.4,6.1,31.1,127.4,28.3,"[{""state"": ""DETECT_SOURCE"", ""success"": true, ""message"": ""selected cup_0 conf=0.70 base=[ 0.378 -0.108  0.17 ] (1813 ROI pts)"", ""duration_ms"": 550.3}, {""state"": ""PLAN_PICK"", ""success"": true, ""message"": ""grasp=[ 0.378 -0.108  0.165] pre=[ 0.32  -0.092  0.165]"", ""duration_ms"": 0.1}, {""state"": ""EXECUTE_PICK"", ""success"": true, ""message"": ""grasp executed"", ""duration_ms"": 464.7}, {""state"": ""VERIFY_GRASP"", ""success"": true, ""message"": ""object lifted 127 mm"", ""duration_ms"": 0.0}, {""state"": ""DETECT_TARGET"", ""success"": true, ""message"": ""target container bowl_0 base=[ 0.531 -0.006  0.14 ]"", ""duration_ms"": 0.1}, {""state"": ""PLAN_PLACE"", ""success"": true, ""message"": ""release above [ 0.531 -0.006  0.14 ] +0.07m"", ""duration_ms"": 0.0}, {""state"": ""EXECUTE_PLACE"", ""success"": true, ""message"": ""released"", ""duration_ms"": 828.4}, {""state"": ""VERIFY_DONE"", ""success"": true, ""message"": ""object placed 28 mm from target"", ""duration_ms"": 0.0}]"
82,real,yolo,20260712,0.38,-0.11,1,,1834.9,542.5,463.0,0.1,829.2,6.1,31.1,127.4,28.3,"[{""state"": ""DETECT_SOURCE"", ""success"": true, ""message"": ""selected cup_0 conf=0.70 base=[ 0.378 -0.108  0.17 ] (1813 ROI pts)"", ""duration_ms"": 542.5}, {""state"": ""PLAN_PICK"", ""success"": true, ""message"": ""grasp=[ 0.378 -0.108  0.165] pre=[ 0.32  -0.092  0.165]"", ""duration_ms"": 0.1}, {""state"": ""EXECUTE_PICK"", ""success"": true, ""message"": ""grasp executed"", ""duration_ms"": 463.0}, {""state"": ""VERIFY_GRASP"", ""success"": true, ""message"": ""object lifted 127 mm"", ""duration_ms"": 0.0}, {""state"": ""DETECT_TARGET"", ""success"": true, ""message"": ""target container bowl_0 base=[ 0.531 -0.006  0.14 ]"", ""duration_ms"": 0.1}, {""state"": ""PLAN_PLACE"", ""success"": true, ""message"": ""release above [ 0.531 -0.006  0.14 ] +0.07m"", ""duration_ms"": 0.0}, {""state"": ""EXECUTE_PLACE"", ""success"": true, ""message"": ""released"", ""duration_ms"": 829.2}, {""state"": ""VERIFY_DONE"", ""success"": true, ""message"": ""object placed 28 mm from target"", ""duration_ms"": 0.0}]"
83,real,yolo,20260712,0.38,-0.11,1,,1836.0,542.0,464.3,0.1,829.4,6.1,31.1,127.4,28.3,"[{""state"": ""DETECT_SOURCE"", ""success"": true, ""message"": ""selected cup_0 conf=0.70 base=[ 0.378 -0.108  0.17 ] (1813 ROI pts)"", ""duration_ms"": 542.0}, {""state"": ""PLAN_PICK"", ""success"": true, ""message"": ""grasp=[ 0.378 -0.108  0.165] pre=[ 0.32  -0.092  0.165]"", ""duration_ms"": 0.1}, {""state"": ""EXECUTE_PICK"", ""success"": true, ""message"": ""grasp executed"", ""duration_ms"": 464.3}, {""state"": ""VERIFY_GRASP"", ""success"": true, ""message"": ""object lifted 127 mm"", ""duration_ms"": 0.0}, {""state"": ""DETECT_TARGET"", ""success"": true, ""message"": ""target container bowl_0 base=[ 0.531 -0.006  0.14 ]"", ""duration_ms"": 0.1}, {""state"": ""PLAN_PLACE"", ""success"": true, ""message"": ""release above [ 0.531 -0.006  0.14 ] +0.07m"", ""duration_ms"": 0.0}, {""state"": ""EXECUTE_PLACE"", ""success"": true, ""message"": ""released"", ""duration_ms"": 829.4}, {""state"": ""VERIFY_DONE"", ""success"": true, ""message"": ""object placed 28 mm from target"", ""duration_ms"": 0.0}]"
84,real,yolo,20260712,0.38,-0.11,1,,1846.7,556.3,461.7,0.1,828.6,6.1,31.1,127.4,28.3,"[{""state"": ""DETECT_SOURCE"", ""success"": true, ""message"": ""selected cup_0 conf=0.70 base=[ 0.378 -0.108  0.17 ] (1813 ROI pts)"", ""duration_ms"": 556.3}, {""state"": ""PLAN_PICK"", ""success"": true, ""message"": ""grasp=[ 0.378 -0.108  0.165] pre=[ 0.32  -0.092  0.165]"", ""duration_ms"": 0.1}, {""state"": ""EXECUTE_PICK"", ""success"": true, ""message"": ""grasp executed"", ""duration_ms"": 461.7}, {""state"": ""VERIFY_GRASP"", ""success"": true, ""message"": ""object lifted 127 mm"", ""duration_ms"": 0.0}, {""state"": ""DETECT_TARGET"", ""success"": true, ""message"": ""target container bowl_0 base=[ 0.531 -0.006  0.14 ]"", ""duration_ms"": 0.1}, {""state"": ""PLAN_PLACE"", ""success"": true, ""message"": ""release above [ 0.531 -0.006  0.14 ] +0.07m"", ""duration_ms"": 0.0}, {""state"": ""EXECUTE_PLACE"", ""success"": true, ""message"": ""released"", ""duration_ms"": 828.6}, {""state"": ""VERIFY_DONE"", ""success"": true, ""message"": ""object placed 28 mm from target"", ""duration_ms"": 0.0}]"
85,real,yolo,20260712,0.38,-0.11,1,,1854.8,559.2,465.8,0.1,829.6,6.1,31.1,127.4,28.3,"[{""state"": ""DETECT_SOURCE"", ""success"": true, ""message"": ""selected cup_0 conf=0.70 base=[ 0.378 -0.108  0.17 ] (1813 ROI pts)"", ""duration_ms"": 559.2}, {""state"": ""PLAN_PICK"", ""success"": true, ""message"": ""grasp=[ 0.378 -0.108  0.165] pre=[ 0.32  -0.092  0.165]"", ""duration_ms"": 0.1}, {""state"": ""EXECUTE_PICK"", ""success"": true, ""message"": ""grasp executed"", ""duration_ms"": 465.8}, {""state"": ""VERIFY_GRASP"", ""success"": true, ""message"": ""object lifted 127 mm"", ""duration_ms"": 0.0}, {""state"": ""DETECT_TARGET"", ""success"": true, ""message"": ""target container bowl_0 base=[ 0.531 -0.006  0.14 ]"", ""duration_ms"": 0.1}, {""state"": ""PLAN_PLACE"", ""success"": true, ""message"": ""release above [ 0.531 -0.006  0.14 ] +0.07m"", ""duration_ms"": 0.0}, {""state"": ""EXECUTE_PLACE"", ""success"": true, ""message"": ""released"", ""duration_ms"": 829.6}, {""state"": ""VERIFY_DONE"", ""success"": true, ""message"": ""object placed 28 mm from target"", ""duration_ms"": 0.0}]"
86,real,yolo,20260712,0.38,-0.11,1,,1836.0,542.9,464.1,0.1,828.7,6.1,31.1,127.4,28.3,"[{""state"": ""DETECT_SOURCE"", ""success"": true, ""message"": ""selected cup_0 conf=0.70 base=[ 0.378 -0.108  0.17 ] (1813 ROI pts)"", ""duration_ms"": 542.9}, {""state"": ""PLAN_PICK"", ""success"": true, ""message"": ""grasp=[ 0.378 -0.108  0.165] pre=[ 0.32  -0.092  0.165]"", ""duration_ms"": 0.1}, {""state"": ""EXECUTE_PICK"", ""success"": true, ""message"": ""grasp executed"", ""duration_ms"": 464.1}, {""state"": ""VERIFY_GRASP"", ""success"": true, ""message"": ""object lifted 127 mm"", ""duration_ms"": 0.0}, {""state"": ""DETECT_TARGET"", ""success"": true, ""message"": ""target container bowl_0 base=[ 0.531 -0.006  0.14 ]"", ""duration_ms"": 0.1}, {""state"": ""PLAN_PLACE"", ""success"": true, ""message"": ""release above [ 0.531 -0.006  0.14 ] +0.07m"", ""duration_ms"": 0.0}, {""state"": ""EXECUTE_PLACE"", ""success"": true, ""message"": ""released"", ""duration_ms"": 828.7}, {""state"": ""VERIFY_DONE"", ""success"": true, ""message"": ""object placed 28 mm from target"", ""duration_ms"": 0.0}]"
87,real,yolo,20260712,0.38,-0.11,1,,1842.5,544.0,464.3,0.1,834.0,6.1,31.1,127.4,28.3,"[{""state"": ""DETECT_SOURCE"", ""success"": true, ""message"": ""selected cup_0 conf=0.70 base=[ 0.378 -0.108  0.17 ] (1813 ROI pts)"", ""duration_ms"": 544.0}, {""state"": ""PLAN_PICK"", ""success"": true, ""message"": ""grasp=[ 0.378 -0.108  0.165] pre=[ 0.32  -0.092  0.165]"", ""duration_ms"": 0.1}, {""state"": ""EXECUTE_PICK"", ""success"": true, ""message"": ""grasp executed"", ""duration_ms"": 464.3}, {""state"": ""VERIFY_GRASP"", ""success"": true, ""message"": ""object lifted 127 mm"", ""duration_ms"": 0.0}, {""state"": ""DETECT_TARGET"", ""success"": true, ""message"": ""target container bowl_0 base=[ 0.531 -0.006  0.14 ]"", ""duration_ms"": 0.1}, {""state"": ""PLAN_PLACE"", ""success"": true, ""message"": ""release above [ 0.531 -0.006  0.14 ] +0.07m"", ""duration_ms"": 0.0}, {""state"": ""EXECUTE_PLACE"", ""success"": true, ""message"": ""released"", ""duration_ms"": 834.0}, {""state"": ""VERIFY_DONE"", ""success"": true, ""message"": ""object placed 28 mm from target"", ""duration_ms"": 0.0}]"
88,real,yolo,20260712,0.38,-0.11,1,,1838.7,549.0,462.8,0.1,826.7,6.1,31.1,127.4,28.3,"[{""state"": ""DETECT_SOURCE"", ""success"": true, ""message"": ""selected cup_0 conf=0.70 base=[ 0.378 -0.108  0.17 ] (1813 ROI pts)"", ""duration_ms"": 549.0}, {""state"": ""PLAN_PICK"", ""success"": true, ""message"": ""grasp=[ 0.378 -0.108  0.165] pre=[ 0.32  -0.092  0.165]"", ""duration_ms"": 0.1}, {""state"": ""EXECUTE_PICK"", ""success"": true, ""message"": ""grasp executed"", ""duration_ms"": 462.8}, {""state"": ""VERIFY_GRASP"", ""success"": true, ""message"": ""object lifted 127 mm"", ""duration_ms"": 0.0}, {""state"": ""DETECT_TARGET"", ""success"": true, ""message"": ""target container bowl_0 base=[ 0.531 -0.006  0.14 ]"", ""duration_ms"": 0.1}, {""state"": ""PLAN_PLACE"", ""success"": true, ""message"": ""release above [ 0.531 -0.006  0.14 ] +0.07m"", ""duration_ms"": 0.0}, {""state"": ""EXECUTE_PLACE"", ""success"": true, ""message"": ""released"", ""duration_ms"": 826.7}, {""state"": ""VERIFY_DONE"", ""success"": true, ""message"": ""object placed 28 mm from target"", ""duration_ms"": 0.0}]"
89,real,yolo,20260712,0.38,-0.11,1,,1833.8,542.3,464.0,0.1,827.4,6.1,31.1,127.4,28.3,"[{""state"": ""DETECT_SOURCE"", ""success"": true, ""message"": ""selected cup_0 conf=0.70 base=[ 0.378 -0.108  0.17 ] (1813 ROI pts)"", ""duration_ms"": 542.3}, {""state"": ""PLAN_PICK"", ""success"": true, ""message"": ""grasp=[ 0.378 -0.108  0.165] pre=[ 0.32  -0.092  0.165]"", ""duration_ms"": 0.1}, {""state"": ""EXECUTE_PICK"", ""success"": true, ""message"": ""grasp executed"", ""duration_ms"": 464.0}, {""state"": ""VERIFY_GRASP"", ""success"": true, ""message"": ""object lifted 127 mm"", ""duration_ms"": 0.0}, {""state"": ""DETECT_TARGET"", ""success"": true, ""message"": ""target container bowl_0 base=[ 0.531 -0.006  0.14 ]"", ""duration_ms"": 0.1}, {""state"": ""PLAN_PLACE"", ""success"": true, ""message"": ""release above [ 0.531 -0.006  0.14 ] +0.07m"", ""duration_ms"": 0.0}, {""state"": ""EXECUTE_PLACE"", ""success"": true, ""message"": ""released"", ""duration_ms"": 827.4}, {""state"": ""VERIFY_DONE"", ""success"": true, ""message"": ""object placed 28 mm from target"", ""duration_ms"": 0.0}]"
90,real,yolo,20260712,0.38,-0.11,1,,1824.3,541.1,463.8,0.1,819.2,6.1,31.1,127.4,28.3,"[{""state"": ""DETECT_SOURCE"", ""success"": true, ""message"": ""selected cup_0 conf=0.70 base=[ 0.378 -0.108  0.17 ] (1813 ROI pts)"", ""duration_ms"": 541.1}, {""state"": ""PLAN_PICK"", ""success"": true, ""message"": ""grasp=[ 0.378 -0.108  0.165] pre=[ 0.32  -0.092  0.165]"", ""duration_ms"": 0.1}, {""state"": ""EXECUTE_PICK"", ""success"": true, ""message"": ""grasp executed"", ""duration_ms"": 463.8}, {""state"": ""VERIFY_GRASP"", ""success"": true, ""message"": ""object lifted 127 mm"", ""duration_ms"": 0.0}, {""state"": ""DETECT_TARGET"", ""success"": true, ""message"": ""target container bowl_0 base=[ 0.531 -0.006  0.14 ]"", ""duration_ms"": 0.1}, {""state"": ""PLAN_PLACE"", ""success"": true, ""message"": ""release above [ 0.531 -0.006  0.14 ] +0.07m"", ""duration_ms"": 0.0}, {""state"": ""EXECUTE_PLACE"", ""success"": true, ""message"": ""released"", ""duration_ms"": 819.2}, {""state"": ""VERIFY_DONE"", ""success"": true, ""message"": ""object placed 28 mm from target"", ""duration_ms"": 0.0}]"
91,real,yolo,20260712,0.38,-0.11,1,,1825.1,542.6,460.3,0.1,821.9,6.1,31.1,127.4,28.3,"[{""state"": ""DETECT_SOURCE"", ""success"": true, ""message"": ""selected cup_0 conf=0.70 base=[ 0.378 -0.108  0.17 ] (1813 ROI pts)"", ""duration_ms"": 542.6}, {""state"": ""PLAN_PICK"", ""success"": true, ""message"": ""grasp=[ 0.378 -0.108  0.165] pre=[ 0.32  -0.092  0.165]"", ""duration_ms"": 0.1}, {""state"": ""EXECUTE_PICK"", ""success"": true, ""message"": ""grasp executed"", ""duration_ms"": 460.3}, {""state"": ""VERIFY_GRASP"", ""success"": true, ""message"": ""object lifted 127 mm"", ""duration_ms"": 0.0}, {""state"": ""DETECT_TARGET"", ""success"": true, ""message"": ""target container bowl_0 base=[ 0.531 -0.006  0.14 ]"", ""duration_ms"": 0.1}, {""state"": ""PLAN_PLACE"", ""success"": true, ""message"": ""release above [ 0.531 -0.006  0.14 ] +0.07m"", ""duration_ms"": 0.0}, {""state"": ""EXECUTE_PLACE"", ""success"": true, ""message"": ""released"", ""duration_ms"": 821.9}, {""state"": ""VERIFY_DONE"", ""success"": true, ""message"": ""object placed 28 mm from target"", ""duration_ms"": 0.0}]"
92,real,yolo,20260712,0.38,-0.11,1,,1822.2,526.5,464.1,0.1,831.4,6.1,31.1,127.4,28.3,"[{""state"": ""DETECT_SOURCE"", ""success"": true, ""message"": ""selected cup_0 conf=0.70 base=[ 0.378 -0.108  0.17 ] (1813 ROI pts)"", ""duration_ms"": 526.5}, {""state"": ""PLAN_PICK"", ""success"": true, ""message"": ""grasp=[ 0.378 -0.108  0.165] pre=[ 0.32  -0.092  0.165]"", ""duration_ms"": 0.1}, {""state"": ""EXECUTE_PICK"", ""success"": true, ""message"": ""grasp executed"", ""duration_ms"": 464.1}, {""state"": ""VERIFY_GRASP"", ""success"": true, ""message"": ""object lifted 127 mm"", ""duration_ms"": 0.0}, {""state"": ""DETECT_TARGET"", ""success"": true, ""message"": ""target container bowl_0 base=[ 0.531 -0.006  0.14 ]"", ""duration_ms"": 0.1}, {""state"": ""PLAN_PLACE"", ""success"": true, ""message"": ""release above [ 0.531 -0.006  0.14 ] +0.07m"", ""duration_ms"": 0.0}, {""state"": ""EXECUTE_PLACE"", ""success"": true, ""message"": ""released"", ""duration_ms"": 831.4}, {""state"": ""VERIFY_DONE"", ""success"": true, ""message"": ""object placed 28 mm from target"", ""duration_ms"": 0.0}]"
93,real,yolo,20260712,0.38,-0.11,1,,1828.4,536.9,464.1,0.1,827.1,6.1,31.1,127.4,28.3,"[{""state"": ""DETECT_SOURCE"", ""success"": true, ""message"": ""selected cup_0 conf=0.70 base=[ 0.378 -0.108  0.17 ] (1813 ROI pts)"", ""duration_ms"": 536.9}, {""state"": ""PLAN_PICK"", ""success"": true, ""message"": ""grasp=[ 0.378 -0.108  0.165] pre=[ 0.32  -0.092  0.165]"", ""duration_ms"": 0.1}, {""state"": ""EXECUTE_PICK"", ""success"": true, ""message"": ""grasp executed"", ""duration_ms"": 464.1}, {""state"": ""VERIFY_GRASP"", ""success"": true, ""message"": ""object lifted 127 mm"", ""duration_ms"": 0.0}, {""state"": ""DETECT_TARGET"", ""success"": true, ""message"": ""target container bowl_0 base=[ 0.531 -0.006  0.14 ]"", ""duration_ms"": 0.1}, {""state"": ""PLAN_PLACE"", ""success"": true, ""message"": ""release above [ 0.531 -0.006  0.14 ] +0.07m"", ""duration_ms"": 0.0}, {""state"": ""EXECUTE_PLACE"", ""success"": true, ""message"": ""released"", ""duration_ms"": 827.1}, {""state"": ""VERIFY_DONE"", ""success"": true, ""message"": ""object placed 28 mm from target"", ""duration_ms"": 0.0}]"
94,real,yolo,20260712,0.38,-0.11,1,,1843.4,549.0,464.6,0.1,829.6,6.1,31.1,127.4,28.3,"[{""state"": ""DETECT_SOURCE"", ""success"": true, ""message"": ""selected cup_0 conf=0.70 base=[ 0.378 -0.108  0.17 ] (1813 ROI pts)"", ""duration_ms"": 549.0}, {""state"": ""PLAN_PICK"", ""success"": true, ""message"": ""grasp=[ 0.378 -0.108  0.165] pre=[ 0.32  -0.092  0.165]"", ""duration_ms"": 0.1}, {""state"": ""EXECUTE_PICK"", ""success"": true, ""message"": ""grasp executed"", ""duration_ms"": 464.6}, {""state"": ""VERIFY_GRASP"", ""success"": true, ""message"": ""object lifted 127 mm"", ""duration_ms"": 0.0}, {""state"": ""DETECT_TARGET"", ""success"": true, ""message"": ""target container bowl_0 base=[ 0.531 -0.006  0.14 ]"", ""duration_ms"": 0.1}, {""state"": ""PLAN_PLACE"", ""success"": true, ""message"": ""release above [ 0.531 -0.006  0.14 ] +0.07m"", ""duration_ms"": 0.0}, {""state"": ""EXECUTE_PLACE"", ""success"": true, ""message"": ""released"", ""duration_ms"": 829.6}, {""state"": ""VERIFY_DONE"", ""success"": true, ""message"": ""object placed 28 mm from target"", ""duration_ms"": 0.0}]"
95,real,yolo,20260712,0.38,-0.11,1,,1870.2,533.0,508.7,0.1,828.2,6.1,31.1,127.4,28.3,"[{""state"": ""DETECT_SOURCE"", ""success"": true, ""message"": ""selected cup_0 conf=0.70 base=[ 0.378 -0.108  0.17 ] (1813 ROI pts)"", ""duration_ms"": 533.0}, {""state"": ""PLAN_PICK"", ""success"": true, ""message"": ""grasp=[ 0.378 -0.108  0.165] pre=[ 0.32  -0.092  0.165]"", ""duration_ms"": 0.1}, {""state"": ""EXECUTE_PICK"", ""success"": true, ""message"": ""grasp executed"", ""duration_ms"": 508.7}, {""state"": ""VERIFY_GRASP"", ""success"": true, ""message"": ""object lifted 127 mm"", ""duration_ms"": 0.0}, {""state"": ""DETECT_TARGET"", ""success"": true, ""message"": ""target container bowl_0 base=[ 0.531 -0.006  0.14 ]"", ""duration_ms"": 0.1}, {""state"": ""PLAN_PLACE"", ""success"": true, ""message"": ""release above [ 0.531 -0.006  0.14 ] +0.07m"", ""duration_ms"": 0.0}, {""state"": ""EXECUTE_PLACE"", ""success"": true, ""message"": ""released"", ""duration_ms"": 828.2}, {""state"": ""VERIFY_DONE"", ""success"": true, ""message"": ""object placed 28 mm from target"", ""duration_ms"": 0.0}]"
96,real,yolo,20260712,0.38,-0.11,1,,1853.6,554.6,465.8,0.1,832.9,6.1,31.1,127.4,28.3,"[{""state"": ""DETECT_SOURCE"", ""success"": true, ""message"": ""selected cup_0 conf=0.70 base=[ 0.378 -0.108  0.17 ] (1813 ROI pts)"", ""duration_ms"": 554.6}, {""state"": ""PLAN_PICK"", ""success"": true, ""message"": ""grasp=[ 0.378 -0.108  0.165] pre=[ 0.32  -0.092  0.165]"", ""duration_ms"": 0.1}, {""state"": ""EXECUTE_PICK"", ""success"": true, ""message"": ""grasp executed"", ""duration_ms"": 465.8}, {""state"": ""VERIFY_GRASP"", ""success"": true, ""message"": ""object lifted 127 mm"", ""duration_ms"": 0.0}, {""state"": ""DETECT_TARGET"", ""success"": true, ""message"": ""target container bowl_0 base=[ 0.531 -0.006  0.14 ]"", ""duration_ms"": 0.1}, {""state"": ""PLAN_PLACE"", ""success"": true, ""message"": ""release above [ 0.531 -0.006  0.14 ] +0.07m"", ""duration_ms"": 0.0}, {""state"": ""EXECUTE_PLACE"", ""success"": true, ""message"": ""released"", ""duration_ms"": 832.9}, {""state"": ""VERIFY_DONE"", ""success"": true, ""message"": ""object placed 28 mm from target"", ""duration_ms"": 0.0}]"
97,real,yolo,20260712,0.38,-0.11,1,,1827.3,534.8,464.9,0.0,827.4,6.1,31.1,127.4,28.3,"[{""state"": ""DETECT_SOURCE"", ""success"": true, ""message"": ""selected cup_0 conf=0.70 base=[ 0.378 -0.108  0.17 ] (1813 ROI pts)"", ""duration_ms"": 534.8}, {""state"": ""PLAN_PICK"", ""success"": true, ""message"": ""grasp=[ 0.378 -0.108  0.165] pre=[ 0.32  -0.092  0.165]"", ""duration_ms"": 0.1}, {""state"": ""EXECUTE_PICK"", ""success"": true, ""message"": ""grasp executed"", ""duration_ms"": 464.9}, {""state"": ""VERIFY_GRASP"", ""success"": true, ""message"": ""object lifted 127 mm"", ""duration_ms"": 0.0}, {""state"": ""DETECT_TARGET"", ""success"": true, ""message"": ""target container bowl_0 base=[ 0.531 -0.006  0.14 ]"", ""duration_ms"": 0.0}, {""state"": ""PLAN_PLACE"", ""success"": true, ""message"": ""release above [ 0.531 -0.006  0.14 ] +0.07m"", ""duration_ms"": 0.0}, {""state"": ""EXECUTE_PLACE"", ""success"": true, ""message"": ""released"", ""duration_ms"": 827.4}, {""state"": ""VERIFY_DONE"", ""success"": true, ""message"": ""object placed 28 mm from target"", ""duration_ms"": 0.0}]"
98,real,yolo,20260712,0.38,-0.11,1,,1837.5,541.5,464.1,0.1,831.7,6.1,31.1,127.4,28.3,"[{""state"": ""DETECT_SOURCE"", ""success"": true, ""message"": ""selected cup_0 conf=0.70 base=[ 0.378 -0.108  0.17 ] (1813 ROI pts)"", ""duration_ms"": 541.5}, {""state"": ""PLAN_PICK"", ""success"": true, ""message"": ""grasp=[ 0.378 -0.108  0.165] pre=[ 0.32  -0.092  0.165]"", ""duration_ms"": 0.1}, {""state"": ""EXECUTE_PICK"", ""success"": true, ""message"": ""grasp executed"", ""duration_ms"": 464.1}, {""state"": ""VERIFY_GRASP"", ""success"": true, ""message"": ""object lifted 127 mm"", ""duration_ms"": 0.0}, {""state"": ""DETECT_TARGET"", ""success"": true, ""message"": ""target container bowl_0 base=[ 0.531 -0.006  0.14 ]"", ""duration_ms"": 0.1}, {""state"": ""PLAN_PLACE"", ""success"": true, ""message"": ""release above [ 0.531 -0.006  0.14 ] +0.07m"", ""duration_ms"": 0.0}, {""state"": ""EXECUTE_PLACE"", ""success"": true, ""message"": ""released"", ""duration_ms"": 831.7}, {""state"": ""VERIFY_DONE"", ""success"": true, ""message"": ""object placed 28 mm from target"", ""duration_ms"": 0.0}]"
99,real,yolo,20260712,0.38,-0.11,1,,1866.8,558.7,468.3,0.1,839.4,6.1,31.1,127.4,28.3,"[{""state"": ""DETECT_SOURCE"", ""success"": true, ""message"": ""selected cup_0 conf=0.70 base=[ 0.378 -0.108  0.17 ] (1813 ROI pts)"", ""duration_ms"": 558.7}, {""state"": ""PLAN_PICK"", ""success"": true, ""message"": ""grasp=[ 0.378 -0.108  0.165] pre=[ 0.32  -0.092  0.165]"", ""duration_ms"": 0.1}, {""state"": ""EXECUTE_PICK"", ""success"": true, ""message"": ""grasp executed"", ""duration_ms"": 468.3}, {""state"": ""VERIFY_GRASP"", ""success"": true, ""message"": ""object lifted 127 mm"", ""duration_ms"": 0.0}, {""state"": ""DETECT_TARGET"", ""success"": true, ""message"": ""target container bowl_0 base=[ 0.531 -0.006  0.14 ]"", ""duration_ms"": 0.1}, {""state"": ""PLAN_PLACE"", ""success"": true, ""message"": ""release above [ 0.531 -0.006  0.14 ] +0.07m"", ""duration_ms"": 0.0}, {""state"": ""EXECUTE_PLACE"", ""success"": true, ""message"": ""released"", ""duration_ms"": 839.4}, {""state"": ""VERIFY_DONE"", ""success"": true, ""message"": ""object placed 28 mm from target"", ""duration_ms"": 0.0}]"
100,real,yolo,20260712,0.38,-0.11,1,,1826.7,545.2,465.5,0.1,815.8,6.1,31.1,127.4,28.3,"[{""state"": ""DETECT_SOURCE"", ""success"": true, ""message"": ""selected cup_0 conf=0.70 base=[ 0.378 -0.108  0.17 ] (1813 ROI pts)"", ""duration_ms"": 545.2}, {""state"": ""PLAN_PICK"", ""success"": true, ""message"": ""grasp=[ 0.378 -0.108  0.165] pre=[ 0.32  -0.092  0.165]"", ""duration_ms"": 0.1}, {""state"": ""EXECUTE_PICK"", ""success"": true, ""message"": ""grasp executed"", ""duration_ms"": 465.5}, {""state"": ""VERIFY_GRASP"", ""success"": true, ""message"": ""object lifted 127 mm"", ""duration_ms"": 0.0}, {""state"": ""DETECT_TARGET"", ""success"": true, ""message"": ""target container bowl_0 base=[ 0.531 -0.006  0.14 ]"", ""duration_ms"": 0.1}, {""state"": ""PLAN_PLACE"", ""success"": true, ""message"": ""release above [ 0.531 -0.006  0.14 ] +0.07m"", ""duration_ms"": 0.0}, {""state"": ""EXECUTE_PLACE"", ""success"": true, ""message"": ""released"", ""duration_ms"": 815.8}, {""state"": ""VERIFY_DONE"", ""success"": true, ""message"": ""object placed 28 mm from target"", ""duration_ms"": 0.0}]"
