trial,model,backend,seed,cup_x_m,cup_y_m,success,failed_state,task_duration_ms,detect_source_ms,execute_pick_ms,detect_target_ms,execute_place_ms,source_center_error_mm,target_center_error_mm,lift_height_mm,placement_error_mm,state_log_json
1,real,sim_gt,20260712,0.38,-0.11,1,,1299.9,0.2,469.7,0.1,829.6,0.0,0.0,127.5,29.5,"[{""state"": ""DETECT_SOURCE"", ""success"": true, ""message"": ""selected cup_0 conf=1.00 base=[ 0.38  -0.11   0.165] (0 ROI pts)"", ""duration_ms"": 0.2}, {""state"": ""PLAN_PICK"", ""success"": true, ""message"": ""grasp=[ 0.38  -0.11   0.165] pre=[ 0.322 -0.093  0.165]"", ""duration_ms"": 0.1}, {""state"": ""EXECUTE_PICK"", ""success"": true, ""message"": ""grasp executed"", ""duration_ms"": 469.7}, {""state"": ""VERIFY_GRASP"", ""success"": true, ""message"": ""object lifted 128 mm"", ""duration_ms"": 0.0}, {""state"": ""DETECT_TARGET"", ""success"": true, ""message"": ""target container bowl_0 base=[0.5  0.   0.14]"", ""duration_ms"": 0.1}, {""state"": ""PLAN_PLACE"", ""success"": true, ""message"": ""release above [0.5  0.   0.14] +0.07m"", ""duration_ms"": 0.0}, {""state"": ""EXECUTE_PLACE"", ""success"": true, ""message"": ""released"", ""duration_ms"": 829.6}, {""state"": ""VERIFY_DONE"", ""success"": true, ""message"": ""object placed 29 mm from target"", ""duration_ms"": 0.0}]"
2,real,sim_gt,20260712,0.38,-0.11,1,,1296.8,0.2,472.2,0.1,824.1,0.0,0.0,127.5,29.5,"[{""state"": ""DETECT_SOURCE"", ""success"": true, ""message"": ""selected cup_0 conf=1.00 base=[ 0.38  -0.11   0.165] (0 ROI pts)"", ""duration_ms"": 0.2}, {""state"": ""PLAN_PICK"", ""success"": true, ""message"": ""grasp=[ 0.38  -0.11   0.165] pre=[ 0.322 -0.093  0.165]"", ""duration_ms"": 0.1}, {""state"": ""EXECUTE_PICK"", ""success"": true, ""message"": ""grasp executed"", ""duration_ms"": 472.2}, {""state"": ""VERIFY_GRASP"", ""success"": true, ""message"": ""object lifted 128 mm"", ""duration_ms"": 0.0}, {""state"": ""DETECT_TARGET"", ""success"": true, ""message"": ""target container bowl_0 base=[0.5  0.   0.14]"", ""duration_ms"": 0.1}, {""state"": ""PLAN_PLACE"", ""success"": true, ""message"": ""release above [0.5  0.   0.14] +0.07m"", ""duration_ms"": 0.0}, {""state"": ""EXECUTE_PLACE"", ""success"": true, ""message"": ""released"", ""duration_ms"": 824.1}, {""state"": ""VERIFY_DONE"", ""success"": true, ""message"": ""object placed 29 mm from target"", ""duration_ms"": 0.0}]"
3,real,sim_gt,20260712,0.38,-0.11,1,,1306.1,0.2,468.7,0.1,836.8,0.0,0.0,127.5,29.5,"[{""state"": ""DETECT_SOURCE"", ""success"": true, ""message"": ""selected cup_0 conf=1.00 base=[ 0.38  -0.11   0.165] (0 ROI pts)"", ""duration_ms"": 0.2}, {""state"": ""PLAN_PICK"", ""success"": true, ""message"": ""grasp=[ 0.38  -0.11   0.165] pre=[ 0.322 -0.093  0.165]"", ""duration_ms"": 0.1}, {""state"": ""EXECUTE_PICK"", ""success"": true, ""message"": ""grasp executed"", ""duration_ms"": 468.7}, {""state"": ""VERIFY_GRASP"", ""success"": true, ""message"": ""object lifted 128 mm"", ""duration_ms"": 0.0}, {""state"": ""DETECT_TARGET"", ""success"": true, ""message"": ""target container bowl_0 base=[0.5  0.   0.14]"", ""duration_ms"": 0.1}, {""state"": ""PLAN_PLACE"", ""success"": true, ""message"": ""release above [0.5  0.   0.14] +0.07m"", ""duration_ms"": 0.0}, {""state"": ""EXECUTE_PLACE"", ""success"": true, ""message"": ""released"", ""duration_ms"": 836.8}, {""state"": ""VERIFY_DONE"", ""success"": true, ""message"": ""object placed 29 mm from target"", ""duration_ms"": 0.0}]"
4,real,sim_gt,20260712,0.38,-0.11,1,,1304.2,0.2,467.8,0.1,835.9,0.0,0.0,127.5,29.5,"[{""state"": ""DETECT_SOURCE"", ""success"": true, ""message"": ""selected cup_0 conf=1.00 base=[ 0.38  -0.11   0.165] (0 ROI pts)"", ""duration_ms"": 0.2}, {""state"": ""PLAN_PICK"", ""success"": true, ""message"": ""grasp=[ 0.38  -0.11   0.165] pre=[ 0.322 -0.093  0.165]"", ""duration_ms"": 0.1}, {""state"": ""EXECUTE_PICK"", ""success"": true, ""message"": ""grasp executed"", ""duration_ms"": 467.8}, {""state"": ""VERIFY_GRASP"", ""success"": true, ""message"": ""object lifted 128 mm"", ""duration_ms"": 0.0}, {""state"": ""DETECT_TARGET"", ""success"": true, ""message"": ""target container bowl_0 base=[0.5  0.   0.14]"", ""duration_ms"": 0.1}, {""state"": ""PLAN_PLACE"", ""success"": true, ""message"": ""release above [0.5  0.   0.14] +0.07m"", ""duration_ms"": 0.0}, {""state"": ""EXECUTE_PLACE"", ""success"": true, ""message"": ""released"", ""duration_ms"": 835.9}, {""state"": ""VERIFY_DONE"", ""success"": true, ""message"": ""object placed 29 mm from target"", ""duration_ms"": 0.0}]"
5,real,sim_gt,20260712,0.38,-0.11,1,,1295.7,0.2,473.9,0.1,821.3,0.0,0.0,127.5,29.5,"[{""state"": ""DETECT_SOURCE"", ""success"": true, ""message"": ""selected cup_0 conf=1.00 base=[ 0.38  -0.11   0.165] (0 ROI pts)"", ""duration_ms"": 0.2}, {""state"": ""PLAN_PICK"", ""success"": true, ""message"": ""grasp=[ 0.38  -0.11   0.165] pre=[ 0.322 -0.093  0.165]"", ""duration_ms"": 0.1}, {""state"": ""EXECUTE_PICK"", ""success"": true, ""message"": ""grasp executed"", ""duration_ms"": 473.9}, {""state"": ""VERIFY_GRASP"", ""success"": true, ""message"": ""object lifted 128 mm"", ""duration_ms"": 0.0}, {""state"": ""DETECT_TARGET"", ""success"": true, ""message"": ""target container bowl_0 base=[0.5  0.   0.14]"", ""duration_ms"": 0.1}, {""state"": ""PLAN_PLACE"", ""success"": true, ""message"": ""release above [0.5  0.   0.14] +0.07m"", ""duration_ms"": 0.0}, {""state"": ""EXECUTE_PLACE"", ""success"": true, ""message"": ""released"", ""duration_ms"": 821.3}, {""state"": ""VERIFY_DONE"", ""success"": true, ""message"": ""object placed 29 mm from target"", ""duration_ms"": 0.0}]"
6,real,sim_gt,20260712,0.38,-0.11,1,,1293.7,0.2,467.9,0.1,825.3,0.0,0.0,127.5,29.5,"[{""state"": ""DETECT_SOURCE"", ""success"": true, ""message"": ""selected cup_0 conf=1.00 base=[ 0.38  -0.11   0.165] (0 ROI pts)"", ""duration_ms"": 0.2}, {""state"": ""PLAN_PICK"", ""success"": true, ""message"": ""grasp=[ 0.38  -0.11   0.165] pre=[ 0.322 -0.093  0.165]"", ""duration_ms"": 0.1}, {""state"": ""EXECUTE_PICK"", ""success"": true, ""message"": ""grasp executed"", ""duration_ms"": 467.9}, {""state"": ""VERIFY_GRASP"", ""success"": true, ""message"": ""object lifted 128 mm"", ""duration_ms"": 0.0}, {""state"": ""DETECT_TARGET"", ""success"": true, ""message"": ""target container bowl_0 base=[0.5  0.   0.14]"", ""duration_ms"": 0.1}, {""state"": ""PLAN_PLACE"", ""success"": true, ""message"": ""release above [0.5  0.   0.14] +0.07m"", ""duration_ms"": 0.0}, {""state"": ""EXECUTE_PLACE"", ""success"": true, ""message"": ""released"", ""duration_ms"": 825.3}, {""state"": ""VERIFY_DONE"", ""success"": true, ""message"": ""object placed 29 mm from target"", ""duration_ms"": 0.0}]"
7,real,sim_gt,20260712,0.38,-0.11,1,,1296.2,0.2,466.6,0.1,829.1,0.0,0.0,127.5,29.5,"[{""state"": ""DETECT_SOURCE"", ""success"": true, ""message"": ""selected cup_0 conf=1.00 base=[ 0.38  -0.11   0.165] (0 ROI pts)"", ""duration_ms"": 0.2}, {""state"": ""PLAN_PICK"", ""success"": true, ""message"": ""grasp=[ 0.38  -0.11   0.165] pre=[ 0.322 -0.093  0.165]"", ""duration_ms"": 0.1}, {""state"": ""EXECUTE_PICK"", ""success"": true, ""message"": ""grasp executed"", ""duration_ms"": 466.6}, {""state"": ""VERIFY_GRASP"", ""success"": true, ""message"": ""object lifted 128 mm"", ""duration_ms"": 0.0}, {""state"": ""DETECT_TARGET"", ""success"": true, ""message"": ""target container bowl_0 base=[0.5  0.   0.14]"", ""duration_ms"": 0.1}, {""state"": ""PLAN_PLACE"", ""success"": true, ""message"": ""release above [0.5  0.   0.14] +0.07m"", ""duration_ms"": 0.0}, {""state"": ""EXECUTE_PLACE"", ""success"": true, ""message"": ""released"", ""duration_ms"": 829.1}, {""state"": ""VERIFY_DONE"", ""success"": true, ""message"": ""object placed 29 mm from target"", ""duration_ms"": 0.0}]"
8,real,sim_gt,20260712,0.38,-0.11,1,,1289.3,0.2,467.8,0.1,821.0,0.0,0.0,127.5,29.5,"[{""state"": ""DETECT_SOURCE"", ""success"": true, ""message"": ""selected cup_0 conf=1.00 base=[ 0.38  -0.11   0.165] (0 ROI pts)"", ""duration_ms"": 0.2}, {""state"": ""PLAN_PICK"", ""success"": true, ""message"": ""grasp=[ 0.38  -0.11   0.165] pre=[ 0.322 -0.093  0.165]"", ""duration_ms"": 0.1}, {""state"": ""EXECUTE_PICK"", ""success"": true, ""message"": ""grasp executed"", ""duration_ms"": 467.8}, {""state"": ""VERIFY_GRASP"", ""success"": true, ""message"": ""object lifted 128 mm"", ""duration_ms"": 0.0}, {""state"": ""DETECT_TARGET"", ""success"": true, ""message"": ""target container bowl_0 base=[0.5  0.   0.14]"", ""duration_ms"": 0.1}, {""state"": ""PLAN_PLACE"", ""success"": true, ""message"": ""release above [0.5  0.   0.14] +0.07m"", ""duration_ms"": 0.0}, {""state"": ""EXECUTE_PLACE"", ""success"": true, ""message"": ""released"", ""duration_ms"": 821.0}, {""state"": ""VERIFY_DONE"", ""success"": true, ""message"": ""object placed 29 mm from target"", ""duration_ms"": 0.0}]"
9,real,sim_gt,20260712,0.38,-0.11,1,,1296.1,0.2,470.5,0.1,825.1,0.0,0.0,127.5,29.5,"[{""state"": ""DETECT_SOURCE"", ""success"": true, ""message"": ""selected cup_0 conf=1.00 base=[ 0.38  -0.11   0.165] (0 ROI pts)"", ""duration_ms"": 0.2}, {""state"": ""PLAN_PICK"", ""success"": true, ""message"": ""grasp=[ 0.38  -0.11   0.165] pre=[ 0.322 -0.093  0.165]"", ""duration_ms"": 0.1}, {""state"": ""EXECUTE_PICK"", ""success"": true, ""message"": ""grasp executed"", ""duration_ms"": 470.5}, {""state"": ""VERIFY_GRASP"", ""success"": true, ""message"": ""object lifted 128 mm"", ""duration_ms"": 0.0}, {""state"": ""DETECT_TARGET"", ""success"": true, ""message"": ""target container bowl_0 base=[0.5  0.   0.14]"", ""duration_ms"": 0.1}, {""state"": ""PLAN_PLACE"", ""success"": true, ""message"": ""release above [0.5  0.   0.14] +0.07m"", ""duration_ms"": 0.0}, {""state"": ""EXECUTE_PLACE"", ""success"": true, ""message"": ""released"", ""duration_ms"": 825.1}, {""state"": ""VERIFY_DONE"", ""success"": true, ""message"": ""object placed 29 mm from target"", ""duration_ms"": 0.0}]"
10,real,sim_gt,20260712,0.38,-0.11,1,,1297.5,0.2,465.8,0.1,831.4,0.0,0.0,127.5,29.5,"[{""state"": ""DETECT_SOURCE"", ""success"": true, ""message"": ""selected cup_0 conf=1.00 base=[ 0.38  -0.11   0.165] (0 ROI pts)"", ""duration_ms"": 0.2}, {""state"": ""PLAN_PICK"", ""success"": true, ""message"": ""grasp=[ 0.38  -0.11   0.165] pre=[ 0.322 -0.093  0.165]"", ""duration_ms"": 0.1}, {""state"": ""EXECUTE_PICK"", ""success"": true, ""message"": ""grasp executed"", ""duration_ms"": 465.8}, {""state"": ""VERIFY_GRASP"", ""success"": true, ""message"": ""object lifted 128 mm"", ""duration_ms"": 0.0}, {""state"": ""DETECT_TARGET"", ""success"": true, ""message"": ""target container bowl_0 base=[0.5  0.   0.14]"", ""duration_ms"": 0.1}, {""state"": ""PLAN_PLACE"", ""success"": true, ""message"": ""release above [0.5  0.   0.14] +0.07m"", ""duration_ms"": 0.0}, {""state"": ""EXECUTE_PLACE"", ""success"": true, ""message"": ""released"", ""duration_ms"": 831.4}, {""state"": ""VERIFY_DONE"", ""success"": true, ""message"": ""object placed 29 mm from target"", ""duration_ms"": 0.0}]"
11,real,sim_gt,20260712,0.38,-0.11,1,,1287.0,0.2,466.6,0.1,820.0,0.0,0.0,127.5,29.5,"[{""state"": ""DETECT_SOURCE"", ""success"": true, ""message"": ""selected cup_0 conf=1.00 base=[ 0.38  -0.11   0.165] (0 ROI pts)"", ""duration_ms"": 0.2}, {""state"": ""PLAN_PICK"", ""success"": true, ""message"": ""grasp=[ 0.38  -0.11   0.165] pre=[ 0.322 -0.093  0.165]"", ""duration_ms"": 0.1}, {""state"": ""EXECUTE_PICK"", ""success"": true, ""message"": ""grasp executed"", ""duration_ms"": 466.6}, {""state"": ""VERIFY_GRASP"", ""success"": true, ""message"": ""object lifted 128 mm"", ""duration_ms"": 0.0}, {""state"": ""DETECT_TARGET"", ""success"": true, ""message"": ""target container bowl_0 base=[0.5  0.   0.14]"", ""duration_ms"": 0.1}, {""state"": ""PLAN_PLACE"", ""success"": true, ""message"": ""release above [0.5  0.   0.14] +0.07m"", ""duration_ms"": 0.0}, {""state"": ""EXECUTE_PLACE"", ""success"": true, ""message"": ""released"", ""duration_ms"": 820.0}, {""state"": ""VERIFY_DONE"", ""success"": true, ""message"": ""object placed 29 mm from target"", ""duration_ms"": 0.0}]"
12,real,sim_gt,20260712,0.38,-0.11,1,,1297.8,0.3,474.2,0.2,823.0,0.0,0.0,127.5,29.5,"[{""state"": ""DETECT_SOURCE"", ""success"": true, ""message"": ""selected cup_0 conf=1.00 base=[ 0.38  -0.11   0.165] (0 ROI pts)"", ""duration_ms"": 0.3}, {""state"": ""PLAN_PICK"", ""success"": true, ""message"": ""grasp=[ 0.38  -0.11   0.165] pre=[ 0.322 -0.093  0.165]"", ""duration_ms"": 0.1}, {""state"": ""EXECUTE_PICK"", ""success"": true, ""message"": ""grasp executed"", ""duration_ms"": 474.2}, {""state"": ""VERIFY_GRASP"", ""success"": true, ""message"": ""object lifted 128 mm"", ""duration_ms"": 0.0}, {""state"": ""DETECT_TARGET"", ""success"": true, ""message"": ""target container bowl_0 base=[0.5  0.   0.14]"", ""duration_ms"": 0.2}, {""state"": ""PLAN_PLACE"", ""success"": true, ""message"": ""release above [0.5  0.   0.14] +0.07m"", ""duration_ms"": 0.0}, {""state"": ""EXECUTE_PLACE"", ""success"": true, ""message"": ""released"", ""duration_ms"": 823.0}, {""state"": ""VERIFY_DONE"", ""success"": true, ""message"": ""object placed 29 mm from target"", ""duration_ms"": 0.0}]"
13,real,sim_gt,20260712,0.38,-0.11,1,,1312.0,0.2,476.0,0.1,835.6,0.0,0.0,127.5,29.5,"[{""state"": ""DETECT_SOURCE"", ""success"": true, ""message"": ""selected cup_0 conf=1.00 base=[ 0.38  -0.11   0.165] (0 ROI pts)"", ""duration_ms"": 0.2}, {""state"": ""PLAN_PICK"", ""success"": true, ""message"": ""grasp=[ 0.38  -0.11   0.165] pre=[ 0.322 -0.093  0.165]"", ""duration_ms"": 0.1}, {""state"": ""EXECUTE_PICK"", ""success"": true, ""message"": ""grasp executed"", ""duration_ms"": 476.0}, {""state"": ""VERIFY_GRASP"", ""success"": true, ""message"": ""object lifted 128 mm"", ""duration_ms"": 0.0}, {""state"": ""DETECT_TARGET"", ""success"": true, ""message"": ""target container bowl_0 base=[0.5  0.   0.14]"", ""duration_ms"": 0.1}, {""state"": ""PLAN_PLACE"", ""success"": true, ""message"": ""release above [0.5  0.   0.14] +0.07m"", ""duration_ms"": 0.0}, {""state"": ""EXECUTE_PLACE"", ""success"": true, ""message"": ""released"", ""duration_ms"": 835.6}, {""state"": ""VERIFY_DONE"", ""success"": true, ""message"": ""object placed 29 mm from target"", ""duration_ms"": 0.0}]"
14,real,sim_gt,20260712,0.38,-0.11,1,,1290.5,0.2,466.3,0.1,823.9,0.0,0.0,127.5,29.5,"[{""state"": ""DETECT_SOURCE"", ""success"": true, ""message"": ""selected cup_0 conf=1.00 base=[ 0.38  -0.11   0.165] (0 ROI pts)"", ""duration_ms"": 0.2}, {""state"": ""PLAN_PICK"", ""success"": true, ""message"": ""grasp=[ 0.38  -0.11   0.165] pre=[ 0.322 -0.093  0.165]"", ""duration_ms"": 0.1}, {""state"": ""EXECUTE_PICK"", ""success"": true, ""message"": ""grasp executed"", ""duration_ms"": 466.3}, {""state"": ""VERIFY_GRASP"", ""success"": true, ""message"": ""object lifted 128 mm"", ""duration_ms"": 0.0}, {""state"": ""DETECT_TARGET"", ""success"": true, ""message"": ""target container bowl_0 base=[0.5  0.   0.14]"", ""duration_ms"": 0.1}, {""state"": ""PLAN_PLACE"", ""success"": true, ""message"": ""release above [0.5  0.   0.14] +0.07m"", ""duration_ms"": 0.0}, {""state"": ""EXECUTE_PLACE"", ""success"": true, ""message"": ""released"", ""duration_ms"": 823.9}, {""state"": ""VERIFY_DONE"", ""success"": true, ""message"": ""object placed 29 mm from target"", ""duration_ms"": 0.0}]"
15,real,sim_gt,20260712,0.38,-0.11,1,,1322.0,0.2,476.5,0.1,845.1,0.0,0.0,127.5,29.5,"[{""state"": ""DETECT_SOURCE"", ""success"": true, ""message"": ""selected cup_0 conf=1.00 base=[ 0.38  -0.11   0.165] (0 ROI pts)"", ""duration_ms"": 0.2}, {""state"": ""PLAN_PICK"", ""success"": true, ""message"": ""grasp=[ 0.38  -0.11   0.165] pre=[ 0.322 -0.093  0.165]"", ""duration_ms"": 0.1}, {""state"": ""EXECUTE_PICK"", ""success"": true, ""message"": ""grasp executed"", ""duration_ms"": 476.5}, {""state"": ""VERIFY_GRASP"", ""success"": true, ""message"": ""object lifted 128 mm"", ""duration_ms"": 0.0}, {""state"": ""DETECT_TARGET"", ""success"": true, ""message"": ""target container bowl_0 base=[0.5  0.   0.14]"", ""duration_ms"": 0.1}, {""state"": ""PLAN_PLACE"", ""success"": true, ""message"": ""release above [0.5  0.   0.14] +0.07m"", ""duration_ms"": 0.0}, {""state"": ""EXECUTE_PLACE"", ""success"": true, ""message"": ""released"", ""duration_ms"": 845.1}, {""state"": ""VERIFY_DONE"", ""success"": true, ""message"": ""object placed 29 mm from target"", ""duration_ms"": 0.0}]"
16,real,sim_gt,20260712,0.38,-0.11,1,,1313.3,0.2,472.8,0.1,839.9,0.0,0.0,127.5,29.5,"[{""state"": ""DETECT_SOURCE"", ""success"": true, ""message"": ""selected cup_0 conf=1.00 base=[ 0.38  -0.11   0.165] (0 ROI pts)"", ""duration_ms"": 0.2}, {""state"": ""PLAN_PICK"", ""success"": true, ""message"": ""grasp=[ 0.38  -0.11   0.165] pre=[ 0.322 -0.093  0.165]"", ""duration_ms"": 0.1}, {""state"": ""EXECUTE_PICK"", ""success"": true, ""message"": ""grasp executed"", ""duration_ms"": 472.8}, {""state"": ""VERIFY_GRASP"", ""success"": true, ""message"": ""object lifted 128 mm"", ""duration_ms"": 0.0}, {""state"": ""DETECT_TARGET"", ""success"": true, ""message"": ""target container bowl_0 base=[0.5  0.   0.14]"", ""duration_ms"": 0.1}, {""state"": ""PLAN_PLACE"", ""success"": true, ""message"": ""release above [0.5  0.   0.14] +0.07m"", ""duration_ms"": 0.0}, {""state"": ""EXECUTE_PLACE"", ""success"": true, ""message"": ""released"", ""duration_ms"": 839.9}, {""state"": ""VERIFY_DONE"", ""success"": true, ""message"": ""object placed 29 mm from target"", ""duration_ms"": 0.0}]"
17,real,sim_gt,20260712,0.38,-0.11,1,,1322.5,0.2,474.8,0.1,847.2,0.0,0.0,127.5,29.5,"[{""state"": ""DETECT_SOURCE"", ""success"": true, ""message"": ""selected cup_0 conf=1.00 base=[ 0.38  -0.11   0.165] (0 ROI pts)"", ""duration_ms"": 0.2}, {""state"": ""PLAN_PICK"", ""success"": true, ""message"": ""grasp=[ 0.38  -0.11   0.165] pre=[ 0.322 -0.093  0.165]"", ""duration_ms"": 0.1}, {""state"": ""EXECUTE_PICK"", ""success"": true, ""message"": ""grasp executed"", ""duration_ms"": 474.8}, {""state"": ""VERIFY_GRASP"", ""success"": true, ""message"": ""object lifted 128 mm"", ""duration_ms"": 0.0}, {""state"": ""DETECT_TARGET"", ""success"": true, ""message"": ""target container bowl_0 base=[0.5  0.   0.14]"", ""duration_ms"": 0.1}, {""state"": ""PLAN_PLACE"", ""success"": true, ""message"": ""release above [0.5  0.   0.14] +0.07m"", ""duration_ms"": 0.0}, {""state"": ""EXECUTE_PLACE"", ""success"": true, ""message"": ""released"", ""duration_ms"": 847.2}, {""state"": ""VERIFY_DONE"", ""success"": true, ""message"": ""object placed 29 mm from target"", ""duration_ms"": 0.0}]"
18,real,sim_gt,20260712,0.38,-0.11,1,,1339.4,0.2,484.1,0.1,854.7,0.0,0.0,127.5,29.5,"[{""state"": ""DETECT_SOURCE"", ""success"": true, ""message"": ""selected cup_0 conf=1.00 base=[ 0.38  -0.11   0.165] (0 ROI pts)"", ""duration_ms"": 0.2}, {""state"": ""PLAN_PICK"", ""success"": true, ""message"": ""grasp=[ 0.38  -0.11   0.165] pre=[ 0.322 -0.093  0.165]"", ""duration_ms"": 0.2}, {""state"": ""EXECUTE_PICK"", ""success"": true, ""message"": ""grasp executed"", ""duration_ms"": 484.1}, {""state"": ""VERIFY_GRASP"", ""success"": true, ""message"": ""object lifted 128 mm"", ""duration_ms"": 0.0}, {""state"": ""DETECT_TARGET"", ""success"": true, ""message"": ""target container bowl_0 base=[0.5  0.   0.14]"", ""duration_ms"": 0.1}, {""state"": ""PLAN_PLACE"", ""success"": true, ""message"": ""release above [0.5  0.   0.14] +0.07m"", ""duration_ms"": 0.0}, {""state"": ""EXECUTE_PLACE"", ""success"": true, ""message"": ""released"", ""duration_ms"": 854.7}, {""state"": ""VERIFY_DONE"", ""success"": true, ""message"": ""object placed 29 mm from target"", ""duration_ms"": 0.0}]"
19,real,sim_gt,20260712,0.38,-0.11,1,,1313.6,0.1,469.8,0.1,843.3,0.0,0.0,127.5,29.5,"[{""state"": ""DETECT_SOURCE"", ""success"": true, ""message"": ""selected cup_0 conf=1.00 base=[ 0.38  -0.11   0.165] (0 ROI pts)"", ""duration_ms"": 0.1}, {""state"": ""PLAN_PICK"", ""success"": true, ""message"": ""grasp=[ 0.38  -0.11   0.165] pre=[ 0.322 -0.093  0.165]"", ""duration_ms"": 0.1}, {""state"": ""EXECUTE_PICK"", ""success"": true, ""message"": ""grasp executed"", ""duration_ms"": 469.8}, {""state"": ""VERIFY_GRASP"", ""success"": true, ""message"": ""object lifted 128 mm"", ""duration_ms"": 0.0}, {""state"": ""DETECT_TARGET"", ""success"": true, ""message"": ""target container bowl_0 base=[0.5  0.   0.14]"", ""duration_ms"": 0.1}, {""state"": ""PLAN_PLACE"", ""success"": true, ""message"": ""release above [0.5  0.   0.14] +0.07m"", ""duration_ms"": 0.0}, {""state"": ""EXECUTE_PLACE"", ""success"": true, ""message"": ""released"", ""duration_ms"": 843.3}, {""state"": ""VERIFY_DONE"", ""success"": true, ""message"": ""object placed 29 mm from target"", ""duration_ms"": 0.0}]"
20,real,sim_gt,20260712,0.38,-0.11,1,,1322.8,0.2,478.7,0.1,843.8,0.0,0.0,127.5,29.5,"[{""state"": ""DETECT_SOURCE"", ""success"": true, ""message"": ""selected cup_0 conf=1.00 base=[ 0.38  -0.11   0.165] (0 ROI pts)"", ""duration_ms"": 0.2}, {""state"": ""PLAN_PICK"", ""success"": true, ""message"": ""grasp=[ 0.38  -0.11   0.165] pre=[ 0.322 -0.093  0.165]"", ""duration_ms"": 0.1}, {""state"": ""EXECUTE_PICK"", ""success"": true, ""message"": ""grasp executed"", ""duration_ms"": 478.7}, {""state"": ""VERIFY_GRASP"", ""success"": true, ""message"": ""object lifted 128 mm"", ""duration_ms"": 0.0}, {""state"": ""DETECT_TARGET"", ""success"": true, ""message"": ""target container bowl_0 base=[0.5  0.   0.14]"", ""duration_ms"": 0.1}, {""state"": ""PLAN_PLACE"", ""success"": true, ""message"": ""release above [0.5  0.   0.14] +0.07m"", ""duration_ms"": 0.0}, {""state"": ""EXECUTE_PLACE"", ""success"": true, ""message"": ""released"", ""duration_ms"": 843.8}, {""state"": ""VERIFY_DONE"", ""success"": true, ""message"": ""object placed 29 mm from target"", ""duration_ms"": 0.0}]"
21,real,sim_gt,20260712,0.38,-0.11,1,,1301.4,0.1,470.7,0.1,830.3,0.0,0.0,127.5,29.5,"[{""state"": ""DETECT_SOURCE"", ""success"": true, ""message"": ""selected cup_0 conf=1.00 base=[ 0.38  -0.11   0.165] (0 ROI pts)"", ""duration_ms"": 0.1}, {""state"": ""PLAN_PICK"", ""success"": true, ""message"": ""grasp=[ 0.38  -0.11   0.165] pre=[ 0.322 -0.093  0.165]"", ""duration_ms"": 0.1}, {""state"": ""EXECUTE_PICK"", ""success"": true, ""message"": ""grasp executed"", ""duration_ms"": 470.7}, {""state"": ""VERIFY_GRASP"", ""success"": true, ""message"": ""object lifted 128 mm"", ""duration_ms"": 0.0}, {""state"": ""DETECT_TARGET"", ""success"": true, ""message"": ""target container bowl_0 base=[0.5  0.   0.14]"", ""duration_ms"": 0.1}, {""state"": ""PLAN_PLACE"", ""success"": true, ""message"": ""release above [0.5  0.   0.14] +0.07m"", ""duration_ms"": 0.0}, {""state"": ""EXECUTE_PLACE"", ""success"": true, ""message"": ""released"", ""duration_ms"": 830.3}, {""state"": ""VERIFY_DONE"", ""success"": true, ""message"": ""object placed 29 mm from target"", ""duration_ms"": 0.0}]"
22,real,sim_gt,20260712,0.38,-0.11,1,,1309.1,0.3,476.2,0.1,832.3,0.0,0.0,127.5,29.5,"[{""state"": ""DETECT_SOURCE"", ""success"": true, ""message"": ""selected cup_0 conf=1.00 base=[ 0.38  -0.11   0.165] (0 ROI pts)"", ""duration_ms"": 0.3}, {""state"": ""PLAN_PICK"", ""success"": true, ""message"": ""grasp=[ 0.38  -0.11   0.165] pre=[ 0.322 -0.093  0.165]"", ""duration_ms"": 0.1}, {""state"": ""EXECUTE_PICK"", ""success"": true, ""message"": ""grasp executed"", ""duration_ms"": 476.2}, {""state"": ""VERIFY_GRASP"", ""success"": true, ""message"": ""object lifted 128 mm"", ""duration_ms"": 0.0}, {""state"": ""DETECT_TARGET"", ""success"": true, ""message"": ""target container bowl_0 base=[0.5  0.   0.14]"", ""duration_ms"": 0.1}, {""state"": ""PLAN_PLACE"", ""success"": true, ""message"": ""release above [0.5  0.   0.14] +0.07m"", ""duration_ms"": 0.0}, {""state"": ""EXECUTE_PLACE"", ""success"": true, ""message"": ""released"", ""duration_ms"": 832.3}, {""state"": ""VERIFY_DONE"", ""success"": true, ""message"": ""object placed 29 mm from target"", ""duration_ms"": 0.0}]"
23,real,sim_gt,20260712,0.38,-0.11,1,,1316.7,0.2,479.3,0.1,837.0,0.0,0.0,127.5,29.5,"[{""state"": ""DETECT_SOURCE"", ""success"": true, ""message"": ""selected cup_0 conf=1.00 base=[ 0.38  -0.11   0.165] (0 ROI pts)"", ""duration_ms"": 0.2}, {""state"": ""PLAN_PICK"", ""success"": true, ""message"": ""grasp=[ 0.38  -0.11   0.165] pre=[ 0.322 -0.093  0.165]"", ""duration_ms"": 0.1}, {""state"": ""EXECUTE_PICK"", ""success"": true, ""message"": ""grasp executed"", ""duration_ms"": 479.3}, {""state"": ""VERIFY_GRASP"", ""success"": true, ""message"": ""object lifted 128 mm"", ""duration_ms"": 0.0}, {""state"": ""DETECT_TARGET"", ""success"": true, ""message"": ""target container bowl_0 base=[0.5  0.   0.14]"", ""duration_ms"": 0.1}, {""state"": ""PLAN_PLACE"", ""success"": true, ""message"": ""release above [0.5  0.   0.14] +0.07m"", ""duration_ms"": 0.0}, {""state"": ""EXECUTE_PLACE"", ""success"": true, ""message"": ""released"", ""duration_ms"": 837.0}, {""state"": ""VERIFY_DONE"", ""success"": true, ""message"": ""object placed 29 mm from target"", ""duration_ms"": 0.0}]"
24,real,sim_gt,20260712,0.38,-0.11,1,,1332.6,0.2,483.0,0.1,849.2,0.0,0.0,127.5,29.5,"[{""state"": ""DETECT_SOURCE"", ""success"": true, ""message"": ""selected cup_0 conf=1.00 base=[ 0.38  -0.11   0.165] (0 ROI pts)"", ""duration_ms"": 0.2}, {""state"": ""PLAN_PICK"", ""success"": true, ""message"": ""grasp=[ 0.38  -0.11   0.165] pre=[ 0.322 -0.093  0.165]"", ""duration_ms"": 0.1}, {""state"": ""EXECUTE_PICK"", ""success"": true, ""message"": ""grasp executed"", ""duration_ms"": 483.0}, {""state"": ""VERIFY_GRASP"", ""success"": true, ""message"": ""object lifted 128 mm"", ""duration_ms"": 0.0}, {""state"": ""DETECT_TARGET"", ""success"": true, ""message"": ""target container bowl_0 base=[0.5  0.   0.14]"", ""duration_ms"": 0.1}, {""state"": ""PLAN_PLACE"", ""success"": true, ""message"": ""release above [0.5  0.   0.14] +0.07m"", ""duration_ms"": 0.0}, {""state"": ""EXECUTE_PLACE"", ""success"": true, ""message"": ""released"", ""duration_ms"": 849.2}, {""state"": ""VERIFY_DONE"", ""success"": true, ""message"": ""object placed 29 mm from target"", ""duration_ms"": 0.0}]"
25,real,sim_gt,20260712,0.38,-0.11,1,,1299.8,0.2,478.0,0.1,821.3,0.0,0.0,127.5,29.5,"[{""state"": ""DETECT_SOURCE"", ""success"": true, ""message"": ""selected cup_0 conf=1.00 base=[ 0.38  -0.11   0.165] (0 ROI pts)"", ""duration_ms"": 0.2}, {""state"": ""PLAN_PICK"", ""success"": true, ""message"": ""grasp=[ 0.38  -0.11   0.165] pre=[ 0.322 -0.093  0.165]"", ""duration_ms"": 0.1}, {""state"": ""EXECUTE_PICK"", ""success"": true, ""message"": ""grasp executed"", ""duration_ms"": 478.0}, {""state"": ""VERIFY_GRASP"", ""success"": true, ""message"": ""object lifted 128 mm"", ""duration_ms"": 0.0}, {""state"": ""DETECT_TARGET"", ""success"": true, ""message"": ""target container bowl_0 base=[0.5  0.   0.14]"", ""duration_ms"": 0.1}, {""state"": ""PLAN_PLACE"", ""success"": true, ""message"": ""release above [0.5  0.   0.14] +0.07m"", ""duration_ms"": 0.0}, {""state"": ""EXECUTE_PLACE"", ""success"": true, ""message"": ""released"", ""duration_ms"": 821.3}, {""state"": ""VERIFY_DONE"", ""success"": true, ""message"": ""object placed 29 mm from target"", ""duration_ms"": 0.0}]"
26,real,sim_gt,20260712,0.38,-0.11,1,,1296.1,0.2,466.3,0.1,829.3,0.0,0.0,127.5,29.5,"[{""state"": ""DETECT_SOURCE"", ""success"": true, ""message"": ""selected cup_0 conf=1.00 base=[ 0.38  -0.11   0.165] (0 ROI pts)"", ""duration_ms"": 0.2}, {""state"": ""PLAN_PICK"", ""success"": true, ""message"": ""grasp=[ 0.38  -0.11   0.165] pre=[ 0.322 -0.093  0.165]"", ""duration_ms"": 0.1}, {""state"": ""EXECUTE_PICK"", ""success"": true, ""message"": ""grasp executed"", ""duration_ms"": 466.3}, {""state"": ""VERIFY_GRASP"", ""success"": true, ""message"": ""object lifted 128 mm"", ""duration_ms"": 0.0}, {""state"": ""DETECT_TARGET"", ""success"": true, ""message"": ""target container bowl_0 base=[0.5  0.   0.14]"", ""duration_ms"": 0.1}, {""state"": ""PLAN_PLACE"", ""success"": true, ""message"": ""release above [0.5  0.   0.14] +0.07m"", ""duration_ms"": 0.0}, {""state"": ""EXECUTE_PLACE"", ""success"": true, ""message"": ""released"", ""duration_ms"": 829.3}, {""state"": ""VERIFY_DONE"", ""success"": true, ""message"": ""object placed 29 mm from target"", ""duration_ms"": 0.0}]"
27,real,sim_gt,20260712,0.38,-0.11,1,,1320.8,0.2,469.0,0.1,851.4,0.0,0.0,127.5,29.5,"[{""state"": ""DETECT_SOURCE"", ""success"": true, ""message"": ""selected cup_0 conf=1.00 base=[ 0.38  -0.11   0.165] (0 ROI pts)"", ""duration_ms"": 0.2}, {""state"": ""PLAN_PICK"", ""success"": true, ""message"": ""grasp=[ 0.38  -0.11   0.165] pre=[ 0.322 -0.093  0.165]"", ""duration_ms"": 0.1}, {""state"": ""EXECUTE_PICK"", ""success"": true, ""message"": ""grasp executed"", ""duration_ms"": 469.0}, {""state"": ""VERIFY_GRASP"", ""success"": true, ""message"": ""object lifted 128 mm"", ""duration_ms"": 0.0}, {""state"": ""DETECT_TARGET"", ""success"": true, ""message"": ""target container bowl_0 base=[0.5  0.   0.14]"", ""duration_ms"": 0.1}, {""state"": ""PLAN_PLACE"", ""success"": true, ""message"": ""release above [0.5  0.   0.14] +0.07m"", ""duration_ms"": 0.0}, {""state"": ""EXECUTE_PLACE"", ""success"": true, ""message"": ""released"", ""duration_ms"": 851.4}, {""state"": ""VERIFY_DONE"", ""success"": true, ""message"": ""object placed 29 mm from target"", ""duration_ms"": 0.0}]"
28,real,sim_gt,20260712,0.38,-0.11,1,,1297.7,0.2,472.2,0.1,825.0,0.0,0.0,127.5,29.5,"[{""state"": ""DETECT_SOURCE"", ""success"": true, ""message"": ""selected cup_0 conf=1.00 base=[ 0.38  -0.11   0.165] (0 ROI pts)"", ""duration_ms"": 0.2}, {""state"": ""PLAN_PICK"", ""success"": true, ""message"": ""grasp=[ 0.38  -0.11   0.165] pre=[ 0.322 -0.093  0.165]"", ""duration_ms"": 0.1}, {""state"": ""EXECUTE_PICK"", ""success"": true, ""message"": ""grasp executed"", ""duration_ms"": 472.2}, {""state"": ""VERIFY_GRASP"", ""success"": true, ""message"": ""object lifted 128 mm"", ""duration_ms"": 0.0}, {""state"": ""DETECT_TARGET"", ""success"": true, ""message"": ""target container bowl_0 base=[0.5  0.   0.14]"", ""duration_ms"": 0.1}, {""state"": ""PLAN_PLACE"", ""success"": true, ""message"": ""release above [0.5  0.   0.14] +0.07m"", ""duration_ms"": 0.0}, {""state"": ""EXECUTE_PLACE"", ""success"": true, ""message"": ""released"", ""duration_ms"": 825.0}, {""state"": ""VERIFY_DONE"", ""success"": true, ""message"": ""object placed 29 mm from target"", ""duration_ms"": 0.0}]"
29,real,sim_gt,20260712,0.38,-0.11,1,,1303.5,0.2,469.5,0.2,833.6,0.0,0.0,127.5,29.5,"[{""state"": ""DETECT_SOURCE"", ""success"": true, ""message"": ""selected cup_0 conf=1.00 base=[ 0.38  -0.11   0.165] (0 ROI pts)"", ""duration_ms"": 0.2}, {""state"": ""PLAN_PICK"", ""success"": true, ""message"": ""grasp=[ 0.38  -0.11   0.165] pre=[ 0.322 -0.093  0.165]"", ""duration_ms"": 0.1}, {""state"": ""EXECUTE_PICK"", ""success"": true, ""message"": ""grasp executed"", ""duration_ms"": 469.5}, {""state"": ""VERIFY_GRASP"", ""success"": true, ""message"": ""object lifted 128 mm"", ""duration_ms"": 0.0}, {""state"": ""DETECT_TARGET"", ""success"": true, ""message"": ""target container bowl_0 base=[0.5  0.   0.14]"", ""duration_ms"": 0.2}, {""state"": ""PLAN_PLACE"", ""success"": true, ""message"": ""release above [0.5  0.   0.14] +0.07m"", ""duration_ms"": 0.0}, {""state"": ""EXECUTE_PLACE"", ""success"": true, ""message"": ""released"", ""duration_ms"": 833.6}, {""state"": ""VERIFY_DONE"", ""success"": true, ""message"": ""object placed 29 mm from target"", ""duration_ms"": 0.0}]"
30,real,sim_gt,20260712,0.38,-0.11,1,,1332.3,0.2,479.3,0.1,852.5,0.0,0.0,127.5,29.5,"[{""state"": ""DETECT_SOURCE"", ""success"": true, ""message"": ""selected cup_0 conf=1.00 base=[ 0.38  -0.11   0.165] (0 ROI pts)"", ""duration_ms"": 0.2}, {""state"": ""PLAN_PICK"", ""success"": true, ""message"": ""grasp=[ 0.38  -0.11   0.165] pre=[ 0.322 -0.093  0.165]"", ""duration_ms"": 0.1}, {""state"": ""EXECUTE_PICK"", ""success"": true, ""message"": ""grasp executed"", ""duration_ms"": 479.3}, {""state"": ""VERIFY_GRASP"", ""success"": true, ""message"": ""object lifted 128 mm"", ""duration_ms"": 0.0}, {""state"": ""DETECT_TARGET"", ""success"": true, ""message"": ""target container bowl_0 base=[0.5  0.   0.14]"", ""duration_ms"": 0.1}, {""state"": ""PLAN_PLACE"", ""success"": true, ""message"": ""release above [0.5  0.   0.14] +0.07m"", ""duration_ms"": 0.0}, {""state"": ""EXECUTE_PLACE"", ""success"": true, ""message"": ""released"", ""duration_ms"": 852.5}, {""state"": ""VERIFY_DONE"", ""success"": true, ""message"": ""object placed 29 mm from target"", ""duration_ms"": 0.0}]"
31,real,sim_gt,20260712,0.38,-0.11,1,,1302.1,0.2,476.1,0.1,825.5,0.0,0.0,127.5,29.5,"[{""state"": ""DETECT_SOURCE"", ""success"": true, ""message"": ""selected cup_0 conf=1.00 base=[ 0.38  -0.11   0.165] (0 ROI pts)"", ""duration_ms"": 0.2}, {""state"": ""PLAN_PICK"", ""success"": true, ""message"": ""grasp=[ 0.38  -0.11   0.165] pre=[ 0.322 -0.093  0.165]"", ""duration_ms"": 0.1}, {""state"": ""EXECUTE_PICK"", ""success"": true, ""message"": ""grasp executed"", ""duration_ms"": 476.1}, {""state"": ""VERIFY_GRASP"", ""success"": true, ""message"": ""object lifted 128 mm"", ""duration_ms"": 0.0}, {""state"": ""DETECT_TARGET"", ""success"": true, ""message"": ""target container bowl_0 base=[0.5  0.   0.14]"", ""duration_ms"": 0.1}, {""state"": ""PLAN_PLACE"", ""success"": true, ""message"": ""release above [0.5  0.   0.14] +0.07m"", ""duration_ms"": 0.0}, {""state"": ""EXECUTE_PLACE"", ""success"": true, ""message"": ""released"", ""duration_ms"": 825.5}, {""state"": ""VERIFY_DONE"", ""success"": true, ""message"": ""object placed 29 mm from target"", ""duration_ms"": 0.0}]"
32,real,sim_gt,20260712,0.38,-0.11,1,,1297.7,0.3,473.4,0.1,823.7,0.0,0.0,127.5,29.5,"[{""state"": ""DETECT_SOURCE"", ""success"": true, ""message"": ""selected cup_0 conf=1.00 base=[ 0.38  -0.11   0.165] (0 ROI pts)"", ""duration_ms"": 0.3}, {""state"": ""PLAN_PICK"", ""success"": true, ""message"": ""grasp=[ 0.38  -0.11   0.165] pre=[ 0.322 -0.093  0.165]"", ""duration_ms"": 0.1}, {""state"": ""EXECUTE_PICK"", ""success"": true, ""message"": ""grasp executed"", ""duration_ms"": 473.4}, {""state"": ""VERIFY_GRASP"", ""success"": true, ""message"": ""object lifted 128 mm"", ""duration_ms"": 0.0}, {""state"": ""DETECT_TARGET"", ""success"": true, ""message"": ""target container bowl_0 base=[0.5  0.   0.14]"", ""duration_ms"": 0.1}, {""state"": ""PLAN_PLACE"", ""success"": true, ""message"": ""release above [0.5  0.   0.14] +0.07m"", ""duration_ms"": 0.0}, {""state"": ""EXECUTE_PLACE"", ""success"": true, ""message"": ""released"", ""duration_ms"": 823.7}, {""state"": ""VERIFY_DONE"", ""success"": true, ""message"": ""object placed 29 mm from target"", ""duration_ms"": 0.0}]"
33,real,sim_gt,20260712,0.38,-0.11,1,,1318.8,0.2,473.3,0.0,845.2,0.0,0.0,127.5,29.5,"[{""state"": ""DETECT_SOURCE"", ""success"": true, ""message"": ""selected cup_0 conf=1.00 base=[ 0.38  -0.11   0.165] (0 ROI pts)"", ""duration_ms"": 0.2}, {""state"": ""PLAN_PICK"", ""success"": true, ""message"": ""grasp=[ 0.38  -0.11   0.165] pre=[ 0.322 -0.093  0.165]"", ""duration_ms"": 0.1}, {""state"": ""EXECUTE_PICK"", ""success"": true, ""message"": ""grasp executed"", ""duration_ms"": 473.3}, {""state"": ""VERIFY_GRASP"", ""success"": true, ""message"": ""object lifted 128 mm"", ""duration_ms"": 0.0}, {""state"": ""DETECT_TARGET"", ""success"": true, ""message"": ""target container bowl_0 base=[0.5  0.   0.14]"", ""duration_ms"": 0.0}, {""state"": ""PLAN_PLACE"", ""success"": true, ""message"": ""release above [0.5  0.   0.14] +0.07m"", ""duration_ms"": 0.0}, {""state"": ""EXECUTE_PLACE"", ""success"": true, ""message"": ""released"", ""duration_ms"": 845.2}, {""state"": ""VERIFY_DONE"", ""success"": true, ""message"": ""object placed 29 mm from target"", ""duration_ms"": 0.0}]"
34,real,sim_gt,20260712,0.38,-0.11,1,,1292.7,0.2,466.1,0.1,826.1,0.0,0.0,127.5,29.5,"[{""state"": ""DETECT_SOURCE"", ""success"": true, ""message"": ""selected cup_0 conf=1.00 base=[ 0.38  -0.11   0.165] (0 ROI pts)"", ""duration_ms"": 0.2}, {""state"": ""PLAN_PICK"", ""success"": true, ""message"": ""grasp=[ 0.38  -0.11   0.165] pre=[ 0.322 -0.093  0.165]"", ""duration_ms"": 0.1}, {""state"": ""EXECUTE_PICK"", ""success"": true, ""message"": ""grasp executed"", ""duration_ms"": 466.1}, {""state"": ""VERIFY_GRASP"", ""success"": true, ""message"": ""object lifted 128 mm"", ""duration_ms"": 0.0}, {""state"": ""DETECT_TARGET"", ""success"": true, ""message"": ""target container bowl_0 base=[0.5  0.   0.14]"", ""duration_ms"": 0.1}, {""state"": ""PLAN_PLACE"", ""success"": true, ""message"": ""release above [0.5  0.   0.14] +0.07m"", ""duration_ms"": 0.0}, {""state"": ""EXECUTE_PLACE"", ""success"": true, ""message"": ""released"", ""duration_ms"": 826.1}, {""state"": ""VERIFY_DONE"", ""success"": true, ""message"": ""object placed 29 mm from target"", ""duration_ms"": 0.0}]"
35,real,sim_gt,20260712,0.38,-0.11,1,,1302.4,0.3,469.1,0.1,832.8,0.0,0.0,127.5,29.5,"[{""state"": ""DETECT_SOURCE"", ""success"": true, ""message"": ""selected cup_0 conf=1.00 base=[ 0.38  -0.11   0.165] (0 ROI pts)"", ""duration_ms"": 0.3}, {""state"": ""PLAN_PICK"", ""success"": true, ""message"": ""grasp=[ 0.38  -0.11   0.165] pre=[ 0.322 -0.093  0.165]"", ""duration_ms"": 0.1}, {""state"": ""EXECUTE_PICK"", ""success"": true, ""message"": ""grasp executed"", ""duration_ms"": 469.1}, {""state"": ""VERIFY_GRASP"", ""success"": true, ""message"": ""object lifted 128 mm"", ""duration_ms"": 0.0}, {""state"": ""DETECT_TARGET"", ""success"": true, ""message"": ""target container bowl_0 base=[0.5  0.   0.14]"", ""duration_ms"": 0.1}, {""state"": ""PLAN_PLACE"", ""success"": true, ""message"": ""release above [0.5  0.   0.14] +0.07m"", ""duration_ms"": 0.0}, {""state"": ""EXECUTE_PLACE"", ""success"": true, ""message"": ""released"", ""duration_ms"": 832.8}, {""state"": ""VERIFY_DONE"", ""success"": true, ""message"": ""object placed 29 mm from target"", ""duration_ms"": 0.0}]"
36,real,sim_gt,20260712,0.38,-0.11,1,,1334.1,0.2,485.2,0.1,848.4,0.0,0.0,127.5,29.5,"[{""state"": ""DETECT_SOURCE"", ""success"": true, ""message"": ""selected cup_0 conf=1.00 base=[ 0.38  -0.11   0.165] (0 ROI pts)"", ""duration_ms"": 0.2}, {""state"": ""PLAN_PICK"", ""success"": true, ""message"": ""grasp=[ 0.38  -0.11   0.165] pre=[ 0.322 -0.093  0.165]"", ""duration_ms"": 0.1}, {""state"": ""EXECUTE_PICK"", ""success"": true, ""message"": ""grasp executed"", ""duration_ms"": 485.2}, {""state"": ""VERIFY_GRASP"", ""success"": true, ""message"": ""object lifted 128 mm"", ""duration_ms"": 0.0}, {""state"": ""DETECT_TARGET"", ""success"": true, ""message"": ""target container bowl_0 base=[0.5  0.   0.14]"", ""duration_ms"": 0.1}, {""state"": ""PLAN_PLACE"", ""success"": true, ""message"": ""release above [0.5  0.   0.14] +0.07m"", ""duration_ms"": 0.0}, {""state"": ""EXECUTE_PLACE"", ""success"": true, ""message"": ""released"", ""duration_ms"": 848.4}, {""state"": ""VERIFY_DONE"", ""success"": true, ""message"": ""object placed 29 mm from target"", ""duration_ms"": 0.0}]"
37,real,sim_gt,20260712,0.38,-0.11,1,,1292.8,0.2,464.1,0.1,828.2,0.0,0.0,127.5,29.5,"[{""state"": ""DETECT_SOURCE"", ""success"": true, ""message"": ""selected cup_0 conf=1.00 base=[ 0.38  -0.11   0.165] (0 ROI pts)"", ""duration_ms"": 0.2}, {""state"": ""PLAN_PICK"", ""success"": true, ""message"": ""grasp=[ 0.38  -0.11   0.165] pre=[ 0.322 -0.093  0.165]"", ""duration_ms"": 0.1}, {""state"": ""EXECUTE_PICK"", ""success"": true, ""message"": ""grasp executed"", ""duration_ms"": 464.1}, {""state"": ""VERIFY_GRASP"", ""success"": true, ""message"": ""object lifted 128 mm"", ""duration_ms"": 0.0}, {""state"": ""DETECT_TARGET"", ""success"": true, ""message"": ""target container bowl_0 base=[0.5  0.   0.14]"", ""duration_ms"": 0.1}, {""state"": ""PLAN_PLACE"", ""success"": true, ""message"": ""release above [0.5  0.   0.14] +0.07m"", ""duration_ms"": 0.0}, {""state"": ""EXECUTE_PLACE"", ""success"": true, ""message"": ""released"", ""duration_ms"": 828.2}, {""state"": ""VERIFY_DONE"", ""success"": true, ""message"": ""object placed 29 mm from target"", ""duration_ms"": 0.0}]"
38,real,sim_gt,20260712,0.38,-0.11,1,,1294.9,0.2,465.9,0.1,828.5,0.0,0.0,127.5,29.5,"[{""state"": ""DETECT_SOURCE"", ""success"": true, ""message"": ""selected cup_0 conf=1.00 base=[ 0.38  -0.11   0.165] (0 ROI pts)"", ""duration_ms"": 0.2}, {""state"": ""PLAN_PICK"", ""success"": true, ""message"": ""grasp=[ 0.38  -0.11   0.165] pre=[ 0.322 -0.093  0.165]"", ""duration_ms"": 0.1}, {""state"": ""EXECUTE_PICK"", ""success"": true, ""message"": ""grasp executed"", ""duration_ms"": 465.9}, {""state"": ""VERIFY_GRASP"", ""success"": true, ""message"": ""object lifted 128 mm"", ""duration_ms"": 0.0}, {""state"": ""DETECT_TARGET"", ""success"": true, ""message"": ""target container bowl_0 base=[0.5  0.   0.14]"", ""duration_ms"": 0.1}, {""state"": ""PLAN_PLACE"", ""success"": true, ""message"": ""release above [0.5  0.   0.14] +0.07m"", ""duration_ms"": 0.0}, {""state"": ""EXECUTE_PLACE"", ""success"": true, ""message"": ""released"", ""duration_ms"": 828.5}, {""state"": ""VERIFY_DONE"", ""success"": true, ""message"": ""object placed 29 mm from target"", ""duration_ms"": 0.0}]"
39,real,sim_gt,20260712,0.38,-0.11,1,,1319.2,0.2,474.0,0.1,844.7,0.0,0.0,127.5,29.5,"[{""state"": ""DETECT_SOURCE"", ""success"": true, ""message"": ""selected cup_0 conf=1.00 base=[ 0.38  -0.11   0.165] (0 ROI pts)"", ""duration_ms"": 0.2}, {""state"": ""PLAN_PICK"", ""success"": true, ""message"": ""grasp=[ 0.38  -0.11   0.165] pre=[ 0.322 -0.093  0.165]"", ""duration_ms"": 0.1}, {""state"": ""EXECUTE_PICK"", ""success"": true, ""message"": ""grasp executed"", ""duration_ms"": 474.0}, {""state"": ""VERIFY_GRASP"", ""success"": true, ""message"": ""object lifted 128 mm"", ""duration_ms"": 0.0}, {""state"": ""DETECT_TARGET"", ""success"": true, ""message"": ""target container bowl_0 base=[0.5  0.   0.14]"", ""duration_ms"": 0.1}, {""state"": ""PLAN_PLACE"", ""success"": true, ""message"": ""release above [0.5  0.   0.14] +0.07m"", ""duration_ms"": 0.0}, {""state"": ""EXECUTE_PLACE"", ""success"": true, ""message"": ""released"", ""duration_ms"": 844.7}, {""state"": ""VERIFY_DONE"", ""success"": true, ""message"": ""object placed 29 mm from target"", ""duration_ms"": 0.0}]"
40,real,sim_gt,20260712,0.38,-0.11,1,,1309.6,0.2,479.5,0.1,829.6,0.0,0.0,127.5,29.5,"[{""state"": ""DETECT_SOURCE"", ""success"": true, ""message"": ""selected cup_0 conf=1.00 base=[ 0.38  -0.11   0.165] (0 ROI pts)"", ""duration_ms"": 0.2}, {""state"": ""PLAN_PICK"", ""success"": true, ""message"": ""grasp=[ 0.38  -0.11   0.165] pre=[ 0.322 -0.093  0.165]"", ""duration_ms"": 0.1}, {""state"": ""EXECUTE_PICK"", ""success"": true, ""message"": ""grasp executed"", ""duration_ms"": 479.5}, {""state"": ""VERIFY_GRASP"", ""success"": true, ""message"": ""object lifted 128 mm"", ""duration_ms"": 0.0}, {""state"": ""DETECT_TARGET"", ""success"": true, ""message"": ""target container bowl_0 base=[0.5  0.   0.14]"", ""duration_ms"": 0.1}, {""state"": ""PLAN_PLACE"", ""success"": true, ""message"": ""release above [0.5  0.   0.14] +0.07m"", ""duration_ms"": 0.0}, {""state"": ""EXECUTE_PLACE"", ""success"": true, ""message"": ""released"", ""duration_ms"": 829.6}, {""state"": ""VERIFY_DONE"", ""success"": true, ""message"": ""object placed 29 mm from target"", ""duration_ms"": 0.0}]"
41,real,sim_gt,20260712,0.38,-0.11,1,,1293.3,0.2,465.6,0.1,827.3,0.0,0.0,127.5,29.5,"[{""state"": ""DETECT_SOURCE"", ""success"": true, ""message"": ""selected cup_0 conf=1.00 base=[ 0.38  -0.11   0.165] (0 ROI pts)"", ""duration_ms"": 0.2}, {""state"": ""PLAN_PICK"", ""success"": true, ""message"": ""grasp=[ 0.38  -0.11   0.165] pre=[ 0.322 -0.093  0.165]"", ""duration_ms"": 0.1}, {""state"": ""EXECUTE_PICK"", ""success"": true, ""message"": ""grasp executed"", ""duration_ms"": 465.6}, {""state"": ""VERIFY_GRASP"", ""success"": true, ""message"": ""object lifted 128 mm"", ""duration_ms"": 0.0}, {""state"": ""DETECT_TARGET"", ""success"": true, ""message"": ""target container bowl_0 base=[0.5  0.   0.14]"", ""duration_ms"": 0.1}, {""state"": ""PLAN_PLACE"", ""success"": true, ""message"": ""release above [0.5  0.   0.14] +0.07m"", ""duration_ms"": 0.0}, {""state"": ""EXECUTE_PLACE"", ""success"": true, ""message"": ""released"", ""duration_ms"": 827.3}, {""state"": ""VERIFY_DONE"", ""success"": true, ""message"": ""object placed 29 mm from target"", ""duration_ms"": 0.0}]"
42,real,sim_gt,20260712,0.38,-0.11,1,,1319.8,0.3,474.0,0.1,845.2,0.0,0.0,127.5,29.5,"[{""state"": ""DETECT_SOURCE"", ""success"": true, ""message"": ""selected cup_0 conf=1.00 base=[ 0.38  -0.11   0.165] (0 ROI pts)"", ""duration_ms"": 0.3}, {""state"": ""PLAN_PICK"", ""success"": true, ""message"": ""grasp=[ 0.38  -0.11   0.165] pre=[ 0.322 -0.093  0.165]"", ""duration_ms"": 0.1}, {""state"": ""EXECUTE_PICK"", ""success"": true, ""message"": ""grasp executed"", ""duration_ms"": 474.0}, {""state"": ""VERIFY_GRASP"", ""success"": true, ""message"": ""object lifted 128 mm"", ""duration_ms"": 0.0}, {""state"": ""DETECT_TARGET"", ""success"": true, ""message"": ""target container bowl_0 base=[0.5  0.   0.14]"", ""duration_ms"": 0.1}, {""state"": ""PLAN_PLACE"", ""success"": true, ""message"": ""release above [0.5  0.   0.14] +0.07m"", ""duration_ms"": 0.0}, {""state"": ""EXECUTE_PLACE"", ""success"": true, ""message"": ""released"", ""duration_ms"": 845.2}, {""state"": ""VERIFY_DONE"", ""success"": true, ""message"": ""object placed 29 mm from target"", ""duration_ms"": 0.0}]"
43,real,sim_gt,20260712,0.38,-0.11,1,,1296.2,0.2,464.3,0.1,831.5,0.0,0.0,127.5,29.5,"[{""state"": ""DETECT_SOURCE"", ""success"": true, ""message"": ""selected cup_0 conf=1.00 base=[ 0.38  -0.11   0.165] (0 ROI pts)"", ""duration_ms"": 0.2}, {""state"": ""PLAN_PICK"", ""success"": true, ""message"": ""grasp=[ 0.38  -0.11   0.165] pre=[ 0.322 -0.093  0.165]"", ""duration_ms"": 0.1}, {""state"": ""EXECUTE_PICK"", ""success"": true, ""message"": ""grasp executed"", ""duration_ms"": 464.3}, {""state"": ""VERIFY_GRASP"", ""success"": true, ""message"": ""object lifted 128 mm"", ""duration_ms"": 0.0}, {""state"": ""DETECT_TARGET"", ""success"": true, ""message"": ""target container bowl_0 base=[0.5  0.   0.14]"", ""duration_ms"": 0.1}, {""state"": ""PLAN_PLACE"", ""success"": true, ""message"": ""release above [0.5  0.   0.14] +0.07m"", ""duration_ms"": 0.0}, {""state"": ""EXECUTE_PLACE"", ""success"": true, ""message"": ""released"", ""duration_ms"": 831.5}, {""state"": ""VERIFY_DONE"", ""success"": true, ""message"": ""object placed 29 mm from target"", ""duration_ms"": 0.0}]"
44,real,sim_gt,20260712,0.38,-0.11,1,,1297.2,0.2,467.6,0.1,829.2,0.0,0.0,127.5,29.5,"[{""state"": ""DETECT_SOURCE"", ""success"": true, ""message"": ""selected cup_0 conf=1.00 base=[ 0.38  -0.11   0.165] (0 ROI pts)"", ""duration_ms"": 0.2}, {""state"": ""PLAN_PICK"", ""success"": true, ""message"": ""grasp=[ 0.38  -0.11   0.165] pre=[ 0.322 -0.093  0.165]"", ""duration_ms"": 0.1}, {""state"": ""EXECUTE_PICK"", ""success"": true, ""message"": ""grasp executed"", ""duration_ms"": 467.6}, {""state"": ""VERIFY_GRASP"", ""success"": true, ""message"": ""object lifted 128 mm"", ""duration_ms"": 0.0}, {""state"": ""DETECT_TARGET"", ""success"": true, ""message"": ""target container bowl_0 base=[0.5  0.   0.14]"", ""duration_ms"": 0.1}, {""state"": ""PLAN_PLACE"", ""success"": true, ""message"": ""release above [0.5  0.   0.14] +0.07m"", ""duration_ms"": 0.0}, {""state"": ""EXECUTE_PLACE"", ""success"": true, ""message"": ""released"", ""duration_ms"": 829.2}, {""state"": ""VERIFY_DONE"", ""success"": true, ""message"": ""object placed 29 mm from target"", ""duration_ms"": 0.0}]"
45,real,sim_gt,20260712,0.38,-0.11,1,,1295.7,0.2,471.4,0.1,823.8,0.0,0.0,127.5,29.5,"[{""state"": ""DETECT_SOURCE"", ""success"": true, ""message"": ""selected cup_0 conf=1.00 base=[ 0.38  -0.11   0.165] (0 ROI pts)"", ""duration_ms"": 0.2}, {""state"": ""PLAN_PICK"", ""success"": true, ""message"": ""grasp=[ 0.38  -0.11   0.165] pre=[ 0.322 -0.093  0.165]"", ""duration_ms"": 0.1}, {""state"": ""EXECUTE_PICK"", ""success"": true, ""message"": ""grasp executed"", ""duration_ms"": 471.4}, {""state"": ""VERIFY_GRASP"", ""success"": true, ""message"": ""object lifted 128 mm"", ""duration_ms"": 0.0}, {""state"": ""DETECT_TARGET"", ""success"": true, ""message"": ""target container bowl_0 base=[0.5  0.   0.14]"", ""duration_ms"": 0.1}, {""state"": ""PLAN_PLACE"", ""success"": true, ""message"": ""release above [0.5  0.   0.14] +0.07m"", ""duration_ms"": 0.0}, {""state"": ""EXECUTE_PLACE"", ""success"": true, ""message"": ""released"", ""duration_ms"": 823.8}, {""state"": ""VERIFY_DONE"", ""success"": true, ""message"": ""object placed 29 mm from target"", ""duration_ms"": 0.0}]"
46,real,sim_gt,20260712,0.38,-0.11,1,,1294.7,0.2,466.2,0.1,828.1,0.0,0.0,127.5,29.5,"[{""state"": ""DETECT_SOURCE"", ""success"": true, ""message"": ""selected cup_0 conf=1.00 base=[ 0.38  -0.11   0.165] (0 ROI pts)"", ""duration_ms"": 0.2}, {""state"": ""PLAN_PICK"", ""success"": true, ""message"": ""grasp=[ 0.38  -0.11   0.165] pre=[ 0.322 -0.093  0.165]"", ""duration_ms"": 0.1}, {""state"": ""EXECUTE_PICK"", ""success"": true, ""message"": ""grasp executed"", ""duration_ms"": 466.2}, {""state"": ""VERIFY_GRASP"", ""success"": true, ""message"": ""object lifted 128 mm"", ""duration_ms"": 0.0}, {""state"": ""DETECT_TARGET"", ""success"": true, ""message"": ""target container bowl_0 base=[0.5  0.   0.14]"", ""duration_ms"": 0.1}, {""state"": ""PLAN_PLACE"", ""success"": true, ""message"": ""release above [0.5  0.   0.14] +0.07m"", ""duration_ms"": 0.0}, {""state"": ""EXECUTE_PLACE"", ""success"": true, ""message"": ""released"", ""duration_ms"": 828.1}, {""state"": ""VERIFY_DONE"", ""success"": true, ""message"": ""object placed 29 mm from target"", ""duration_ms"": 0.0}]"
47,real,sim_gt,20260712,0.38,-0.11,1,,1299.5,0.2,467.7,0.1,831.2,0.0,0.0,127.5,29.5,"[{""state"": ""DETECT_SOURCE"", ""success"": true, ""message"": ""selected cup_0 conf=1.00 base=[ 0.38  -0.11   0.165] (0 ROI pts)"", ""duration_ms"": 0.2}, {""state"": ""PLAN_PICK"", ""success"": true, ""message"": ""grasp=[ 0.38  -0.11   0.165] pre=[ 0.322 -0.093  0.165]"", ""duration_ms"": 0.1}, {""state"": ""EXECUTE_PICK"", ""success"": true, ""message"": ""grasp executed"", ""duration_ms"": 467.7}, {""state"": ""VERIFY_GRASP"", ""success"": true, ""message"": ""object lifted 128 mm"", ""duration_ms"": 0.0}, {""state"": ""DETECT_TARGET"", ""success"": true, ""message"": ""target container bowl_0 base=[0.5  0.   0.14]"", ""duration_ms"": 0.1}, {""state"": ""PLAN_PLACE"", ""success"": true, ""message"": ""release above [0.5  0.   0.14] +0.07m"", ""duration_ms"": 0.0}, {""state"": ""EXECUTE_PLACE"", ""success"": true, ""message"": ""released"", ""duration_ms"": 831.2}, {""state"": ""VERIFY_DONE"", ""success"": true, ""message"": ""object placed 29 mm from target"", ""duration_ms"": 0.0}]"
48,real,sim_gt,20260712,0.38,-0.11,1,,1286.5,0.3,466.9,0.1,819.0,0.0,0.0,127.5,29.5,"[{""state"": ""DETECT_SOURCE"", ""success"": true, ""message"": ""selected cup_0 conf=1.00 base=[ 0.38  -0.11   0.165] (0 ROI pts)"", ""duration_ms"": 0.3}, {""state"": ""PLAN_PICK"", ""success"": true, ""message"": ""grasp=[ 0.38  -0.11   0.165] pre=[ 0.322 -0.093  0.165]"", ""duration_ms"": 0.1}, {""state"": ""EXECUTE_PICK"", ""success"": true, ""message"": ""grasp executed"", ""duration_ms"": 466.9}, {""state"": ""VERIFY_GRASP"", ""success"": true, ""message"": ""object lifted 128 mm"", ""duration_ms"": 0.0}, {""state"": ""DETECT_TARGET"", ""success"": true, ""message"": ""target container bowl_0 base=[0.5  0.   0.14]"", ""duration_ms"": 0.1}, {""state"": ""PLAN_PLACE"", ""success"": true, ""message"": ""release above [0.5  0.   0.14] +0.07m"", ""duration_ms"": 0.0}, {""state"": ""EXECUTE_PLACE"", ""success"": true, ""message"": ""released"", ""duration_ms"": 819.0}, {""state"": ""VERIFY_DONE"", ""success"": true, ""message"": ""object placed 29 mm from target"", ""duration_ms"": 0.0}]"
49,real,sim_gt,20260712,0.38,-0.11,1,,1299.0,0.2,469.7,0.1,828.8,0.0,0.0,127.5,29.5,"[{""state"": ""DETECT_SOURCE"", ""success"": true, ""message"": ""selected cup_0 conf=1.00 base=[ 0.38  -0.11   0.165] (0 ROI pts)"", ""duration_ms"": 0.2}, {""state"": ""PLAN_PICK"", ""success"": true, ""message"": ""grasp=[ 0.38  -0.11   0.165] pre=[ 0.322 -0.093  0.165]"", ""duration_ms"": 0.1}, {""state"": ""EXECUTE_PICK"", ""success"": true, ""message"": ""grasp executed"", ""duration_ms"": 469.7}, {""state"": ""VERIFY_GRASP"", ""success"": true, ""message"": ""object lifted 128 mm"", ""duration_ms"": 0.0}, {""state"": ""DETECT_TARGET"", ""success"": true, ""message"": ""target container bowl_0 base=[0.5  0.   0.14]"", ""duration_ms"": 0.1}, {""state"": ""PLAN_PLACE"", ""success"": true, ""message"": ""release above [0.5  0.   0.14] +0.07m"", ""duration_ms"": 0.0}, {""state"": ""EXECUTE_PLACE"", ""success"": true, ""message"": ""released"", ""duration_ms"": 828.8}, {""state"": ""VERIFY_DONE"", ""success"": true, ""message"": ""object placed 29 mm from target"", ""duration_ms"": 0.0}]"
50,real,sim_gt,20260712,0.38,-0.11,1,,1297.6,0.2,464.9,0.1,832.3,0.0,0.0,127.5,29.5,"[{""state"": ""DETECT_SOURCE"", ""success"": true, ""message"": ""selected cup_0 conf=1.00 base=[ 0.38  -0.11   0.165] (0 ROI pts)"", ""duration_ms"": 0.2}, {""state"": ""PLAN_PICK"", ""success"": true, ""message"": ""grasp=[ 0.38  -0.11   0.165] pre=[ 0.322 -0.093  0.165]"", ""duration_ms"": 0.1}, {""state"": ""EXECUTE_PICK"", ""success"": true, ""message"": ""grasp executed"", ""duration_ms"": 464.9}, {""state"": ""VERIFY_GRASP"", ""success"": true, ""message"": ""object lifted 128 mm"", ""duration_ms"": 0.0}, {""state"": ""DETECT_TARGET"", ""success"": true, ""message"": ""target container bowl_0 base=[0.5  0.   0.14]"", ""duration_ms"": 0.1}, {""state"": ""PLAN_PLACE"", ""success"": true, ""message"": ""release above [0.5  0.   0.14] +0.07m"", ""duration_ms"": 0.0}, {""state"": ""EXECUTE_PLACE"", ""success"": true, ""message"": ""released"", ""duration_ms"": 832.3}, {""state"": ""VERIFY_DONE"", ""success"": true, ""message"": ""object placed 29 mm from target"", ""duration_ms"": 0.0}]"
51,real,sim_gt,20260712,0.38,-0.11,1,,1279.9,0.2,463.0,0.1,816.5,0.0,0.0,127.5,29.5,"[{""state"": ""DETECT_SOURCE"", ""success"": true, ""message"": ""selected cup_0 conf=1.00 base=[ 0.38  -0.11   0.165] (0 ROI pts)"", ""duration_ms"": 0.2}, {""state"": ""PLAN_PICK"", ""success"": true, ""message"": ""grasp=[ 0.38  -0.11   0.165] pre=[ 0.322 -0.093  0.165]"", ""duration_ms"": 0.1}, {""state"": ""EXECUTE_PICK"", ""success"": true, ""message"": ""grasp executed"", ""duration_ms"": 463.0}, {""state"": ""VERIFY_GRASP"", ""success"": true, ""message"": ""object lifted 128 mm"", ""duration_ms"": 0.0}, {""state"": ""DETECT_TARGET"", ""success"": true, ""message"": ""target container bowl_0 base=[0.5  0.   0.14]"", ""duration_ms"": 0.1}, {""state"": ""PLAN_PLACE"", ""success"": true, ""message"": ""release above [0.5  0.   0.14] +0.07m"", ""duration_ms"": 0.0}, {""state"": ""EXECUTE_PLACE"", ""success"": true, ""message"": ""released"", ""duration_ms"": 816.5}, {""state"": ""VERIFY_DONE"", ""success"": true, ""message"": ""object placed 29 mm from target"", ""duration_ms"": 0.0}]"
52,real,sim_gt,20260712,0.38,-0.11,1,,1297.2,0.2,476.0,0.1,820.8,0.0,0.0,127.5,29.5,"[{""state"": ""DETECT_SOURCE"", ""success"": true, ""message"": ""selected cup_0 conf=1.00 base=[ 0.38  -0.11   0.165] (0 ROI pts)"", ""duration_ms"": 0.2}, {""state"": ""PLAN_PICK"", ""success"": true, ""message"": ""grasp=[ 0.38  -0.11   0.165] pre=[ 0.322 -0.093  0.165]"", ""duration_ms"": 0.1}, {""state"": ""EXECUTE_PICK"", ""success"": true, ""message"": ""grasp executed"", ""duration_ms"": 476.0}, {""state"": ""VERIFY_GRASP"", ""success"": true, ""message"": ""object lifted 128 mm"", ""duration_ms"": 0.0}, {""state"": ""DETECT_TARGET"", ""success"": true, ""message"": ""target container bowl_0 base=[0.5  0.   0.14]"", ""duration_ms"": 0.1}, {""state"": ""PLAN_PLACE"", ""success"": true, ""message"": ""release above [0.5  0.   0.14] +0.07m"", ""duration_ms"": 0.0}, {""state"": ""EXECUTE_PLACE"", ""success"": true, ""message"": ""released"", ""duration_ms"": 820.8}, {""state"": ""VERIFY_DONE"", ""success"": true, ""message"": ""object placed 29 mm from target"", ""duration_ms"": 0.0}]"
53,real,sim_gt,20260712,0.38,-0.11,1,,1295.0,0.1,463.8,0.1,830.9,0.0,0.0,127.5,29.5,"[{""state"": ""DETECT_SOURCE"", ""success"": true, ""message"": ""selected cup_0 conf=1.00 base=[ 0.38  -0.11   0.165] (0 ROI pts)"", ""duration_ms"": 0.1}, {""state"": ""PLAN_PICK"", ""success"": true, ""message"": ""grasp=[ 0.38  -0.11   0.165] pre=[ 0.322 -0.093  0.165]"", ""duration_ms"": 0.1}, {""state"": ""EXECUTE_PICK"", ""success"": true, ""message"": ""grasp executed"", ""duration_ms"": 463.8}, {""state"": ""VERIFY_GRASP"", ""success"": true, ""message"": ""object lifted 128 mm"", ""duration_ms"": 0.0}, {""state"": ""DETECT_TARGET"", ""success"": true, ""message"": ""target container bowl_0 base=[0.5  0.   0.14]"", ""duration_ms"": 0.1}, {""state"": ""PLAN_PLACE"", ""success"": true, ""message"": ""release above [0.5  0.   0.14] +0.07m"", ""duration_ms"": 0.0}, {""state"": ""EXECUTE_PLACE"", ""success"": true, ""message"": ""released"", ""duration_ms"": 830.9}, {""state"": ""VERIFY_DONE"", ""success"": true, ""message"": ""object placed 29 mm from target"", ""duration_ms"": 0.0}]"
54,real,sim_gt,20260712,0.38,-0.11,1,,1291.5,0.2,467.8,0.1,823.2,0.0,0.0,127.5,29.5,"[{""state"": ""DETECT_SOURCE"", ""success"": true, ""message"": ""selected cup_0 conf=1.00 base=[ 0.38  -0.11   0.165] (0 ROI pts)"", ""duration_ms"": 0.2}, {""state"": ""PLAN_PICK"", ""success"": true, ""message"": ""grasp=[ 0.38  -0.11   0.165] pre=[ 0.322 -0.093  0.165]"", ""duration_ms"": 0.1}, {""state"": ""EXECUTE_PICK"", ""success"": true, ""message"": ""grasp executed"", ""duration_ms"": 467.8}, {""state"": ""VERIFY_GRASP"", ""success"": true, ""message"": ""object lifted 128 mm"", ""duration_ms"": 0.0}, {""state"": ""DETECT_TARGET"", ""success"": true, ""message"": ""target container bowl_0 base=[0.5  0.   0.14]"", ""duration_ms"": 0.1}, {""state"": ""PLAN_PLACE"", ""success"": true, ""message"": ""release above [0.5  0.   0.14] +0.07m"", ""duration_ms"": 0.0}, {""state"": ""EXECUTE_PLACE"", ""success"": true, ""message"": ""released"", ""duration_ms"": 823.2}, {""state"": ""VERIFY_DONE"", ""success"": true, ""message"": ""object placed 29 mm from target"", ""duration_ms"": 0.0}]"
55,real,sim_gt,20260712,0.38,-0.11,1,,1285.3,0.4,467.2,0.1,817.5,0.0,0.0,127.5,29.5,"[{""state"": ""DETECT_SOURCE"", ""success"": true, ""message"": ""selected cup_0 conf=1.00 base=[ 0.38  -0.11   0.165] (0 ROI pts)"", ""duration_ms"": 0.4}, {""state"": ""PLAN_PICK"", ""success"": true, ""message"": ""grasp=[ 0.38  -0.11   0.165] pre=[ 0.322 -0.093  0.165]"", ""duration_ms"": 0.1}, {""state"": ""EXECUTE_PICK"", ""success"": true, ""message"": ""grasp executed"", ""duration_ms"": 467.2}, {""state"": ""VERIFY_GRASP"", ""success"": true, ""message"": ""object lifted 128 mm"", ""duration_ms"": 0.0}, {""state"": ""DETECT_TARGET"", ""success"": true, ""message"": ""target container bowl_0 base=[0.5  0.   0.14]"", ""duration_ms"": 0.1}, {""state"": ""PLAN_PLACE"", ""success"": true, ""message"": ""release above [0.5  0.   0.14] +0.07m"", ""duration_ms"": 0.0}, {""state"": ""EXECUTE_PLACE"", ""success"": true, ""message"": ""released"", ""duration_ms"": 817.5}, {""state"": ""VERIFY_DONE"", ""success"": true, ""message"": ""object placed 29 mm from target"", ""duration_ms"": 0.0}]"
56,real,sim_gt,20260712,0.38,-0.11,1,,1293.3,0.1,464.5,0.1,828.4,0.0,0.0,127.5,29.5,"[{""state"": ""DETECT_SOURCE"", ""success"": true, ""message"": ""selected cup_0 conf=1.00 base=[ 0.38  -0.11   0.165] (0 ROI pts)"", ""duration_ms"": 0.1}, {""state"": ""PLAN_PICK"", ""success"": true, ""message"": ""grasp=[ 0.38  -0.11   0.165] pre=[ 0.322 -0.093  0.165]"", ""duration_ms"": 0.1}, {""state"": ""EXECUTE_PICK"", ""success"": true, ""message"": ""grasp executed"", ""duration_ms"": 464.5}, {""state"": ""VERIFY_GRASP"", ""success"": true, ""message"": ""object lifted 128 mm"", ""duration_ms"": 0.0}, {""state"": ""DETECT_TARGET"", ""success"": true, ""message"": ""target container bowl_0 base=[0.5  0.   0.14]"", ""duration_ms"": 0.1}, {""state"": ""PLAN_PLACE"", ""success"": true, ""message"": ""release above [0.5  0.   0.14] +0.07m"", ""duration_ms"": 0.0}, {""state"": ""EXECUTE_PLACE"", ""success"": true, ""message"": ""released"", ""duration_ms"": 828.4}, {""state"": ""VERIFY_DONE"", ""success"": true, ""message"": ""object placed 29 mm from target"", ""duration_ms"": 0.0}]"
57,real,sim_gt,20260712,0.38,-0.11,1,,1293.1,0.2,466.3,0.1,826.4,0.0,0.0,127.5,29.5,"[{""state"": ""DETECT_SOURCE"", ""success"": true, ""message"": ""selected cup_0 conf=1.00 base=[ 0.38  -0.11   0.165] (0 ROI pts)"", ""duration_ms"": 0.2}, {""state"": ""PLAN_PICK"", ""success"": true, ""message"": ""grasp=[ 0.38  -0.11   0.165] pre=[ 0.322 -0.093  0.165]"", ""duration_ms"": 0.1}, {""state"": ""EXECUTE_PICK"", ""success"": true, ""message"": ""grasp executed"", ""duration_ms"": 466.3}, {""state"": ""VERIFY_GRASP"", ""success"": true, ""message"": ""object lifted 128 mm"", ""duration_ms"": 0.0}, {""state"": ""DETECT_TARGET"", ""success"": true, ""message"": ""target container bowl_0 base=[0.5  0.   0.14]"", ""duration_ms"": 0.1}, {""state"": ""PLAN_PLACE"", ""success"": true, ""message"": ""release above [0.5  0.   0.14] +0.07m"", ""duration_ms"": 0.0}, {""state"": ""EXECUTE_PLACE"", ""success"": true, ""message"": ""released"", ""duration_ms"": 826.4}, {""state"": ""VERIFY_DONE"", ""success"": true, ""message"": ""object placed 29 mm from target"", ""duration_ms"": 0.0}]"
58,real,sim_gt,20260712,0.38,-0.11,1,,1292.8,0.2,469.0,0.1,823.3,0.0,0.0,127.5,29.5,"[{""state"": ""DETECT_SOURCE"", ""success"": true, ""message"": ""selected cup_0 conf=1.00 base=[ 0.38  -0.11   0.165] (0 ROI pts)"", ""duration_ms"": 0.2}, {""state"": ""PLAN_PICK"", ""success"": true, ""message"": ""grasp=[ 0.38  -0.11   0.165] pre=[ 0.322 -0.093  0.165]"", ""duration_ms"": 0.1}, {""state"": ""EXECUTE_PICK"", ""success"": true, ""message"": ""grasp executed"", ""duration_ms"": 469.0}, {""state"": ""VERIFY_GRASP"", ""success"": true, ""message"": ""object lifted 128 mm"", ""duration_ms"": 0.0}, {""state"": ""DETECT_TARGET"", ""success"": true, ""message"": ""target container bowl_0 base=[0.5  0.   0.14]"", ""duration_ms"": 0.1}, {""state"": ""PLAN_PLACE"", ""success"": true, ""message"": ""release above [0.5  0.   0.14] +0.07m"", ""duration_ms"": 0.0}, {""state"": ""EXECUTE_PLACE"", ""success"": true, ""message"": ""released"", ""duration_ms"": 823.3}, {""state"": ""VERIFY_DONE"", ""success"": true, ""message"": ""object placed 29 mm from target"", ""duration_ms"": 0.0}]"
59,real,sim_gt,20260712,0.38,-0.11,1,,1303.0,0.2,471.0,0.1,831.5,0.0,0.0,127.5,29.5,"[{""state"": ""DETECT_SOURCE"", ""success"": true, ""message"": ""selected cup_0 conf=1.00 base=[ 0.38  -0.11   0.165] (0 ROI pts)"", ""duration_ms"": 0.2}, {""state"": ""PLAN_PICK"", ""success"": true, ""message"": ""grasp=[ 0.38  -0.11   0.165] pre=[ 0.322 -0.093  0.165]"", ""duration_ms"": 0.1}, {""state"": ""EXECUTE_PICK"", ""success"": true, ""message"": ""grasp executed"", ""duration_ms"": 471.0}, {""state"": ""VERIFY_GRASP"", ""success"": true, ""message"": ""object lifted 128 mm"", ""duration_ms"": 0.0}, {""state"": ""DETECT_TARGET"", ""success"": true, ""message"": ""target container bowl_0 base=[0.5  0.   0.14]"", ""duration_ms"": 0.1}, {""state"": ""PLAN_PLACE"", ""success"": true, ""message"": ""release above [0.5  0.   0.14] +0.07m"", ""duration_ms"": 0.0}, {""state"": ""EXECUTE_PLACE"", ""success"": true, ""message"": ""released"", ""duration_ms"": 831.5}, {""state"": ""VERIFY_DONE"", ""success"": true, ""message"": ""object placed 29 mm from target"", ""duration_ms"": 0.0}]"
60,real,sim_gt,20260712,0.38,-0.11,1,,1294.5,0.2,466.6,0.1,827.5,0.0,0.0,127.5,29.5,"[{""state"": ""DETECT_SOURCE"", ""success"": true, ""message"": ""selected cup_0 conf=1.00 base=[ 0.38  -0.11   0.165] (0 ROI pts)"", ""duration_ms"": 0.2}, {""state"": ""PLAN_PICK"", ""success"": true, ""message"": ""grasp=[ 0.38  -0.11   0.165] pre=[ 0.322 -0.093  0.165]"", ""duration_ms"": 0.1}, {""state"": ""EXECUTE_PICK"", ""success"": true, ""message"": ""grasp executed"", ""duration_ms"": 466.6}, {""state"": ""VERIFY_GRASP"", ""success"": true, ""message"": ""object lifted 128 mm"", ""duration_ms"": 0.0}, {""state"": ""DETECT_TARGET"", ""success"": true, ""message"": ""target container bowl_0 base=[0.5  0.   0.14]"", ""duration_ms"": 0.1}, {""state"": ""PLAN_PLACE"", ""success"": true, ""message"": ""release above [0.5  0.   0.14] +0.07m"", ""duration_ms"": 0.0}, {""state"": ""EXECUTE_PLACE"", ""success"": true, ""message"": ""released"", ""duration_ms"": 827.5}, {""state"": ""VERIFY_DONE"", ""success"": true, ""message"": ""object placed 29 mm from target"", ""duration_ms"": 0.0}]"
61,real,sim_gt,20260712,0.38,-0.11,1,,1287.7,0.2,466.6,0.1,820.6,0.0,0.0,127.5,29.5,"[{""state"": ""DETECT_SOURCE"", ""success"": true, ""message"": ""selected cup_0 conf=1.00 base=[ 0.38  -0.11   0.165] (0 ROI pts)"", ""duration_ms"": 0.2}, {""state"": ""PLAN_PICK"", ""success"": true, ""message"": ""grasp=[ 0.38  -0.11   0.165] pre=[ 0.322 -0.093  0.165]"", ""duration_ms"": 0.1}, {""state"": ""EXECUTE_PICK"", ""success"": true, ""message"": ""grasp executed"", ""duration_ms"": 466.6}, {""state"": ""VERIFY_GRASP"", ""success"": true, ""message"": ""object lifted 128 mm"", ""duration_ms"": 0.0}, {""state"": ""DETECT_TARGET"", ""success"": true, ""message"": ""target container bowl_0 base=[0.5  0.   0.14]"", ""duration_ms"": 0.1}, {""state"": ""PLAN_PLACE"", ""success"": true, ""message"": ""release above [0.5  0.   0.14] +0.07m"", ""duration_ms"": 0.0}, {""state"": ""EXECUTE_PLACE"", ""success"": true, ""message"": ""released"", ""duration_ms"": 820.6}, {""state"": ""VERIFY_DONE"", ""success"": true, ""message"": ""object placed 29 mm from target"", ""duration_ms"": 0.0}]"
62,real,sim_gt,20260712,0.38,-0.11,1,,1300.3,0.3,473.7,0.1,826.0,0.0,0.0,127.5,29.5,"[{""state"": ""DETECT_SOURCE"", ""success"": true, ""message"": ""selected cup_0 conf=1.00 base=[ 0.38  -0.11   0.165] (0 ROI pts)"", ""duration_ms"": 0.3}, {""state"": ""PLAN_PICK"", ""success"": true, ""message"": ""grasp=[ 0.38  -0.11   0.165] pre=[ 0.322 -0.093  0.165]"", ""duration_ms"": 0.1}, {""state"": ""EXECUTE_PICK"", ""success"": true, ""message"": ""grasp executed"", ""duration_ms"": 473.7}, {""state"": ""VERIFY_GRASP"", ""success"": true, ""message"": ""object lifted 128 mm"", ""duration_ms"": 0.0}, {""state"": ""DETECT_TARGET"", ""success"": true, ""message"": ""target container bowl_0 base=[0.5  0.   0.14]"", ""duration_ms"": 0.1}, {""state"": ""PLAN_PLACE"", ""success"": true, ""message"": ""release above [0.5  0.   0.14] +0.07m"", ""duration_ms"": 0.0}, {""state"": ""EXECUTE_PLACE"", ""success"": true, ""message"": ""released"", ""duration_ms"": 826.0}, {""state"": ""VERIFY_DONE"", ""success"": true, ""message"": ""object placed 29 mm from target"", ""duration_ms"": 0.0}]"
63,real,sim_gt,20260712,0.38,-0.11,1,,1305.5,0.2,467.0,0.1,838.0,0.0,0.0,127.5,29.5,"[{""state"": ""DETECT_SOURCE"", ""success"": true, ""message"": ""selected cup_0 conf=1.00 base=[ 0.38  -0.11   0.165] (0 ROI pts)"", ""duration_ms"": 0.2}, {""state"": ""PLAN_PICK"", ""success"": true, ""message"": ""grasp=[ 0.38  -0.11   0.165] pre=[ 0.322 -0.093  0.165]"", ""duration_ms"": 0.1}, {""state"": ""EXECUTE_PICK"", ""success"": true, ""message"": ""grasp executed"", ""duration_ms"": 467.0}, {""state"": ""VERIFY_GRASP"", ""success"": true, ""message"": ""object lifted 128 mm"", ""duration_ms"": 0.0}, {""state"": ""DETECT_TARGET"", ""success"": true, ""message"": ""target container bowl_0 base=[0.5  0.   0.14]"", ""duration_ms"": 0.1}, {""state"": ""PLAN_PLACE"", ""success"": true, ""message"": ""release above [0.5  0.   0.14] +0.07m"", ""duration_ms"": 0.0}, {""state"": ""EXECUTE_PLACE"", ""success"": true, ""message"": ""released"", ""duration_ms"": 838.0}, {""state"": ""VERIFY_DONE"", ""success"": true, ""message"": ""object placed 29 mm from target"", ""duration_ms"": 0.0}]"
64,real,sim_gt,20260712,0.38,-0.11,1,,1298.1,0.2,469.3,0.1,828.4,0.0,0.0,127.5,29.5,"[{""state"": ""DETECT_SOURCE"", ""success"": true, ""message"": ""selected cup_0 conf=1.00 base=[ 0.38  -0.11   0.165] (0 ROI pts)"", ""duration_ms"": 0.2}, {""state"": ""PLAN_PICK"", ""success"": true, ""message"": ""grasp=[ 0.38  -0.11   0.165] pre=[ 0.322 -0.093  0.165]"", ""duration_ms"": 0.1}, {""state"": ""EXECUTE_PICK"", ""success"": true, ""message"": ""grasp executed"", ""duration_ms"": 469.3}, {""state"": ""VERIFY_GRASP"", ""success"": true, ""message"": ""object lifted 128 mm"", ""duration_ms"": 0.0}, {""state"": ""DETECT_TARGET"", ""success"": true, ""message"": ""target container bowl_0 base=[0.5  0.   0.14]"", ""duration_ms"": 0.1}, {""state"": ""PLAN_PLACE"", ""success"": true, ""message"": ""release above [0.5  0.   0.14] +0.07m"", ""duration_ms"": 0.0}, {""state"": ""EXECUTE_PLACE"", ""success"": true, ""message"": ""released"", ""duration_ms"": 828.4}, {""state"": ""VERIFY_DONE"", ""success"": true, ""message"": ""object placed 29 mm from target"", ""duration_ms"": 0.0}]"
65,real,sim_gt,20260712,0.38,-0.11,1,,1300.5,0.2,469.8,0.1,830.3,0.0,0.0,127.5,29.5,"[{""state"": ""DETECT_SOURCE"", ""success"": true, ""message"": ""selected cup_0 conf=1.00 base=[ 0.38  -0.11   0.165] (0 ROI pts)"", ""duration_ms"": 0.2}, {""state"": ""PLAN_PICK"", ""success"": true, ""message"": ""grasp=[ 0.38  -0.11   0.165] pre=[ 0.322 -0.093  0.165]"", ""duration_ms"": 0.1}, {""state"": ""EXECUTE_PICK"", ""success"": true, ""message"": ""grasp executed"", ""duration_ms"": 469.8}, {""state"": ""VERIFY_GRASP"", ""success"": true, ""message"": ""object lifted 128 mm"", ""duration_ms"": 0.0}, {""state"": ""DETECT_TARGET"", ""success"": true, ""message"": ""target container bowl_0 base=[0.5  0.   0.14]"", ""duration_ms"": 0.1}, {""state"": ""PLAN_PLACE"", ""success"": true, ""message"": ""release above [0.5  0.   0.14] +0.07m"", ""duration_ms"": 0.0}, {""state"": ""EXECUTE_PLACE"", ""success"": true, ""message"": ""released"", ""duration_ms"": 830.3}, {""state"": ""VERIFY_DONE"", ""success"": true, ""message"": ""object placed 29 mm from target"", ""duration_ms"": 0.0}]"
66,real,sim_gt,20260712,0.38,-0.11,1,,1295.4,0.2,469.5,0.1,825.5,0.0,0.0,127.5,29.5,"[{""state"": ""DETECT_SOURCE"", ""success"": true, ""message"": ""selected cup_0 conf=1.00 base=[ 0.38  -0.11   0.165] (0 ROI pts)"", ""duration_ms"": 0.2}, {""state"": ""PLAN_PICK"", ""success"": true, ""message"": ""grasp=[ 0.38  -0.11   0.165] pre=[ 0.322 -0.093  0.165]"", ""duration_ms"": 0.1}, {""state"": ""EXECUTE_PICK"", ""success"": true, ""message"": ""grasp executed"", ""duration_ms"": 469.5}, {""state"": ""VERIFY_GRASP"", ""success"": true, ""message"": ""object lifted 128 mm"", ""duration_ms"": 0.0}, {""state"": ""DETECT_TARGET"", ""success"": true, ""message"": ""target container bowl_0 base=[0.5  0.   0.14]"", ""duration_ms"": 0.1}, {""state"": ""PLAN_PLACE"", ""success"": true, ""message"": ""release above [0.5  0.   0.14] +0.07m"", ""duration_ms"": 0.0}, {""state"": ""EXECUTE_PLACE"", ""success"": true, ""message"": ""released"", ""duration_ms"": 825.5}, {""state"": ""VERIFY_DONE"", ""success"": true, ""message"": ""object placed 29 mm from target"", ""duration_ms"": 0.0}]"
67,real,sim_gt,20260712,0.38,-0.11,1,,1297.7,0.2,465.7,0.1,831.7,0.0,0.0,127.5,29.5,"[{""state"": ""DETECT_SOURCE"", ""success"": true, ""message"": ""selected cup_0 conf=1.00 base=[ 0.38  -0.11   0.165] (0 ROI pts)"", ""duration_ms"": 0.2}, {""state"": ""PLAN_PICK"", ""success"": true, ""message"": ""grasp=[ 0.38  -0.11   0.165] pre=[ 0.322 -0.093  0.165]"", ""duration_ms"": 0.1}, {""state"": ""EXECUTE_PICK"", ""success"": true, ""message"": ""grasp executed"", ""duration_ms"": 465.7}, {""state"": ""VERIFY_GRASP"", ""success"": true, ""message"": ""object lifted 128 mm"", ""duration_ms"": 0.0}, {""state"": ""DETECT_TARGET"", ""success"": true, ""message"": ""target container bowl_0 base=[0.5  0.   0.14]"", ""duration_ms"": 0.1}, {""state"": ""PLAN_PLACE"", ""success"": true, ""message"": ""release above [0.5  0.   0.14] +0.07m"", ""duration_ms"": 0.0}, {""state"": ""EXECUTE_PLACE"", ""success"": true, ""message"": ""released"", ""duration_ms"": 831.7}, {""state"": ""VERIFY_DONE"", ""success"": true, ""message"": ""object placed 29 mm from target"", ""duration_ms"": 0.0}]"
68,real,sim_gt,20260712,0.38,-0.11,1,,1286.5,0.3,466.2,0.1,819.8,0.0,0.0,127.5,29.5,"[{""state"": ""DETECT_SOURCE"", ""success"": true, ""message"": ""selected cup_0 conf=1.00 base=[ 0.38  -0.11   0.165] (0 ROI pts)"", ""duration_ms"": 0.3}, {""state"": ""PLAN_PICK"", ""success"": true, ""message"": ""grasp=[ 0.38  -0.11   0.165] pre=[ 0.322 -0.093  0.165]"", ""duration_ms"": 0.1}, {""state"": ""EXECUTE_PICK"", ""success"": true, ""message"": ""grasp executed"", ""duration_ms"": 466.2}, {""state"": ""VERIFY_GRASP"", ""success"": true, ""message"": ""object lifted 128 mm"", ""duration_ms"": 0.0}, {""state"": ""DETECT_TARGET"", ""success"": true, ""message"": ""target container bowl_0 base=[0.5  0.   0.14]"", ""duration_ms"": 0.1}, {""state"": ""PLAN_PLACE"", ""success"": true, ""message"": ""release above [0.5  0.   0.14] +0.07m"", ""duration_ms"": 0.0}, {""state"": ""EXECUTE_PLACE"", ""success"": true, ""message"": ""released"", ""duration_ms"": 819.8}, {""state"": ""VERIFY_DONE"", ""success"": true, ""message"": ""object placed 29 mm from target"", ""duration_ms"": 0.0}]"
69,real,sim_gt,20260712,0.38,-0.11,1,,1300.0,0.2,468.1,0.1,831.5,0.0,0.0,127.5,29.5,"[{""state"": ""DETECT_SOURCE"", ""success"": true, ""message"": ""selected cup_0 conf=1.00 base=[ 0.38  -0.11   0.165] (0 ROI pts)"", ""duration_ms"": 0.2}, {""state"": ""PLAN_PICK"", ""success"": true, ""message"": ""grasp=[ 0.38  -0.11   0.165] pre=[ 0.322 -0.093  0.165]"", ""duration_ms"": 0.1}, {""state"": ""EXECUTE_PICK"", ""success"": true, ""message"": ""grasp executed"", ""duration_ms"": 468.1}, {""state"": ""VERIFY_GRASP"", ""success"": true, ""message"": ""object lifted 128 mm"", ""duration_ms"": 0.0}, {""state"": ""DETECT_TARGET"", ""success"": true, ""message"": ""target container bowl_0 base=[0.5  0.   0.14]"", ""duration_ms"": 0.1}, {""state"": ""PLAN_PLACE"", ""success"": true, ""message"": ""release above [0.5  0.   0.14] +0.07m"", ""duration_ms"": 0.0}, {""state"": ""EXECUTE_PLACE"", ""success"": true, ""message"": ""released"", ""duration_ms"": 831.5}, {""state"": ""VERIFY_DONE"", ""success"": true, ""message"": ""object placed 29 mm from target"", ""duration_ms"": 0.0}]"
70,real,sim_gt,20260712,0.38,-0.11,1,,1291.7,0.2,466.2,0.1,825.1,0.0,0.0,127.5,29.5,"[{""state"": ""DETECT_SOURCE"", ""success"": true, ""message"": ""selected cup_0 conf=1.00 base=[ 0.38  -0.11   0.165] (0 ROI pts)"", ""duration_ms"": 0.2}, {""state"": ""PLAN_PICK"", ""success"": true, ""message"": ""grasp=[ 0.38  -0.11   0.165] pre=[ 0.322 -0.093  0.165]"", ""duration_ms"": 0.1}, {""state"": ""EXECUTE_PICK"", ""success"": true, ""message"": ""grasp executed"", ""duration_ms"": 466.2}, {""state"": ""VERIFY_GRASP"", ""success"": true, ""message"": ""object lifted 128 mm"", ""duration_ms"": 0.0}, {""state"": ""DETECT_TARGET"", ""success"": true, ""message"": ""target container bowl_0 base=[0.5  0.   0.14]"", ""duration_ms"": 0.1}, {""state"": ""PLAN_PLACE"", ""success"": true, ""message"": ""release above [0.5  0.   0.14] +0.07m"", ""duration_ms"": 0.0}, {""state"": ""EXECUTE_PLACE"", ""success"": true, ""message"": ""released"", ""duration_ms"": 825.1}, {""state"": ""VERIFY_DONE"", ""success"": true, ""message"": ""object placed 29 mm from target"", ""duration_ms"": 0.0}]"
71,real,sim_gt,20260712,0.38,-0.11,1,,1288.8,0.2,464.2,0.1,824.2,0.0,0.0,127.5,29.5,"[{""state"": ""DETECT_SOURCE"", ""success"": true, ""message"": ""selected cup_0 conf=1.00 base=[ 0.38  -0.11   0.165] (0 ROI pts)"", ""duration_ms"": 0.2}, {""state"": ""PLAN_PICK"", ""success"": true, ""message"": ""grasp=[ 0.38  -0.11   0.165] pre=[ 0.322 -0.093  0.165]"", ""duration_ms"": 0.1}, {""state"": ""EXECUTE_PICK"", ""success"": true, ""message"": ""grasp executed"", ""duration_ms"": 464.2}, {""state"": ""VERIFY_GRASP"", ""success"": true, ""message"": ""object lifted 128 mm"", ""duration_ms"": 0.0}, {""state"": ""DETECT_TARGET"", ""success"": true, ""message"": ""target container bowl_0 base=[0.5  0.   0.14]"", ""duration_ms"": 0.1}, {""state"": ""PLAN_PLACE"", ""success"": true, ""message"": ""release above [0.5  0.   0.14] +0.07m"", ""duration_ms"": 0.0}, {""state"": ""EXECUTE_PLACE"", ""success"": true, ""message"": ""released"", ""duration_ms"": 824.2}, {""state"": ""VERIFY_DONE"", ""success"": true, ""message"": ""object placed 29 mm from target"", ""duration_ms"": 0.0}]"
72,real,sim_gt,20260712,0.38,-0.11,1,,1303.4,0.3,472.6,0.1,830.3,0.0,0.0,127.5,29.5,"[{""state"": ""DETECT_SOURCE"", ""success"": true, ""message"": ""selected cup_0 conf=1.00 base=[ 0.38  -0.11   0.165] (0 ROI pts)"", ""duration_ms"": 0.3}, {""state"": ""PLAN_PICK"", ""success"": true, ""message"": ""grasp=[ 0.38  -0.11   0.165] pre=[ 0.322 -0.093  0.165]"", ""duration_ms"": 0.1}, {""state"": ""EXECUTE_PICK"", ""success"": true, ""message"": ""grasp executed"", ""duration_ms"": 472.6}, {""state"": ""VERIFY_GRASP"", ""success"": true, ""message"": ""object lifted 128 mm"", ""duration_ms"": 0.0}, {""state"": ""DETECT_TARGET"", ""success"": true, ""message"": ""target container bowl_0 base=[0.5  0.   0.14]"", ""duration_ms"": 0.1}, {""state"": ""PLAN_PLACE"", ""success"": true, ""message"": ""release above [0.5  0.   0.14] +0.07m"", ""duration_ms"": 0.0}, {""state"": ""EXECUTE_PLACE"", ""success"": true, ""message"": ""released"", ""duration_ms"": 830.3}, {""state"": ""VERIFY_DONE"", ""success"": true, ""message"": ""object placed 29 mm from target"", ""duration_ms"": 0.0}]"
73,real,sim_gt,20260712,0.38,-0.11,1,,1300.1,0.2,465.5,0.1,834.2,0.0,0.0,127.5,29.5,"[{""state"": ""DETECT_SOURCE"", ""success"": true, ""message"": ""selected cup_0 conf=1.00 base=[ 0.38  -0.11   0.165] (0 ROI pts)"", ""duration_ms"": 0.2}, {""state"": ""PLAN_PICK"", ""success"": true, ""message"": ""grasp=[ 0.38  -0.11   0.165] pre=[ 0.322 -0.093  0.165]"", ""duration_ms"": 0.1}, {""state"": ""EXECUTE_PICK"", ""success"": true, ""message"": ""grasp executed"", ""duration_ms"": 465.5}, {""state"": ""VERIFY_GRASP"", ""success"": true, ""message"": ""object lifted 128 mm"", ""duration_ms"": 0.0}, {""state"": ""DETECT_TARGET"", ""success"": true, ""message"": ""target container bowl_0 base=[0.5  0.   0.14]"", ""duration_ms"": 0.1}, {""state"": ""PLAN_PLACE"", ""success"": true, ""message"": ""release above [0.5  0.   0.14] +0.07m"", ""duration_ms"": 0.0}, {""state"": ""EXECUTE_PLACE"", ""success"": true, ""message"": ""released"", ""duration_ms"": 834.2}, {""state"": ""VERIFY_DONE"", ""success"": true, ""message"": ""object placed 29 mm from target"", ""duration_ms"": 0.0}]"
74,real,sim_gt,20260712,0.38,-0.11,1,,1291.9,0.1,468.3,0.1,823.2,0.0,0.0,127.5,29.5,"[{""state"": ""DETECT_SOURCE"", ""success"": true, ""message"": ""selected cup_0 conf=1.00 base=[ 0.38  -0.11   0.165] (0 ROI pts)"", ""duration_ms"": 0.1}, {""state"": ""PLAN_PICK"", ""success"": true, ""message"": ""grasp=[ 0.38  -0.11   0.165] pre=[ 0.322 -0.093  0.165]"", ""duration_ms"": 0.1}, {""state"": ""EXECUTE_PICK"", ""success"": true, ""message"": ""grasp executed"", ""duration_ms"": 468.3}, {""state"": ""VERIFY_GRASP"", ""success"": true, ""message"": ""object lifted 128 mm"", ""duration_ms"": 0.0}, {""state"": ""DETECT_TARGET"", ""success"": true, ""message"": ""target container bowl_0 base=[0.5  0.   0.14]"", ""duration_ms"": 0.1}, {""state"": ""PLAN_PLACE"", ""success"": true, ""message"": ""release above [0.5  0.   0.14] +0.07m"", ""duration_ms"": 0.0}, {""state"": ""EXECUTE_PLACE"", ""success"": true, ""message"": ""released"", ""duration_ms"": 823.2}, {""state"": ""VERIFY_DONE"", ""success"": true, ""message"": ""object placed 29 mm from target"", ""duration_ms"": 0.0}]"
75,real,sim_gt,20260712,0.38,-0.11,1,,1296.2,0.2,469.2,0.1,826.4,0.0,0.0,127.5,29.5,"[{""state"": ""DETECT_SOURCE"", ""success"": true, ""message"": ""selected cup_0 conf=1.00 base=[ 0.38  -0.11   0.165] (0 ROI pts)"", ""duration_ms"": 0.2}, {""state"": ""PLAN_PICK"", ""success"": true, ""message"": ""grasp=[ 0.38  -0.11   0.165] pre=[ 0.322 -0.093  0.165]"", ""duration_ms"": 0.1}, {""state"": ""EXECUTE_PICK"", ""success"": true, ""message"": ""grasp executed"", ""duration_ms"": 469.2}, {""state"": ""VERIFY_GRASP"", ""success"": true, ""message"": ""object lifted 128 mm"", ""duration_ms"": 0.0}, {""state"": ""DETECT_TARGET"", ""success"": true, ""message"": ""target container bowl_0 base=[0.5  0.   0.14]"", ""duration_ms"": 0.1}, {""state"": ""PLAN_PLACE"", ""success"": true, ""message"": ""release above [0.5  0.   0.14] +0.07m"", ""duration_ms"": 0.0}, {""state"": ""EXECUTE_PLACE"", ""success"": true, ""message"": ""released"", ""duration_ms"": 826.4}, {""state"": ""VERIFY_DONE"", ""success"": true, ""message"": ""object placed 29 mm from target"", ""duration_ms"": 0.0}]"
76,real,sim_gt,20260712,0.38,-0.11,1,,1297.3,0.2,469.0,0.1,827.8,0.0,0.0,127.5,29.5,"[{""state"": ""DETECT_SOURCE"", ""success"": true, ""message"": ""selected cup_0 conf=1.00 base=[ 0.38  -0.11   0.165] (0 ROI pts)"", ""duration_ms"": 0.2}, {""state"": ""PLAN_PICK"", ""success"": true, ""message"": ""grasp=[ 0.38  -0.11   0.165] pre=[ 0.322 -0.093  0.165]"", ""duration_ms"": 0.1}, {""state"": ""EXECUTE_PICK"", ""success"": true, ""message"": ""grasp executed"", ""duration_ms"": 469.0}, {""state"": ""VERIFY_GRASP"", ""success"": true, ""message"": ""object lifted 128 mm"", ""duration_ms"": 0.0}, {""state"": ""DETECT_TARGET"", ""success"": true, ""message"": ""target container bowl_0 base=[0.5  0.   0.14]"", ""duration_ms"": 0.1}, {""state"": ""PLAN_PLACE"", ""success"": true, ""message"": ""release above [0.5  0.   0.14] +0.07m"", ""duration_ms"": 0.0}, {""state"": ""EXECUTE_PLACE"", ""success"": true, ""message"": ""released"", ""duration_ms"": 827.8}, {""state"": ""VERIFY_DONE"", ""success"": true, ""message"": ""object placed 29 mm from target"", ""duration_ms"": 0.0}]"
77,real,sim_gt,20260712,0.38,-0.11,1,,1304.3,0.1,466.1,0.1,837.7,0.0,0.0,127.5,29.5,"[{""state"": ""DETECT_SOURCE"", ""success"": true, ""message"": ""selected cup_0 conf=1.00 base=[ 0.38  -0.11   0.165] (0 ROI pts)"", ""duration_ms"": 0.1}, {""state"": ""PLAN_PICK"", ""success"": true, ""message"": ""grasp=[ 0.38  -0.11   0.165] pre=[ 0.322 -0.093  0.165]"", ""duration_ms"": 0.1}, {""state"": ""EXECUTE_PICK"", ""success"": true, ""message"": ""grasp executed"", ""duration_ms"": 466.1}, {""state"": ""VERIFY_GRASP"", ""success"": true, ""message"": ""object lifted 128 mm"", ""duration_ms"": 0.0}, {""state"": ""DETECT_TARGET"", ""success"": true, ""message"": ""target container bowl_0 base=[0.5  0.   0.14]"", ""duration_ms"": 0.1}, {""state"": ""PLAN_PLACE"", ""success"": true, ""message"": ""release above [0.5  0.   0.14] +0.07m"", ""duration_ms"": 0.0}, {""state"": ""EXECUTE_PLACE"", ""success"": true, ""message"": ""released"", ""duration_ms"": 837.7}, {""state"": ""VERIFY_DONE"", ""success"": true, ""message"": ""object placed 29 mm from target"", ""duration_ms"": 0.0}]"
78,real,sim_gt,20260712,0.38,-0.11,1,,1292.1,0.2,468.9,0.1,822.7,0.0,0.0,127.5,29.5,"[{""state"": ""DETECT_SOURCE"", ""success"": true, ""message"": ""selected cup_0 conf=1.00 base=[ 0.38  -0.11   0.165] (0 ROI pts)"", ""duration_ms"": 0.2}, {""state"": ""PLAN_PICK"", ""success"": true, ""message"": ""grasp=[ 0.38  -0.11   0.165] pre=[ 0.322 -0.093  0.165]"", ""duration_ms"": 0.1}, {""state"": ""EXECUTE_PICK"", ""success"": true, ""message"": ""grasp executed"", ""duration_ms"": 468.9}, {""state"": ""VERIFY_GRASP"", ""success"": true, ""message"": ""object lifted 128 mm"", ""duration_ms"": 0.0}, {""state"": ""DETECT_TARGET"", ""success"": true, ""message"": ""target container bowl_0 base=[0.5  0.   0.14]"", ""duration_ms"": 0.1}, {""state"": ""PLAN_PLACE"", ""success"": true, ""message"": ""release above [0.5  0.   0.14] +0.07m"", ""duration_ms"": 0.0}, {""state"": ""EXECUTE_PLACE"", ""success"": true, ""message"": ""released"", ""duration_ms"": 822.7}, {""state"": ""VERIFY_DONE"", ""success"": true, ""message"": ""object placed 29 mm from target"", ""duration_ms"": 0.0}]"
79,real,sim_gt,20260712,0.38,-0.11,1,,1294.3,0.2,471.2,0.1,822.6,0.0,0.0,127.5,29.5,"[{""state"": ""DETECT_SOURCE"", ""success"": true, ""message"": ""selected cup_0 conf=1.00 base=[ 0.38  -0.11   0.165] (0 ROI pts)"", ""duration_ms"": 0.2}, {""state"": ""PLAN_PICK"", ""success"": true, ""message"": ""grasp=[ 0.38  -0.11   0.165] pre=[ 0.322 -0.093  0.165]"", ""duration_ms"": 0.1}, {""state"": ""EXECUTE_PICK"", ""success"": true, ""message"": ""grasp executed"", ""duration_ms"": 471.2}, {""state"": ""VERIFY_GRASP"", ""success"": true, ""message"": ""object lifted 128 mm"", ""duration_ms"": 0.0}, {""state"": ""DETECT_TARGET"", ""success"": true, ""message"": ""target container bowl_0 base=[0.5  0.   0.14]"", ""duration_ms"": 0.1}, {""state"": ""PLAN_PLACE"", ""success"": true, ""message"": ""release above [0.5  0.   0.14] +0.07m"", ""duration_ms"": 0.0}, {""state"": ""EXECUTE_PLACE"", ""success"": true, ""message"": ""released"", ""duration_ms"": 822.6}, {""state"": ""VERIFY_DONE"", ""success"": true, ""message"": ""object placed 29 mm from target"", ""duration_ms"": 0.0}]"
80,real,sim_gt,20260712,0.38,-0.11,1,,1302.4,0.2,467.6,0.1,834.4,0.0,0.0,127.5,29.5,"[{""state"": ""DETECT_SOURCE"", ""success"": true, ""message"": ""selected cup_0 conf=1.00 base=[ 0.38  -0.11   0.165] (0 ROI pts)"", ""duration_ms"": 0.2}, {""state"": ""PLAN_PICK"", ""success"": true, ""message"": ""grasp=[ 0.38  -0.11   0.165] pre=[ 0.322 -0.093  0.165]"", ""duration_ms"": 0.1}, {""state"": ""EXECUTE_PICK"", ""success"": true, ""message"": ""grasp executed"", ""duration_ms"": 467.6}, {""state"": ""VERIFY_GRASP"", ""success"": true, ""message"": ""object lifted 128 mm"", ""duration_ms"": 0.0}, {""state"": ""DETECT_TARGET"", ""success"": true, ""message"": ""target container bowl_0 base=[0.5  0.   0.14]"", ""duration_ms"": 0.1}, {""state"": ""PLAN_PLACE"", ""success"": true, ""message"": ""release above [0.5  0.   0.14] +0.07m"", ""duration_ms"": 0.0}, {""state"": ""EXECUTE_PLACE"", ""success"": true, ""message"": ""released"", ""duration_ms"": 834.4}, {""state"": ""VERIFY_DONE"", ""success"": true, ""message"": ""object placed 29 mm from target"", ""duration_ms"": 0.0}]"
81,real,sim_gt,20260712,0.38,-0.11,1,,1287.3,0.2,465.9,0.1,820.9,0.0,0.0,127.5,29.5,"[{""state"": ""DETECT_SOURCE"", ""success"": true, ""message"": ""selected cup_0 conf=1.00 base=[ 0.38  -0.11   0.165] (0 ROI pts)"", ""duration_ms"": 0.2}, {""state"": ""PLAN_PICK"", ""success"": true, ""message"": ""grasp=[ 0.38  -0.11   0.165] pre=[ 0.322 -0.093  0.165]"", ""duration_ms"": 0.1}, {""state"": ""EXECUTE_PICK"", ""success"": true, ""message"": ""grasp executed"", ""duration_ms"": 465.9}, {""state"": ""VERIFY_GRASP"", ""success"": true, ""message"": ""object lifted 128 mm"", ""duration_ms"": 0.0}, {""state"": ""DETECT_TARGET"", ""success"": true, ""message"": ""target container bowl_0 base=[0.5  0.   0.14]"", ""duration_ms"": 0.1}, {""state"": ""PLAN_PLACE"", ""success"": true, ""message"": ""release above [0.5  0.   0.14] +0.07m"", ""duration_ms"": 0.0}, {""state"": ""EXECUTE_PLACE"", ""success"": true, ""message"": ""released"", ""duration_ms"": 820.9}, {""state"": ""VERIFY_DONE"", ""success"": true, ""message"": ""object placed 29 mm from target"", ""duration_ms"": 0.0}]"
82,real,sim_gt,20260712,0.38,-0.11,1,,1298.1,0.2,471.1,0.1,826.6,0.0,0.0,127.5,29.5,"[{""state"": ""DETECT_SOURCE"", ""success"": true, ""message"": ""selected cup_0 conf=1.00 base=[ 0.38  -0.11   0.165] (0 ROI pts)"", ""duration_ms"": 0.2}, {""state"": ""PLAN_PICK"", ""success"": true, ""message"": ""grasp=[ 0.38  -0.11   0.165] pre=[ 0.322 -0.093  0.165]"", ""duration_ms"": 0.1}, {""state"": ""EXECUTE_PICK"", ""success"": true, ""message"": ""grasp executed"", ""duration_ms"": 471.1}, {""state"": ""VERIFY_GRASP"", ""success"": true, ""message"": ""object lifted 128 mm"", ""duration_ms"": 0.0}, {""state"": ""DETECT_TARGET"", ""success"": true, ""message"": ""target container bowl_0 base=[0.5  0.   0.14]"", ""duration_ms"": 0.1}, {""state"": ""PLAN_PLACE"", ""success"": true, ""message"": ""release above [0.5  0.   0.14] +0.07m"", ""duration_ms"": 0.0}, {""state"": ""EXECUTE_PLACE"", ""success"": true, ""message"": ""released"", ""duration_ms"": 826.6}, {""state"": ""VERIFY_DONE"", ""success"": true, ""message"": ""object placed 29 mm from target"", ""duration_ms"": 0.0}]"
83,real,sim_gt,20260712,0.38,-0.11,1,,1300.8,0.2,467.4,0.1,832.9,0.0,0.0,127.5,29.5,"[{""state"": ""DETECT_SOURCE"", ""success"": true, ""message"": ""selected cup_0 conf=1.00 base=[ 0.38  -0.11   0.165] (0 ROI pts)"", ""duration_ms"": 0.2}, {""state"": ""PLAN_PICK"", ""success"": true, ""message"": ""grasp=[ 0.38  -0.11   0.165] pre=[ 0.322 -0.093  0.165]"", ""duration_ms"": 0.1}, {""state"": ""EXECUTE_PICK"", ""success"": true, ""message"": ""grasp executed"", ""duration_ms"": 467.4}, {""state"": ""VERIFY_GRASP"", ""success"": true, ""message"": ""object lifted 128 mm"", ""duration_ms"": 0.0}, {""state"": ""DETECT_TARGET"", ""success"": true, ""message"": ""target container bowl_0 base=[0.5  0.   0.14]"", ""duration_ms"": 0.1}, {""state"": ""PLAN_PLACE"", ""success"": true, ""message"": ""release above [0.5  0.   0.14] +0.07m"", ""duration_ms"": 0.0}, {""state"": ""EXECUTE_PLACE"", ""success"": true, ""message"": ""released"", ""duration_ms"": 832.9}, {""state"": ""VERIFY_DONE"", ""success"": true, ""message"": ""object placed 29 mm from target"", ""duration_ms"": 0.0}]"
84,real,sim_gt,20260712,0.38,-0.11,1,,1294.1,0.2,465.3,0.1,828.4,0.0,0.0,127.5,29.5,"[{""state"": ""DETECT_SOURCE"", ""success"": true, ""message"": ""selected cup_0 conf=1.00 base=[ 0.38  -0.11   0.165] (0 ROI pts)"", ""duration_ms"": 0.2}, {""state"": ""PLAN_PICK"", ""success"": true, ""message"": ""grasp=[ 0.38  -0.11   0.165] pre=[ 0.322 -0.093  0.165]"", ""duration_ms"": 0.1}, {""state"": ""EXECUTE_PICK"", ""success"": true, ""message"": ""grasp executed"", ""duration_ms"": 465.3}, {""state"": ""VERIFY_GRASP"", ""success"": true, ""message"": ""object lifted 128 mm"", ""duration_ms"": 0.0}, {""state"": ""DETECT_TARGET"", ""success"": true, ""message"": ""target container bowl_0 base=[0.5  0.   0.14]"", ""duration_ms"": 0.1}, {""state"": ""PLAN_PLACE"", ""success"": true, ""message"": ""release above [0.5  0.   0.14] +0.07m"", ""duration_ms"": 0.0}, {""state"": ""EXECUTE_PLACE"", ""success"": true, ""message"": ""released"", ""duration_ms"": 828.4}, {""state"": ""VERIFY_DONE"", ""success"": true, ""message"": ""object placed 29 mm from target"", ""duration_ms"": 0.0}]"
85,real,sim_gt,20260712,0.38,-0.11,1,,1294.1,0.2,471.4,0.1,822.3,0.0,0.0,127.5,29.5,"[{""state"": ""DETECT_SOURCE"", ""success"": true, ""message"": ""selected cup_0 conf=1.00 base=[ 0.38  -0.11   0.165] (0 ROI pts)"", ""duration_ms"": 0.2}, {""state"": ""PLAN_PICK"", ""success"": true, ""message"": ""grasp=[ 0.38  -0.11   0.165] pre=[ 0.322 -0.093  0.165]"", ""duration_ms"": 0.1}, {""state"": ""EXECUTE_PICK"", ""success"": true, ""message"": ""grasp executed"", ""duration_ms"": 471.4}, {""state"": ""VERIFY_GRASP"", ""success"": true, ""message"": ""object lifted 128 mm"", ""duration_ms"": 0.0}, {""state"": ""DETECT_TARGET"", ""success"": true, ""message"": ""target container bowl_0 base=[0.5  0.   0.14]"", ""duration_ms"": 0.1}, {""state"": ""PLAN_PLACE"", ""success"": true, ""message"": ""release above [0.5  0.   0.14] +0.07m"", ""duration_ms"": 0.0}, {""state"": ""EXECUTE_PLACE"", ""success"": true, ""message"": ""released"", ""duration_ms"": 822.3}, {""state"": ""VERIFY_DONE"", ""success"": true, ""message"": ""object placed 29 mm from target"", ""duration_ms"": 0.0}]"
86,real,sim_gt,20260712,0.38,-0.11,1,,1295.4,0.1,467.3,0.2,827.6,0.0,0.0,127.5,29.5,"[{""state"": ""DETECT_SOURCE"", ""success"": true, ""message"": ""selected cup_0 conf=1.00 base=[ 0.38  -0.11   0.165] (0 ROI pts)"", ""duration_ms"": 0.1}, {""state"": ""PLAN_PICK"", ""success"": true, ""message"": ""grasp=[ 0.38  -0.11   0.165] pre=[ 0.322 -0.093  0.165]"", ""duration_ms"": 0.1}, {""state"": ""EXECUTE_PICK"", ""success"": true, ""message"": ""grasp executed"", ""duration_ms"": 467.3}, {""state"": ""VERIFY_GRASP"", ""success"": true, ""message"": ""object lifted 128 mm"", ""duration_ms"": 0.0}, {""state"": ""DETECT_TARGET"", ""success"": true, ""message"": ""target container bowl_0 base=[0.5  0.   0.14]"", ""duration_ms"": 0.2}, {""state"": ""PLAN_PLACE"", ""success"": true, ""message"": ""release above [0.5  0.   0.14] +0.07m"", ""duration_ms"": 0.0}, {""state"": ""EXECUTE_PLACE"", ""success"": true, ""message"": ""released"", ""duration_ms"": 827.6}, {""state"": ""VERIFY_DONE"", ""success"": true, ""message"": ""object placed 29 mm from target"", ""duration_ms"": 0.0}]"
87,real,sim_gt,20260712,0.38,-0.11,1,,1300.4,0.1,466.9,0.1,833.1,0.0,0.0,127.5,29.5,"[{""state"": ""DETECT_SOURCE"", ""success"": true, ""message"": ""selected cup_0 conf=1.00 base=[ 0.38  -0.11   0.165] (0 ROI pts)"", ""duration_ms"": 0.1}, {""state"": ""PLAN_PICK"", ""success"": true, ""message"": ""grasp=[ 0.38  -0.11   0.165] pre=[ 0.322 -0.093  0.165]"", ""duration_ms"": 0.1}, {""state"": ""EXECUTE_PICK"", ""success"": true, ""message"": ""grasp executed"", ""duration_ms"": 466.9}, {""state"": ""VERIFY_GRASP"", ""success"": true, ""message"": ""object lifted 128 mm"", ""duration_ms"": 0.0}, {""state"": ""DETECT_TARGET"", ""success"": true, ""message"": ""target container bowl_0 base=[0.5  0.   0.14]"", ""duration_ms"": 0.1}, {""state"": ""PLAN_PLACE"", ""success"": true, ""message"": ""release above [0.5  0.   0.14] +0.07m"", ""duration_ms"": 0.0}, {""state"": ""EXECUTE_PLACE"", ""success"": true, ""message"": ""released"", ""duration_ms"": 833.1}, {""state"": ""VERIFY_DONE"", ""success"": true, ""message"": ""object placed 29 mm from target"", ""duration_ms"": 0.0}]"
88,real,sim_gt,20260712,0.38,-0.11,1,,1294.7,0.3,468.3,0.1,825.9,0.0,0.0,127.5,29.5,"[{""state"": ""DETECT_SOURCE"", ""success"": true, ""message"": ""selected cup_0 conf=1.00 base=[ 0.38  -0.11   0.165] (0 ROI pts)"", ""duration_ms"": 0.3}, {""state"": ""PLAN_PICK"", ""success"": true, ""message"": ""grasp=[ 0.38  -0.11   0.165] pre=[ 0.322 -0.093  0.165]"", ""duration_ms"": 0.1}, {""state"": ""EXECUTE_PICK"", ""success"": true, ""message"": ""grasp executed"", ""duration_ms"": 468.3}, {""state"": ""VERIFY_GRASP"", ""success"": true, ""message"": ""object lifted 128 mm"", ""duration_ms"": 0.0}, {""state"": ""DETECT_TARGET"", ""success"": true, ""message"": ""target container bowl_0 base=[0.5  0.   0.14]"", ""duration_ms"": 0.1}, {""state"": ""PLAN_PLACE"", ""success"": true, ""message"": ""release above [0.5  0.   0.14] +0.07m"", ""duration_ms"": 0.0}, {""state"": ""EXECUTE_PLACE"", ""success"": true, ""message"": ""released"", ""duration_ms"": 825.9}, {""state"": ""VERIFY_DONE"", ""success"": true, ""message"": ""object placed 29 mm from target"", ""duration_ms"": 0.0}]"
89,real,sim_gt,20260712,0.38,-0.11,1,,1297.0,0.2,471.1,0.1,825.4,0.0,0.0,127.5,29.5,"[{""state"": ""DETECT_SOURCE"", ""success"": true, ""message"": ""selected cup_0 conf=1.00 base=[ 0.38  -0.11   0.165] (0 ROI pts)"", ""duration_ms"": 0.2}, {""state"": ""PLAN_PICK"", ""success"": true, ""message"": ""grasp=[ 0.38  -0.11   0.165] pre=[ 0.322 -0.093  0.165]"", ""duration_ms"": 0.1}, {""state"": ""EXECUTE_PICK"", ""success"": true, ""message"": ""grasp executed"", ""duration_ms"": 471.1}, {""state"": ""VERIFY_GRASP"", ""success"": true, ""message"": ""object lifted 128 mm"", ""duration_ms"": 0.0}, {""state"": ""DETECT_TARGET"", ""success"": true, ""message"": ""target container bowl_0 base=[0.5  0.   0.14]"", ""duration_ms"": 0.1}, {""state"": ""PLAN_PLACE"", ""success"": true, ""message"": ""release above [0.5  0.   0.14] +0.07m"", ""duration_ms"": 0.0}, {""state"": ""EXECUTE_PLACE"", ""success"": true, ""message"": ""released"", ""duration_ms"": 825.4}, {""state"": ""VERIFY_DONE"", ""success"": true, ""message"": ""object placed 29 mm from target"", ""duration_ms"": 0.0}]"
90,real,sim_gt,20260712,0.38,-0.11,1,,1299.5,0.2,468.7,0.1,830.4,0.0,0.0,127.5,29.5,"[{""state"": ""DETECT_SOURCE"", ""success"": true, ""message"": ""selected cup_0 conf=1.00 base=[ 0.38  -0.11   0.165] (0 ROI pts)"", ""duration_ms"": 0.2}, {""state"": ""PLAN_PICK"", ""success"": true, ""message"": ""grasp=[ 0.38  -0.11   0.165] pre=[ 0.322 -0.093  0.165]"", ""duration_ms"": 0.1}, {""state"": ""EXECUTE_PICK"", ""success"": true, ""message"": ""grasp executed"", ""duration_ms"": 468.7}, {""state"": ""VERIFY_GRASP"", ""success"": true, ""message"": ""object lifted 128 mm"", ""duration_ms"": 0.0}, {""state"": ""DETECT_TARGET"", ""success"": true, ""message"": ""target container bowl_0 base=[0.5  0.   0.14]"", ""duration_ms"": 0.1}, {""state"": ""PLAN_PLACE"", ""success"": true, ""message"": ""release above [0.5  0.   0.14] +0.07m"", ""duration_ms"": 0.0}, {""state"": ""EXECUTE_PLACE"", ""success"": true, ""message"": ""released"", ""duration_ms"": 830.4}, {""state"": ""VERIFY_DONE"", ""success"": true, ""message"": ""object placed 29 mm from target"", ""duration_ms"": 0.0}]"
91,real,sim_gt,20260712,0.38,-0.11,1,,1285.9,0.1,464.3,0.1,821.3,0.0,0.0,127.5,29.5,"[{""state"": ""DETECT_SOURCE"", ""success"": true, ""message"": ""selected cup_0 conf=1.00 base=[ 0.38  -0.11   0.165] (0 ROI pts)"", ""duration_ms"": 0.1}, {""state"": ""PLAN_PICK"", ""success"": true, ""message"": ""grasp=[ 0.38  -0.11   0.165] pre=[ 0.322 -0.093  0.165]"", ""duration_ms"": 0.1}, {""state"": ""EXECUTE_PICK"", ""success"": true, ""message"": ""grasp executed"", ""duration_ms"": 464.3}, {""state"": ""VERIFY_GRASP"", ""success"": true, ""message"": ""object lifted 128 mm"", ""duration_ms"": 0.0}, {""state"": ""DETECT_TARGET"", ""success"": true, ""message"": ""target container bowl_0 base=[0.5  0.   0.14]"", ""duration_ms"": 0.1}, {""state"": ""PLAN_PLACE"", ""success"": true, ""message"": ""release above [0.5  0.   0.14] +0.07m"", ""duration_ms"": 0.0}, {""state"": ""EXECUTE_PLACE"", ""success"": true, ""message"": ""released"", ""duration_ms"": 821.3}, {""state"": ""VERIFY_DONE"", ""success"": true, ""message"": ""object placed 29 mm from target"", ""duration_ms"": 0.0}]"
92,real,sim_gt,20260712,0.38,-0.11,1,,1292.5,0.2,471.7,0.1,820.3,0.0,0.0,127.5,29.5,"[{""state"": ""DETECT_SOURCE"", ""success"": true, ""message"": ""selected cup_0 conf=1.00 base=[ 0.38  -0.11   0.165] (0 ROI pts)"", ""duration_ms"": 0.2}, {""state"": ""PLAN_PICK"", ""success"": true, ""message"": ""grasp=[ 0.38  -0.11   0.165] pre=[ 0.322 -0.093  0.165]"", ""duration_ms"": 0.1}, {""state"": ""EXECUTE_PICK"", ""success"": true, ""message"": ""grasp executed"", ""duration_ms"": 471.7}, {""state"": ""VERIFY_GRASP"", ""success"": true, ""message"": ""object lifted 128 mm"", ""duration_ms"": 0.0}, {""state"": ""DETECT_TARGET"", ""success"": true, ""message"": ""target container bowl_0 base=[0.5  0.   0.14]"", ""duration_ms"": 0.1}, {""state"": ""PLAN_PLACE"", ""success"": true, ""message"": ""release above [0.5  0.   0.14] +0.07m"", ""duration_ms"": 0.0}, {""state"": ""EXECUTE_PLACE"", ""success"": true, ""message"": ""released"", ""duration_ms"": 820.3}, {""state"": ""VERIFY_DONE"", ""success"": true, ""message"": ""object placed 29 mm from target"", ""duration_ms"": 0.0}]"
93,real,sim_gt,20260712,0.38,-0.11,1,,1293.1,0.2,465.9,0.2,826.7,0.0,0.0,127.5,29.5,"[{""state"": ""DETECT_SOURCE"", ""success"": true, ""message"": ""selected cup_0 conf=1.00 base=[ 0.38  -0.11   0.165] (0 ROI pts)"", ""duration_ms"": 0.2}, {""state"": ""PLAN_PICK"", ""success"": true, ""message"": ""grasp=[ 0.38  -0.11   0.165] pre=[ 0.322 -0.093  0.165]"", ""duration_ms"": 0.1}, {""state"": ""EXECUTE_PICK"", ""success"": true, ""message"": ""grasp executed"", ""duration_ms"": 465.9}, {""state"": ""VERIFY_GRASP"", ""success"": true, ""message"": ""object lifted 128 mm"", ""duration_ms"": 0.0}, {""state"": ""DETECT_TARGET"", ""success"": true, ""message"": ""target container bowl_0 base=[0.5  0.   0.14]"", ""duration_ms"": 0.2}, {""state"": ""PLAN_PLACE"", ""success"": true, ""message"": ""release above [0.5  0.   0.14] +0.07m"", ""duration_ms"": 0.0}, {""state"": ""EXECUTE_PLACE"", ""success"": true, ""message"": ""released"", ""duration_ms"": 826.7}, {""state"": ""VERIFY_DONE"", ""success"": true, ""message"": ""object placed 29 mm from target"", ""duration_ms"": 0.0}]"
94,real,sim_gt,20260712,0.38,-0.11,1,,1293.3,0.1,464.6,0.1,828.4,0.0,0.0,127.5,29.5,"[{""state"": ""DETECT_SOURCE"", ""success"": true, ""message"": ""selected cup_0 conf=1.00 base=[ 0.38  -0.11   0.165] (0 ROI pts)"", ""duration_ms"": 0.1}, {""state"": ""PLAN_PICK"", ""success"": true, ""message"": ""grasp=[ 0.38  -0.11   0.165] pre=[ 0.322 -0.093  0.165]"", ""duration_ms"": 0.1}, {""state"": ""EXECUTE_PICK"", ""success"": true, ""message"": ""grasp executed"", ""duration_ms"": 464.6}, {""state"": ""VERIFY_GRASP"", ""success"": true, ""message"": ""object lifted 128 mm"", ""duration_ms"": 0.0}, {""state"": ""DETECT_TARGET"", ""success"": true, ""message"": ""target container bowl_0 base=[0.5  0.   0.14]"", ""duration_ms"": 0.1}, {""state"": ""PLAN_PLACE"", ""success"": true, ""message"": ""release above [0.5  0.   0.14] +0.07m"", ""duration_ms"": 0.0}, {""state"": ""EXECUTE_PLACE"", ""success"": true, ""message"": ""released"", ""duration_ms"": 828.4}, {""state"": ""VERIFY_DONE"", ""success"": true, ""message"": ""object placed 29 mm from target"", ""duration_ms"": 0.0}]"
95,real,sim_gt,20260712,0.38,-0.11,1,,1288.6,0.2,467.8,0.1,820.3,0.0,0.0,127.5,29.5,"[{""state"": ""DETECT_SOURCE"", ""success"": true, ""message"": ""selected cup_0 conf=1.00 base=[ 0.38  -0.11   0.165] (0 ROI pts)"", ""duration_ms"": 0.2}, {""state"": ""PLAN_PICK"", ""success"": true, ""message"": ""grasp=[ 0.38  -0.11   0.165] pre=[ 0.322 -0.093  0.165]"", ""duration_ms"": 0.1}, {""state"": ""EXECUTE_PICK"", ""success"": true, ""message"": ""grasp executed"", ""duration_ms"": 467.8}, {""state"": ""VERIFY_GRASP"", ""success"": true, ""message"": ""object lifted 128 mm"", ""duration_ms"": 0.0}, {""state"": ""DETECT_TARGET"", ""success"": true, ""message"": ""target container bowl_0 base=[0.5  0.   0.14]"", ""duration_ms"": 0.1}, {""state"": ""PLAN_PLACE"", ""success"": true, ""message"": ""release above [0.5  0.   0.14] +0.07m"", ""duration_ms"": 0.0}, {""state"": ""EXECUTE_PLACE"", ""success"": true, ""message"": ""released"", ""duration_ms"": 820.3}, {""state"": ""VERIFY_DONE"", ""success"": true, ""message"": ""object placed 29 mm from target"", ""duration_ms"": 0.0}]"
96,real,sim_gt,20260712,0.38,-0.11,1,,1298.3,0.2,469.9,0.1,827.9,0.0,0.0,127.5,29.5,"[{""state"": ""DETECT_SOURCE"", ""success"": true, ""message"": ""selected cup_0 conf=1.00 base=[ 0.38  -0.11   0.165] (0 ROI pts)"", ""duration_ms"": 0.2}, {""state"": ""PLAN_PICK"", ""success"": true, ""message"": ""grasp=[ 0.38  -0.11   0.165] pre=[ 0.322 -0.093  0.165]"", ""duration_ms"": 0.1}, {""state"": ""EXECUTE_PICK"", ""success"": true, ""message"": ""grasp executed"", ""duration_ms"": 469.9}, {""state"": ""VERIFY_GRASP"", ""success"": true, ""message"": ""object lifted 128 mm"", ""duration_ms"": 0.0}, {""state"": ""DETECT_TARGET"", ""success"": true, ""message"": ""target container bowl_0 base=[0.5  0.   0.14]"", ""duration_ms"": 0.1}, {""state"": ""PLAN_PLACE"", ""success"": true, ""message"": ""release above [0.5  0.   0.14] +0.07m"", ""duration_ms"": 0.0}, {""state"": ""EXECUTE_PLACE"", ""success"": true, ""message"": ""released"", ""duration_ms"": 827.9}, {""state"": ""VERIFY_DONE"", ""success"": true, ""message"": ""object placed 29 mm from target"", ""duration_ms"": 0.0}]"
97,real,sim_gt,20260712,0.38,-0.11,1,,1296.0,0.1,465.3,0.1,830.2,0.0,0.0,127.5,29.5,"[{""state"": ""DETECT_SOURCE"", ""success"": true, ""message"": ""selected cup_0 conf=1.00 base=[ 0.38  -0.11   0.165] (0 ROI pts)"", ""duration_ms"": 0.1}, {""state"": ""PLAN_PICK"", ""success"": true, ""message"": ""grasp=[ 0.38  -0.11   0.165] pre=[ 0.322 -0.093  0.165]"", ""duration_ms"": 0.1}, {""state"": ""EXECUTE_PICK"", ""success"": true, ""message"": ""grasp executed"", ""duration_ms"": 465.3}, {""state"": ""VERIFY_GRASP"", ""success"": true, ""message"": ""object lifted 128 mm"", ""duration_ms"": 0.0}, {""state"": ""DETECT_TARGET"", ""success"": true, ""message"": ""target container bowl_0 base=[0.5  0.   0.14]"", ""duration_ms"": 0.1}, {""state"": ""PLAN_PLACE"", ""success"": true, ""message"": ""release above [0.5  0.   0.14] +0.07m"", ""duration_ms"": 0.0}, {""state"": ""EXECUTE_PLACE"", ""success"": true, ""message"": ""released"", ""duration_ms"": 830.2}, {""state"": ""VERIFY_DONE"", ""success"": true, ""message"": ""object placed 29 mm from target"", ""duration_ms"": 0.0}]"
98,real,sim_gt,20260712,0.38,-0.11,1,,1291.0,0.2,465.4,0.1,825.1,0.0,0.0,127.5,29.5,"[{""state"": ""DETECT_SOURCE"", ""success"": true, ""message"": ""selected cup_0 conf=1.00 base=[ 0.38  -0.11   0.165] (0 ROI pts)"", ""duration_ms"": 0.2}, {""state"": ""PLAN_PICK"", ""success"": true, ""message"": ""grasp=[ 0.38  -0.11   0.165] pre=[ 0.322 -0.093  0.165]"", ""duration_ms"": 0.1}, {""state"": ""EXECUTE_PICK"", ""success"": true, ""message"": ""grasp executed"", ""duration_ms"": 465.4}, {""state"": ""VERIFY_GRASP"", ""success"": true, ""message"": ""object lifted 128 mm"", ""duration_ms"": 0.0}, {""state"": ""DETECT_TARGET"", ""success"": true, ""message"": ""target container bowl_0 base=[0.5  0.   0.14]"", ""duration_ms"": 0.1}, {""state"": ""PLAN_PLACE"", ""success"": true, ""message"": ""release above [0.5  0.   0.14] +0.07m"", ""duration_ms"": 0.0}, {""state"": ""EXECUTE_PLACE"", ""success"": true, ""message"": ""released"", ""duration_ms"": 825.1}, {""state"": ""VERIFY_DONE"", ""success"": true, ""message"": ""object placed 29 mm from target"", ""duration_ms"": 0.0}]"
99,real,sim_gt,20260712,0.38,-0.11,1,,1298.3,0.2,471.4,0.1,826.4,0.0,0.0,127.5,29.5,"[{""state"": ""DETECT_SOURCE"", ""success"": true, ""message"": ""selected cup_0 conf=1.00 base=[ 0.38  -0.11   0.165] (0 ROI pts)"", ""duration_ms"": 0.2}, {""state"": ""PLAN_PICK"", ""success"": true, ""message"": ""grasp=[ 0.38  -0.11   0.165] pre=[ 0.322 -0.093  0.165]"", ""duration_ms"": 0.1}, {""state"": ""EXECUTE_PICK"", ""success"": true, ""message"": ""grasp executed"", ""duration_ms"": 471.4}, {""state"": ""VERIFY_GRASP"", ""success"": true, ""message"": ""object lifted 128 mm"", ""duration_ms"": 0.0}, {""state"": ""DETECT_TARGET"", ""success"": true, ""message"": ""target container bowl_0 base=[0.5  0.   0.14]"", ""duration_ms"": 0.1}, {""state"": ""PLAN_PLACE"", ""success"": true, ""message"": ""release above [0.5  0.   0.14] +0.07m"", ""duration_ms"": 0.0}, {""state"": ""EXECUTE_PLACE"", ""success"": true, ""message"": ""released"", ""duration_ms"": 826.4}, {""state"": ""VERIFY_DONE"", ""success"": true, ""message"": ""object placed 29 mm from target"", ""duration_ms"": 0.0}]"
100,real,sim_gt,20260712,0.38,-0.11,1,,1300.1,0.1,466.0,0.0,833.8,0.0,0.0,127.5,29.5,"[{""state"": ""DETECT_SOURCE"", ""success"": true, ""message"": ""selected cup_0 conf=1.00 base=[ 0.38  -0.11   0.165] (0 ROI pts)"", ""duration_ms"": 0.1}, {""state"": ""PLAN_PICK"", ""success"": true, ""message"": ""grasp=[ 0.38  -0.11   0.165] pre=[ 0.322 -0.093  0.165]"", ""duration_ms"": 0.1}, {""state"": ""EXECUTE_PICK"", ""success"": true, ""message"": ""grasp executed"", ""duration_ms"": 466.0}, {""state"": ""VERIFY_GRASP"", ""success"": true, ""message"": ""object lifted 128 mm"", ""duration_ms"": 0.0}, {""state"": ""DETECT_TARGET"", ""success"": true, ""message"": ""target container bowl_0 base=[0.5  0.   0.14]"", ""duration_ms"": 0.0}, {""state"": ""PLAN_PLACE"", ""success"": true, ""message"": ""release above [0.5  0.   0.14] +0.07m"", ""duration_ms"": 0.0}, {""state"": ""EXECUTE_PLACE"", ""success"": true, ""message"": ""released"", ""duration_ms"": 833.8}, {""state"": ""VERIFY_DONE"", ""success"": true, ""message"": ""object placed 29 mm from target"", ""duration_ms"": 0.0}]"
