case_id,backend,target_label,grid_x_m,grid_y_m,actual_x_m,actual_y_m,yaw_deg,repeat_index,domain_class,success,initial_failed_state,initial_failure_reason,failed_state,failure_reason,lift_height_mm,task_duration_ms,detect_source_ms,execute_pick_ms,source_center_error_mm,selected_direction_deg,direction_policy_mode,direction_policy_band,direction_reference_deg,planned_grasp_z_m,grasp_z_clearance_m,max_cartesian_deviation_mm,lift_horizontal_path_drift_mm,execution_trace_json,target_settle_displacement_mm,unexpected_contacts_json,state_log_json
x01-y01-r01,sim_gt,bottle,0.34,-0.16,0.33824141151488657,-0.15728237072390178,4.111608734819305,1,IN_DOMAIN,True,,,,,146.5,681.6,0.2,167.3,0.0,320.0615434874153,lateral_band,lower,335.0615434874153,0.195,0.07500000000000001,0.031058124403569226,0.07362122565534732,"{""candidate_id"": ""preferred_00"", ""direction_deg"": 320.0615434874153, ""pre_close_object_xy_shift_mm"": 0.0, ""close_object_xy_shift_mm"": 0.176, ""lift_horizontal_drift_mm"": 0.853, ""lift_height_mm"": 146.473, ""target_contact_geoms"": [""link7/geom:18"", ""link8/geom:20"", ""table/table_top""], ""bilateral_finger_contact"": true, ""failure_class"": ""NONE""}",0.0,[],"[{""state"": ""DETECT_SOURCE"", ""success"": true, ""message"": ""selected bottle_0 conf=1.00 base=[ 0.338 -0.157  0.12 ] (0 ROI pts)"", ""reason"": ""OK"", ""duration_ms"": 0.2}, {""state"": ""PLAN_PICK"", ""success"": true, ""message"": ""selected preferred_00 direction=320deg margin=0.000rad"", ""reason"": ""OK"", ""duration_ms"": 514.0}, {""state"": ""EXECUTE_PICK"", ""success"": true, ""message"": ""validated motion plan executed"", ""reason"": ""OK"", ""duration_ms"": 167.3}, {""state"": ""VERIFY_GRASP"", ""success"": true, ""message"": ""object lifted 146 mm"", ""reason"": ""OK"", ""duration_ms"": 0.0}]"
x01-y01-r02,sim_gt,bottle,0.34,-0.16,0.33739610309197837,-0.16178130354872636,189.86414537109192,2,IN_DOMAIN,True,,,,,146.5,666.0,0.2,162.4,0.0,319.3822900180193,lateral_band,lower,334.3822900180193,0.195,0.07500000000000001,0.03095515682125141,0.07349150488133613,"{""candidate_id"": ""preferred_00"", ""direction_deg"": 319.3822900180193, ""pre_close_object_xy_shift_mm"": 0.0, ""close_object_xy_shift_mm"": 0.176, ""lift_horizontal_drift_mm"": 0.855, ""lift_height_mm"": 146.474, ""target_contact_geoms"": [""link7/geom:18"", ""link8/geom:20"", ""table/table_top""], ""bilateral_finger_contact"": true, ""failure_class"": ""NONE""}",0.0,[],"[{""state"": ""DETECT_SOURCE"", ""success"": true, ""message"": ""selected bottle_0 conf=1.00 base=[ 0.337 -0.162  0.12 ] (0 ROI pts)"", ""reason"": ""OK"", ""duration_ms"": 0.2}, {""state"": ""PLAN_PICK"", ""success"": true, ""message"": ""selected preferred_00 direction=319deg margin=0.002rad"", ""reason"": ""OK"", ""duration_ms"": 503.4}, {""state"": ""EXECUTE_PICK"", ""success"": true, ""message"": ""validated motion plan executed"", ""reason"": ""OK"", ""duration_ms"": 162.4}, {""state"": ""VERIFY_GRASP"", ""success"": true, ""message"": ""object lifted 146 mm"", ""reason"": ""OK"", ""duration_ms"": 0.0}]"
x01-y01-r03,sim_gt,bottle,0.34,-0.16,0.3397865534450228,-0.16165642913489234,349.18944390241234,3,IN_DOMAIN,True,,,,,146.5,643.0,0.3,163.7,0.0,319.55681491216353,lateral_band,lower,334.55681491216353,0.195,0.07500000000000001,0.03077436562029528,0.07325934448243296,"{""candidate_id"": ""preferred_00"", ""direction_deg"": 319.55681491216353, ""pre_close_object_xy_shift_mm"": 0.0, ""close_object_xy_shift_mm"": 0.176, ""lift_horizontal_drift_mm"": 0.856, ""lift_height_mm"": 146.469, ""target_contact_geoms"": [""link7/geom:18"", ""link8/geom:20"", ""table/table_top""], ""bilateral_finger_contact"": true, ""failure_class"": ""NONE""}",0.0,[],"[{""state"": ""DETECT_SOURCE"", ""success"": true, ""message"": ""selected bottle_0 conf=1.00 base=[ 0.34  -0.162  0.12 ] (0 ROI pts)"", ""reason"": ""OK"", ""duration_ms"": 0.3}, {""state"": ""PLAN_PICK"", ""success"": true, ""message"": ""selected preferred_00 direction=320deg margin=0.004rad"", ""reason"": ""OK"", ""duration_ms"": 479.0}, {""state"": ""EXECUTE_PICK"", ""success"": true, ""message"": ""validated motion plan executed"", ""reason"": ""OK"", ""duration_ms"": 163.7}, {""state"": ""VERIFY_GRASP"", ""success"": true, ""message"": ""object lifted 146 mm"", ""reason"": ""OK"", ""duration_ms"": 0.0}]"
x01-y01-r04,sim_gt,bottle,0.34,-0.16,0.34144152298697783,-0.16019848739920745,27.274175479034163,4,IN_DOMAIN,True,,,,,146.5,640.6,0.2,163.2,0.0,319.8648284953443,lateral_band,lower,334.8648284953443,0.195,0.07500000000000001,0.030701662021333224,0.07316433438024422,"{""candidate_id"": ""preferred_00"", ""direction_deg"": 319.8648284953443, ""pre_close_object_xy_shift_mm"": 0.0, ""close_object_xy_shift_mm"": 0.176, ""lift_horizontal_drift_mm"": 0.858, ""lift_height_mm"": 146.464, ""target_contact_geoms"": [""link7/geom:18"", ""link8/geom:20"", ""table/table_top""], ""bilateral_finger_contact"": true, ""failure_class"": ""NONE""}",0.0,[],"[{""state"": ""DETECT_SOURCE"", ""success"": true, ""message"": ""selected bottle_0 conf=1.00 base=[ 0.341 -0.16   0.12 ] (0 ROI pts)"", ""reason"": ""OK"", ""duration_ms"": 0.2}, {""state"": ""PLAN_PICK"", ""success"": true, ""message"": ""selected preferred_00 direction=320deg margin=0.005rad"", ""reason"": ""OK"", ""duration_ms"": 477.2}, {""state"": ""EXECUTE_PICK"", ""success"": true, ""message"": ""validated motion plan executed"", ""reason"": ""OK"", ""duration_ms"": 163.2}, {""state"": ""VERIFY_GRASP"", ""success"": true, ""message"": ""object lifted 146 mm"", ""reason"": ""OK"", ""duration_ms"": 0.0}]"
x01-y01-r05,sim_gt,bottle,0.34,-0.16,0.3387653988194774,-0.15720531464294457,326.6471883148692,5,IN_DOMAIN,True,,,,,146.5,645.1,0.3,162.5,0.0,320.10616308895067,lateral_band,lower,335.10616308895067,0.195,0.07500000000000001,0.03101841344122826,0.07357140605022687,"{""candidate_id"": ""preferred_00"", ""direction_deg"": 320.10616308895067, ""pre_close_object_xy_shift_mm"": 0.0, ""close_object_xy_shift_mm"": 0.176, ""lift_horizontal_drift_mm"": 0.852, ""lift_height_mm"": 146.476, ""target_contact_geoms"": [""link7/geom:18"", ""link8/geom:20"", ""table/table_top""], ""bilateral_finger_contact"": true, ""failure_class"": ""NONE""}",0.0,[],"[{""state"": ""DETECT_SOURCE"", ""success"": true, ""message"": ""selected bottle_0 conf=1.00 base=[ 0.339 -0.157  0.12 ] (0 ROI pts)"", ""reason"": ""OK"", ""duration_ms"": 0.3}, {""state"": ""PLAN_PICK"", ""success"": true, ""message"": ""selected preferred_00 direction=320deg margin=0.001rad"", ""reason"": ""OK"", ""duration_ms"": 482.3}, {""state"": ""EXECUTE_PICK"", ""success"": true, ""message"": ""validated motion plan executed"", ""reason"": ""OK"", ""duration_ms"": 162.5}, {""state"": ""VERIFY_GRASP"", ""success"": true, ""message"": ""object lifted 146 mm"", ""reason"": ""OK"", ""duration_ms"": 0.0}]"
x01-y01-r06,sim_gt,bottle,0.34,-0.16,0.3376777758901276,-0.15983216180061274,102.89490586075706,6,IN_DOMAIN,True,,,,,146.5,642.7,0.1,164.4,0.0,319.6705106601948,lateral_band,lower,334.6705106601948,0.195,0.07500000000000001,0.031006826728240813,0.07355682068886009,"{""candidate_id"": ""preferred_00"", ""direction_deg"": 319.6705106601948, ""pre_close_object_xy_shift_mm"": 0.0, ""close_object_xy_shift_mm"": 0.176, ""lift_horizontal_drift_mm"": 0.857, ""lift_height_mm"": 146.471, ""target_contact_geoms"": [""link7/geom:18"", ""link8/geom:20"", ""table/table_top""], ""bilateral_finger_contact"": true, ""failure_class"": ""NONE""}",0.0,[],"[{""state"": ""DETECT_SOURCE"", ""success"": true, ""message"": ""selected bottle_0 conf=1.00 base=[ 0.338 -0.16   0.12 ] (0 ROI pts)"", ""reason"": ""OK"", ""duration_ms"": 0.1}, {""state"": ""PLAN_PICK"", ""success"": true, ""message"": ""selected preferred_00 direction=320deg margin=0.001rad"", ""reason"": ""OK"", ""duration_ms"": 478.1}, {""state"": ""EXECUTE_PICK"", ""success"": true, ""message"": ""validated motion plan executed"", ""reason"": ""OK"", ""duration_ms"": 164.4}, {""state"": ""VERIFY_GRASP"", ""success"": true, ""message"": ""object lifted 146 mm"", ""reason"": ""OK"", ""duration_ms"": 0.0}]"
x01-y01-r07,sim_gt,bottle,0.34,-0.16,0.3407241336901525,-0.16038616790210797,8.110540862640928,7,IN_DOMAIN,True,,,,,146.5,666.6,0.3,166.7,0.0,319.79261428713494,lateral_band,lower,334.79261428713494,0.195,0.07500000000000001,0.030748894862164828,0.07322616935248678,"{""candidate_id"": ""preferred_00"", ""direction_deg"": 319.79261428713494, ""pre_close_object_xy_shift_mm"": 0.0, ""close_object_xy_shift_mm"": 0.176, ""lift_horizontal_drift_mm"": 0.858, ""lift_height_mm"": 146.468, ""target_contact_geoms"": [""link7/geom:18"", ""link8/geom:20"", ""table/table_top""], ""bilateral_finger_contact"": true, ""failure_class"": ""NONE""}",0.0,[],"[{""state"": ""DETECT_SOURCE"", ""success"": true, ""message"": ""selected bottle_0 conf=1.00 base=[ 0.341 -0.16   0.12 ] (0 ROI pts)"", ""reason"": ""OK"", ""duration_ms"": 0.3}, {""state"": ""PLAN_PICK"", ""success"": true, ""message"": ""selected preferred_00 direction=320deg margin=0.004rad"", ""reason"": ""OK"", ""duration_ms"": 499.5}, {""state"": ""EXECUTE_PICK"", ""success"": true, ""message"": ""validated motion plan executed"", ""reason"": ""OK"", ""duration_ms"": 166.7}, {""state"": ""VERIFY_GRASP"", ""success"": true, ""message"": ""object lifted 146 mm"", ""reason"": ""OK"", ""duration_ms"": 0.0}]"
x01-y01-r08,sim_gt,bottle,0.34,-0.16,0.33846166308888037,-0.16238273711067774,305.7153261362112,8,IN_DOMAIN,True,,,,,146.5,680.4,0.5,166.1,0.0,319.36983903344196,lateral_band,lower,334.369839033442,0.195,0.07500000000000001,0.030849216484009487,0.0733561596630054,"{""candidate_id"": ""preferred_00"", ""direction_deg"": 319.36983903344196, ""pre_close_object_xy_shift_mm"": 0.0, ""close_object_xy_shift_mm"": 0.176, ""lift_horizontal_drift_mm"": 0.86, ""lift_height_mm"": 146.471, ""target_contact_geoms"": [""link7/geom:18"", ""link8/geom:20"", ""table/table_top""], ""bilateral_finger_contact"": true, ""failure_class"": ""NONE""}",0.0,[],"[{""state"": ""DETECT_SOURCE"", ""success"": true, ""message"": ""selected bottle_0 conf=1.00 base=[ 0.338 -0.162  0.12 ] (0 ROI pts)"", ""reason"": ""OK"", ""duration_ms"": 0.5}, {""state"": ""PLAN_PICK"", ""success"": true, ""message"": ""selected preferred_00 direction=319deg margin=0.003rad"", ""reason"": ""OK"", ""duration_ms"": 513.7}, {""state"": ""EXECUTE_PICK"", ""success"": true, ""message"": ""validated motion plan executed"", ""reason"": ""OK"", ""duration_ms"": 166.1}, {""state"": ""VERIFY_GRASP"", ""success"": true, ""message"": ""object lifted 146 mm"", ""reason"": ""OK"", ""duration_ms"": 0.0}]"
x01-y01-r09,sim_gt,bottle,0.34,-0.16,0.3409484608362998,-0.16238580641812797,267.17933328259494,9,IN_DOMAIN,True,,,,,146.5,681.9,0.2,168.0,0.0,319.53261990593194,lateral_band,lower,334.53261990593194,0.195,0.07500000000000001,0.030661564054672723,0.07311151392980154,"{""candidate_id"": ""preferred_00"", ""direction_deg"": 319.53261990593194, ""pre_close_object_xy_shift_mm"": 0.0, ""close_object_xy_shift_mm"": 0.176, ""lift_horizontal_drift_mm"": 0.861, ""lift_height_mm"": 146.464, ""target_contact_geoms"": [""link7/geom:18"", ""link8/geom:20"", ""table/table_top""], ""bilateral_finger_contact"": true, ""failure_class"": ""NONE""}",0.0,[],"[{""state"": ""DETECT_SOURCE"", ""success"": true, ""message"": ""selected bottle_0 conf=1.00 base=[ 0.341 -0.162  0.12 ] (0 ROI pts)"", ""reason"": ""OK"", ""duration_ms"": 0.2}, {""state"": ""PLAN_PICK"", ""success"": true, ""message"": ""selected preferred_00 direction=320deg margin=0.006rad"", ""reason"": ""OK"", ""duration_ms"": 513.7}, {""state"": ""EXECUTE_PICK"", ""success"": true, ""message"": ""validated motion plan executed"", ""reason"": ""OK"", ""duration_ms"": 168.0}, {""state"": ""VERIFY_GRASP"", ""success"": true, ""message"": ""object lifted 146 mm"", ""reason"": ""OK"", ""duration_ms"": 0.0}]"
x01-y01-r10,sim_gt,bottle,0.34,-0.16,0.34216127194941903,-0.16108734801639327,259.1876258561144,10,IN_DOMAIN,True,,,,,146.5,673.3,0.2,167.3,0.0,319.7892320523547,lateral_band,lower,334.78923205235463,0.195,0.07500000000000001,0.030617751772383565,0.07305345236987486,"{""candidate_id"": ""preferred_00"", ""direction_deg"": 319.7892320523547, ""pre_close_object_xy_shift_mm"": 0.0, ""close_object_xy_shift_mm"": 0.175, ""lift_horizontal_drift_mm"": 0.863, ""lift_height_mm"": 146.46, ""target_contact_geoms"": [""link7/geom:18"", ""link8/geom:20"", ""table/table_top""], ""bilateral_finger_contact"": true, ""failure_class"": ""NONE""}",0.0,[],"[{""state"": ""DETECT_SOURCE"", ""success"": true, ""message"": ""selected bottle_0 conf=1.00 base=[ 0.342 -0.161  0.12 ] (0 ROI pts)"", ""reason"": ""OK"", ""duration_ms"": 0.2}, {""state"": ""PLAN_PICK"", ""success"": true, ""message"": ""selected preferred_00 direction=320deg margin=0.006rad"", ""reason"": ""OK"", ""duration_ms"": 505.7}, {""state"": ""EXECUTE_PICK"", ""success"": true, ""message"": ""validated motion plan executed"", ""reason"": ""OK"", ""duration_ms"": 167.3}, {""state"": ""VERIFY_GRASP"", ""success"": true, ""message"": ""object lifted 146 mm"", ""reason"": ""OK"", ""duration_ms"": 0.0}]"
x01-y02-r01,sim_gt,bottle,0.34,-0.115,0.33941085659356507,-0.11755174086998177,226.44294951732886,1,IN_DOMAIN,True,,,,,146.6,693.0,0.2,162.9,0.0,325.8969280052393,lateral_band,lower,340.8969280052393,0.195,0.07500000000000001,0.9727973046435137,0.07527620460687388,"{""candidate_id"": ""preferred_00"", ""direction_deg"": 325.8969280052393, ""pre_close_object_xy_shift_mm"": 0.0, ""close_object_xy_shift_mm"": 0.179, ""lift_horizontal_drift_mm"": 0.829, ""lift_height_mm"": 146.558, ""target_contact_geoms"": [""link7/geom:18"", ""link8/geom:20"", ""table/table_top""], ""bilateral_finger_contact"": true, ""failure_class"": ""NONE""}",0.0,[],"[{""state"": ""DETECT_SOURCE"", ""success"": true, ""message"": ""selected bottle_0 conf=1.00 base=[ 0.339 -0.118  0.12 ] (0 ROI pts)"", ""reason"": ""OK"", ""duration_ms"": 0.2}, {""state"": ""PLAN_PICK"", ""success"": true, ""message"": ""selected preferred_00 direction=326deg margin=0.000rad"", ""reason"": ""OK"", ""duration_ms"": 529.9}, {""state"": ""EXECUTE_PICK"", ""success"": true, ""message"": ""validated motion plan executed"", ""reason"": ""OK"", ""duration_ms"": 162.9}, {""state"": ""VERIFY_GRASP"", ""success"": true, ""message"": ""object lifted 147 mm"", ""reason"": ""OK"", ""duration_ms"": 0.0}]"
x01-y02-r02,sim_gt,bottle,0.34,-0.115,0.3401296851477501,-0.11368211659670989,203.42479740104406,2,IN_DOMAIN,True,,,,,146.6,676.0,0.3,164.4,0.0,326.5187164654757,lateral_band,lower,341.5187164654757,0.195,0.07500000000000001,0.9834641138672771,0.07534770766253106,"{""candidate_id"": ""preferred_00"", ""direction_deg"": 326.5187164654757, ""pre_close_object_xy_shift_mm"": 0.0, ""close_object_xy_shift_mm"": 0.179, ""lift_horizontal_drift_mm"": 0.829, ""lift_height_mm"": 146.561, ""target_contact_geoms"": [""link7/geom:18"", ""link8/geom:20"", ""table/table_top""], ""bilateral_finger_contact"": true, ""failure_class"": ""NONE""}",0.0,[],"[{""state"": ""DETECT_SOURCE"", ""success"": true, ""message"": ""selected bottle_0 conf=1.00 base=[ 0.34  -0.114  0.12 ] (0 ROI pts)"", ""reason"": ""OK"", ""duration_ms"": 0.3}, {""state"": ""PLAN_PICK"", ""success"": true, ""message"": ""selected preferred_00 direction=327deg margin=0.000rad"", ""reason"": ""OK"", ""duration_ms"": 511.4}, {""state"": ""EXECUTE_PICK"", ""success"": true, ""message"": ""validated motion plan executed"", ""reason"": ""OK"", ""duration_ms"": 164.4}, {""state"": ""VERIFY_GRASP"", ""success"": true, ""message"": ""object lifted 147 mm"", ""reason"": ""OK"", ""duration_ms"": 0.0}]"
x01-y02-r03,sim_gt,bottle,0.34,-0.115,0.3392022261520067,-0.11206634065635405,21.60940299835029,3,IN_DOMAIN,True,,,,,146.6,674.5,0.2,165.3,0.0,326.7173624071169,lateral_band,lower,341.7173624071169,0.195,0.07500000000000001,1.0089086897861959,0.07552440576720049,"{""candidate_id"": ""preferred_00"", ""direction_deg"": 326.7173624071169, ""pre_close_object_xy_shift_mm"": 0.0, ""close_object_xy_shift_mm"": 0.179, ""lift_horizontal_drift_mm"": 0.83, ""lift_height_mm"": 146.566, ""target_contact_geoms"": [""link7/geom:18"", ""link8/geom:20"", ""table/table_top""], ""bilateral_finger_contact"": true, ""failure_class"": ""NONE""}",0.0,[],"[{""state"": ""DETECT_SOURCE"", ""success"": true, ""message"": ""selected bottle_0 conf=1.00 base=[ 0.339 -0.112  0.12 ] (0 ROI pts)"", ""reason"": ""OK"", ""duration_ms"": 0.2}, {""state"": ""PLAN_PICK"", ""success"": true, ""message"": ""selected preferred_00 direction=327deg margin=0.000rad"", ""reason"": ""OK"", ""duration_ms"": 509.0}, {""state"": ""EXECUTE_PICK"", ""success"": true, ""message"": ""validated motion plan executed"", ""reason"": ""OK"", ""duration_ms"": 165.3}, {""state"": ""VERIFY_GRASP"", ""success"": true, ""message"": ""object lifted 147 mm"", ""reason"": ""OK"", ""duration_ms"": 0.0}]"
x01-y02-r04,sim_gt,bottle,0.34,-0.115,0.3370196243315432,-0.11461180933760177,142.2939190205061,4,IN_DOMAIN,True,,,,,146.6,669.4,0.1,164.0,0.0,326.218125132097,lateral_band,lower,341.218125132097,0.195,0.07500000000000001,0.7943743799866153,0.07568603418405623,"{""candidate_id"": ""preferred_00"", ""direction_deg"": 326.218125132097, ""pre_close_object_xy_shift_mm"": 0.0, ""close_object_xy_shift_mm"": 0.18, ""lift_horizontal_drift_mm"": 0.829, ""lift_height_mm"": 146.571, ""target_contact_geoms"": [""link7/geom:18"", ""link8/geom:20"", ""table/table_top""], ""bilateral_finger_contact"": true, ""failure_class"": ""NONE""}",0.0,[],"[{""state"": ""DETECT_SOURCE"", ""success"": true, ""message"": ""selected bottle_0 conf=1.00 base=[ 0.337 -0.115  0.12 ] (0 ROI pts)"", ""reason"": ""OK"", ""duration_ms"": 0.1}, {""state"": ""PLAN_PICK"", ""success"": true, ""message"": ""selected preferred_00 direction=326deg margin=0.000rad"", ""reason"": ""OK"", ""duration_ms"": 505.2}, {""state"": ""EXECUTE_PICK"", ""success"": true, ""message"": ""validated motion plan executed"", ""reason"": ""OK"", ""duration_ms"": 164.0}, {""state"": ""VERIFY_GRASP"", ""success"": true, ""message"": ""object lifted 147 mm"", ""reason"": ""OK"", ""duration_ms"": 0.0}]"
x01-y02-r05,sim_gt,bottle,0.34,-0.115,0.33721789872975017,-0.11683406058161305,17.94151098549255,5,IN_DOMAIN,True,,,,,146.6,679.5,0.1,168.7,0.0,325.8905905720881,lateral_band,lower,340.8905905720881,0.195,0.07500000000000001,1.0154745319109184,0.07556933829244085,"{""candidate_id"": ""preferred_00"", ""direction_deg"": 325.8905905720881, ""pre_close_object_xy_shift_mm"": 0.0, ""close_object_xy_shift_mm"": 0.179, ""lift_horizontal_drift_mm"": 0.829, ""lift_height_mm"": 146.568, ""target_contact_geoms"": [""link7/geom:18"", ""link8/geom:20"", ""table/table_top""], ""bilateral_finger_contact"": true, ""failure_class"": ""NONE""}",0.0,[],"[{""state"": ""DETECT_SOURCE"", ""success"": true, ""message"": ""selected bottle_0 conf=1.00 base=[ 0.337 -0.117  0.12 ] (0 ROI pts)"", ""reason"": ""OK"", ""duration_ms"": 0.1}, {""state"": ""PLAN_PICK"", ""success"": true, ""message"": ""selected preferred_00 direction=326deg margin=0.000rad"", ""reason"": ""OK"", ""duration_ms"": 510.7}, {""state"": ""EXECUTE_PICK"", ""success"": true, ""message"": ""validated motion plan executed"", ""reason"": ""OK"", ""duration_ms"": 168.7}, {""state"": ""VERIFY_GRASP"", ""success"": true, ""message"": ""object lifted 147 mm"", ""reason"": ""OK"", ""duration_ms"": 0.0}]"
x01-y02-r06,sim_gt,bottle,0.34,-0.115,0.3413442272041767,-0.11766507680028478,94.43181710133352,6,IN_DOMAIN,True,,,,,146.5,702.2,0.2,169.7,0.0,325.9803614751502,lateral_band,lower,340.9803614751501,0.195,0.07500000000000001,0.9364017131583114,0.07504264207132533,"{""candidate_id"": ""preferred_00"", ""direction_deg"": 325.9803614751502, ""pre_close_object_xy_shift_mm"": 0.0, ""close_object_xy_shift_mm"": 0.179, ""lift_horizontal_drift_mm"": 0.83, ""lift_height_mm"": 146.537, ""target_contact_geoms"": [""link7/geom:18"", ""link8/geom:20"", ""table/table_top""], ""bilateral_finger_contact"": true, ""failure_class"": ""NONE""}",0.0,[],"[{""state"": ""DETECT_SOURCE"", ""success"": true, ""message"": ""selected bottle_0 conf=1.00 base=[ 0.341 -0.118  0.12 ] (0 ROI pts)"", ""reason"": ""OK"", ""duration_ms"": 0.2}, {""state"": ""PLAN_PICK"", ""success"": true, ""message"": ""selected preferred_00 direction=326deg margin=0.000rad"", ""reason"": ""OK"", ""duration_ms"": 532.3}, {""state"": ""EXECUTE_PICK"", ""success"": true, ""message"": ""validated motion plan executed"", ""reason"": ""OK"", ""duration_ms"": 169.7}, {""state"": ""VERIFY_GRASP"", ""success"": true, ""message"": ""object lifted 147 mm"", ""reason"": ""OK"", ""duration_ms"": 0.0}]"
x01-y02-r07,sim_gt,bottle,0.34,-0.115,0.3387077609740365,-0.11418053238480987,164.41506473056944,7,IN_DOMAIN,True,,,,,146.6,703.0,0.2,168.4,0.0,326.37069525982633,lateral_band,lower,341.37069525982633,0.195,0.07500000000000001,1.0051919064816424,0.0754988507820963,"{""candidate_id"": ""preferred_00"", ""direction_deg"": 326.37069525982633, ""pre_close_object_xy_shift_mm"": 0.0, ""close_object_xy_shift_mm"": 0.18, ""lift_horizontal_drift_mm"": 0.829, ""lift_height_mm"": 146.563, ""target_contact_geoms"": [""link7/geom:18"", ""link8/geom:20"", ""table/table_top""], ""bilateral_finger_contact"": true, ""failure_class"": ""NONE""}",0.0,[],"[{""state"": ""DETECT_SOURCE"", ""success"": true, ""message"": ""selected bottle_0 conf=1.00 base=[ 0.339 -0.114  0.12 ] (0 ROI pts)"", ""reason"": ""OK"", ""duration_ms"": 0.2}, {""state"": ""PLAN_PICK"", ""success"": true, ""message"": ""selected preferred_00 direction=326deg margin=0.000rad"", ""reason"": ""OK"", ""duration_ms"": 534.4}, {""state"": ""EXECUTE_PICK"", ""success"": true, ""message"": ""validated motion plan executed"", ""reason"": ""OK"", ""duration_ms"": 168.4}, {""state"": ""VERIFY_GRASP"", ""success"": true, ""message"": ""object lifted 147 mm"", ""reason"": ""OK"", ""duration_ms"": 0.0}]"
x01-y02-r08,sim_gt,bottle,0.34,-0.115,0.34045874349240074,-0.11615422198471197,8.132081426489508,8,IN_DOMAIN,True,,,,,146.6,715.2,0.2,167.9,0.0,326.16187855729856,lateral_band,lower,341.1618785572985,0.195,0.07500000000000001,0.96216968865686,0.07520865475836665,"{""candidate_id"": ""preferred_00"", ""direction_deg"": 326.16187855729856, ""pre_close_object_xy_shift_mm"": 0.0, ""close_object_xy_shift_mm"": 0.179, ""lift_horizontal_drift_mm"": 0.829, ""lift_height_mm"": 146.556, ""target_contact_geoms"": [""link7/geom:18"", ""link8/geom:20"", ""table/table_top""], ""bilateral_finger_contact"": true, ""failure_class"": ""NONE""}",0.0,[],"[{""state"": ""DETECT_SOURCE"", ""success"": true, ""message"": ""selected bottle_0 conf=1.00 base=[ 0.34  -0.116  0.12 ] (0 ROI pts)"", ""reason"": ""OK"", ""duration_ms"": 0.2}, {""state"": ""PLAN_PICK"", ""success"": true, ""message"": ""selected preferred_00 direction=326deg margin=0.000rad"", ""reason"": ""OK"", ""duration_ms"": 547.0}, {""state"": ""EXECUTE_PICK"", ""success"": true, ""message"": ""validated motion plan executed"", ""reason"": ""OK"", ""duration_ms"": 167.9}, {""state"": ""VERIFY_GRASP"", ""success"": true, ""message"": ""object lifted 147 mm"", ""reason"": ""OK"", ""duration_ms"": 0.0}]"
x01-y02-r09,sim_gt,bottle,0.34,-0.115,0.34138823256227085,-0.11217389635171363,26.097008124738306,9,IN_DOMAIN,True,,,,,146.6,695.8,0.2,163.6,0.0,326.81040546660444,lateral_band,lower,341.81040546660444,0.195,0.07500000000000001,0.9697318274437547,0.07525677506056284,"{""candidate_id"": ""preferred_00"", ""direction_deg"": 326.81040546660444, ""pre_close_object_xy_shift_mm"": 0.0, ""close_object_xy_shift_mm"": 0.179, ""lift_horizontal_drift_mm"": 0.828, ""lift_height_mm"": 146.556, ""target_contact_geoms"": [""link7/geom:18"", ""link8/geom:20"", ""table/table_top""], ""bilateral_finger_contact"": true, ""failure_class"": ""NONE""}",0.0,[],"[{""state"": ""DETECT_SOURCE"", ""success"": true, ""message"": ""selected bottle_0 conf=1.00 base=[ 0.341 -0.112  0.12 ] (0 ROI pts)"", ""reason"": ""OK"", ""duration_ms"": 0.2}, {""state"": ""PLAN_PICK"", ""success"": true, ""message"": ""selected preferred_00 direction=327deg margin=0.000rad"", ""reason"": ""OK"", ""duration_ms"": 531.9}, {""state"": ""EXECUTE_PICK"", ""success"": true, ""message"": ""validated motion plan executed"", ""reason"": ""OK"", ""duration_ms"": 163.6}, {""state"": ""VERIFY_GRASP"", ""success"": true, ""message"": ""object lifted 147 mm"", ""reason"": ""OK"", ""duration_ms"": 0.0}]"
x01-y02-r10,sim_gt,bottle,0.34,-0.115,0.3370455020756938,-0.11445403918291694,245.94846822341995,10,IN_DOMAIN,True,,,,,146.6,673.9,0.3,164.7,0.0,326.2435109555785,lateral_band,lower,341.2435109555785,0.195,0.07500000000000001,0.7947713487576094,0.07568941594103659,"{""candidate_id"": ""preferred_00"", ""direction_deg"": 326.2435109555785, ""pre_close_object_xy_shift_mm"": 0.0, ""close_object_xy_shift_mm"": 0.18, ""lift_horizontal_drift_mm"": 0.829, ""lift_height_mm"": 146.572, ""target_contact_geoms"": [""link7/geom:18"", ""link8/geom:20"", ""table/table_top""], ""bilateral_finger_contact"": true, ""failure_class"": ""NONE""}",0.0,[],"[{""state"": ""DETECT_SOURCE"", ""success"": true, ""message"": ""selected bottle_0 conf=1.00 base=[ 0.337 -0.114  0.12 ] (0 ROI pts)"", ""reason"": ""OK"", ""duration_ms"": 0.3}, {""state"": ""PLAN_PICK"", ""success"": true, ""message"": ""selected preferred_00 direction=326deg margin=0.000rad"", ""reason"": ""OK"", ""duration_ms"": 508.9}, {""state"": ""EXECUTE_PICK"", ""success"": true, ""message"": ""validated motion plan executed"", ""reason"": ""OK"", ""duration_ms"": 164.7}, {""state"": ""VERIFY_GRASP"", ""success"": true, ""message"": ""object lifted 147 mm"", ""reason"": ""OK"", ""duration_ms"": 0.0}]"
x01-y03-r01,sim_gt,bottle,0.34,-0.07,0.34244740461660017,-0.06762295803255006,252.91004301784145,1,IN_DOMAIN,True,,,,,146.3,642.7,0.2,164.7,0.0,0.0,lateral_band,upper,0.0,0.195,0.07500000000000001,0.02877185953756237,0.0718275779636148,"{""candidate_id"": ""preferred_00"", ""direction_deg"": 0.0, ""pre_close_object_xy_shift_mm"": 0.0, ""close_object_xy_shift_mm"": 0.147, ""lift_horizontal_drift_mm"": 1.058, ""lift_height_mm"": 146.279, ""target_contact_geoms"": [""link7/geom:18"", ""link8/geom:20"", ""table/table_top""], ""bilateral_finger_contact"": true, ""failure_class"": ""NONE""}",0.0,[],"[{""state"": ""DETECT_SOURCE"", ""success"": true, ""message"": ""selected bottle_0 conf=1.00 base=[ 0.342 -0.068  0.12 ] (0 ROI pts)"", ""reason"": ""OK"", ""duration_ms"": 0.2}, {""state"": ""PLAN_PICK"", ""success"": true, ""message"": ""selected preferred_00 direction=0deg margin=0.030rad"", ""reason"": ""OK"", ""duration_ms"": 477.7}, {""state"": ""EXECUTE_PICK"", ""success"": true, ""message"": ""validated motion plan executed"", ""reason"": ""OK"", ""duration_ms"": 164.7}, {""state"": ""VERIFY_GRASP"", ""success"": true, ""message"": ""object lifted 146 mm"", ""reason"": ""OK"", ""duration_ms"": 0.0}]"
x01-y03-r02,sim_gt,bottle,0.34,-0.07,0.33854473671893215,-0.07232900728903902,75.8519265957209,2,IN_DOMAIN,True,,,,,146.1,657.2,0.2,164.7,0.0,0.0,lateral_band,upper,0.0,0.195,0.07500000000000001,0.030640102859029492,0.07387874092983038,"{""candidate_id"": ""preferred_00"", ""direction_deg"": 0.0, ""pre_close_object_xy_shift_mm"": 0.0, ""close_object_xy_shift_mm"": 0.15, ""lift_horizontal_drift_mm"": 1.048, ""lift_height_mm"": 146.083, ""target_contact_geoms"": [""link7/geom:18"", ""link8/geom:20"", ""table/table_top""], ""bilateral_finger_contact"": true, ""failure_class"": ""NONE""}",0.0,[],"[{""state"": ""DETECT_SOURCE"", ""success"": true, ""message"": ""selected bottle_0 conf=1.00 base=[ 0.339 -0.072  0.12 ] (0 ROI pts)"", ""reason"": ""OK"", ""duration_ms"": 0.2}, {""state"": ""PLAN_PICK"", ""success"": true, ""message"": ""selected preferred_00 direction=0deg margin=0.014rad"", ""reason"": ""OK"", ""duration_ms"": 492.3}, {""state"": ""EXECUTE_PICK"", ""success"": true, ""message"": ""validated motion plan executed"", ""reason"": ""OK"", ""duration_ms"": 164.7}, {""state"": ""VERIFY_GRASP"", ""success"": true, ""message"": ""object lifted 146 mm"", ""reason"": ""OK"", ""duration_ms"": 0.0}]"
x01-y03-r03,sim_gt,bottle,0.34,-0.07,0.3374000586180614,-0.07044531067008047,309.3512267940064,3,IN_DOMAIN,True,,,,,146.3,643.9,0.3,167.7,0.0,0.0,lateral_band,upper,0.0,0.195,0.07500000000000001,0.030496493344456713,0.07371257139183858,"{""candidate_id"": ""preferred_00"", ""direction_deg"": 0.0, ""pre_close_object_xy_shift_mm"": 0.0, ""close_object_xy_shift_mm"": 0.15, ""lift_horizontal_drift_mm"": 1.024, ""lift_height_mm"": 146.27, ""target_contact_geoms"": [""link7/geom:18"", ""link8/geom:20"", ""table/table_top""], ""bilateral_finger_contact"": true, ""failure_class"": ""NONE""}",0.0,[],"[{""state"": ""DETECT_SOURCE"", ""success"": true, ""message"": ""selected bottle_0 conf=1.00 base=[ 0.337 -0.07   0.12 ] (0 ROI pts)"", ""reason"": ""OK"", ""duration_ms"": 0.3}, {""state"": ""PLAN_PICK"", ""success"": true, ""message"": ""selected preferred_00 direction=0deg margin=0.017rad"", ""reason"": ""OK"", ""duration_ms"": 475.8}, {""state"": ""EXECUTE_PICK"", ""success"": true, ""message"": ""validated motion plan executed"", ""reason"": ""OK"", ""duration_ms"": 167.7}, {""state"": ""VERIFY_GRASP"", ""success"": true, ""message"": ""object lifted 146 mm"", ""reason"": ""OK"", ""duration_ms"": 0.0}]"
x01-y03-r04,sim_gt,bottle,0.34,-0.07,0.3423917381680545,-0.07087828774499977,83.75606734826962,4,IN_DOMAIN,True,,,,,146.3,679.2,0.2,169.4,0.0,0.0,lateral_band,upper,0.0,0.195,0.07500000000000001,0.029520095045043025,0.07268237120013846,"{""candidate_id"": ""preferred_00"", ""direction_deg"": 0.0, ""pre_close_object_xy_shift_mm"": 0.0, ""close_object_xy_shift_mm"": 0.148, ""lift_horizontal_drift_mm"": 1.057, ""lift_height_mm"": 146.252, ""target_contact_geoms"": [""link7/geom:18"", ""link8/geom:20"", ""table/table_top""], ""bilateral_finger_contact"": true, ""failure_class"": ""NONE""}",0.0,[],"[{""state"": ""DETECT_SOURCE"", ""success"": true, ""message"": ""selected bottle_0 conf=1.00 base=[ 0.342 -0.071  0.12 ] (0 ROI pts)"", ""reason"": ""OK"", ""duration_ms"": 0.2}, {""state"": ""PLAN_PICK"", ""success"": true, ""message"": ""selected preferred_00 direction=0deg margin=0.023rad"", ""reason"": ""OK"", ""duration_ms"": 509.5}, {""state"": ""EXECUTE_PICK"", ""success"": true, ""message"": ""validated motion plan executed"", ""reason"": ""OK"", ""duration_ms"": 169.4}, {""state"": ""VERIFY_GRASP"", ""success"": true, ""message"": ""object lifted 146 mm"", ""reason"": ""OK"", ""duration_ms"": 0.0}]"
x01-y03-r05,sim_gt,bottle,0.34,-0.07,0.3405665252370107,-0.06925032601541975,290.08983366078957,5,IN_DOMAIN,True,,,,,146.3,663.1,0.2,169.5,0.0,0.0,lateral_band,upper,0.0,0.195,0.07500000000000001,0.029543817688265705,0.07269746628298111,"{""candidate_id"": ""preferred_00"", ""direction_deg"": 0.0, ""pre_close_object_xy_shift_mm"": 0.0, ""close_object_xy_shift_mm"": 0.149, ""lift_horizontal_drift_mm"": 1.048, ""lift_height_mm"": 146.32, ""target_contact_geoms"": [""link7/geom:18"", ""link8/geom:20"", ""table/table_top""], ""bilateral_finger_contact"": true, ""failure_class"": ""NONE""}",0.0,[],"[{""state"": ""DETECT_SOURCE"", ""success"": true, ""message"": ""selected bottle_0 conf=1.00 base=[ 0.341 -0.069  0.12 ] (0 ROI pts)"", ""reason"": ""OK"", ""duration_ms"": 0.2}, {""state"": ""PLAN_PICK"", ""success"": true, ""message"": ""selected preferred_00 direction=0deg margin=0.024rad"", ""reason"": ""OK"", ""duration_ms"": 493.4}, {""state"": ""EXECUTE_PICK"", ""success"": true, ""message"": ""validated motion plan executed"", ""reason"": ""OK"", ""duration_ms"": 169.5}, {""state"": ""VERIFY_GRASP"", ""success"": true, ""message"": ""object lifted 146 mm"", ""reason"": ""OK"", ""duration_ms"": 0.0}]"
x01-y03-r06,sim_gt,bottle,0.34,-0.07,0.33718319313571526,-0.07225903304606747,221.04524181904534,6,IN_DOMAIN,True,,,,,146.1,665.9,0.2,169.2,0.0,0.0,lateral_band,upper,0.0,0.195,0.07500000000000001,0.03092145836966353,0.07416328779884496,"{""candidate_id"": ""preferred_00"", ""direction_deg"": 0.0, ""pre_close_object_xy_shift_mm"": 0.0, ""close_object_xy_shift_mm"": 0.15, ""lift_horizontal_drift_mm"": 1.095, ""lift_height_mm"": 146.069, ""target_contact_geoms"": [""link7/geom:18"", ""link8/geom:20"", ""table/table_top""], ""bilateral_finger_contact"": true, ""failure_class"": ""NONE""}",0.0,[],"[{""state"": ""DETECT_SOURCE"", ""success"": true, ""message"": ""selected bottle_0 conf=1.00 base=[ 0.337 -0.072  0.12 ] (0 ROI pts)"", ""reason"": ""OK"", ""duration_ms"": 0.2}, {""state"": ""PLAN_PICK"", ""success"": true, ""message"": ""selected preferred_00 direction=0deg margin=0.012rad"", ""reason"": ""OK"", ""duration_ms"": 496.4}, {""state"": ""EXECUTE_PICK"", ""success"": true, ""message"": ""validated motion plan executed"", ""reason"": ""OK"", ""duration_ms"": 169.2}, {""state"": ""VERIFY_GRASP"", ""success"": true, ""message"": ""object lifted 146 mm"", ""reason"": ""OK"", ""duration_ms"": 0.0}]"
x01-y03-r07,sim_gt,bottle,0.34,-0.07,0.3429008369085024,-0.0705771497875641,18.282076671997217,7,IN_DOMAIN,True,,,,,146.2,683.5,0.2,172.7,0.0,0.0,lateral_band,upper,0.0,0.195,0.07500000000000001,0.02934892523212567,0.07249230943111337,"{""candidate_id"": ""preferred_00"", ""direction_deg"": 0.0, ""pre_close_object_xy_shift_mm"": 0.0, ""close_object_xy_shift_mm"": 0.148, ""lift_horizontal_drift_mm"": 1.067, ""lift_height_mm"": 146.246, ""target_contact_geoms"": [""link7/geom:18"", ""link8/geom:20"", ""table/table_top""], ""bilateral_finger_contact"": true, ""failure_class"": ""NONE""}",0.0,[],"[{""state"": ""DETECT_SOURCE"", ""success"": true, ""message"": ""selected bottle_0 conf=1.00 base=[ 0.343 -0.071  0.12 ] (0 ROI pts)"", ""reason"": ""OK"", ""duration_ms"": 0.2}, {""state"": ""PLAN_PICK"", ""success"": true, ""message"": ""selected preferred_00 direction=0deg margin=0.024rad"", ""reason"": ""OK"", ""duration_ms"": 510.6}, {""state"": ""EXECUTE_PICK"", ""success"": true, ""message"": ""validated motion plan executed"", ""reason"": ""OK"", ""duration_ms"": 172.7}, {""state"": ""VERIFY_GRASP"", ""success"": true, ""message"": ""object lifted 146 mm"", ""reason"": ""OK"", ""duration_ms"": 0.0}]"
x01-y03-r08,sim_gt,bottle,0.34,-0.07,0.3390577877580685,-0.06743214608411816,85.3413403320032,8,IN_DOMAIN,True,,,,,146.3,650.7,0.2,164.8,0.0,0.0,lateral_band,upper,0.0,0.195,0.07500000000000001,0.029464230264843225,0.07258933051384396,"{""candidate_id"": ""preferred_00"", ""direction_deg"": 0.0, ""pre_close_object_xy_shift_mm"": 0.0, ""close_object_xy_shift_mm"": 0.148, ""lift_horizontal_drift_mm"": 0.998, ""lift_height_mm"": 146.316, ""target_contact_geoms"": [""link7/geom:18"", ""link8/geom:20"", ""table/table_top""], ""bilateral_finger_contact"": true, ""failure_class"": ""NONE""}",0.0,[],"[{""state"": ""DETECT_SOURCE"", ""success"": true, ""message"": ""selected bottle_0 conf=1.00 base=[ 0.339 -0.067  0.12 ] (0 ROI pts)"", ""reason"": ""OK"", ""duration_ms"": 0.2}, {""state"": ""PLAN_PICK"", ""success"": true, ""message"": ""selected preferred_00 direction=0deg margin=0.027rad"", ""reason"": ""OK"", ""duration_ms"": 485.6}, {""state"": ""EXECUTE_PICK"", ""success"": true, ""message"": ""validated motion plan executed"", ""reason"": ""OK"", ""duration_ms"": 164.8}, {""state"": ""VERIFY_GRASP"", ""success"": true, ""message"": ""object lifted 146 mm"", ""reason"": ""OK"", ""duration_ms"": 0.0}]"
x01-y03-r09,sim_gt,bottle,0.34,-0.07,0.33897437234792527,-0.06708937942034639,93.45035028206198,9,IN_DOMAIN,True,,,,,145.7,647.1,0.2,165.9,0.0,0.0,lateral_band,upper,0.0,0.195,0.07500000000000001,0.029404493529624834,0.07251974776720316,"{""candidate_id"": ""preferred_00"", ""direction_deg"": 0.0, ""pre_close_object_xy_shift_mm"": 0.0, ""close_object_xy_shift_mm"": 0.149, ""lift_horizontal_drift_mm"": 1.44, ""lift_height_mm"": 145.683, ""target_contact_geoms"": [""link7/geom:18"", ""link8/geom:20"", ""table/table_top""], ""bilateral_finger_contact"": true, ""failure_class"": ""NONE""}",0.0,[],"[{""state"": ""DETECT_SOURCE"", ""success"": true, ""message"": ""selected bottle_0 conf=1.00 base=[ 0.339 -0.067  0.12 ] (0 ROI pts)"", ""reason"": ""OK"", ""duration_ms"": 0.2}, {""state"": ""PLAN_PICK"", ""success"": true, ""message"": ""selected preferred_00 direction=0deg margin=0.028rad"", ""reason"": ""OK"", ""duration_ms"": 481.0}, {""state"": ""EXECUTE_PICK"", ""success"": true, ""message"": ""validated motion plan executed"", ""reason"": ""OK"", ""duration_ms"": 165.9}, {""state"": ""VERIFY_GRASP"", ""success"": true, ""message"": ""object lifted 146 mm"", ""reason"": ""OK"", ""duration_ms"": 0.0}]"
x01-y03-r10,sim_gt,bottle,0.34,-0.07,0.3379962467426794,-0.06813809857492745,329.4495981993438,10,IN_DOMAIN,True,,,,,145.7,643.0,0.1,166.5,0.0,0.0,lateral_band,upper,0.0,0.195,0.07500000000000001,0.02986153826671879,0.07302244446593623,"{""candidate_id"": ""preferred_00"", ""direction_deg"": 0.0, ""pre_close_object_xy_shift_mm"": 0.0, ""close_object_xy_shift_mm"": 0.15, ""lift_horizontal_drift_mm"": 1.412, ""lift_height_mm"": 145.678, ""target_contact_geoms"": [""link7/geom:18"", ""link8/geom:20"", ""table/table_top""], ""bilateral_finger_contact"": true, ""failure_class"": ""NONE""}",0.0,[],"[{""state"": ""DETECT_SOURCE"", ""success"": true, ""message"": ""selected bottle_0 conf=1.00 base=[ 0.338 -0.068  0.12 ] (0 ROI pts)"", ""reason"": ""OK"", ""duration_ms"": 0.1}, {""state"": ""PLAN_PICK"", ""success"": true, ""message"": ""selected preferred_00 direction=0deg margin=0.024rad"", ""reason"": ""OK"", ""duration_ms"": 476.4}, {""state"": ""EXECUTE_PICK"", ""success"": true, ""message"": ""validated motion plan executed"", ""reason"": ""OK"", ""duration_ms"": 166.5}, {""state"": ""VERIFY_GRASP"", ""success"": true, ""message"": ""object lifted 146 mm"", ""reason"": ""OK"", ""duration_ms"": 0.0}]"
x01-y04-r01,sim_gt,bottle,0.34,-0.025,0.33901114284921685,-0.02498834011403408,254.31798031504164,1,IN_DOMAIN,True,,,,,146.4,607.3,0.2,165.8,0.0,0.0,lateral_band,upper,0.0,0.195,0.07500000000000001,0.01448702879805786,0.045853150664277864,"{""candidate_id"": ""preferred_00"", ""direction_deg"": 0.0, ""pre_close_object_xy_shift_mm"": 0.0, ""close_object_xy_shift_mm"": 0.148, ""lift_horizontal_drift_mm"": 1.411, ""lift_height_mm"": 146.397, ""target_contact_geoms"": [""link7/geom:18"", ""link8/geom:20"", ""table/table_top""], ""bilateral_finger_contact"": true, ""failure_class"": ""NONE""}",0.0,[],"[{""state"": ""DETECT_SOURCE"", ""success"": true, ""message"": ""selected bottle_0 conf=1.00 base=[ 0.339 -0.025  0.12 ] (0 ROI pts)"", ""reason"": ""OK"", ""duration_ms"": 0.2}, {""state"": ""PLAN_PICK"", ""success"": true, ""message"": ""selected preferred_00 direction=0deg margin=0.109rad"", ""reason"": ""OK"", ""duration_ms"": 441.3}, {""state"": ""EXECUTE_PICK"", ""success"": true, ""message"": ""validated motion plan executed"", ""reason"": ""OK"", ""duration_ms"": 165.8}, {""state"": ""VERIFY_GRASP"", ""success"": true, ""message"": ""object lifted 146 mm"", ""reason"": ""OK"", ""duration_ms"": 0.0}]"
x01-y04-r02,sim_gt,bottle,0.34,-0.025,0.3425922032518211,-0.02202509099877009,69.48110425502448,2,IN_DOMAIN,True,,,,,146.4,733.7,0.1,170.7,0.0,0.0,lateral_band,upper,0.0,0.195,0.07500000000000001,0.01242267933915202,0.040477269834377445,"{""candidate_id"": ""preferred_00"", ""direction_deg"": 0.0, ""pre_close_object_xy_shift_mm"": 0.0, ""close_object_xy_shift_mm"": 0.149, ""lift_horizontal_drift_mm"": 1.553, ""lift_height_mm"": 146.39, ""target_contact_geoms"": [""link7/geom:18"", ""link8/geom:20"", ""table/table_top""], ""bilateral_finger_contact"": true, ""failure_class"": ""NONE""}",0.0,[],"[{""state"": ""DETECT_SOURCE"", ""success"": true, ""message"": ""selected bottle_0 conf=1.00 base=[ 0.343 -0.022  0.12 ] (0 ROI pts)"", ""reason"": ""OK"", ""duration_ms"": 0.1}, {""state"": ""PLAN_PICK"", ""success"": true, ""message"": ""selected preferred_00 direction=0deg margin=0.118rad"", ""reason"": ""OK"", ""duration_ms"": 562.9}, {""state"": ""EXECUTE_PICK"", ""success"": true, ""message"": ""validated motion plan executed"", ""reason"": ""OK"", ""duration_ms"": 170.7}, {""state"": ""VERIFY_GRASP"", ""success"": true, ""message"": ""object lifted 146 mm"", ""reason"": ""OK"", ""duration_ms"": 0.0}]"
x01-y04-r03,sim_gt,bottle,0.34,-0.025,0.33796503377283843,-0.02717026489768161,209.35572538574107,3,IN_DOMAIN,True,,,,,146.2,634.1,0.2,169.4,0.0,0.0,lateral_band,upper,0.0,0.195,0.07500000000000001,0.015762246029600063,0.04896036700425066,"{""candidate_id"": ""preferred_00"", ""direction_deg"": 0.0, ""pre_close_object_xy_shift_mm"": 0.0, ""close_object_xy_shift_mm"": 0.148, ""lift_horizontal_drift_mm"": 1.194, ""lift_height_mm"": 146.22, ""target_contact_geoms"": [""link7/geom:18"", ""link8/geom:20"", ""table/table_top""], ""bilateral_finger_contact"": true, ""failure_class"": ""NONE""}",0.0,[],"[{""state"": ""DETECT_SOURCE"", ""success"": true, ""message"": ""selected bottle_0 conf=1.00 base=[ 0.338 -0.027  0.12 ] (0 ROI pts)"", ""reason"": ""OK"", ""duration_ms"": 0.2}, {""state"": ""PLAN_PICK"", ""success"": true, ""message"": ""selected preferred_00 direction=0deg margin=0.108rad"", ""reason"": ""OK"", ""duration_ms"": 464.4}, {""state"": ""EXECUTE_PICK"", ""success"": true, ""message"": ""validated motion plan executed"", ""reason"": ""OK"", ""duration_ms"": 169.4}, {""state"": ""VERIFY_GRASP"", ""success"": true, ""message"": ""object lifted 146 mm"", ""reason"": ""OK"", ""duration_ms"": 0.0}]"
x01-y04-r04,sim_gt,bottle,0.34,-0.025,0.33815602752165735,-0.024167718913124577,298.8383959084954,4,IN_DOMAIN,True,,,,,146.4,637.2,0.2,171.5,0.0,0.0,lateral_band,upper,0.0,0.195,0.07500000000000001,0.01423318347374194,0.04514726682727249,"{""candidate_id"": ""preferred_00"", ""direction_deg"": 0.0, ""pre_close_object_xy_shift_mm"": 0.0, ""close_object_xy_shift_mm"": 0.148, ""lift_horizontal_drift_mm"": 1.411, ""lift_height_mm"": 146.402, ""target_contact_geoms"": [""link7/geom:18"", ""link8/geom:20"", ""table/table_top""], ""bilateral_finger_contact"": true, ""failure_class"": ""NONE""}",0.0,[],"[{""state"": ""DETECT_SOURCE"", ""success"": true, ""message"": ""selected bottle_0 conf=1.00 base=[ 0.338 -0.024  0.12 ] (0 ROI pts)"", ""reason"": ""OK"", ""duration_ms"": 0.2}, {""state"": ""PLAN_PICK"", ""success"": true, ""message"": ""selected preferred_00 direction=0deg margin=0.106rad"", ""reason"": ""OK"", ""duration_ms"": 465.4}, {""state"": ""EXECUTE_PICK"", ""success"": true, ""message"": ""validated motion plan executed"", ""reason"": ""OK"", ""duration_ms"": 171.5}, {""state"": ""VERIFY_GRASP"", ""success"": true, ""message"": ""object lifted 146 mm"", ""reason"": ""OK"", ""duration_ms"": 0.0}]"
x01-y04-r05,sim_gt,bottle,0.34,-0.025,0.3428298069488647,-0.02514261204938579,42.314051548508175,5,IN_DOMAIN,True,,,,,146.4,766.6,0.2,169.8,0.0,0.0,lateral_band,upper,0.0,0.195,0.07500000000000001,0.013895270022669985,0.04451241676054975,"{""candidate_id"": ""preferred_00"", ""direction_deg"": 0.0, ""pre_close_object_xy_shift_mm"": 0.0, ""close_object_xy_shift_mm"": 0.149, ""lift_horizontal_drift_mm"": 1.394, ""lift_height_mm"": 146.376, ""target_contact_geoms"": [""link7/geom:18"", ""link8/geom:20"", ""table/table_top""], ""bilateral_finger_contact"": true, ""failure_class"": ""NONE""}",0.0,[],"[{""state"": ""DETECT_SOURCE"", ""success"": true, ""message"": ""selected bottle_0 conf=1.00 base=[ 0.343 -0.025  0.12 ] (0 ROI pts)"", ""reason"": ""OK"", ""duration_ms"": 0.2}, {""state"": ""PLAN_PICK"", ""success"": true, ""message"": ""selected preferred_00 direction=0deg margin=0.121rad"", ""reason"": ""OK"", ""duration_ms"": 596.6}, {""state"": ""EXECUTE_PICK"", ""success"": true, ""message"": ""validated motion plan executed"", ""reason"": ""OK"", ""duration_ms"": 169.8}, {""state"": ""VERIFY_GRASP"", ""success"": true, ""message"": ""object lifted 146 mm"", ""reason"": ""OK"", ""duration_ms"": 0.0}]"
x01-y04-r06,sim_gt,bottle,0.34,-0.025,0.34160680539188226,-0.026000616771821847,173.72206830872423,6,IN_DOMAIN,True,,,,,146.4,756.2,0.2,167.2,0.0,0.0,lateral_band,upper,0.0,0.195,0.07500000000000001,0.014512502507143121,0.04605999053145459,"{""candidate_id"": ""preferred_00"", ""direction_deg"": 0.0, ""pre_close_object_xy_shift_mm"": 0.0, ""close_object_xy_shift_mm"": 0.148, ""lift_horizontal_drift_mm"": 1.389, ""lift_height_mm"": 146.377, ""target_contact_geoms"": [""link7/geom:18"", ""link8/geom:20"", ""table/table_top""], ""bilateral_finger_contact"": true, ""failure_class"": ""NONE""}",0.0,[],"[{""state"": ""DETECT_SOURCE"", ""success"": true, ""message"": ""selected bottle_0 conf=1.00 base=[ 0.342 -0.026  0.12 ] (0 ROI pts)"", ""reason"": ""OK"", ""duration_ms"": 0.2}, {""state"": ""PLAN_PICK"", ""success"": true, ""message"": ""selected preferred_00 direction=0deg margin=0.118rad"", ""reason"": ""OK"", ""duration_ms"": 588.8}, {""state"": ""EXECUTE_PICK"", ""success"": true, ""message"": ""validated motion plan executed"", ""reason"": ""OK"", ""duration_ms"": 167.2}, {""state"": ""VERIFY_GRASP"", ""success"": true, ""message"": ""object lifted 146 mm"", ""reason"": ""OK"", ""duration_ms"": 0.0}]"
x01-y04-r07,sim_gt,bottle,0.34,-0.025,0.342761935555266,-0.02634196570745705,311.6982151595758,7,IN_DOMAIN,True,,,,,146.4,725.2,0.2,166.0,0.0,0.0,lateral_band,upper,0.0,0.195,0.07500000000000001,0.014473447615020327,0.04601568199348839,"{""candidate_id"": ""preferred_00"", ""direction_deg"": 0.0, ""pre_close_object_xy_shift_mm"": 0.0, ""close_object_xy_shift_mm"": 0.149, ""lift_horizontal_drift_mm"": 1.403, ""lift_height_mm"": 146.368, ""target_contact_geoms"": [""link7/geom:18"", ""link8/geom:20"", ""table/table_top""], ""bilateral_finger_contact"": true, ""failure_class"": ""NONE""}",0.0,[],"[{""state"": ""DETECT_SOURCE"", ""success"": true, ""message"": ""selected bottle_0 conf=1.00 base=[ 0.343 -0.026  0.12 ] (0 ROI pts)"", ""reason"": ""OK"", ""duration_ms"": 0.2}, {""state"": ""PLAN_PICK"", ""success"": true, ""message"": ""selected preferred_00 direction=0deg margin=0.121rad"", ""reason"": ""OK"", ""duration_ms"": 559.0}, {""state"": ""EXECUTE_PICK"", ""success"": true, ""message"": ""validated motion plan executed"", ""reason"": ""OK"", ""duration_ms"": 166.0}, {""state"": ""VERIFY_GRASP"", ""success"": true, ""message"": ""object lifted 146 mm"", ""reason"": ""OK"", ""duration_ms"": 0.0}]"
x01-y04-r08,sim_gt,bottle,0.34,-0.025,0.3388408370919447,-0.026554123253891285,267.67134808149757,8,IN_DOMAIN,True,,,,,146.4,611.2,0.2,167.4,0.0,0.0,lateral_band,upper,0.0,0.195,0.07500000000000001,0.015289249151660283,0.047860931232234755,"{""candidate_id"": ""preferred_00"", ""direction_deg"": 0.0, ""pre_close_object_xy_shift_mm"": 0.0, ""close_object_xy_shift_mm"": 0.148, ""lift_horizontal_drift_mm"": 1.412, ""lift_height_mm"": 146.385, ""target_contact_geoms"": [""link7/geom:18"", ""link8/geom:20"", ""table/table_top""], ""bilateral_finger_contact"": true, ""failure_class"": ""NONE""}",0.0,[],"[{""state"": ""DETECT_SOURCE"", ""success"": true, ""message"": ""selected bottle_0 conf=1.00 base=[ 0.339 -0.027  0.12 ] (0 ROI pts)"", ""reason"": ""OK"", ""duration_ms"": 0.2}, {""state"": ""PLAN_PICK"", ""success"": true, ""message"": ""selected preferred_00 direction=0deg margin=0.110rad"", ""reason"": ""OK"", ""duration_ms"": 443.6}, {""state"": ""EXECUTE_PICK"", ""success"": true, ""message"": ""validated motion plan executed"", ""reason"": ""OK"", ""duration_ms"": 167.4}, {""state"": ""VERIFY_GRASP"", ""success"": true, ""message"": ""object lifted 146 mm"", ""reason"": ""OK"", ""duration_ms"": 0.0}]"
x01-y04-r09,sim_gt,bottle,0.34,-0.025,0.3420734284054592,-0.026865238169078112,136.4844049510978,9,IN_DOMAIN,True,,,,,146.4,721.8,0.2,167.3,0.0,0.0,lateral_band,upper,0.0,0.195,0.07500000000000001,0.014839277059546815,0.04691450397423558,"{""candidate_id"": ""preferred_00"", ""direction_deg"": 0.0, ""pre_close_object_xy_shift_mm"": 0.0, ""close_object_xy_shift_mm"": 0.149, ""lift_horizontal_drift_mm"": 1.403, ""lift_height_mm"": 146.376, ""target_contact_geoms"": [""link7/geom:18"", ""link8/geom:20"", ""table/table_top""], ""bilateral_finger_contact"": true, ""failure_class"": ""NONE""}",0.0,[],"[{""state"": ""DETECT_SOURCE"", ""success"": true, ""message"": ""selected bottle_0 conf=1.00 base=[ 0.342 -0.027  0.12 ] (0 ROI pts)"", ""reason"": ""OK"", ""duration_ms"": 0.2}, {""state"": ""PLAN_PICK"", ""success"": true, ""message"": ""selected preferred_00 direction=0deg margin=0.120rad"", ""reason"": ""OK"", ""duration_ms"": 554.3}, {""state"": ""EXECUTE_PICK"", ""success"": true, ""message"": ""validated motion plan executed"", ""reason"": ""OK"", ""duration_ms"": 167.3}, {""state"": ""VERIFY_GRASP"", ""success"": true, ""message"": ""object lifted 146 mm"", ""reason"": ""OK"", ""duration_ms"": 0.0}]"
x01-y04-r10,sim_gt,bottle,0.34,-0.025,0.340330036802448,-0.024379217012783824,292.7381116958437,10,IN_DOMAIN,True,,,,,146.4,617.2,0.2,171.4,0.0,0.0,lateral_band,upper,0.0,0.195,0.07500000000000001,0.013949605521184578,0.04453163585048744,"{""candidate_id"": ""preferred_00"", ""direction_deg"": 0.0, ""pre_close_object_xy_shift_mm"": 0.0, ""close_object_xy_shift_mm"": 0.148, ""lift_horizontal_drift_mm"": 1.41, ""lift_height_mm"": 146.39, ""target_contact_geoms"": [""link7/geom:18"", ""link8/geom:20"", ""table/table_top""], ""bilateral_finger_contact"": true, ""failure_class"": ""NONE""}",0.0,[],"[{""state"": ""DETECT_SOURCE"", ""success"": true, ""message"": ""selected bottle_0 conf=1.00 base=[ 0.34  -0.024  0.12 ] (0 ROI pts)"", ""reason"": ""OK"", ""duration_ms"": 0.2}, {""state"": ""PLAN_PICK"", ""success"": true, ""message"": ""selected preferred_00 direction=0deg margin=0.113rad"", ""reason"": ""OK"", ""duration_ms"": 445.6}, {""state"": ""EXECUTE_PICK"", ""success"": true, ""message"": ""validated motion plan executed"", ""reason"": ""OK"", ""duration_ms"": 171.4}, {""state"": ""VERIFY_GRASP"", ""success"": true, ""message"": ""object lifted 146 mm"", ""reason"": ""OK"", ""duration_ms"": 0.0}]"
x01-y05-r01,sim_gt,bottle,0.34,0.02,0.3414466466678482,0.019999,83.04342976197468,1,IN_DOMAIN,True,,,,,146.0,588.9,0.2,164.4,0.0,0.0,lateral_band,upper,0.0,0.195,0.07500000000000001,0.01134424235371243,0.037954244227333546,"{""candidate_id"": ""preferred_00"", ""direction_deg"": 0.0, ""pre_close_object_xy_shift_mm"": 0.0, ""close_object_xy_shift_mm"": 0.19, ""lift_horizontal_drift_mm"": 3.452, ""lift_height_mm"": 146.018, ""target_contact_geoms"": [""link7/geom:18"", ""link8/geom:20"", ""table/table_top""], ""bilateral_finger_contact"": true, ""failure_class"": ""NONE""}",0.0,[],"[{""state"": ""DETECT_SOURCE"", ""success"": true, ""message"": ""selected bottle_0 conf=1.00 base=[0.341 0.02  0.12 ] (0 ROI pts)"", ""reason"": ""OK"", ""duration_ms"": 0.2}, {""state"": ""PLAN_PICK"", ""success"": true, ""message"": ""selected preferred_00 direction=0deg margin=0.113rad"", ""reason"": ""OK"", ""duration_ms"": 424.3}, {""state"": ""EXECUTE_PICK"", ""success"": true, ""message"": ""validated motion plan executed"", ""reason"": ""OK"", ""duration_ms"": 164.4}, {""state"": ""VERIFY_GRASP"", ""success"": true, ""message"": ""object lifted 146 mm"", ""reason"": ""OK"", ""duration_ms"": 0.0}]"
x01-y05-r02,sim_gt,bottle,0.34,0.02,0.3408333917511364,0.019999,153.80822979001604,2,IN_DOMAIN,True,,,,,146.0,592.0,0.3,167.3,0.0,0.0,lateral_band,upper,0.0,0.195,0.07500000000000001,0.011441288167776837,0.03819167812025025,"{""candidate_id"": ""preferred_00"", ""direction_deg"": 0.0, ""pre_close_object_xy_shift_mm"": 0.0, ""close_object_xy_shift_mm"": 0.19, ""lift_horizontal_drift_mm"": 3.455, ""lift_height_mm"": 146.021, ""target_contact_geoms"": [""link7/geom:18"", ""link8/geom:20"", ""table/table_top""], ""bilateral_finger_contact"": true, ""failure_class"": ""NONE""}",0.0,[],"[{""state"": ""DETECT_SOURCE"", ""success"": true, ""message"": ""selected bottle_0 conf=1.00 base=[0.341 0.02  0.12 ] (0 ROI pts)"", ""reason"": ""OK"", ""duration_ms"": 0.3}, {""state"": ""PLAN_PICK"", ""success"": true, ""message"": ""selected preferred_00 direction=0deg margin=0.111rad"", ""reason"": ""OK"", ""duration_ms"": 424.4}, {""state"": ""EXECUTE_PICK"", ""success"": true, ""message"": ""validated motion plan executed"", ""reason"": ""OK"", ""duration_ms"": 167.3}, {""state"": ""VERIFY_GRASP"", ""success"": true, ""message"": ""object lifted 146 mm"", ""reason"": ""OK"", ""duration_ms"": 0.0}]"
x01-y05-r03,sim_gt,bottle,0.34,0.02,0.33840557883189265,0.017543194525388377,277.2650011908176,3,IN_DOMAIN,True,,,,,146.2,577.8,0.2,168.8,0.0,0.0,lateral_band,upper,0.0,0.195,0.07500000000000001,0.010530098717495582,0.035310269000337915,"{""candidate_id"": ""preferred_00"", ""direction_deg"": 0.0, ""pre_close_object_xy_shift_mm"": 0.0, ""close_object_xy_shift_mm"": 0.191, ""lift_horizontal_drift_mm"": 2.631, ""lift_height_mm"": 146.189, ""target_contact_geoms"": [""link7/geom:18"", ""link8/geom:20"", ""table/table_top""], ""bilateral_finger_contact"": true, ""failure_class"": ""NONE""}",0.0,[],"[{""state"": ""DETECT_SOURCE"", ""success"": true, ""message"": ""selected bottle_0 conf=1.00 base=[0.338 0.018 0.12 ] (0 ROI pts)"", ""reason"": ""OK"", ""duration_ms"": 0.2}, {""state"": ""PLAN_PICK"", ""success"": true, ""message"": ""selected preferred_00 direction=0deg margin=0.102rad"", ""reason"": ""OK"", ""duration_ms"": 408.8}, {""state"": ""EXECUTE_PICK"", ""success"": true, ""message"": ""validated motion plan executed"", ""reason"": ""OK"", ""duration_ms"": 168.8}, {""state"": ""VERIFY_GRASP"", ""success"": true, ""message"": ""object lifted 146 mm"", ""reason"": ""OK"", ""duration_ms"": 0.0}]"
x01-y05-r04,sim_gt,bottle,0.34,0.02,0.34168309153411475,0.0187468691828508,335.9366424796401,4,IN_DOMAIN,True,,,,,146.1,589.3,0.2,165.0,0.0,0.0,lateral_band,upper,0.0,0.195,0.07500000000000001,0.010669181099909095,0.035973126171606605,"{""candidate_id"": ""preferred_00"", ""direction_deg"": 0.0, ""pre_close_object_xy_shift_mm"": 0.0, ""close_object_xy_shift_mm"": 0.191, ""lift_horizontal_drift_mm"": 2.872, ""lift_height_mm"": 146.111, ""target_contact_geoms"": [""link7/geom:18"", ""link8/geom:20"", ""table/table_top""], ""bilateral_finger_contact"": true, ""failure_class"": ""NONE""}",0.0,[],"[{""state"": ""DETECT_SOURCE"", ""success"": true, ""message"": ""selected bottle_0 conf=1.00 base=[0.342 0.019 0.12 ] (0 ROI pts)"", ""reason"": ""OK"", ""duration_ms"": 0.2}, {""state"": ""PLAN_PICK"", ""success"": true, ""message"": ""selected preferred_00 direction=0deg margin=0.113rad"", ""reason"": ""OK"", ""duration_ms"": 424.0}, {""state"": ""EXECUTE_PICK"", ""success"": true, ""message"": ""validated motion plan executed"", ""reason"": ""OK"", ""duration_ms"": 165.0}, {""state"": ""VERIFY_GRASP"", ""success"": true, ""message"": ""object lifted 146 mm"", ""reason"": ""OK"", ""duration_ms"": 0.0}]"
x01-y05-r05,sim_gt,bottle,0.34,0.02,0.34196321825414927,0.019999,231.45893584183668,5,IN_DOMAIN,True,,,,,146.1,571.9,0.2,164.6,0.0,0.0,lateral_band,upper,0.0,0.195,0.07500000000000001,0.01126380412170838,0.03775616844144817,"{""candidate_id"": ""preferred_00"", ""direction_deg"": 0.0, ""pre_close_object_xy_shift_mm"": 0.0, ""close_object_xy_shift_mm"": 0.19, ""lift_horizontal_drift_mm"": 3.265, ""lift_height_mm"": 146.074, ""target_contact_geoms"": [""link7/geom:18"", ""link8/geom:20"", ""table/table_top""], ""bilateral_finger_contact"": true, ""failure_class"": ""NONE""}",0.0,[],"[{""state"": ""DETECT_SOURCE"", ""success"": true, ""message"": ""selected bottle_0 conf=1.00 base=[0.342 0.02  0.12 ] (0 ROI pts)"", ""reason"": ""OK"", ""duration_ms"": 0.2}, {""state"": ""PLAN_PICK"", ""success"": true, ""message"": ""selected preferred_00 direction=0deg margin=0.114rad"", ""reason"": ""OK"", ""duration_ms"": 407.1}, {""state"": ""EXECUTE_PICK"", ""success"": true, ""message"": ""validated motion plan executed"", ""reason"": ""OK"", ""duration_ms"": 164.6}, {""state"": ""VERIFY_GRASP"", ""success"": true, ""message"": ""object lifted 146 mm"", ""reason"": ""OK"", ""duration_ms"": 0.0}]"
x01-y05-r06,sim_gt,bottle,0.34,0.02,0.3390722629711907,0.018834768121056677,49.42322213178261,6,IN_DOMAIN,True,,,,,146.2,578.5,0.3,165.3,0.0,0.0,lateral_band,upper,0.0,0.195,0.07500000000000001,0.011116289682270889,0.03710748311652311,"{""candidate_id"": ""preferred_00"", ""direction_deg"": 0.0, ""pre_close_object_xy_shift_mm"": 0.0, ""close_object_xy_shift_mm"": 0.191, ""lift_horizontal_drift_mm"": 2.86, ""lift_height_mm"": 146.179, ""target_contact_geoms"": [""link7/geom:18"", ""link8/geom:20"", ""table/table_top""], ""bilateral_finger_contact"": true, ""failure_class"": ""NONE""}",0.0,[],"[{""state"": ""DETECT_SOURCE"", ""success"": true, ""message"": ""selected bottle_0 conf=1.00 base=[0.339 0.019 0.12 ] (0 ROI pts)"", ""reason"": ""OK"", ""duration_ms"": 0.3}, {""state"": ""PLAN_PICK"", ""success"": true, ""message"": ""selected preferred_00 direction=0deg margin=0.105rad"", ""reason"": ""OK"", ""duration_ms"": 412.8}, {""state"": ""EXECUTE_PICK"", ""success"": true, ""message"": ""validated motion plan executed"", ""reason"": ""OK"", ""duration_ms"": 165.3}, {""state"": ""VERIFY_GRASP"", ""success"": true, ""message"": ""object lifted 146 mm"", ""reason"": ""OK"", ""duration_ms"": 0.0}]"
x01-y05-r07,sim_gt,bottle,0.34,0.02,0.33862628020820795,0.019999,88.85585135397162,7,IN_DOMAIN,True,,,,,146.2,591.2,0.1,164.7,0.0,0.0,lateral_band,upper,0.0,0.195,0.07500000000000001,0.011805104754051214,0.03906712416866745,"{""candidate_id"": ""preferred_00"", ""direction_deg"": 0.0, ""pre_close_object_xy_shift_mm"": 0.0, ""close_object_xy_shift_mm"": 0.191, ""lift_horizontal_drift_mm"": 3.435, ""lift_height_mm"": 146.235, ""target_contact_geoms"": [""link7/geom:18"", ""link8/geom:20"", ""table/table_top""], ""bilateral_finger_contact"": true, ""failure_class"": ""NONE""}",0.0,[],"[{""state"": ""DETECT_SOURCE"", ""success"": true, ""message"": ""selected bottle_0 conf=1.00 base=[0.339 0.02  0.12 ] (0 ROI pts)"", ""reason"": ""OK"", ""duration_ms"": 0.1}, {""state"": ""PLAN_PICK"", ""success"": true, ""message"": ""selected preferred_00 direction=0deg margin=0.104rad"", ""reason"": ""OK"", ""duration_ms"": 426.3}, {""state"": ""EXECUTE_PICK"", ""success"": true, ""message"": ""validated motion plan executed"", ""reason"": ""OK"", ""duration_ms"": 164.7}, {""state"": ""VERIFY_GRASP"", ""success"": true, ""message"": ""object lifted 146 mm"", ""reason"": ""OK"", ""duration_ms"": 0.0}]"
x01-y05-r08,sim_gt,bottle,0.34,0.02,0.33817541487214514,0.019357309543625103,39.04600194204661,8,IN_DOMAIN,True,,,,,146.2,580.3,0.2,168.7,0.0,0.0,lateral_band,upper,0.0,0.195,0.07500000000000001,0.011541059293005595,0.03827259783822084,"{""candidate_id"": ""preferred_00"", ""direction_deg"": 0.0, ""pre_close_object_xy_shift_mm"": 0.0, ""close_object_xy_shift_mm"": 0.191, ""lift_horizontal_drift_mm"": 3.057, ""lift_height_mm"": 146.184, ""target_contact_geoms"": [""link7/geom:18"", ""link8/geom:20"", ""table/table_top""], ""bilateral_finger_contact"": true, ""failure_class"": ""NONE""}",0.0,[],"[{""state"": ""DETECT_SOURCE"", ""success"": true, ""message"": ""selected bottle_0 conf=1.00 base=[0.338 0.019 0.12 ] (0 ROI pts)"", ""reason"": ""OK"", ""duration_ms"": 0.2}, {""state"": ""PLAN_PICK"", ""success"": true, ""message"": ""selected preferred_00 direction=0deg margin=0.102rad"", ""reason"": ""OK"", ""duration_ms"": 411.4}, {""state"": ""EXECUTE_PICK"", ""success"": true, ""message"": ""validated motion plan executed"", ""reason"": ""OK"", ""duration_ms"": 168.7}, {""state"": ""VERIFY_GRASP"", ""success"": true, ""message"": ""object lifted 146 mm"", ""reason"": ""OK"", ""duration_ms"": 0.0}]"
x01-y05-r09,sim_gt,bottle,0.34,0.02,0.3393665384864278,0.019999,317.85110090873013,9,IN_DOMAIN,True,,,,,146.0,583.5,0.2,168.2,0.0,0.0,lateral_band,upper,0.0,0.195,0.07500000000000001,0.011680477867406823,0.038769812065737264,"{""candidate_id"": ""preferred_00"", ""direction_deg"": 0.0, ""pre_close_object_xy_shift_mm"": 0.0, ""close_object_xy_shift_mm"": 0.19, ""lift_horizontal_drift_mm"": 3.495, ""lift_height_mm"": 146.011, ""target_contact_geoms"": [""link7/geom:18"", ""link8/geom:20"", ""table/table_top""], ""bilateral_finger_contact"": true, ""failure_class"": ""NONE""}",0.0,[],"[{""state"": ""DETECT_SOURCE"", ""success"": true, ""message"": ""selected bottle_0 conf=1.00 base=[0.339 0.02  0.12 ] (0 ROI pts)"", ""reason"": ""OK"", ""duration_ms"": 0.2}, {""state"": ""PLAN_PICK"", ""success"": true, ""message"": ""selected preferred_00 direction=0deg margin=0.106rad"", ""reason"": ""OK"", ""duration_ms"": 415.0}, {""state"": ""EXECUTE_PICK"", ""success"": true, ""message"": ""validated motion plan executed"", ""reason"": ""OK"", ""duration_ms"": 168.2}, {""state"": ""VERIFY_GRASP"", ""success"": true, ""message"": ""object lifted 146 mm"", ""reason"": ""OK"", ""duration_ms"": 0.0}]"
x01-y05-r10,sim_gt,bottle,0.34,0.02,0.34146140238357714,0.019999,280.17747051658904,10,IN_DOMAIN,True,,,,,146.0,575.6,0.2,164.3,0.0,0.0,lateral_band,upper,0.0,0.195,0.07500000000000001,0.011341928116600722,0.037948561681250624,"{""candidate_id"": ""preferred_00"", ""direction_deg"": 0.0, ""pre_close_object_xy_shift_mm"": 0.0, ""close_object_xy_shift_mm"": 0.19, ""lift_horizontal_drift_mm"": 3.354, ""lift_height_mm"": 146.035, ""target_contact_geoms"": [""link7/geom:18"", ""link8/geom:20"", ""table/table_top""], ""bilateral_finger_contact"": true, ""failure_class"": ""NONE""}",0.0,[],"[{""state"": ""DETECT_SOURCE"", ""success"": true, ""message"": ""selected bottle_0 conf=1.00 base=[0.341 0.02  0.12 ] (0 ROI pts)"", ""reason"": ""OK"", ""duration_ms"": 0.2}, {""state"": ""PLAN_PICK"", ""success"": true, ""message"": ""selected preferred_00 direction=0deg margin=0.113rad"", ""reason"": ""OK"", ""duration_ms"": 411.1}, {""state"": ""EXECUTE_PICK"", ""success"": true, ""message"": ""validated motion plan executed"", ""reason"": ""OK"", ""duration_ms"": 164.3}, {""state"": ""VERIFY_GRASP"", ""success"": true, ""message"": ""object lifted 146 mm"", ""reason"": ""OK"", ""duration_ms"": 0.0}]"
x02-y01-r01,sim_gt,bottle,0.36,-0.16,0.36175304589244056,-0.15741698685377162,252.67943777960028,1,IN_DOMAIN,True,,,,,146.4,661.1,0.3,167.8,0.0,321.48370780716374,lateral_band,lower,336.48370780716374,0.195,0.07500000000000001,0.029522447333254317,0.07145886407656311,"{""candidate_id"": ""preferred_00"", ""direction_deg"": 321.48370780716374, ""pre_close_object_xy_shift_mm"": 0.0, ""close_object_xy_shift_mm"": 0.173, ""lift_horizontal_drift_mm"": 0.883, ""lift_height_mm"": 146.373, ""target_contact_geoms"": [""link7/geom:18"", ""link8/geom:20"", ""table/table_top""], ""bilateral_finger_contact"": true, ""failure_class"": ""NONE""}",0.0,[],"[{""state"": ""DETECT_SOURCE"", ""success"": true, ""message"": ""selected bottle_0 conf=1.00 base=[ 0.362 -0.157  0.12 ] (0 ROI pts)"", ""reason"": ""OK"", ""duration_ms"": 0.3}, {""state"": ""PLAN_PICK"", ""success"": true, ""message"": ""selected preferred_00 direction=321deg margin=0.025rad"", ""reason"": ""OK"", ""duration_ms"": 492.9}, {""state"": ""EXECUTE_PICK"", ""success"": true, ""message"": ""validated motion plan executed"", ""reason"": ""OK"", ""duration_ms"": 167.8}, {""state"": ""VERIFY_GRASP"", ""success"": true, ""message"": ""object lifted 146 mm"", ""reason"": ""OK"", ""duration_ms"": 0.0}]"
x02-y01-r02,sim_gt,bottle,0.36,-0.16,0.360404652305664,-0.1625866872461554,51.94530305124959,2,IN_DOMAIN,True,,,,,146.4,676.1,0.2,169.6,0.0,320.71878736246913,lateral_band,lower,335.71878736246913,0.195,0.07500000000000001,0.02947603146628655,0.0713837046084063,"{""candidate_id"": ""preferred_00"", ""direction_deg"": 320.71878736246913, ""pre_close_object_xy_shift_mm"": 0.0, ""close_object_xy_shift_mm"": 0.172, ""lift_horizontal_drift_mm"": 0.887, ""lift_height_mm"": 146.371, ""target_contact_geoms"": [""link7/geom:18"", ""link8/geom:20"", ""table/table_top""], ""bilateral_finger_contact"": true, ""failure_class"": ""NONE""}",0.0,[],"[{""state"": ""DETECT_SOURCE"", ""success"": true, ""message"": ""selected bottle_0 conf=1.00 base=[ 0.36  -0.163  0.12 ] (0 ROI pts)"", ""reason"": ""OK"", ""duration_ms"": 0.2}, {""state"": ""PLAN_PICK"", ""success"": true, ""message"": ""selected preferred_00 direction=321deg margin=0.026rad"", ""reason"": ""OK"", ""duration_ms"": 506.3}, {""state"": ""EXECUTE_PICK"", ""success"": true, ""message"": ""validated motion plan executed"", ""reason"": ""OK"", ""duration_ms"": 169.6}, {""state"": ""VERIFY_GRASP"", ""success"": true, ""message"": ""object lifted 146 mm"", ""reason"": ""OK"", ""duration_ms"": 0.0}]"
x02-y01-r03,sim_gt,bottle,0.36,-0.16,0.3577497821878588,-0.16004549919590008,301.20229640665474,3,IN_DOMAIN,True,,,,,146.4,657.6,0.2,164.1,0.0,320.8978236302677,lateral_band,lower,335.89782363026774,0.195,0.07500000000000001,0.029669082014503162,0.07169138383134334,"{""candidate_id"": ""preferred_00"", ""direction_deg"": 320.8978236302677, ""pre_close_object_xy_shift_mm"": 0.0, ""close_object_xy_shift_mm"": 0.173, ""lift_horizontal_drift_mm"": 0.855, ""lift_height_mm"": 146.393, ""target_contact_geoms"": [""link7/geom:18"", ""link8/geom:20"", ""table/table_top""], ""bilateral_finger_contact"": true, ""failure_class"": ""NONE""}",0.0,[],"[{""state"": ""DETECT_SOURCE"", ""success"": true, ""message"": ""selected bottle_0 conf=1.00 base=[ 0.358 -0.16   0.12 ] (0 ROI pts)"", ""reason"": ""OK"", ""duration_ms"": 0.2}, {""state"": ""PLAN_PICK"", ""success"": true, ""message"": ""selected preferred_00 direction=321deg margin=0.022rad"", ""reason"": ""OK"", ""duration_ms"": 493.3}, {""state"": ""EXECUTE_PICK"", ""success"": true, ""message"": ""validated motion plan executed"", ""reason"": ""OK"", ""duration_ms"": 164.1}, {""state"": ""VERIFY_GRASP"", ""success"": true, ""message"": ""object lifted 146 mm"", ""reason"": ""OK"", ""duration_ms"": 0.0}]"
x02-y01-r04,sim_gt,bottle,0.36,-0.16,0.36125476379098287,-0.16002505617015722,9.536625453096157,4,IN_DOMAIN,True,,,,,146.4,651.4,0.3,164.0,0.0,321.10808749265044,lateral_band,lower,336.10808749265044,0.195,0.07500000000000001,0.029490429756878333,0.07140710322898008,"{""candidate_id"": ""preferred_00"", ""direction_deg"": 321.10808749265044, ""pre_close_object_xy_shift_mm"": 0.0, ""close_object_xy_shift_mm"": 0.172, ""lift_horizontal_drift_mm"": 0.886, ""lift_height_mm"": 146.373, ""target_contact_geoms"": [""link7/geom:18"", ""link8/geom:20"", ""table/table_top""], ""bilateral_finger_contact"": true, ""failure_class"": ""NONE""}",0.0,[],"[{""state"": ""DETECT_SOURCE"", ""success"": true, ""message"": ""selected bottle_0 conf=1.00 base=[ 0.361 -0.16   0.12 ] (0 ROI pts)"", ""reason"": ""OK"", ""duration_ms"": 0.3}, {""state"": ""PLAN_PICK"", ""success"": true, ""message"": ""selected preferred_00 direction=321deg margin=0.026rad"", ""reason"": ""OK"", ""duration_ms"": 487.1}, {""state"": ""EXECUTE_PICK"", ""success"": true, ""message"": ""validated motion plan executed"", ""reason"": ""OK"", ""duration_ms"": 164.0}, {""state"": ""VERIFY_GRASP"", ""success"": true, ""message"": ""object lifted 146 mm"", ""reason"": ""OK"", ""duration_ms"": 0.0}]"
x02-y01-r05,sim_gt,bottle,0.36,-0.16,0.3628566250207693,-0.1619965288759551,53.19108346326496,5,IN_DOMAIN,True,,,,,146.4,640.0,0.1,164.4,0.0,320.94172971173214,lateral_band,lower,335.9417297117321,0.195,0.07500000000000001,0.029372534696288113,0.07121319049172568,"{""candidate_id"": ""preferred_00"", ""direction_deg"": 320.94172971173214, ""pre_close_object_xy_shift_mm"": 0.0, ""close_object_xy_shift_mm"": 0.171, ""lift_horizontal_drift_mm"": 0.918, ""lift_height_mm"": 146.388, ""target_contact_geoms"": [""link7/geom:18"", ""link8/geom:20"", ""table/table_top""], ""bilateral_finger_contact"": true, ""failure_class"": ""NONE""}",0.0,[],"[{""state"": ""DETECT_SOURCE"", ""success"": true, ""message"": ""selected bottle_0 conf=1.00 base=[ 0.363 -0.162  0.12 ] (0 ROI pts)"", ""reason"": ""OK"", ""duration_ms"": 0.1}, {""state"": ""PLAN_PICK"", ""success"": true, ""message"": ""selected preferred_00 direction=321deg margin=0.029rad"", ""reason"": ""OK"", ""duration_ms"": 475.4}, {""state"": ""EXECUTE_PICK"", ""success"": true, ""message"": ""validated motion plan executed"", ""reason"": ""OK"", ""duration_ms"": 164.4}, {""state"": ""VERIFY_GRASP"", ""success"": true, ""message"": ""object lifted 146 mm"", ""reason"": ""OK"", ""duration_ms"": 0.0}]"
x02-y01-r06,sim_gt,bottle,0.36,-0.16,0.3601251637692484,-0.15722439255879705,140.55225581024726,6,IN_DOMAIN,True,,,,,146.4,646.3,0.3,164.5,0.0,321.41475457076837,lateral_band,lower,336.41475457076837,0.195,0.07500000000000001,0.029609722294904314,0.07159812607363228,"{""candidate_id"": ""preferred_00"", ""direction_deg"": 321.41475457076837, ""pre_close_object_xy_shift_mm"": 0.0, ""close_object_xy_shift_mm"": 0.173, ""lift_horizontal_drift_mm"": 0.858, ""lift_height_mm"": 146.389, ""target_contact_geoms"": [""link7/geom:18"", ""link8/geom:20"", ""table/table_top""], ""bilateral_finger_contact"": true, ""failure_class"": ""NONE""}",0.0,[],"[{""state"": ""DETECT_SOURCE"", ""success"": true, ""message"": ""selected bottle_0 conf=1.00 base=[ 0.36  -0.157  0.12 ] (0 ROI pts)"", ""reason"": ""OK"", ""duration_ms"": 0.3}, {""state"": ""PLAN_PICK"", ""success"": true, ""message"": ""selected preferred_00 direction=321deg margin=0.023rad"", ""reason"": ""OK"", ""duration_ms"": 481.6}, {""state"": ""EXECUTE_PICK"", ""success"": true, ""message"": ""validated motion plan executed"", ""reason"": ""OK"", ""duration_ms"": 164.5}, {""state"": ""VERIFY_GRASP"", ""success"": true, ""message"": ""object lifted 146 mm"", ""reason"": ""OK"", ""duration_ms"": 0.0}]"
x02-y01-r07,sim_gt,bottle,0.36,-0.16,0.36297151120368015,-0.15718185352489555,229.45899193312894,7,IN_DOMAIN,True,,,,,146.4,653.9,0.1,167.6,0.0,321.5853663457739,lateral_band,lower,336.5853663457739,0.195,0.07500000000000001,0.029467396923359566,0.07136963583226306,"{""candidate_id"": ""preferred_00"", ""direction_deg"": 321.5853663457739, ""pre_close_object_xy_shift_mm"": 0.0, ""close_object_xy_shift_mm"": 0.172, ""lift_horizontal_drift_mm"": 0.913, ""lift_height_mm"": 146.391, ""target_contact_geoms"": [""link7/geom:18"", ""link8/geom:20"", ""table/table_top""], ""bilateral_finger_contact"": true, ""failure_class"": ""NONE""}",0.0,[],"[{""state"": ""DETECT_SOURCE"", ""success"": true, ""message"": ""selected bottle_0 conf=1.00 base=[ 0.363 -0.157  0.12 ] (0 ROI pts)"", ""reason"": ""OK"", ""duration_ms"": 0.1}, {""state"": ""PLAN_PICK"", ""success"": true, ""message"": ""selected preferred_00 direction=322deg margin=0.026rad"", ""reason"": ""OK"", ""duration_ms"": 486.1}, {""state"": ""EXECUTE_PICK"", ""success"": true, ""message"": ""validated motion plan executed"", ""reason"": ""OK"", ""duration_ms"": 167.6}, {""state"": ""VERIFY_GRASP"", ""success"": true, ""message"": ""object lifted 146 mm"", ""reason"": ""OK"", ""duration_ms"": 0.0}]"
x02-y01-r08,sim_gt,bottle,0.36,-0.16,0.36162811398856265,-0.15729611221999498,213.26447258889024,8,IN_DOMAIN,True,,,,,146.3,667.6,0.2,167.5,0.0,321.492568470869,lateral_band,lower,336.492568470869,0.195,0.07500000000000001,0.02953133575087015,0.07147316818003556,"{""candidate_id"": ""preferred_00"", ""direction_deg"": 321.492568470869, ""pre_close_object_xy_shift_mm"": 0.0, ""close_object_xy_shift_mm"": 0.172, ""lift_horizontal_drift_mm"": 0.824, ""lift_height_mm"": 146.292, ""target_contact_geoms"": [""link7/geom:18"", ""link8/geom:20"", ""table/table_top""], ""bilateral_finger_contact"": true, ""failure_class"": ""NONE""}",0.0,[],"[{""state"": ""DETECT_SOURCE"", ""success"": true, ""message"": ""selected bottle_0 conf=1.00 base=[ 0.362 -0.157  0.12 ] (0 ROI pts)"", ""reason"": ""OK"", ""duration_ms"": 0.2}, {""state"": ""PLAN_PICK"", ""success"": true, ""message"": ""selected preferred_00 direction=321deg margin=0.025rad"", ""reason"": ""OK"", ""duration_ms"": 499.8}, {""state"": ""EXECUTE_PICK"", ""success"": true, ""message"": ""validated motion plan executed"", ""reason"": ""OK"", ""duration_ms"": 167.5}, {""state"": ""VERIFY_GRASP"", ""success"": true, ""message"": ""object lifted 146 mm"", ""reason"": ""OK"", ""duration_ms"": 0.0}]"
x02-y01-r09,sim_gt,bottle,0.36,-0.16,0.36284549681491396,-0.16182055673144075,297.1636745768468,9,IN_DOMAIN,True,,,,,146.4,666.0,0.3,168.0,0.0,320.96424939931427,lateral_band,lower,335.96424939931427,0.195,0.07500000000000001,0.02937667211429711,0.07122008792670863,"{""candidate_id"": ""preferred_00"", ""direction_deg"": 320.96424939931427, ""pre_close_object_xy_shift_mm"": 0.0, ""close_object_xy_shift_mm"": 0.171, ""lift_horizontal_drift_mm"": 0.918, ""lift_height_mm"": 146.39, ""target_contact_geoms"": [""link7/geom:18"", ""link8/geom:20"", ""table/table_top""], ""bilateral_finger_contact"": true, ""failure_class"": ""NONE""}",0.0,[],"[{""state"": ""DETECT_SOURCE"", ""success"": true, ""message"": ""selected bottle_0 conf=1.00 base=[ 0.363 -0.162  0.12 ] (0 ROI pts)"", ""reason"": ""OK"", ""duration_ms"": 0.3}, {""state"": ""PLAN_PICK"", ""success"": true, ""message"": ""selected preferred_00 direction=321deg margin=0.029rad"", ""reason"": ""OK"", ""duration_ms"": 497.7}, {""state"": ""EXECUTE_PICK"", ""success"": true, ""message"": ""validated motion plan executed"", ""reason"": ""OK"", ""duration_ms"": 168.0}, {""state"": ""VERIFY_GRASP"", ""success"": true, ""message"": ""object lifted 146 mm"", ""reason"": ""OK"", ""duration_ms"": 0.0}]"
x02-y01-r10,sim_gt,bottle,0.36,-0.16,0.35842205304148134,-0.15752002053088132,123.31044033797488,10,IN_DOMAIN,True,,,,,146.4,659.8,0.3,163.9,0.0,321.27537775424565,lateral_band,lower,336.27537775424565,0.195,0.07500000000000001,0.029693047494157777,0.07172871391343918,"{""candidate_id"": ""preferred_00"", ""direction_deg"": 321.27537775424565, ""pre_close_object_xy_shift_mm"": 0.0, ""close_object_xy_shift_mm"": 0.173, ""lift_horizontal_drift_mm"": 0.854, ""lift_height_mm"": 146.392, ""target_contact_geoms"": [""link7/geom:18"", ""link8/geom:20"", ""table/table_top""], ""bilateral_finger_contact"": true, ""failure_class"": ""NONE""}",0.0,[],"[{""state"": ""DETECT_SOURCE"", ""success"": true, ""message"": ""selected bottle_0 conf=1.00 base=[ 0.358 -0.158  0.12 ] (0 ROI pts)"", ""reason"": ""OK"", ""duration_ms"": 0.3}, {""state"": ""PLAN_PICK"", ""success"": true, ""message"": ""selected preferred_00 direction=321deg margin=0.022rad"", ""reason"": ""OK"", ""duration_ms"": 495.6}, {""state"": ""EXECUTE_PICK"", ""success"": true, ""message"": ""validated motion plan executed"", ""reason"": ""OK"", ""duration_ms"": 163.9}, {""state"": ""VERIFY_GRASP"", ""success"": true, ""message"": ""object lifted 146 mm"", ""reason"": ""OK"", ""duration_ms"": 0.0}]"
x02-y02-r01,sim_gt,bottle,0.36,-0.115,0.35877178539109517,-0.11356984147656345,254.33746039916034,1,IN_DOMAIN,True,,,,,146.5,679.1,0.2,162.9,0.0,327.4347245697158,lateral_band,lower,342.4347245697158,0.195,0.07500000000000001,0.030771276914503123,0.07325532779656214,"{""candidate_id"": ""preferred_00"", ""direction_deg"": 327.4347245697158, ""pre_close_object_xy_shift_mm"": 0.0, ""close_object_xy_shift_mm"": 0.176, ""lift_horizontal_drift_mm"": 0.852, ""lift_height_mm"": 146.488, ""target_contact_geoms"": [""link7/geom:18"", ""link8/geom:20"", ""table/table_top""], ""bilateral_finger_contact"": true, ""failure_class"": ""NONE""}",0.0,[],"[{""state"": ""DETECT_SOURCE"", ""success"": true, ""message"": ""selected bottle_0 conf=1.00 base=[ 0.359 -0.114  0.12 ] (0 ROI pts)"", ""reason"": ""OK"", ""duration_ms"": 0.2}, {""state"": ""PLAN_PICK"", ""success"": true, ""message"": ""selected preferred_00 direction=327deg margin=0.004rad"", ""reason"": ""OK"", ""duration_ms"": 516.1}, {""state"": ""EXECUTE_PICK"", ""success"": true, ""message"": ""validated motion plan executed"", ""reason"": ""OK"", ""duration_ms"": 162.9}, {""state"": ""VERIFY_GRASP"", ""success"": true, ""message"": ""object lifted 146 mm"", ""reason"": ""OK"", ""duration_ms"": 0.0}]"
x02-y02-r02,sim_gt,bottle,0.36,-0.115,0.3622657387859737,-0.11444242922944671,295.11122199350416,2,IN_DOMAIN,True,,,,,146.4,643.3,0.3,162.8,0.0,327.46828665339103,lateral_band,lower,342.46828665339103,0.195,0.07500000000000001,0.030481134750322932,0.07286999658877143,"{""candidate_id"": ""preferred_00"", ""direction_deg"": 327.46828665339103, ""pre_close_object_xy_shift_mm"": 0.0, ""close_object_xy_shift_mm"": 0.176, ""lift_horizontal_drift_mm"": 0.801, ""lift_height_mm"": 146.423, ""target_contact_geoms"": [""link7/geom:18"", ""link8/geom:20"", ""table/table_top""], ""bilateral_finger_contact"": true, ""failure_class"": ""NONE""}",0.0,[],"[{""state"": ""DETECT_SOURCE"", ""success"": true, ""message"": ""selected bottle_0 conf=1.00 base=[ 0.362 -0.114  0.12 ] (0 ROI pts)"", ""reason"": ""OK"", ""duration_ms"": 0.3}, {""state"": ""PLAN_PICK"", ""success"": true, ""message"": ""selected preferred_00 direction=327deg margin=0.008rad"", ""reason"": ""OK"", ""duration_ms"": 480.2}, {""state"": ""EXECUTE_PICK"", ""success"": true, ""message"": ""validated motion plan executed"", ""reason"": ""OK"", ""duration_ms"": 162.8}, {""state"": ""VERIFY_GRASP"", ""success"": true, ""message"": ""object lifted 146 mm"", ""reason"": ""OK"", ""duration_ms"": 0.0}]"
x02-y02-r03,sim_gt,bottle,0.36,-0.115,0.3614252729918775,-0.11300951907480404,77.33715963921858,3,IN_DOMAIN,True,,,,,146.4,654.3,0.2,166.1,0.0,327.63671464788104,lateral_band,lower,342.63671464788104,0.195,0.07500000000000001,0.030577941589902527,0.07300037388272512,"{""candidate_id"": ""preferred_00"", ""direction_deg"": 327.63671464788104, ""pre_close_object_xy_shift_mm"": 0.0, ""close_object_xy_shift_mm"": 0.176, ""lift_horizontal_drift_mm"": 0.799, ""lift_height_mm"": 146.422, ""target_contact_geoms"": [""link7/geom:18"", ""link8/geom:20"", ""table/table_top""], ""bilateral_finger_contact"": true, ""failure_class"": ""NONE""}",0.0,[],"[{""state"": ""DETECT_SOURCE"", ""success"": true, ""message"": ""selected bottle_0 conf=1.00 base=[ 0.361 -0.113  0.12 ] (0 ROI pts)"", ""reason"": ""OK"", ""duration_ms"": 0.2}, {""state"": ""PLAN_PICK"", ""success"": true, ""message"": ""selected preferred_00 direction=328deg margin=0.007rad"", ""reason"": ""OK"", ""duration_ms"": 488.1}, {""state"": ""EXECUTE_PICK"", ""success"": true, ""message"": ""validated motion plan executed"", ""reason"": ""OK"", ""duration_ms"": 166.1}, {""state"": ""VERIFY_GRASP"", ""success"": true, ""message"": ""object lifted 146 mm"", ""reason"": ""OK"", ""duration_ms"": 0.0}]"
x02-y02-r04,sim_gt,bottle,0.36,-0.115,0.36013771271209843,-0.11231674053349221,97.13119947698853,4,IN_DOMAIN,True,,,,,146.5,656.5,0.2,163.2,0.0,327.678780089054,lateral_band,lower,342.678780089054,0.195,0.07500000000000001,0.03069419775611675,0.0731545246614616,"{""candidate_id"": ""preferred_00"", ""direction_deg"": 327.678780089054, ""pre_close_object_xy_shift_mm"": 0.0, ""close_object_xy_shift_mm"": 0.176, ""lift_horizontal_drift_mm"": 0.856, ""lift_height_mm"": 146.485, ""target_contact_geoms"": [""link7/geom:18"", ""link8/geom:20"", ""table/table_top""], ""bilateral_finger_contact"": true, ""failure_class"": ""NONE""}",0.0,[],"[{""state"": ""DETECT_SOURCE"", ""success"": true, ""message"": ""selected bottle_0 conf=1.00 base=[ 0.36  -0.112  0.12 ] (0 ROI pts)"", ""reason"": ""OK"", ""duration_ms"": 0.2}, {""state"": ""PLAN_PICK"", ""success"": true, ""message"": ""selected preferred_00 direction=328deg margin=0.005rad"", ""reason"": ""OK"", ""duration_ms"": 493.0}, {""state"": ""EXECUTE_PICK"", ""success"": true, ""message"": ""validated motion plan executed"", ""reason"": ""OK"", ""duration_ms"": 163.2}, {""state"": ""VERIFY_GRASP"", ""success"": true, ""message"": ""object lifted 146 mm"", ""reason"": ""OK"", ""duration_ms"": 0.0}]"
x02-y02-r05,sim_gt,bottle,0.36,-0.115,0.35786084096218046,-0.11522134781358657,319.16045212275304,5,IN_DOMAIN,True,,,,,146.5,669.8,0.3,164.9,0.0,327.1528675520655,lateral_band,lower,342.1528675520655,0.195,0.07500000000000001,0.030802085036566954,0.07329531483125075,"{""candidate_id"": ""preferred_00"", ""direction_deg"": 327.1528675520655, ""pre_close_object_xy_shift_mm"": 0.0, ""close_object_xy_shift_mm"": 0.176, ""lift_horizontal_drift_mm"": 0.85, ""lift_height_mm"": 146.488, ""target_contact_geoms"": [""link7/geom:18"", ""link8/geom:20"", ""table/table_top""], ""bilateral_finger_contact"": true, ""failure_class"": ""NONE""}",0.0,[],"[{""state"": ""DETECT_SOURCE"", ""success"": true, ""message"": ""selected bottle_0 conf=1.00 base=[ 0.358 -0.115  0.12 ] (0 ROI pts)"", ""reason"": ""OK"", ""duration_ms"": 0.3}, {""state"": ""PLAN_PICK"", ""success"": true, ""message"": ""selected preferred_00 direction=327deg margin=0.004rad"", ""reason"": ""OK"", ""duration_ms"": 504.6}, {""state"": ""EXECUTE_PICK"", ""success"": true, ""message"": ""validated motion plan executed"", ""reason"": ""OK"", ""duration_ms"": 164.9}, {""state"": ""VERIFY_GRASP"", ""success"": true, ""message"": ""object lifted 146 mm"", ""reason"": ""OK"", ""duration_ms"": 0.0}]"
x02-y02-r06,sim_gt,bottle,0.36,-0.115,0.3573491596901658,-0.11515817687698705,294.66622195751216,6,IN_DOMAIN,True,,,,,146.5,699.9,0.2,168.5,0.0,327.1381127872604,lateral_band,lower,342.13811278726047,0.195,0.07500000000000001,0.030845177231166625,0.07335096058854741,"{""candidate_id"": ""preferred_00"", ""direction_deg"": 327.1381127872604, ""pre_close_object_xy_shift_mm"": 0.0, ""close_object_xy_shift_mm"": 0.176, ""lift_horizontal_drift_mm"": 0.849, ""lift_height_mm"": 146.491, ""target_contact_geoms"": [""link7/geom:18"", ""link8/geom:20"", ""table/table_top""], ""bilateral_finger_contact"": true, ""failure_class"": ""NONE""}",0.0,[],"[{""state"": ""DETECT_SOURCE"", ""success"": true, ""message"": ""selected bottle_0 conf=1.00 base=[ 0.357 -0.115  0.12 ] (0 ROI pts)"", ""reason"": ""OK"", ""duration_ms"": 0.2}, {""state"": ""PLAN_PICK"", ""success"": true, ""message"": ""selected preferred_00 direction=327deg margin=0.003rad"", ""reason"": ""OK"", ""duration_ms"": 531.2}, {""state"": ""EXECUTE_PICK"", ""success"": true, ""message"": ""validated motion plan executed"", ""reason"": ""OK"", ""duration_ms"": 168.5}, {""state"": ""VERIFY_GRASP"", ""success"": true, ""message"": ""object lifted 146 mm"", ""reason"": ""OK"", ""duration_ms"": 0.0}]"
x02-y02-r07,sim_gt,bottle,0.36,-0.115,0.3607397033883937,-0.11310356392606148,193.9773257045762,7,IN_DOMAIN,True,,,,,146.4,679.9,0.2,168.2,0.0,327.59210397798904,lateral_band,lower,342.59210397798904,0.195,0.07500000000000001,0.030628196403405465,0.07306732729968358,"{""candidate_id"": ""preferred_00"", ""direction_deg"": 327.59210397798904, ""pre_close_object_xy_shift_mm"": 0.0, ""close_object_xy_shift_mm"": 0.176, ""lift_horizontal_drift_mm"": 0.798, ""lift_height_mm"": 146.417, ""target_contact_geoms"": [""link7/geom:18"", ""link8/geom:20"", ""table/table_top""], ""bilateral_finger_contact"": true, ""failure_class"": ""NONE""}",0.0,[],"[{""state"": ""DETECT_SOURCE"", ""success"": true, ""message"": ""selected bottle_0 conf=1.00 base=[ 0.361 -0.113  0.12 ] (0 ROI pts)"", ""reason"": ""OK"", ""duration_ms"": 0.2}, {""state"": ""PLAN_PICK"", ""success"": true, ""message"": ""selected preferred_00 direction=328deg margin=0.006rad"", ""reason"": ""OK"", ""duration_ms"": 511.4}, {""state"": ""EXECUTE_PICK"", ""success"": true, ""message"": ""validated motion plan executed"", ""reason"": ""OK"", ""duration_ms"": 168.2}, {""state"": ""VERIFY_GRASP"", ""success"": true, ""message"": ""object lifted 146 mm"", ""reason"": ""OK"", ""duration_ms"": 0.0}]"
x02-y02-r08,sim_gt,bottle,0.36,-0.115,0.3582714361027255,-0.11661480826660103,163.42849655874588,8,IN_DOMAIN,True,,,,,146.5,672.3,0.2,165.9,0.0,326.97029523281765,lateral_band,lower,341.97029523281765,0.195,0.07500000000000001,0.03073332527429584,0.07320583187918778,"{""candidate_id"": ""preferred_00"", ""direction_deg"": 326.97029523281765, ""pre_close_object_xy_shift_mm"": 0.0, ""close_object_xy_shift_mm"": 0.176, ""lift_horizontal_drift_mm"": 0.856, ""lift_height_mm"": 146.465, ""target_contact_geoms"": [""link7/geom:18"", ""link8/geom:20"", ""table/table_top""], ""bilateral_finger_contact"": true, ""failure_class"": ""NONE""}",0.0,[],"[{""state"": ""DETECT_SOURCE"", ""success"": true, ""message"": ""selected bottle_0 conf=1.00 base=[ 0.358 -0.117  0.12 ] (0 ROI pts)"", ""reason"": ""OK"", ""duration_ms"": 0.2}, {""state"": ""PLAN_PICK"", ""success"": true, ""message"": ""selected preferred_00 direction=327deg margin=0.005rad"", ""reason"": ""OK"", ""duration_ms"": 506.2}, {""state"": ""EXECUTE_PICK"", ""success"": true, ""message"": ""validated motion plan executed"", ""reason"": ""OK"", ""duration_ms"": 165.9}, {""state"": ""VERIFY_GRASP"", ""success"": true, ""message"": ""object lifted 146 mm"", ""reason"": ""OK"", ""duration_ms"": 0.0}]"
x02-y02-r09,sim_gt,bottle,0.36,-0.115,0.3593283092308981,-0.11733636384711713,106.02004165724013,9,IN_DOMAIN,True,,,,,146.4,666.2,0.2,166.9,0.0,326.9158755766336,lateral_band,lower,341.9158755766336,0.195,0.07500000000000001,0.030632569875067975,0.07307313091348219,"{""candidate_id"": ""preferred_00"", ""direction_deg"": 326.9158755766336, ""pre_close_object_xy_shift_mm"": 0.0, ""close_object_xy_shift_mm"": 0.176, ""lift_horizontal_drift_mm"": 0.799, ""lift_height_mm"": 146.423, ""target_contact_geoms"": [""link7/geom:18"", ""link8/geom:20"", ""table/table_top""], ""bilateral_finger_contact"": true, ""failure_class"": ""NONE""}",0.0,[],"[{""state"": ""DETECT_SOURCE"", ""success"": true, ""message"": ""selected bottle_0 conf=1.00 base=[ 0.359 -0.117  0.12 ] (0 ROI pts)"", ""reason"": ""OK"", ""duration_ms"": 0.2}, {""state"": ""PLAN_PICK"", ""success"": true, ""message"": ""selected preferred_00 direction=327deg margin=0.006rad"", ""reason"": ""OK"", ""duration_ms"": 499.1}, {""state"": ""EXECUTE_PICK"", ""success"": true, ""message"": ""validated motion plan executed"", ""reason"": ""OK"", ""duration_ms"": 166.9}, {""state"": ""VERIFY_GRASP"", ""success"": true, ""message"": ""object lifted 146 mm"", ""reason"": ""OK"", ""duration_ms"": 0.0}]"
x02-y02-r10,sim_gt,bottle,0.36,-0.115,0.36047554369929025,-0.11359341564656107,236.18568091936783,10,IN_DOMAIN,True,,,,,146.4,663.8,0.2,163.9,0.0,327.50926503142296,lateral_band,lower,342.50926503142296,0.195,0.07500000000000001,0.030636702945383586,0.07307861214588884,"{""candidate_id"": ""preferred_00"", ""direction_deg"": 327.50926503142296, ""pre_close_object_xy_shift_mm"": 0.0, ""close_object_xy_shift_mm"": 0.176, ""lift_horizontal_drift_mm"": 0.798, ""lift_height_mm"": 146.427, ""target_contact_geoms"": [""link7/geom:18"", ""link8/geom:20"", ""table/table_top""], ""bilateral_finger_contact"": true, ""failure_class"": ""NONE""}",0.0,[],"[{""state"": ""DETECT_SOURCE"", ""success"": true, ""message"": ""selected bottle_0 conf=1.00 base=[ 0.36  -0.114  0.12 ] (0 ROI pts)"", ""reason"": ""OK"", ""duration_ms"": 0.2}, {""state"": ""PLAN_PICK"", ""success"": true, ""message"": ""selected preferred_00 direction=328deg margin=0.006rad"", ""reason"": ""OK"", ""duration_ms"": 499.7}, {""state"": ""EXECUTE_PICK"", ""success"": true, ""message"": ""validated motion plan executed"", ""reason"": ""OK"", ""duration_ms"": 163.9}, {""state"": ""VERIFY_GRASP"", ""success"": true, ""message"": ""object lifted 146 mm"", ""reason"": ""OK"", ""duration_ms"": 0.0}]"
x02-y03-r01,sim_gt,bottle,0.36,-0.07,0.3585900434221692,-0.07277402092472247,117.22076788337411,1,IN_DOMAIN,True,,,,,146.2,729.1,0.3,168.5,0.0,0.0,lateral_band,upper,0.0,0.195,0.07500000000000001,0.02701282164080408,0.06960380142639,"{""candidate_id"": ""preferred_00"", ""direction_deg"": 0.0, ""pre_close_object_xy_shift_mm"": 0.0, ""close_object_xy_shift_mm"": 0.142, ""lift_horizontal_drift_mm"": 0.85, ""lift_height_mm"": 146.161, ""target_contact_geoms"": [""link7/geom:18"", ""link8/geom:20"", ""table/table_top""], ""bilateral_finger_contact"": true, ""failure_class"": ""NONE""}",0.0,[],"[{""state"": ""DETECT_SOURCE"", ""success"": true, ""message"": ""selected bottle_0 conf=1.00 base=[ 0.359 -0.073  0.12 ] (0 ROI pts)"", ""reason"": ""OK"", ""duration_ms"": 0.3}, {""state"": ""PLAN_PICK"", ""success"": true, ""message"": ""selected preferred_00 direction=0deg margin=0.038rad"", ""reason"": ""OK"", ""duration_ms"": 560.3}, {""state"": ""EXECUTE_PICK"", ""success"": true, ""message"": ""validated motion plan executed"", ""reason"": ""OK"", ""duration_ms"": 168.5}, {""state"": ""VERIFY_GRASP"", ""success"": true, ""message"": ""object lifted 146 mm"", ""reason"": ""OK"", ""duration_ms"": 0.0}]"
x02-y03-r02,sim_gt,bottle,0.36,-0.07,0.3584049978895887,-0.06705687793465484,352.2100374410097,2,IN_DOMAIN,True,,,,,146.2,717.2,0.3,165.1,0.0,0.0,lateral_band,upper,0.0,0.195,0.07500000000000001,0.025659577639615308,0.06786081030515785,"{""candidate_id"": ""preferred_00"", ""direction_deg"": 0.0, ""pre_close_object_xy_shift_mm"": 0.0, ""close_object_xy_shift_mm"": 0.144, ""lift_horizontal_drift_mm"": 1.161, ""lift_height_mm"": 146.249, ""target_contact_geoms"": [""link7/geom:18"", ""link8/geom:20"", ""table/table_top""], ""bilateral_finger_contact"": true, ""failure_class"": ""NONE""}",0.0,[],"[{""state"": ""DETECT_SOURCE"", ""success"": true, ""message"": ""selected bottle_0 conf=1.00 base=[ 0.358 -0.067  0.12 ] (0 ROI pts)"", ""reason"": ""OK"", ""duration_ms"": 0.3}, {""state"": ""PLAN_PICK"", ""success"": true, ""message"": ""selected preferred_00 direction=0deg margin=0.048rad"", ""reason"": ""OK"", ""duration_ms"": 551.8}, {""state"": ""EXECUTE_PICK"", ""success"": true, ""message"": ""validated motion plan executed"", ""reason"": ""OK"", ""duration_ms"": 165.1}, {""state"": ""VERIFY_GRASP"", ""success"": true, ""message"": ""object lifted 146 mm"", ""reason"": ""OK"", ""duration_ms"": 0.0}]"
x02-y03-r03,sim_gt,bottle,0.36,-0.07,0.3614966899999865,-0.0726486250637435,99.20139492158076,3,IN_DOMAIN,True,,,,,146.2,717.6,0.3,165.2,0.0,0.0,lateral_band,upper,0.0,0.195,0.07500000000000001,0.026533167341010758,0.06894551720414757,"{""candidate_id"": ""preferred_00"", ""direction_deg"": 0.0, ""pre_close_object_xy_shift_mm"": 0.0, ""close_object_xy_shift_mm"": 0.142, ""lift_horizontal_drift_mm"": 0.861, ""lift_height_mm"": 146.156, ""target_contact_geoms"": [""link7/geom:18"", ""link8/geom:20"", ""table/table_top""], ""bilateral_finger_contact"": true, ""failure_class"": ""NONE""}",0.0,[],"[{""state"": ""DETECT_SOURCE"", ""success"": true, ""message"": ""selected bottle_0 conf=1.00 base=[ 0.361 -0.073  0.12 ] (0 ROI pts)"", ""reason"": ""OK"", ""duration_ms"": 0.3}, {""state"": ""PLAN_PICK"", ""success"": true, ""message"": ""selected preferred_00 direction=0deg margin=0.041rad"", ""reason"": ""OK"", ""duration_ms"": 552.1}, {""state"": ""EXECUTE_PICK"", ""success"": true, ""message"": ""validated motion plan executed"", ""reason"": ""OK"", ""duration_ms"": 165.2}, {""state"": ""VERIFY_GRASP"", ""success"": true, ""message"": ""object lifted 146 mm"", ""reason"": ""OK"", ""duration_ms"": 0.0}]"
x02-y03-r04,sim_gt,bottle,0.36,-0.07,0.35963513587696666,-0.06897532316219275,0.23867004436990857,4,IN_DOMAIN,True,,,,,146.3,748.4,0.2,169.7,0.0,0.0,lateral_band,upper,0.0,0.195,0.07500000000000001,0.025938245274128836,0.068213049434289,"{""candidate_id"": ""preferred_00"", ""direction_deg"": 0.0, ""pre_close_object_xy_shift_mm"": 0.0, ""close_object_xy_shift_mm"": 0.141, ""lift_horizontal_drift_mm"": 1.156, ""lift_height_mm"": 146.261, ""target_contact_geoms"": [""link7/geom:18"", ""link8/geom:20"", ""table/table_top""], ""bilateral_finger_contact"": true, ""failure_class"": ""NONE""}",0.0,[],"[{""state"": ""DETECT_SOURCE"", ""success"": true, ""message"": ""selected bottle_0 conf=1.00 base=[ 0.36  -0.069  0.12 ] (0 ROI pts)"", ""reason"": ""OK"", ""duration_ms"": 0.2}, {""state"": ""PLAN_PICK"", ""success"": true, ""message"": ""selected preferred_00 direction=0deg margin=0.046rad"", ""reason"": ""OK"", ""duration_ms"": 578.5}, {""state"": ""EXECUTE_PICK"", ""success"": true, ""message"": ""validated motion plan executed"", ""reason"": ""OK"", ""duration_ms"": 169.7}, {""state"": ""VERIFY_GRASP"", ""success"": true, ""message"": ""object lifted 146 mm"", ""reason"": ""OK"", ""duration_ms"": 0.0}]"
x02-y03-r05,sim_gt,bottle,0.36,-0.07,0.35963431730643863,-0.06937117034077411,69.37391675376287,5,IN_DOMAIN,True,,,,,146.2,746.3,0.2,168.3,0.0,0.0,lateral_band,upper,0.0,0.195,0.07500000000000001,0.02603531439930627,0.06834080160735811,"{""candidate_id"": ""preferred_00"", ""direction_deg"": 0.0, ""pre_close_object_xy_shift_mm"": 0.0, ""close_object_xy_shift_mm"": 0.141, ""lift_horizontal_drift_mm"": 0.866, ""lift_height_mm"": 146.16, ""target_contact_geoms"": [""link7/geom:18"", ""link8/geom:20"", ""table/table_top""], ""bilateral_finger_contact"": true, ""failure_class"": ""NONE""}",0.0,[],"[{""state"": ""DETECT_SOURCE"", ""success"": true, ""message"": ""selected bottle_0 conf=1.00 base=[ 0.36  -0.069  0.12 ] (0 ROI pts)"", ""reason"": ""OK"", ""duration_ms"": 0.2}, {""state"": ""PLAN_PICK"", ""success"": true, ""message"": ""selected preferred_00 direction=0deg margin=0.045rad"", ""reason"": ""OK"", ""duration_ms"": 577.7}, {""state"": ""EXECUTE_PICK"", ""success"": true, ""message"": ""validated motion plan executed"", ""reason"": ""OK"", ""duration_ms"": 168.3}, {""state"": ""VERIFY_GRASP"", ""success"": true, ""message"": ""object lifted 146 mm"", ""reason"": ""OK"", ""duration_ms"": 0.0}]"
x02-y03-r06,sim_gt,bottle,0.36,-0.07,0.36160362331607654,-0.07141397826164936,85.22917123380334,6,IN_DOMAIN,True,,,,,146.2,745.0,0.2,169.9,0.0,0.0,lateral_band,upper,0.0,0.195,0.07500000000000001,0.02622382460971087,0.06854816567495726,"{""candidate_id"": ""preferred_00"", ""direction_deg"": 0.0, ""pre_close_object_xy_shift_mm"": 0.0, ""close_object_xy_shift_mm"": 0.141, ""lift_horizontal_drift_mm"": 0.853, ""lift_height_mm"": 146.155, ""target_contact_geoms"": [""link7/geom:18"", ""link8/geom:20"", ""table/table_top""], ""bilateral_finger_contact"": true, ""failure_class"": ""NONE""}",0.0,[],"[{""state"": ""DETECT_SOURCE"", ""success"": true, ""message"": ""selected bottle_0 conf=1.00 base=[ 0.362 -0.071  0.12 ] (0 ROI pts)"", ""reason"": ""OK"", ""duration_ms"": 0.2}, {""state"": ""PLAN_PICK"", ""success"": true, ""message"": ""selected preferred_00 direction=0deg margin=0.044rad"", ""reason"": ""OK"", ""duration_ms"": 574.9}, {""state"": ""EXECUTE_PICK"", ""success"": true, ""message"": ""validated motion plan executed"", ""reason"": ""OK"", ""duration_ms"": 169.9}, {""state"": ""VERIFY_GRASP"", ""success"": true, ""message"": ""object lifted 146 mm"", ""reason"": ""OK"", ""duration_ms"": 0.0}]"
x02-y03-r07,sim_gt,bottle,0.36,-0.07,0.3608823488413525,-0.07027348842769401,290.16866506510524,7,IN_DOMAIN,True,,,,,146.2,748.3,0.2,170.0,0.0,0.0,lateral_band,upper,0.0,0.195,0.07500000000000001,0.026059759604472293,0.06834974350054289,"{""candidate_id"": ""preferred_00"", ""direction_deg"": 0.0, ""pre_close_object_xy_shift_mm"": 0.0, ""close_object_xy_shift_mm"": 0.142, ""lift_horizontal_drift_mm"": 0.855, ""lift_height_mm"": 146.159, ""target_contact_geoms"": [""link7/geom:18"", ""link8/geom:20"", ""table/table_top""], ""bilateral_finger_contact"": true, ""failure_class"": ""NONE""}",0.0,[],"[{""state"": ""DETECT_SOURCE"", ""success"": true, ""message"": ""selected bottle_0 conf=1.00 base=[ 0.361 -0.07   0.12 ] (0 ROI pts)"", ""reason"": ""OK"", ""duration_ms"": 0.2}, {""state"": ""PLAN_PICK"", ""success"": true, ""message"": ""selected preferred_00 direction=0deg margin=0.045rad"", ""reason"": ""OK"", ""duration_ms"": 578.1}, {""state"": ""EXECUTE_PICK"", ""success"": true, ""message"": ""validated motion plan executed"", ""reason"": ""OK"", ""duration_ms"": 170.0}, {""state"": ""VERIFY_GRASP"", ""success"": true, ""message"": ""object lifted 146 mm"", ""reason"": ""OK"", ""duration_ms"": 0.0}]"
x02-y03-r08,sim_gt,bottle,0.36,-0.07,0.3572140782109496,-0.07126201551783347,202.73260638640593,8,IN_DOMAIN,True,,,,,146.3,715.5,0.3,164.0,0.0,0.0,lateral_band,upper,0.0,0.195,0.07500000000000001,0.026879092399038743,0.06946227795805889,"{""candidate_id"": ""preferred_00"", ""direction_deg"": 0.0, ""pre_close_object_xy_shift_mm"": 0.0, ""close_object_xy_shift_mm"": 0.142, ""lift_horizontal_drift_mm"": 1.143, ""lift_height_mm"": 146.272, ""target_contact_geoms"": [""link7/geom:18"", ""link8/geom:20"", ""table/table_top""], ""bilateral_finger_contact"": true, ""failure_class"": ""NONE""}",0.0,[],"[{""state"": ""DETECT_SOURCE"", ""success"": true, ""message"": ""selected bottle_0 conf=1.00 base=[ 0.357 -0.071  0.12 ] (0 ROI pts)"", ""reason"": ""OK"", ""duration_ms"": 0.3}, {""state"": ""PLAN_PICK"", ""success"": true, ""message"": ""selected preferred_00 direction=0deg margin=0.039rad"", ""reason"": ""OK"", ""duration_ms"": 551.3}, {""state"": ""EXECUTE_PICK"", ""success"": true, ""message"": ""validated motion plan executed"", ""reason"": ""OK"", ""duration_ms"": 164.0}, {""state"": ""VERIFY_GRASP"", ""success"": true, ""message"": ""object lifted 146 mm"", ""reason"": ""OK"", ""duration_ms"": 0.0}]"
x02-y03-r09,sim_gt,bottle,0.36,-0.07,0.36047400865913376,-0.0681577014125955,87.00505408593065,9,IN_DOMAIN,True,,,,,146.2,718.9,0.2,165.6,0.0,0.0,lateral_band,upper,0.0,0.195,0.07500000000000001,0.025604097877898243,0.06775303030544635,"{""candidate_id"": ""preferred_00"", ""direction_deg"": 0.0, ""pre_close_object_xy_shift_mm"": 0.0, ""close_object_xy_shift_mm"": 0.141, ""lift_horizontal_drift_mm"": 0.864, ""lift_height_mm"": 146.159, ""target_contact_geoms"": [""link7/geom:18"", ""link8/geom:20"", ""table/table_top""], ""bilateral_finger_contact"": true, ""failure_class"": ""NONE""}",0.0,[],"[{""state"": ""DETECT_SOURCE"", ""success"": true, ""message"": ""selected bottle_0 conf=1.00 base=[ 0.36  -0.068  0.12 ] (0 ROI pts)"", ""reason"": ""OK"", ""duration_ms"": 0.2}, {""state"": ""PLAN_PICK"", ""success"": true, ""message"": ""selected preferred_00 direction=0deg margin=0.048rad"", ""reason"": ""OK"", ""duration_ms"": 553.1}, {""state"": ""EXECUTE_PICK"", ""success"": true, ""message"": ""validated motion plan executed"", ""reason"": ""OK"", ""duration_ms"": 165.6}, {""state"": ""VERIFY_GRASP"", ""success"": true, ""message"": ""object lifted 146 mm"", ""reason"": ""OK"", ""duration_ms"": 0.0}]"
x02-y03-r10,sim_gt,bottle,0.36,-0.07,0.3614496627729946,-0.0690844421911747,60.824355172078654,10,IN_DOMAIN,True,,,,,146.2,726.5,0.3,166.4,0.0,0.0,lateral_band,upper,0.0,0.195,0.07500000000000001,0.025682009898182666,0.06783969711668646,"{""candidate_id"": ""preferred_00"", ""direction_deg"": 0.0, ""pre_close_object_xy_shift_mm"": 0.0, ""close_object_xy_shift_mm"": 0.141, ""lift_horizontal_drift_mm"": 0.851, ""lift_height_mm"": 146.16, ""target_contact_geoms"": [""link7/geom:18"", ""link8/geom:20"", ""table/table_top""], ""bilateral_finger_contact"": true, ""failure_class"": ""NONE""}",0.0,[],"[{""state"": ""DETECT_SOURCE"", ""success"": true, ""message"": ""selected bottle_0 conf=1.00 base=[ 0.361 -0.069  0.12 ] (0 ROI pts)"", ""reason"": ""OK"", ""duration_ms"": 0.3}, {""state"": ""PLAN_PICK"", ""success"": true, ""message"": ""selected preferred_00 direction=0deg margin=0.048rad"", ""reason"": ""OK"", ""duration_ms"": 559.7}, {""state"": ""EXECUTE_PICK"", ""success"": true, ""message"": ""validated motion plan executed"", ""reason"": ""OK"", ""duration_ms"": 166.4}, {""state"": ""VERIFY_GRASP"", ""success"": true, ""message"": ""object lifted 146 mm"", ""reason"": ""OK"", ""duration_ms"": 0.0}]"
x02-y04-r01,sim_gt,bottle,0.36,-0.025,0.3590906203504802,-0.02388424950123316,6.8835023700288644,1,IN_DOMAIN,True,,,,,146.0,685.2,0.3,168.8,0.0,0.0,lateral_band,upper,0.0,0.195,0.07500000000000001,0.011227074458765146,0.0373534417621026,"{""candidate_id"": ""preferred_00"", ""direction_deg"": 0.0, ""pre_close_object_xy_shift_mm"": 0.0, ""close_object_xy_shift_mm"": 0.145, ""lift_horizontal_drift_mm"": 2.25, ""lift_height_mm"": 146.036, ""target_contact_geoms"": [""link7/geom:18"", ""link8/geom:20"", ""table/table_top""], ""bilateral_finger_contact"": true, ""failure_class"": ""NONE""}",0.0,[],"[{""state"": ""DETECT_SOURCE"", ""success"": true, ""message"": ""selected bottle_0 conf=1.00 base=[ 0.359 -0.024  0.12 ] (0 ROI pts)"", ""reason"": ""OK"", ""duration_ms"": 0.3}, {""state"": ""PLAN_PICK"", ""success"": true, ""message"": ""selected preferred_00 direction=0deg margin=0.120rad"", ""reason"": ""OK"", ""duration_ms"": 516.2}, {""state"": ""EXECUTE_PICK"", ""success"": true, ""message"": ""validated motion plan executed"", ""reason"": ""OK"", ""duration_ms"": 168.8}, {""state"": ""VERIFY_GRASP"", ""success"": true, ""message"": ""object lifted 146 mm"", ""reason"": ""OK"", ""duration_ms"": 0.0}]"
x02-y04-r02,sim_gt,bottle,0.36,-0.025,0.3624136413888596,-0.024255114896574545,359.5563802450892,2,IN_DOMAIN,True,,,,,146.0,696.5,0.2,169.1,0.0,0.0,lateral_band,upper,0.0,0.195,0.07500000000000001,0.011054847583536968,0.03683788068730495,"{""candidate_id"": ""preferred_00"", ""direction_deg"": 0.0, ""pre_close_object_xy_shift_mm"": 0.0, ""close_object_xy_shift_mm"": 0.145, ""lift_horizontal_drift_mm"": 1.546, ""lift_height_mm"": 146.032, ""target_contact_geoms"": [""link7/geom:18"", ""link8/geom:20"", ""table/table_top""], ""bilateral_finger_contact"": true, ""failure_class"": ""NONE""}",0.0,[],"[{""state"": ""DETECT_SOURCE"", ""success"": true, ""message"": ""selected bottle_0 conf=1.00 base=[ 0.362 -0.024  0.12 ] (0 ROI pts)"", ""reason"": ""OK"", ""duration_ms"": 0.2}, {""state"": ""PLAN_PICK"", ""success"": true, ""message"": ""selected preferred_00 direction=0deg margin=0.118rad"", ""reason"": ""OK"", ""duration_ms"": 527.2}, {""state"": ""EXECUTE_PICK"", ""success"": true, ""message"": ""validated motion plan executed"", ""reason"": ""OK"", ""duration_ms"": 169.1}, {""state"": ""VERIFY_GRASP"", ""success"": true, ""message"": ""object lifted 146 mm"", ""reason"": ""OK"", ""duration_ms"": 0.0}]"
x02-y04-r03,sim_gt,bottle,0.36,-0.025,0.36197626416528716,-0.023780164779654445,251.51637948804472,3,IN_DOMAIN,True,,,,,146.0,709.9,0.3,169.9,0.0,0.0,lateral_band,upper,0.0,0.195,0.07500000000000001,0.010906817771936535,0.03638669504005962,"{""candidate_id"": ""preferred_00"", ""direction_deg"": 0.0, ""pre_close_object_xy_shift_mm"": 0.0, ""close_object_xy_shift_mm"": 0.146, ""lift_horizontal_drift_mm"": 2.308, ""lift_height_mm"": 146.029, ""target_contact_geoms"": [""link7/geom:18"", ""link8/geom:20"", ""table/table_top""], ""bilateral_finger_contact"": true, ""failure_class"": ""NONE""}",0.0,[],"[{""state"": ""DETECT_SOURCE"", ""success"": true, ""message"": ""selected bottle_0 conf=1.00 base=[ 0.362 -0.024  0.12 ] (0 ROI pts)"", ""reason"": ""OK"", ""duration_ms"": 0.3}, {""state"": ""PLAN_PICK"", ""success"": true, ""message"": ""selected preferred_00 direction=0deg margin=0.119rad"", ""reason"": ""OK"", ""duration_ms"": 539.7}, {""state"": ""EXECUTE_PICK"", ""success"": true, ""message"": ""validated motion plan executed"", ""reason"": ""OK"", ""duration_ms"": 169.9}, {""state"": ""VERIFY_GRASP"", ""success"": true, ""message"": ""object lifted 146 mm"", ""reason"": ""OK"", ""duration_ms"": 0.0}]"
x02-y04-r04,sim_gt,bottle,0.36,-0.025,0.361908519700625,-0.026632839443085102,290.9393218097507,4,IN_DOMAIN,True,,,,,146.0,702.5,0.2,168.6,0.0,0.0,lateral_band,upper,0.0,0.195,0.07500000000000001,0.012041224732056823,0.039768970218905464,"{""candidate_id"": ""preferred_00"", ""direction_deg"": 0.0, ""pre_close_object_xy_shift_mm"": 0.0, ""close_object_xy_shift_mm"": 0.145, ""lift_horizontal_drift_mm"": 2.165, ""lift_height_mm"": 146.029, ""target_contact_geoms"": [""link7/geom:18"", ""link8/geom:20"", ""table/table_top""], ""bilateral_finger_contact"": true, ""failure_class"": ""NONE""}",0.0,[],"[{""state"": ""DETECT_SOURCE"", ""success"": true, ""message"": ""selected bottle_0 conf=1.00 base=[ 0.362 -0.027  0.12 ] (0 ROI pts)"", ""reason"": ""OK"", ""duration_ms"": 0.2}, {""state"": ""PLAN_PICK"", ""success"": true, ""message"": ""selected preferred_00 direction=0deg margin=0.116rad"", ""reason"": ""OK"", ""duration_ms"": 533.7}, {""state"": ""EXECUTE_PICK"", ""success"": true, ""message"": ""validated motion plan executed"", ""reason"": ""OK"", ""duration_ms"": 168.6}, {""state"": ""VERIFY_GRASP"", ""success"": true, ""message"": ""object lifted 146 mm"", ""reason"": ""OK"", ""duration_ms"": 0.0}]"
x02-y04-r05,sim_gt,bottle,0.36,-0.025,0.361141934010971,-0.02563558705261579,120.34576141539293,5,IN_DOMAIN,True,,,,,146.0,698.0,0.3,168.1,0.0,0.0,lateral_band,upper,0.0,0.195,0.07500000000000001,0.011725908274223174,0.03884596658473248,"{""candidate_id"": ""preferred_00"", ""direction_deg"": 0.0, ""pre_close_object_xy_shift_mm"": 0.0, ""close_object_xy_shift_mm"": 0.145, ""lift_horizontal_drift_mm"": 2.176, ""lift_height_mm"": 146.013, ""target_contact_geoms"": [""link7/geom:18"", ""link8/geom:20"", ""table/table_top""], ""bilateral_finger_contact"": true, ""failure_class"": ""NONE""}",0.0,[],"[{""state"": ""DETECT_SOURCE"", ""success"": true, ""message"": ""selected bottle_0 conf=1.00 base=[ 0.361 -0.026  0.12 ] (0 ROI pts)"", ""reason"": ""OK"", ""duration_ms"": 0.3}, {""state"": ""PLAN_PICK"", ""success"": true, ""message"": ""selected preferred_00 direction=0deg margin=0.117rad"", ""reason"": ""OK"", ""duration_ms"": 529.6}, {""state"": ""EXECUTE_PICK"", ""success"": true, ""message"": ""validated motion plan executed"", ""reason"": ""OK"", ""duration_ms"": 168.1}, {""state"": ""VERIFY_GRASP"", ""success"": true, ""message"": ""object lifted 146 mm"", ""reason"": ""OK"", ""duration_ms"": 0.0}]"
x02-y04-r06,sim_gt,bottle,0.36,-0.025,0.35931975790957305,-0.026146557314518308,324.3314325049655,6,IN_DOMAIN,True,,,,,146.0,695.2,0.2,165.4,0.0,0.0,lateral_band,upper,0.0,0.195,0.07500000000000001,0.012120737402744374,0.039992359100945965,"{""candidate_id"": ""preferred_00"", ""direction_deg"": 0.0, ""pre_close_object_xy_shift_mm"": 0.0, ""close_object_xy_shift_mm"": 0.146, ""lift_horizontal_drift_mm"": 2.149, ""lift_height_mm"": 145.988, ""target_contact_geoms"": [""link7/geom:18"", ""link8/geom:20"", ""table/table_top""], ""bilateral_finger_contact"": true, ""failure_class"": ""NONE""}",0.0,[],"[{""state"": ""DETECT_SOURCE"", ""success"": true, ""message"": ""selected bottle_0 conf=1.00 base=[ 0.359 -0.026  0.12 ] (0 ROI pts)"", ""reason"": ""OK"", ""duration_ms"": 0.2}, {""state"": ""PLAN_PICK"", ""success"": true, ""message"": ""selected preferred_00 direction=0deg margin=0.117rad"", ""reason"": ""OK"", ""duration_ms"": 529.6}, {""state"": ""EXECUTE_PICK"", ""success"": true, ""message"": ""validated motion plan executed"", ""reason"": ""OK"", ""duration_ms"": 165.4}, {""state"": ""VERIFY_GRASP"", ""success"": true, ""message"": ""object lifted 146 mm"", ""reason"": ""OK"", ""duration_ms"": 0.0}]"
x02-y04-r07,sim_gt,bottle,0.36,-0.025,0.35724234899439017,-0.027206648729923833,212.3095662114823,7,IN_DOMAIN,True,,,,,146.2,684.9,0.1,165.4,0.0,0.0,lateral_band,upper,0.0,0.195,0.07500000000000001,0.012783938868696372,0.04186453429510063,"{""candidate_id"": ""preferred_00"", ""direction_deg"": 0.0, ""pre_close_object_xy_shift_mm"": 0.0, ""close_object_xy_shift_mm"": 0.146, ""lift_horizontal_drift_mm"": 1.514, ""lift_height_mm"": 146.227, ""target_contact_geoms"": [""link7/geom:18"", ""link8/geom:20"", ""table/table_top""], ""bilateral_finger_contact"": true, ""failure_class"": ""NONE""}",0.0,[],"[{""state"": ""DETECT_SOURCE"", ""success"": true, ""message"": ""selected bottle_0 conf=1.00 base=[ 0.357 -0.027  0.12 ] (0 ROI pts)"", ""reason"": ""OK"", ""duration_ms"": 0.1}, {""state"": ""PLAN_PICK"", ""success"": true, ""message"": ""selected preferred_00 direction=0deg margin=0.117rad"", ""reason"": ""OK"", ""duration_ms"": 519.4}, {""state"": ""EXECUTE_PICK"", ""success"": true, ""message"": ""validated motion plan executed"", ""reason"": ""OK"", ""duration_ms"": 165.4}, {""state"": ""VERIFY_GRASP"", ""success"": true, ""message"": ""object lifted 146 mm"", ""reason"": ""OK"", ""duration_ms"": 0.0}]"
x02-y04-r08,sim_gt,bottle,0.36,-0.025,0.36096966411355474,-0.02578324642429177,148.13957722922112,8,IN_DOMAIN,True,,,,,146.0,700.3,0.1,167.3,0.0,0.0,lateral_band,upper,0.0,0.195,0.07500000000000001,0.011802087610275116,0.03906970037313725,"{""candidate_id"": ""preferred_00"", ""direction_deg"": 0.0, ""pre_close_object_xy_shift_mm"": 0.0, ""close_object_xy_shift_mm"": 0.146, ""lift_horizontal_drift_mm"": 2.173, ""lift_height_mm"": 146.012, ""target_contact_geoms"": [""link7/geom:18"", ""link8/geom:20"", ""table/table_top""], ""bilateral_finger_contact"": true, ""failure_class"": ""NONE""}",0.0,[],"[{""state"": ""DETECT_SOURCE"", ""success"": true, ""message"": ""selected bottle_0 conf=1.00 base=[ 0.361 -0.026  0.12 ] (0 ROI pts)"", ""reason"": ""OK"", ""duration_ms"": 0.1}, {""state"": ""PLAN_PICK"", ""success"": true, ""message"": ""selected preferred_00 direction=0deg margin=0.117rad"", ""reason"": ""OK"", ""duration_ms"": 532.9}, {""state"": ""EXECUTE_PICK"", ""success"": true, ""message"": ""validated motion plan executed"", ""reason"": ""OK"", ""duration_ms"": 167.3}, {""state"": ""VERIFY_GRASP"", ""success"": true, ""message"": ""object lifted 146 mm"", ""reason"": ""OK"", ""duration_ms"": 0.0}]"
x02-y04-r09,sim_gt,bottle,0.36,-0.025,0.3612845582625971,-0.026728018264398648,194.07642028426892,9,IN_DOMAIN,True,,,,,146.0,705.0,0.2,167.8,0.0,0.0,lateral_band,upper,0.0,0.195,0.07500000000000001,0.012143231818765345,0.04006373488486044,"{""candidate_id"": ""preferred_00"", ""direction_deg"": 0.0, ""pre_close_object_xy_shift_mm"": 0.0, ""close_object_xy_shift_mm"": 0.145, ""lift_horizontal_drift_mm"": 2.143, ""lift_height_mm"": 145.988, ""target_contact_geoms"": [""link7/geom:18"", ""link8/geom:20"", ""table/table_top""], ""bilateral_finger_contact"": true, ""failure_class"": ""NONE""}",0.0,[],"[{""state"": ""DETECT_SOURCE"", ""success"": true, ""message"": ""selected bottle_0 conf=1.00 base=[ 0.361 -0.027  0.12 ] (0 ROI pts)"", ""reason"": ""OK"", ""duration_ms"": 0.2}, {""state"": ""PLAN_PICK"", ""success"": true, ""message"": ""selected preferred_00 direction=0deg margin=0.116rad"", ""reason"": ""OK"", ""duration_ms"": 536.9}, {""state"": ""EXECUTE_PICK"", ""success"": true, ""message"": ""validated motion plan executed"", ""reason"": ""OK"", ""duration_ms"": 167.8}, {""state"": ""VERIFY_GRASP"", ""success"": true, ""message"": ""object lifted 146 mm"", ""reason"": ""OK"", ""duration_ms"": 0.0}]"
x02-y04-r10,sim_gt,bottle,0.36,-0.025,0.36208655447105903,-0.02344474147231857,314.6459872030931,10,IN_DOMAIN,True,,,,,146.0,700.9,0.2,166.2,0.0,0.0,lateral_band,upper,0.0,0.195,0.07500000000000001,0.010762965818763516,0.035944982266785934,"{""candidate_id"": ""preferred_00"", ""direction_deg"": 0.0, ""pre_close_object_xy_shift_mm"": 0.0, ""close_object_xy_shift_mm"": 0.146, ""lift_horizontal_drift_mm"": 2.312, ""lift_height_mm"": 146.031, ""target_contact_geoms"": [""link7/geom:18"", ""link8/geom:20"", ""table/table_top""], ""bilateral_finger_contact"": true, ""failure_class"": ""NONE""}",0.0,[],"[{""state"": ""DETECT_SOURCE"", ""success"": true, ""message"": ""selected bottle_0 conf=1.00 base=[ 0.362 -0.023  0.12 ] (0 ROI pts)"", ""reason"": ""OK"", ""duration_ms"": 0.2}, {""state"": ""PLAN_PICK"", ""success"": true, ""message"": ""selected preferred_00 direction=0deg margin=0.119rad"", ""reason"": ""OK"", ""duration_ms"": 534.4}, {""state"": ""EXECUTE_PICK"", ""success"": true, ""message"": ""validated motion plan executed"", ""reason"": ""OK"", ""duration_ms"": 166.2}, {""state"": ""VERIFY_GRASP"", ""success"": true, ""message"": ""object lifted 146 mm"", ""reason"": ""OK"", ""duration_ms"": 0.0}]"
x02-y05-r01,sim_gt,bottle,0.36,0.02,0.3581222172221945,0.0195430662502371,160.5647428542697,1,IN_DOMAIN,True,,,,,146.2,788.5,0.3,166.9,0.0,0.0,lateral_band,upper,0.0,0.195,0.07500000000000001,0.009113769730007866,0.03175203519669882,"{""candidate_id"": ""preferred_00"", ""direction_deg"": 0.0, ""pre_close_object_xy_shift_mm"": 0.0, ""close_object_xy_shift_mm"": 0.191, ""lift_horizontal_drift_mm"": 1.999, ""lift_height_mm"": 146.155, ""target_contact_geoms"": [""link7/geom:18"", ""link8/geom:20"", ""table/table_top""], ""bilateral_finger_contact"": true, ""failure_class"": ""NONE""}",0.0,[],"[{""state"": ""DETECT_SOURCE"", ""success"": true, ""message"": ""selected bottle_0 conf=1.00 base=[0.358 0.02  0.12 ] (0 ROI pts)"", ""reason"": ""OK"", ""duration_ms"": 0.3}, {""state"": ""PLAN_PICK"", ""success"": true, ""message"": ""selected preferred_00 direction=0deg margin=0.125rad"", ""reason"": ""OK"", ""duration_ms"": 621.2}, {""state"": ""EXECUTE_PICK"", ""success"": true, ""message"": ""validated motion plan executed"", ""reason"": ""OK"", ""duration_ms"": 166.9}, {""state"": ""VERIFY_GRASP"", ""success"": true, ""message"": ""object lifted 146 mm"", ""reason"": ""OK"", ""duration_ms"": 0.0}]"
x02-y05-r02,sim_gt,bottle,0.36,0.02,0.3606274573736534,0.019999,306.10825343943503,2,IN_DOMAIN,True,,,,,146.1,804.4,0.2,163.7,0.0,0.0,lateral_band,upper,0.0,0.195,0.07500000000000001,0.00914096721620845,0.03166198984054812,"{""candidate_id"": ""preferred_00"", ""direction_deg"": 0.0, ""pre_close_object_xy_shift_mm"": 0.0, ""close_object_xy_shift_mm"": 0.19, ""lift_horizontal_drift_mm"": 1.985, ""lift_height_mm"": 146.136, ""target_contact_geoms"": [""link7/geom:18"", ""link8/geom:20"", ""table/table_top""], ""bilateral_finger_contact"": true, ""failure_class"": ""NONE""}",0.0,[],"[{""state"": ""DETECT_SOURCE"", ""success"": true, ""message"": ""selected bottle_0 conf=1.00 base=[0.361 0.02  0.12 ] (0 ROI pts)"", ""reason"": ""OK"", ""duration_ms"": 0.2}, {""state"": ""PLAN_PICK"", ""success"": true, ""message"": ""selected preferred_00 direction=0deg margin=0.123rad"", ""reason"": ""OK"", ""duration_ms"": 640.4}, {""state"": ""EXECUTE_PICK"", ""success"": true, ""message"": ""validated motion plan executed"", ""reason"": ""OK"", ""duration_ms"": 163.7}, {""state"": ""VERIFY_GRASP"", ""success"": true, ""message"": ""object lifted 146 mm"", ""reason"": ""OK"", ""duration_ms"": 0.0}]"
x02-y05-r03,sim_gt,bottle,0.36,0.02,0.3593854582242694,0.019999,71.21078128216456,3,IN_DOMAIN,True,,,,,146.1,750.7,0.2,163.4,0.0,0.0,lateral_band,upper,0.0,0.195,0.07500000000000001,0.009165832104706891,0.03200959227405131,"{""candidate_id"": ""preferred_00"", ""direction_deg"": 0.0, ""pre_close_object_xy_shift_mm"": 0.0, ""close_object_xy_shift_mm"": 0.19, ""lift_horizontal_drift_mm"": 1.99, ""lift_height_mm"": 146.145, ""target_contact_geoms"": [""link7/geom:18"", ""link8/geom:20"", ""table/table_top""], ""bilateral_finger_contact"": true, ""failure_class"": ""NONE""}",0.0,[],"[{""state"": ""DETECT_SOURCE"", ""success"": true, ""message"": ""selected bottle_0 conf=1.00 base=[0.359 0.02  0.12 ] (0 ROI pts)"", ""reason"": ""OK"", ""duration_ms"": 0.2}, {""state"": ""PLAN_PICK"", ""success"": true, ""message"": ""selected preferred_00 direction=0deg margin=0.124rad"", ""reason"": ""OK"", ""duration_ms"": 587.1}, {""state"": ""EXECUTE_PICK"", ""success"": true, ""message"": ""validated motion plan executed"", ""reason"": ""OK"", ""duration_ms"": 163.4}, {""state"": ""VERIFY_GRASP"", ""success"": true, ""message"": ""object lifted 146 mm"", ""reason"": ""OK"", ""duration_ms"": 0.0}]"
x02-y05-r04,sim_gt,bottle,0.36,0.02,0.3592874913621278,0.019999,57.61891929074278,4,IN_DOMAIN,True,,,,,146.1,756.3,0.2,162.5,0.0,0.0,lateral_band,upper,0.0,0.195,0.07500000000000001,0.009167813499234853,0.03203732689254366,"{""candidate_id"": ""preferred_00"", ""direction_deg"": 0.0, ""pre_close_object_xy_shift_mm"": 0.0, ""close_object_xy_shift_mm"": 0.191, ""lift_horizontal_drift_mm"": 1.989, ""lift_height_mm"": 146.147, ""target_contact_geoms"": [""link7/geom:18"", ""link8/geom:20"", ""table/table_top""], ""bilateral_finger_contact"": true, ""failure_class"": ""NONE""}",0.0,[],"[{""state"": ""DETECT_SOURCE"", ""success"": true, ""message"": ""selected bottle_0 conf=1.00 base=[0.359 0.02  0.12 ] (0 ROI pts)"", ""reason"": ""OK"", ""duration_ms"": 0.2}, {""state"": ""PLAN_PICK"", ""success"": true, ""message"": ""selected preferred_00 direction=0deg margin=0.124rad"", ""reason"": ""OK"", ""duration_ms"": 593.7}, {""state"": ""EXECUTE_PICK"", ""success"": true, ""message"": ""validated motion plan executed"", ""reason"": ""OK"", ""duration_ms"": 162.5}, {""state"": ""VERIFY_GRASP"", ""success"": true, ""message"": ""object lifted 146 mm"", ""reason"": ""OK"", ""duration_ms"": 0.0}]"
x02-y05-r05,sim_gt,bottle,0.36,0.02,0.3608555698540288,0.019999,91.52632173623122,5,IN_DOMAIN,True,,,,,146.1,792.9,0.2,163.7,0.0,0.0,lateral_band,upper,0.0,0.195,0.07500000000000001,0.009136451709667764,0.03159895589554679,"{""candidate_id"": ""preferred_00"", ""direction_deg"": 0.0, ""pre_close_object_xy_shift_mm"": 0.0, ""close_object_xy_shift_mm"": 0.19, ""lift_horizontal_drift_mm"": 1.987, ""lift_height_mm"": 146.137, ""target_contact_geoms"": [""link7/geom:18"", ""link8/geom:20"", ""table/table_top""], ""bilateral_finger_contact"": true, ""failure_class"": ""NONE""}",0.0,[],"[{""state"": ""DETECT_SOURCE"", ""success"": true, ""message"": ""selected bottle_0 conf=1.00 base=[0.361 0.02  0.12 ] (0 ROI pts)"", ""reason"": ""OK"", ""duration_ms"": 0.2}, {""state"": ""PLAN_PICK"", ""success"": true, ""message"": ""selected preferred_00 direction=0deg margin=0.123rad"", ""reason"": ""OK"", ""duration_ms"": 629.0}, {""state"": ""EXECUTE_PICK"", ""success"": true, ""message"": ""validated motion plan executed"", ""reason"": ""OK"", ""duration_ms"": 163.7}, {""state"": ""VERIFY_GRASP"", ""success"": true, ""message"": ""object lifted 146 mm"", ""reason"": ""OK"", ""duration_ms"": 0.0}]"
x02-y05-r06,sim_gt,bottle,0.36,0.02,0.3610318162749777,0.01831621170273851,227.50844732319337,6,IN_DOMAIN,True,,,,,146.1,724.7,0.3,167.2,0.0,0.0,lateral_band,upper,0.0,0.195,0.07500000000000001,0.008858285274992092,0.029277814202892907,"{""candidate_id"": ""preferred_00"", ""direction_deg"": 0.0, ""pre_close_object_xy_shift_mm"": 0.0, ""close_object_xy_shift_mm"": 0.19, ""lift_horizontal_drift_mm"": 1.945, ""lift_height_mm"": 146.143, ""target_contact_geoms"": [""link7/geom:18"", ""link8/geom:20"", ""table/table_top""], ""bilateral_finger_contact"": true, ""failure_class"": ""NONE""}",0.0,[],"[{""state"": ""DETECT_SOURCE"", ""success"": true, ""message"": ""selected bottle_0 conf=1.00 base=[0.361 0.018 0.12 ] (0 ROI pts)"", ""reason"": ""OK"", ""duration_ms"": 0.3}, {""state"": ""PLAN_PICK"", ""success"": true, ""message"": ""selected preferred_00 direction=0deg margin=0.125rad"", ""reason"": ""OK"", ""duration_ms"": 557.2}, {""state"": ""EXECUTE_PICK"", ""success"": true, ""message"": ""validated motion plan executed"", ""reason"": ""OK"", ""duration_ms"": 167.2}, {""state"": ""VERIFY_GRASP"", ""success"": true, ""message"": ""object lifted 146 mm"", ""reason"": ""OK"", ""duration_ms"": 0.0}]"
x02-y05-r07,sim_gt,bottle,0.36,0.02,0.3572987909315162,0.017525105312272752,277.4333059653885,7,IN_DOMAIN,True,,,,,146.2,760.2,0.2,162.9,0.0,0.0,lateral_band,upper,0.0,0.195,0.07500000000000001,0.008798954946993686,0.029161385388475104,"{""candidate_id"": ""preferred_00"", ""direction_deg"": 0.0, ""pre_close_object_xy_shift_mm"": 0.0, ""close_object_xy_shift_mm"": 0.192, ""lift_horizontal_drift_mm"": 1.972, ""lift_height_mm"": 146.16, ""target_contact_geoms"": [""link7/geom:18"", ""link8/geom:20"", ""table/table_top""], ""bilateral_finger_contact"": true, ""failure_class"": ""NONE""}",0.0,[],"[{""state"": ""DETECT_SOURCE"", ""success"": true, ""message"": ""selected bottle_0 conf=1.00 base=[0.357 0.018 0.12 ] (0 ROI pts)"", ""reason"": ""OK"", ""duration_ms"": 0.2}, {""state"": ""PLAN_PICK"", ""success"": true, ""message"": ""selected preferred_00 direction=0deg margin=0.128rad"", ""reason"": ""OK"", ""duration_ms"": 597.1}, {""state"": ""EXECUTE_PICK"", ""success"": true, ""message"": ""validated motion plan executed"", ""reason"": ""OK"", ""duration_ms"": 162.9}, {""state"": ""VERIFY_GRASP"", ""success"": true, ""message"": ""object lifted 146 mm"", ""reason"": ""OK"", ""duration_ms"": 0.0}]"
x02-y05-r08,sim_gt,bottle,0.36,0.02,0.3579697526593109,0.019999,292.0602404270903,8,IN_DOMAIN,True,,,,,146.2,656.3,0.3,166.4,0.0,0.0,lateral_band,upper,0.0,0.195,0.07500000000000001,0.009258734183771112,0.03241493982896271,"{""candidate_id"": ""preferred_00"", ""direction_deg"": 0.0, ""pre_close_object_xy_shift_mm"": 0.0, ""close_object_xy_shift_mm"": 0.192, ""lift_horizontal_drift_mm"": 1.985, ""lift_height_mm"": 146.155, ""target_contact_geoms"": [""link7/geom:18"", ""link8/geom:20"", ""table/table_top""], ""bilateral_finger_contact"": true, ""failure_class"": ""NONE""}",0.0,[],"[{""state"": ""DETECT_SOURCE"", ""success"": true, ""message"": ""selected bottle_0 conf=1.00 base=[0.358 0.02  0.12 ] (0 ROI pts)"", ""reason"": ""OK"", ""duration_ms"": 0.3}, {""state"": ""PLAN_PICK"", ""success"": true, ""message"": ""selected preferred_00 direction=0deg margin=0.125rad"", ""reason"": ""OK"", ""duration_ms"": 489.6}, {""state"": ""EXECUTE_PICK"", ""success"": true, ""message"": ""validated motion plan executed"", ""reason"": ""OK"", ""duration_ms"": 166.4}, {""state"": ""VERIFY_GRASP"", ""success"": true, ""message"": ""object lifted 146 mm"", ""reason"": ""OK"", ""duration_ms"": 0.0}]"
x02-y05-r09,sim_gt,bottle,0.36,0.02,0.3572341402737105,0.01808091243416051,135.32001867958965,9,IN_DOMAIN,True,,,,,146.2,762.2,0.2,167.5,0.0,0.0,lateral_band,upper,0.0,0.195,0.07500000000000001,0.008888795610828726,0.02997001153062129,"{""candidate_id"": ""preferred_00"", ""direction_deg"": 0.0, ""pre_close_object_xy_shift_mm"": 0.0, ""close_object_xy_shift_mm"": 0.192, ""lift_horizontal_drift_mm"": 1.964, ""lift_height_mm"": 146.166, ""target_contact_geoms"": [""link7/geom:18"", ""link8/geom:20"", ""table/table_top""], ""bilateral_finger_contact"": true, ""failure_class"": ""NONE""}",0.0,[],"[{""state"": ""DETECT_SOURCE"", ""success"": true, ""message"": ""selected bottle_0 conf=1.00 base=[0.357 0.018 0.12 ] (0 ROI pts)"", ""reason"": ""OK"", ""duration_ms"": 0.2}, {""state"": ""PLAN_PICK"", ""success"": true, ""message"": ""selected preferred_00 direction=0deg margin=0.127rad"", ""reason"": ""OK"", ""duration_ms"": 594.5}, {""state"": ""EXECUTE_PICK"", ""success"": true, ""message"": ""validated motion plan executed"", ""reason"": ""OK"", ""duration_ms"": 167.5}, {""state"": ""VERIFY_GRASP"", ""success"": true, ""message"": ""object lifted 146 mm"", ""reason"": ""OK"", ""duration_ms"": 0.0}]"
x02-y05-r10,sim_gt,bottle,0.36,0.02,0.36138469887241287,0.019999,323.72341968435927,10,IN_DOMAIN,True,,,,,146.1,789.0,0.3,163.1,0.0,0.0,lateral_band,upper,0.0,0.195,0.07500000000000001,0.009126033790557223,0.03145364587910394,"{""candidate_id"": ""preferred_00"", ""direction_deg"": 0.0, ""pre_close_object_xy_shift_mm"": 0.0, ""close_object_xy_shift_mm"": 0.19, ""lift_horizontal_drift_mm"": 1.995, ""lift_height_mm"": 146.136, ""target_contact_geoms"": [""link7/geom:18"", ""link8/geom:20"", ""table/table_top""], ""bilateral_finger_contact"": true, ""failure_class"": ""NONE""}",0.0,[],"[{""state"": ""DETECT_SOURCE"", ""success"": true, ""message"": ""selected bottle_0 conf=1.00 base=[0.361 0.02  0.12 ] (0 ROI pts)"", ""reason"": ""OK"", ""duration_ms"": 0.3}, {""state"": ""PLAN_PICK"", ""success"": true, ""message"": ""selected preferred_00 direction=0deg margin=0.123rad"", ""reason"": ""OK"", ""duration_ms"": 625.6}, {""state"": ""EXECUTE_PICK"", ""success"": true, ""message"": ""validated motion plan executed"", ""reason"": ""OK"", ""duration_ms"": 163.1}, {""state"": ""VERIFY_GRASP"", ""success"": true, ""message"": ""object lifted 146 mm"", ""reason"": ""OK"", ""duration_ms"": 0.0}]"
x03-y01-r01,sim_gt,bottle,0.38,-0.16,0.3829698692086826,-0.15720035413625746,200.8345622460147,1,IN_DOMAIN,True,,,,,146.4,660.0,0.2,164.7,0.0,322.68296986835105,lateral_band,lower,337.68296986835105,0.195,0.07500000000000001,0.028710800272603382,0.06999134476482359,"{""candidate_id"": ""preferred_00"", ""direction_deg"": 322.68296986835105, ""pre_close_object_xy_shift_mm"": 0.0, ""close_object_xy_shift_mm"": 0.169, ""lift_horizontal_drift_mm"": 0.956, ""lift_height_mm"": 146.356, ""target_contact_geoms"": [""link7/geom:18"", ""link8/geom:20"", ""table/table_top""], ""bilateral_finger_contact"": true, ""failure_class"": ""NONE""}",0.0,[],"[{""state"": ""DETECT_SOURCE"", ""success"": true, ""message"": ""selected bottle_0 conf=1.00 base=[ 0.383 -0.157  0.12 ] (0 ROI pts)"", ""reason"": ""OK"", ""duration_ms"": 0.2}, {""state"": ""PLAN_PICK"", ""success"": true, ""message"": ""selected preferred_00 direction=323deg margin=0.049rad"", ""reason"": ""OK"", ""duration_ms"": 495.0}, {""state"": ""EXECUTE_PICK"", ""success"": true, ""message"": ""validated motion plan executed"", ""reason"": ""OK"", ""duration_ms"": 164.7}, {""state"": ""VERIFY_GRASP"", ""success"": true, ""message"": ""object lifted 146 mm"", ""reason"": ""OK"", ""duration_ms"": 0.0}]"
x03-y01-r02,sim_gt,bottle,0.38,-0.16,0.377510980084068,-0.15991438292379617,45.90774913811597,2,IN_DOMAIN,True,,,,,146.4,645.1,0.3,164.3,0.0,322.0423822628856,lateral_band,lower,337.0423822628856,0.195,0.07500000000000001,0.028839463913215093,0.07025272373371251,"{""candidate_id"": ""preferred_00"", ""direction_deg"": 322.0423822628856, ""pre_close_object_xy_shift_mm"": 0.0, ""close_object_xy_shift_mm"": 0.17, ""lift_horizontal_drift_mm"": 0.942, ""lift_height_mm"": 146.361, ""target_contact_geoms"": [""link7/geom:18"", ""link8/geom:20"", ""table/table_top""], ""bilateral_finger_contact"": true, ""failure_class"": ""NONE""}",0.0,[],"[{""state"": ""DETECT_SOURCE"", ""success"": true, ""message"": ""selected bottle_0 conf=1.00 base=[ 0.378 -0.16   0.12 ] (0 ROI pts)"", ""reason"": ""OK"", ""duration_ms"": 0.3}, {""state"": ""PLAN_PICK"", ""success"": true, ""message"": ""selected preferred_00 direction=322deg margin=0.044rad"", ""reason"": ""OK"", ""duration_ms"": 480.5}, {""state"": ""EXECUTE_PICK"", ""success"": true, ""message"": ""validated motion plan executed"", ""reason"": ""OK"", ""duration_ms"": 164.3}, {""state"": ""VERIFY_GRASP"", ""success"": true, ""message"": ""object lifted 146 mm"", ""reason"": ""OK"", ""duration_ms"": 0.0}]"
x03-y01-r03,sim_gt,bottle,0.38,-0.16,0.37892722712414567,-0.1606272740250782,8.164545005003374,3,IN_DOMAIN,True,,,,,146.4,650.0,0.3,167.6,0.0,322.0278984467523,lateral_band,lower,337.0278984467523,0.195,0.07500000000000001,0.02878631636506538,0.07014668297678398,"{""candidate_id"": ""preferred_00"", ""direction_deg"": 322.0278984467523, ""pre_close_object_xy_shift_mm"": 0.0, ""close_object_xy_shift_mm"": 0.169, ""lift_horizontal_drift_mm"": 0.94, ""lift_height_mm"": 146.355, ""target_contact_geoms"": [""link7/geom:18"", ""link8/geom:20"", ""table/table_top""], ""bilateral_finger_contact"": true, ""failure_class"": ""NONE""}",0.0,[],"[{""state"": ""DETECT_SOURCE"", ""success"": true, ""message"": ""selected bottle_0 conf=1.00 base=[ 0.379 -0.161  0.12 ] (0 ROI pts)"", ""reason"": ""OK"", ""duration_ms"": 0.3}, {""state"": ""PLAN_PICK"", ""success"": true, ""message"": ""selected preferred_00 direction=322deg margin=0.046rad"", ""reason"": ""OK"", ""duration_ms"": 482.1}, {""state"": ""EXECUTE_PICK"", ""success"": true, ""message"": ""validated motion plan executed"", ""reason"": ""OK"", ""duration_ms"": 167.6}, {""state"": ""VERIFY_GRASP"", ""success"": true, ""message"": ""object lifted 146 mm"", ""reason"": ""OK"", ""duration_ms"": 0.0}]"
x03-y01-r04,sim_gt,bottle,0.38,-0.16,0.37747598346781686,-0.16030788204054794,62.134890176831824,4,IN_DOMAIN,True,,,,,146.4,662.2,0.2,166.5,0.0,321.98985356657687,lateral_band,lower,336.98985356657687,0.195,0.07500000000000001,0.028835281979138268,0.07024446938816264,"{""candidate_id"": ""preferred_00"", ""direction_deg"": 321.98985356657687, ""pre_close_object_xy_shift_mm"": 0.0, ""close_object_xy_shift_mm"": 0.17, ""lift_horizontal_drift_mm"": 0.922, ""lift_height_mm"": 146.364, ""target_contact_geoms"": [""link7/geom:18"", ""link8/geom:20"", ""table/table_top""], ""bilateral_finger_contact"": true, ""failure_class"": ""NONE""}",0.0,[],"[{""state"": ""DETECT_SOURCE"", ""success"": true, ""message"": ""selected bottle_0 conf=1.00 base=[ 0.377 -0.16   0.12 ] (0 ROI pts)"", ""reason"": ""OK"", ""duration_ms"": 0.2}, {""state"": ""PLAN_PICK"", ""success"": true, ""message"": ""selected preferred_00 direction=322deg margin=0.044rad"", ""reason"": ""OK"", ""duration_ms"": 495.5}, {""state"": ""EXECUTE_PICK"", ""success"": true, ""message"": ""validated motion plan executed"", ""reason"": ""OK"", ""duration_ms"": 166.5}, {""state"": ""VERIFY_GRASP"", ""success"": true, ""message"": ""object lifted 146 mm"", ""reason"": ""OK"", ""duration_ms"": 0.0}]"
x03-y01-r05,sim_gt,bottle,0.38,-0.16,0.37920751789870133,-0.16135037774602068,311.3862761931793,5,IN_DOMAIN,True,,,,,146.4,690.2,0.2,172.3,0.0,321.9505538656281,lateral_band,lower,336.9505538656281,0.195,0.07500000000000001,0.028768815325709546,0.07011119750930993,"{""candidate_id"": ""preferred_00"", ""direction_deg"": 321.9505538656281, ""pre_close_object_xy_shift_mm"": 0.0, ""close_object_xy_shift_mm"": 0.169, ""lift_horizontal_drift_mm"": 0.942, ""lift_height_mm"": 146.355, ""target_contact_geoms"": [""link7/geom:18"", ""link8/geom:20"", ""table/table_top""], ""bilateral_finger_contact"": true, ""failure_class"": ""NONE""}",0.0,[],"[{""state"": ""DETECT_SOURCE"", ""success"": true, ""message"": ""selected bottle_0 conf=1.00 base=[ 0.379 -0.161  0.12 ] (0 ROI pts)"", ""reason"": ""OK"", ""duration_ms"": 0.2}, {""state"": ""PLAN_PICK"", ""success"": true, ""message"": ""selected preferred_00 direction=322deg margin=0.046rad"", ""reason"": ""OK"", ""duration_ms"": 517.7}, {""state"": ""EXECUTE_PICK"", ""success"": true, ""message"": ""validated motion plan executed"", ""reason"": ""OK"", ""duration_ms"": 172.3}, {""state"": ""VERIFY_GRASP"", ""success"": true, ""message"": ""object lifted 146 mm"", ""reason"": ""OK"", ""duration_ms"": 0.0}]"
x03-y01-r06,sim_gt,bottle,0.38,-0.16,0.377687191509586,-0.15971738574835295,52.95200878695286,6,IN_DOMAIN,True,,,,,146.4,676.0,0.2,169.3,0.0,322.0773302006858,lateral_band,lower,337.0773302006858,0.195,0.07500000000000001,0.028836517961340853,0.07024691051912911,"{""candidate_id"": ""preferred_00"", ""direction_deg"": 322.0773302006858, ""pre_close_object_xy_shift_mm"": 0.0, ""close_object_xy_shift_mm"": 0.169, ""lift_horizontal_drift_mm"": 0.943, ""lift_height_mm"": 146.354, ""target_contact_geoms"": [""link7/geom:18"", ""link8/geom:20"", ""table/table_top""], ""bilateral_finger_contact"": true, ""failure_class"": ""NONE""}",0.0,[],"[{""state"": ""DETECT_SOURCE"", ""success"": true, ""message"": ""selected bottle_0 conf=1.00 base=[ 0.378 -0.16   0.12 ] (0 ROI pts)"", ""reason"": ""OK"", ""duration_ms"": 0.2}, {""state"": ""PLAN_PICK"", ""success"": true, ""message"": ""selected preferred_00 direction=322deg margin=0.044rad"", ""reason"": ""OK"", ""duration_ms"": 506.5}, {""state"": ""EXECUTE_PICK"", ""success"": true, ""message"": ""validated motion plan executed"", ""reason"": ""OK"", ""duration_ms"": 169.3}, {""state"": ""VERIFY_GRASP"", ""success"": true, ""message"": ""object lifted 146 mm"", ""reason"": ""OK"", ""duration_ms"": 0.0}]"
x03-y01-r07,sim_gt,bottle,0.38,-0.16,0.37837503574949133,-0.15736234158527118,128.21662825179658,7,IN_DOMAIN,True,,,,,146.4,682.7,0.2,168.8,0.0,322.4180649001877,lateral_band,lower,337.4180649001877,0.195,0.07500000000000001,0.028846077520507937,0.07026574780761329,"{""candidate_id"": ""preferred_00"", ""direction_deg"": 322.4180649001877, ""pre_close_object_xy_shift_mm"": 0.0, ""close_object_xy_shift_mm"": 0.169, ""lift_horizontal_drift_mm"": 0.922, ""lift_height_mm"": 146.363, ""target_contact_geoms"": [""link7/geom:18"", ""link8/geom:20"", ""table/table_top""], ""bilateral_finger_contact"": true, ""failure_class"": ""NONE""}",0.0,[],"[{""state"": ""DETECT_SOURCE"", ""success"": true, ""message"": ""selected bottle_0 conf=1.00 base=[ 0.378 -0.157  0.12 ] (0 ROI pts)"", ""reason"": ""OK"", ""duration_ms"": 0.2}, {""state"": ""PLAN_PICK"", ""success"": true, ""message"": ""selected preferred_00 direction=322deg margin=0.044rad"", ""reason"": ""OK"", ""duration_ms"": 513.6}, {""state"": ""EXECUTE_PICK"", ""success"": true, ""message"": ""validated motion plan executed"", ""reason"": ""OK"", ""duration_ms"": 168.8}, {""state"": ""VERIFY_GRASP"", ""success"": true, ""message"": ""object lifted 146 mm"", ""reason"": ""OK"", ""duration_ms"": 0.0}]"
x03-y01-r08,sim_gt,bottle,0.38,-0.16,0.37850806387925695,-0.16120876293197317,191.10667335343294,8,IN_DOMAIN,True,,,,,146.4,672.0,0.2,167.3,0.0,321.93055506307,lateral_band,lower,336.93055506307,0.195,0.07500000000000001,0.028791506751594344,0.07015715116666126,"{""candidate_id"": ""preferred_00"", ""direction_deg"": 321.93055506307, ""pre_close_object_xy_shift_mm"": 0.0, ""close_object_xy_shift_mm"": 0.169, ""lift_horizontal_drift_mm"": 0.944, ""lift_height_mm"": 146.361, ""target_contact_geoms"": [""link7/geom:18"", ""link8/geom:20"", ""table/table_top""], ""bilateral_finger_contact"": true, ""failure_class"": ""NONE""}",0.0,[],"[{""state"": ""DETECT_SOURCE"", ""success"": true, ""message"": ""selected bottle_0 conf=1.00 base=[ 0.379 -0.161  0.12 ] (0 ROI pts)"", ""reason"": ""OK"", ""duration_ms"": 0.2}, {""state"": ""PLAN_PICK"", ""success"": true, ""message"": ""selected preferred_00 direction=322deg margin=0.046rad"", ""reason"": ""OK"", ""duration_ms"": 504.5}, {""state"": ""EXECUTE_PICK"", ""success"": true, ""message"": ""validated motion plan executed"", ""reason"": ""OK"", ""duration_ms"": 167.3}, {""state"": ""VERIFY_GRASP"", ""success"": true, ""message"": ""object lifted 146 mm"", ""reason"": ""OK"", ""duration_ms"": 0.0}]"
x03-y01-r09,sim_gt,bottle,0.38,-0.16,0.38090963065432876,-0.16273438686500932,88.27518517273208,9,IN_DOMAIN,True,,,,,146.4,653.0,0.2,166.1,0.0,321.86657545997474,lateral_band,lower,336.86657545997474,0.195,0.07500000000000001,0.028703712161693644,0.06997645096574959,"{""candidate_id"": ""preferred_00"", ""direction_deg"": 321.86657545997474, ""pre_close_object_xy_shift_mm"": 0.0, ""close_object_xy_shift_mm"": 0.168, ""lift_horizontal_drift_mm"": 0.955, ""lift_height_mm"": 146.362, ""target_contact_geoms"": [""link7/geom:18"", ""link8/geom:20"", ""table/table_top""], ""bilateral_finger_contact"": true, ""failure_class"": ""NONE""}",0.0,[],"[{""state"": ""DETECT_SOURCE"", ""success"": true, ""message"": ""selected bottle_0 conf=1.00 base=[ 0.381 -0.163  0.12 ] (0 ROI pts)"", ""reason"": ""OK"", ""duration_ms"": 0.2}, {""state"": ""PLAN_PICK"", ""success"": true, ""message"": ""selected preferred_00 direction=322deg margin=0.049rad"", ""reason"": ""OK"", ""duration_ms"": 486.7}, {""state"": ""EXECUTE_PICK"", ""success"": true, ""message"": ""validated motion plan executed"", ""reason"": ""OK"", ""duration_ms"": 166.1}, {""state"": ""VERIFY_GRASP"", ""success"": true, ""message"": ""object lifted 146 mm"", ""reason"": ""OK"", ""duration_ms"": 0.0}]"
x03-y01-r10,sim_gt,bottle,0.38,-0.16,0.3803164322603108,-0.15748453259058406,243.21403151807576,10,IN_DOMAIN,True,,,,,146.4,659.7,0.3,164.5,0.0,322.50612555872675,lateral_band,lower,337.50612555872675,0.195,0.07500000000000001,0.028784135367689447,0.0701422767018033,"{""candidate_id"": ""preferred_00"", ""direction_deg"": 322.50612555872675, ""pre_close_object_xy_shift_mm"": 0.0, ""close_object_xy_shift_mm"": 0.17, ""lift_horizontal_drift_mm"": 0.946, ""lift_height_mm"": 146.355, ""target_contact_geoms"": [""link7/geom:18"", ""link8/geom:20"", ""table/table_top""], ""bilateral_finger_contact"": true, ""failure_class"": ""NONE""}",0.0,[],"[{""state"": ""DETECT_SOURCE"", ""success"": true, ""message"": ""selected bottle_0 conf=1.00 base=[ 0.38  -0.157  0.12 ] (0 ROI pts)"", ""reason"": ""OK"", ""duration_ms"": 0.3}, {""state"": ""PLAN_PICK"", ""success"": true, ""message"": ""selected preferred_00 direction=323deg margin=0.046rad"", ""reason"": ""OK"", ""duration_ms"": 494.8}, {""state"": ""EXECUTE_PICK"", ""success"": true, ""message"": ""validated motion plan executed"", ""reason"": ""OK"", ""duration_ms"": 164.5}, {""state"": ""VERIFY_GRASP"", ""success"": true, ""message"": ""object lifted 146 mm"", ""reason"": ""OK"", ""duration_ms"": 0.0}]"
x03-y02-r01,sim_gt,bottle,0.38,-0.115,0.3798712112060086,-0.11764357613094678,25.995173494473303,1,IN_DOMAIN,True,,,,,146.4,654.2,0.2,164.4,0.0,327.7925883955945,lateral_band,lower,342.7925883955945,0.195,0.07500000000000001,0.029357710998949394,0.07118842074433993,"{""candidate_id"": ""preferred_00"", ""direction_deg"": 327.7925883955945, ""pre_close_object_xy_shift_mm"": 0.0, ""close_object_xy_shift_mm"": 0.173, ""lift_horizontal_drift_mm"": 0.909, ""lift_height_mm"": 146.386, ""target_contact_geoms"": [""link7/geom:18"", ""link8/geom:20"", ""table/table_top""], ""bilateral_finger_contact"": true, ""failure_class"": ""NONE""}",0.0,[],"[{""state"": ""DETECT_SOURCE"", ""success"": true, ""message"": ""selected bottle_0 conf=1.00 base=[ 0.38  -0.118  0.12 ] (0 ROI pts)"", ""reason"": ""OK"", ""duration_ms"": 0.2}, {""state"": ""PLAN_PICK"", ""success"": true, ""message"": ""selected preferred_00 direction=328deg margin=0.029rad"", ""reason"": ""OK"", ""duration_ms"": 489.5}, {""state"": ""EXECUTE_PICK"", ""success"": true, ""message"": ""validated motion plan executed"", ""reason"": ""OK"", ""duration_ms"": 164.4}, {""state"": ""VERIFY_GRASP"", ""success"": true, ""message"": ""object lifted 146 mm"", ""reason"": ""OK"", ""duration_ms"": 0.0}]"
x03-y02-r02,sim_gt,bottle,0.38,-0.115,0.3829612265985118,-0.1147517528685222,238.96073172517924,2,IN_DOMAIN,True,,,,,146.4,658.7,0.2,164.1,0.0,328.3195053455046,lateral_band,lower,343.3195053455046,0.195,0.07500000000000001,0.029254912317969863,0.07101408051857136,"{""candidate_id"": ""preferred_00"", ""direction_deg"": 328.3195053455046, ""pre_close_object_xy_shift_mm"": 0.0, ""close_object_xy_shift_mm"": 0.172, ""lift_horizontal_drift_mm"": 0.915, ""lift_height_mm"": 146.382, ""target_contact_geoms"": [""link7/geom:18"", ""link8/geom:20"", ""table/table_top""], ""bilateral_finger_contact"": true, ""failure_class"": ""NONE""}",0.0,[],"[{""state"": ""DETECT_SOURCE"", ""success"": true, ""message"": ""selected bottle_0 conf=1.00 base=[ 0.383 -0.115  0.12 ] (0 ROI pts)"", ""reason"": ""OK"", ""duration_ms"": 0.2}, {""state"": ""PLAN_PICK"", ""success"": true, ""message"": ""selected preferred_00 direction=328deg margin=0.032rad"", ""reason"": ""OK"", ""duration_ms"": 494.4}, {""state"": ""EXECUTE_PICK"", ""success"": true, ""message"": ""validated motion plan executed"", ""reason"": ""OK"", ""duration_ms"": 164.1}, {""state"": ""VERIFY_GRASP"", ""success"": true, ""message"": ""object lifted 146 mm"", ""reason"": ""OK"", ""duration_ms"": 0.0}]"
x03-y02-r03,sim_gt,bottle,0.38,-0.115,0.37934785516879194,-0.11230412169910667,300.4958748897715,3,IN_DOMAIN,True,,,,,146.4,666.2,0.1,167.8,0.0,328.50885874393674,lateral_band,lower,343.50885874393674,0.195,0.07500000000000001,0.029463204745443474,0.07136279523804719,"{""candidate_id"": ""preferred_00"", ""direction_deg"": 328.50885874393674, ""pre_close_object_xy_shift_mm"": 0.0, ""close_object_xy_shift_mm"": 0.173, ""lift_horizontal_drift_mm"": 0.867, ""lift_height_mm"": 146.37, ""target_contact_geoms"": [""link7/geom:18"", ""link8/geom:20"", ""table/table_top""], ""bilateral_finger_contact"": true, ""failure_class"": ""NONE""}",0.0,[],"[{""state"": ""DETECT_SOURCE"", ""success"": true, ""message"": ""selected bottle_0 conf=1.00 base=[ 0.379 -0.112  0.12 ] (0 ROI pts)"", ""reason"": ""OK"", ""duration_ms"": 0.1}, {""state"": ""PLAN_PICK"", ""success"": true, ""message"": ""selected preferred_00 direction=329deg margin=0.027rad"", ""reason"": ""OK"", ""duration_ms"": 498.3}, {""state"": ""EXECUTE_PICK"", ""success"": true, ""message"": ""validated motion plan executed"", ""reason"": ""OK"", ""duration_ms"": 167.8}, {""state"": ""VERIFY_GRASP"", ""success"": true, ""message"": ""object lifted 146 mm"", ""reason"": ""OK"", ""duration_ms"": 0.0}]"
x03-y02-r04,sim_gt,bottle,0.38,-0.115,0.3805789870571663,-0.11314537679952373,203.5047698377696,4,IN_DOMAIN,True,,,,,146.4,676.7,0.2,166.3,0.0,328.4428862763257,lateral_band,lower,343.4428862763257,0.195,0.07500000000000001,0.029389485948848795,0.07124140581696063,"{""candidate_id"": ""preferred_00"", ""direction_deg"": 328.4428862763257, ""pre_close_object_xy_shift_mm"": 0.0, ""close_object_xy_shift_mm"": 0.172, ""lift_horizontal_drift_mm"": 0.873, ""lift_height_mm"": 146.368, ""target_contact_geoms"": [""link7/geom:18"", ""link8/geom:20"", ""table/table_top""], ""bilateral_finger_contact"": true, ""failure_class"": ""NONE""}",0.0,[],"[{""state"": ""DETECT_SOURCE"", ""success"": true, ""message"": ""selected bottle_0 conf=1.00 base=[ 0.381 -0.113  0.12 ] (0 ROI pts)"", ""reason"": ""OK"", ""duration_ms"": 0.2}, {""state"": ""PLAN_PICK"", ""success"": true, ""message"": ""selected preferred_00 direction=328deg margin=0.028rad"", ""reason"": ""OK"", ""duration_ms"": 510.1}, {""state"": ""EXECUTE_PICK"", ""success"": true, ""message"": ""validated motion plan executed"", ""reason"": ""OK"", ""duration_ms"": 166.3}, {""state"": ""VERIFY_GRASP"", ""success"": true, ""message"": ""object lifted 146 mm"", ""reason"": ""OK"", ""duration_ms"": 0.0}]"
x03-y02-r05,sim_gt,bottle,0.38,-0.115,0.377462247473166,-0.11618479849181457,27.783194442891386,5,IN_DOMAIN,True,,,,,146.4,665.8,0.2,167.6,0.0,327.89136099999206,lateral_band,lower,342.89136099999206,0.195,0.07500000000000001,0.029499708134413025,0.07142214120715157,"{""candidate_id"": ""preferred_00"", ""direction_deg"": 327.89136099999206, ""pre_close_object_xy_shift_mm"": 0.0, ""close_object_xy_shift_mm"": 0.174, ""lift_horizontal_drift_mm"": 0.864, ""lift_height_mm"": 146.372, ""target_contact_geoms"": [""link7/geom:18"", ""link8/geom:20"", ""table/table_top""], ""bilateral_finger_contact"": true, ""failure_class"": ""NONE""}",0.0,[],"[{""state"": ""DETECT_SOURCE"", ""success"": true, ""message"": ""selected bottle_0 conf=1.00 base=[ 0.377 -0.116  0.12 ] (0 ROI pts)"", ""reason"": ""OK"", ""duration_ms"": 0.2}, {""state"": ""PLAN_PICK"", ""success"": true, ""message"": ""selected preferred_00 direction=328deg margin=0.026rad"", ""reason"": ""OK"", ""duration_ms"": 498.0}, {""state"": ""EXECUTE_PICK"", ""success"": true, ""message"": ""validated motion plan executed"", ""reason"": ""OK"", ""duration_ms"": 167.6}, {""state"": ""VERIFY_GRASP"", ""success"": true, ""message"": ""object lifted 146 mm"", ""reason"": ""OK"", ""duration_ms"": 0.0}]"
x03-y02-r06,sim_gt,bottle,0.38,-0.115,0.3827149686468228,-0.11716250433115968,19.510330405402513,6,IN_DOMAIN,True,,,,,146.4,680.4,0.2,167.3,0.0,327.97880512108475,lateral_band,lower,342.97880512108475,0.195,0.07500000000000001,0.029233181586249466,0.07097662393246885,"{""candidate_id"": ""preferred_00"", ""direction_deg"": 327.97880512108475, ""pre_close_object_xy_shift_mm"": 0.0, ""close_object_xy_shift_mm"": 0.172, ""lift_horizontal_drift_mm"": 0.915, ""lift_height_mm"": 146.38, ""target_contact_geoms"": [""link7/geom:18"", ""link8/geom:20"", ""table/table_top""], ""bilateral_finger_contact"": true, ""failure_class"": ""NONE""}",0.0,[],"[{""state"": ""DETECT_SOURCE"", ""success"": true, ""message"": ""selected bottle_0 conf=1.00 base=[ 0.383 -0.117  0.12 ] (0 ROI pts)"", ""reason"": ""OK"", ""duration_ms"": 0.2}, {""state"": ""PLAN_PICK"", ""success"": true, ""message"": ""selected preferred_00 direction=328deg margin=0.032rad"", ""reason"": ""OK"", ""duration_ms"": 512.8}, {""state"": ""EXECUTE_PICK"", ""success"": true, ""message"": ""validated motion plan executed"", ""reason"": ""OK"", ""duration_ms"": 167.3}, {""state"": ""VERIFY_GRASP"", ""success"": true, ""message"": ""object lifted 146 mm"", ""reason"": ""OK"", ""duration_ms"": 0.0}]"
x03-y02-r07,sim_gt,bottle,0.38,-0.115,0.38087033310193064,-0.11671904330227535,193.17997227018142,7,IN_DOMAIN,True,,,,,146.4,675.9,0.2,163.8,0.0,327.9621272775358,lateral_band,lower,342.9621272775358,0.195,0.07500000000000001,0.02932384221142754,0.07113148520777317,"{""candidate_id"": ""preferred_00"", ""direction_deg"": 327.9621272775358, ""pre_close_object_xy_shift_mm"": 0.0, ""close_object_xy_shift_mm"": 0.172, ""lift_horizontal_drift_mm"": 0.911, ""lift_height_mm"": 146.385, ""target_contact_geoms"": [""link7/geom:18"", ""link8/geom:20"", ""table/table_top""], ""bilateral_finger_contact"": true, ""failure_class"": ""NONE""}",0.0,[],"[{""state"": ""DETECT_SOURCE"", ""success"": true, ""message"": ""selected bottle_0 conf=1.00 base=[ 0.381 -0.117  0.12 ] (0 ROI pts)"", ""reason"": ""OK"", ""duration_ms"": 0.2}, {""state"": ""PLAN_PICK"", ""success"": true, ""message"": ""selected preferred_00 direction=328deg margin=0.030rad"", ""reason"": ""OK"", ""duration_ms"": 511.8}, {""state"": ""EXECUTE_PICK"", ""success"": true, ""message"": ""validated motion plan executed"", ""reason"": ""OK"", ""duration_ms"": 163.8}, {""state"": ""VERIFY_GRASP"", ""success"": true, ""message"": ""object lifted 146 mm"", ""reason"": ""OK"", ""duration_ms"": 0.0}]"
x03-y02-r08,sim_gt,bottle,0.38,-0.115,0.37813665297853677,-0.11253054093007536,286.6897622175386,8,IN_DOMAIN,True,,,,,146.4,663.8,0.3,164.7,0.0,328.4273968050834,lateral_band,lower,343.4273968050834,0.195,0.07500000000000001,0.02952209599813804,0.07145829809640245,"{""candidate_id"": ""preferred_00"", ""direction_deg"": 328.4273968050834, ""pre_close_object_xy_shift_mm"": 0.0, ""close_object_xy_shift_mm"": 0.173, ""lift_horizontal_drift_mm"": 0.88, ""lift_height_mm"": 146.375, ""target_contact_geoms"": [""link7/geom:18"", ""link8/geom:20"", ""table/table_top""], ""bilateral_finger_contact"": true, ""failure_class"": ""NONE""}",0.0,[],"[{""state"": ""DETECT_SOURCE"", ""success"": true, ""message"": ""selected bottle_0 conf=1.00 base=[ 0.378 -0.113  0.12 ] (0 ROI pts)"", ""reason"": ""OK"", ""duration_ms"": 0.3}, {""state"": ""PLAN_PICK"", ""success"": true, ""message"": ""selected preferred_00 direction=328deg margin=0.025rad"", ""reason"": ""OK"", ""duration_ms"": 498.8}, {""state"": ""EXECUTE_PICK"", ""success"": true, ""message"": ""validated motion plan executed"", ""reason"": ""OK"", ""duration_ms"": 164.7}, {""state"": ""VERIFY_GRASP"", ""success"": true, ""message"": ""object lifted 146 mm"", ""reason"": ""OK"", ""duration_ms"": 0.0}]"
x03-y02-r09,sim_gt,bottle,0.38,-0.115,0.3799362716182731,-0.1151852445210873,303.6181319702953,9,IN_DOMAIN,True,,,,,146.4,662.6,0.3,164.5,0.0,328.13426904353173,lateral_band,lower,343.13426904353173,0.195,0.07500000000000001,0.02939096300457853,0.07124385889830183,"{""candidate_id"": ""preferred_00"", ""direction_deg"": 328.13426904353173, ""pre_close_object_xy_shift_mm"": 0.0, ""close_object_xy_shift_mm"": 0.172, ""lift_horizontal_drift_mm"": 0.874, ""lift_height_mm"": 146.368, ""target_contact_geoms"": [""link7/geom:18"", ""link8/geom:20"", ""table/table_top""], ""bilateral_finger_contact"": true, ""failure_class"": ""NONE""}",0.0,[],"[{""state"": ""DETECT_SOURCE"", ""success"": true, ""message"": ""selected bottle_0 conf=1.00 base=[ 0.38  -0.115  0.12 ] (0 ROI pts)"", ""reason"": ""OK"", ""duration_ms"": 0.3}, {""state"": ""PLAN_PICK"", ""success"": true, ""message"": ""selected preferred_00 direction=328deg margin=0.028rad"", ""reason"": ""OK"", ""duration_ms"": 497.9}, {""state"": ""EXECUTE_PICK"", ""success"": true, ""message"": ""validated motion plan executed"", ""reason"": ""OK"", ""duration_ms"": 164.5}, {""state"": ""VERIFY_GRASP"", ""success"": true, ""message"": ""object lifted 146 mm"", ""reason"": ""OK"", ""duration_ms"": 0.0}]"
x03-y02-r10,sim_gt,bottle,0.38,-0.115,0.38213800017235133,-0.11450230270644625,207.00159693660459,10,IN_DOMAIN,True,,,,,146.4,659.0,0.2,164.8,0.0,328.31988958258535,lateral_band,lower,343.31988958258535,0.195,0.07500000000000001,0.029296031217417057,0.07108436815270715,"{""candidate_id"": ""preferred_00"", ""direction_deg"": 328.31988958258535, ""pre_close_object_xy_shift_mm"": 0.0, ""close_object_xy_shift_mm"": 0.172, ""lift_horizontal_drift_mm"": 0.913, ""lift_height_mm"": 146.383, ""target_contact_geoms"": [""link7/geom:18"", ""link8/geom:20"", ""table/table_top""], ""bilateral_finger_contact"": true, ""failure_class"": ""NONE""}",0.0,[],"[{""state"": ""DETECT_SOURCE"", ""success"": true, ""message"": ""selected bottle_0 conf=1.00 base=[ 0.382 -0.115  0.12 ] (0 ROI pts)"", ""reason"": ""OK"", ""duration_ms"": 0.2}, {""state"": ""PLAN_PICK"", ""success"": true, ""message"": ""selected preferred_00 direction=328deg margin=0.030rad"", ""reason"": ""OK"", ""duration_ms"": 493.9}, {""state"": ""EXECUTE_PICK"", ""success"": true, ""message"": ""validated motion plan executed"", ""reason"": ""OK"", ""duration_ms"": 164.8}, {""state"": ""VERIFY_GRASP"", ""success"": true, ""message"": ""object lifted 146 mm"", ""reason"": ""OK"", ""duration_ms"": 0.1}]"
x03-y03-r01,sim_gt,bottle,0.38,-0.07,0.3818352381243734,-0.0706278150490091,192.8947349062653,1,IN_DOMAIN,True,,,,,146.0,723.0,0.3,163.3,0.0,0.0,lateral_band,upper,0.0,0.195,0.07500000000000001,0.023419924575376814,0.06407787347349471,"{""candidate_id"": ""preferred_00"", ""direction_deg"": 0.0, ""pre_close_object_xy_shift_mm"": 0.0, ""close_object_xy_shift_mm"": 0.135, ""lift_horizontal_drift_mm"": 1.122, ""lift_height_mm"": 145.983, ""target_contact_geoms"": [""link7/geom:18"", ""link8/geom:20"", ""table/table_top""], ""bilateral_finger_contact"": true, ""failure_class"": ""NONE""}",0.0,[],"[{""state"": ""DETECT_SOURCE"", ""success"": true, ""message"": ""selected bottle_0 conf=1.00 base=[ 0.382 -0.071  0.12 ] (0 ROI pts)"", ""reason"": ""OK"", ""duration_ms"": 0.3}, {""state"": ""PLAN_PICK"", ""success"": true, ""message"": ""selected preferred_00 direction=0deg margin=0.066rad"", ""reason"": ""OK"", ""duration_ms"": 559.4}, {""state"": ""EXECUTE_PICK"", ""success"": true, ""message"": ""validated motion plan executed"", ""reason"": ""OK"", ""duration_ms"": 163.3}, {""state"": ""VERIFY_GRASP"", ""success"": true, ""message"": ""object lifted 146 mm"", ""reason"": ""OK"", ""duration_ms"": 0.0}]"
x03-y03-r02,sim_gt,bottle,0.38,-0.07,0.3808539267539422,-0.0706910150359486,243.3478056347607,2,IN_DOMAIN,True,,,,,146.0,733.6,0.2,167.7,0.0,0.0,lateral_band,upper,0.0,0.195,0.07500000000000001,0.023542714089368033,0.06429460657479148,"{""candidate_id"": ""preferred_00"", ""direction_deg"": 0.0, ""pre_close_object_xy_shift_mm"": 0.0, ""close_object_xy_shift_mm"": 0.136, ""lift_horizontal_drift_mm"": 0.984, ""lift_height_mm"": 145.997, ""target_contact_geoms"": [""link7/geom:18"", ""link8/geom:20"", ""table/table_top""], ""bilateral_finger_contact"": true, ""failure_class"": ""NONE""}",0.0,[],"[{""state"": ""DETECT_SOURCE"", ""success"": true, ""message"": ""selected bottle_0 conf=1.00 base=[ 0.381 -0.071  0.12 ] (0 ROI pts)"", ""reason"": ""OK"", ""duration_ms"": 0.2}, {""state"": ""PLAN_PICK"", ""success"": true, ""message"": ""selected preferred_00 direction=0deg margin=0.064rad"", ""reason"": ""OK"", ""duration_ms"": 565.7}, {""state"": ""EXECUTE_PICK"", ""success"": true, ""message"": ""validated motion plan executed"", ""reason"": ""OK"", ""duration_ms"": 167.7}, {""state"": ""VERIFY_GRASP"", ""success"": true, ""message"": ""object lifted 146 mm"", ""reason"": ""OK"", ""duration_ms"": 0.0}]"
x03-y03-r03,sim_gt,bottle,0.38,-0.07,0.38230459012233814,-0.07048500252794915,36.03832107959527,3,IN_DOMAIN,True,,,,,145.9,739.6,0.2,168.5,0.0,0.0,lateral_band,upper,0.0,0.195,0.07500000000000001,0.02333401395625921,0.06393251144561005,"{""candidate_id"": ""preferred_00"", ""direction_deg"": 0.0, ""pre_close_object_xy_shift_mm"": 0.0, ""close_object_xy_shift_mm"": 0.135, ""lift_horizontal_drift_mm"": 1.593, ""lift_height_mm"": 145.895, ""target_contact_geoms"": [""link7/geom:18"", ""link8/geom:20"", ""table/table_top""], ""bilateral_finger_contact"": true, ""failure_class"": ""NONE""}",0.0,[],"[{""state"": ""DETECT_SOURCE"", ""success"": true, ""message"": ""selected bottle_0 conf=1.00 base=[ 0.382 -0.07   0.12 ] (0 ROI pts)"", ""reason"": ""OK"", ""duration_ms"": 0.2}, {""state"": ""PLAN_PICK"", ""success"": true, ""message"": ""selected preferred_00 direction=0deg margin=0.066rad"", ""reason"": ""OK"", ""duration_ms"": 570.9}, {""state"": ""EXECUTE_PICK"", ""success"": true, ""message"": ""validated motion plan executed"", ""reason"": ""OK"", ""duration_ms"": 168.5}, {""state"": ""VERIFY_GRASP"", ""success"": true, ""message"": ""object lifted 146 mm"", ""reason"": ""OK"", ""duration_ms"": 0.0}]"
x03-y03-r04,sim_gt,bottle,0.38,-0.07,0.3826889060524506,-0.06916169311404127,256.0247241191929,4,IN_DOMAIN,True,,,,,146.0,735.7,0.2,166.2,0.0,0.0,lateral_band,upper,0.0,0.195,0.07500000000000001,0.02296388384240007,0.06335289748345611,"{""candidate_id"": ""preferred_00"", ""direction_deg"": 0.0, ""pre_close_object_xy_shift_mm"": 0.0, ""close_object_xy_shift_mm"": 0.136, ""lift_horizontal_drift_mm"": 1.011, ""lift_height_mm"": 145.989, ""target_contact_geoms"": [""link7/geom:18"", ""link8/geom:20"", ""table/table_top""], ""bilateral_finger_contact"": true, ""failure_class"": ""NONE""}",0.0,[],"[{""state"": ""DETECT_SOURCE"", ""success"": true, ""message"": ""selected bottle_0 conf=1.00 base=[ 0.383 -0.069  0.12 ] (0 ROI pts)"", ""reason"": ""OK"", ""duration_ms"": 0.2}, {""state"": ""PLAN_PICK"", ""success"": true, ""message"": ""selected preferred_00 direction=0deg margin=0.068rad"", ""reason"": ""OK"", ""duration_ms"": 569.2}, {""state"": ""EXECUTE_PICK"", ""success"": true, ""message"": ""validated motion plan executed"", ""reason"": ""OK"", ""duration_ms"": 166.2}, {""state"": ""VERIFY_GRASP"", ""success"": true, ""message"": ""object lifted 146 mm"", ""reason"": ""OK"", ""duration_ms"": 0.0}]"
x03-y03-r05,sim_gt,bottle,0.38,-0.07,0.37829346746397885,-0.07108792529653378,12.166749388558774,5,IN_DOMAIN,True,,,,,146.0,743.6,0.2,164.4,0.0,0.0,lateral_band,upper,0.0,0.195,0.07500000000000001,0.02392869670212874,0.06494816510685876,"{""candidate_id"": ""preferred_00"", ""direction_deg"": 0.0, ""pre_close_object_xy_shift_mm"": 0.0, ""close_object_xy_shift_mm"": 0.137, ""lift_horizontal_drift_mm"": 0.969, ""lift_height_mm"": 146.006, ""target_contact_geoms"": [""link7/geom:18"", ""link8/geom:20"", ""table/table_top""], ""bilateral_finger_contact"": true, ""failure_class"": ""NONE""}",0.0,[],"[{""state"": ""DETECT_SOURCE"", ""success"": true, ""message"": ""selected bottle_0 conf=1.00 base=[ 0.378 -0.071  0.12 ] (0 ROI pts)"", ""reason"": ""OK"", ""duration_ms"": 0.2}, {""state"": ""PLAN_PICK"", ""success"": true, ""message"": ""selected preferred_00 direction=0deg margin=0.061rad"", ""reason"": ""OK"", ""duration_ms"": 579.0}, {""state"": ""EXECUTE_PICK"", ""success"": true, ""message"": ""validated motion plan executed"", ""reason"": ""OK"", ""duration_ms"": 164.4}, {""state"": ""VERIFY_GRASP"", ""success"": true, ""message"": ""object lifted 146 mm"", ""reason"": ""OK"", ""duration_ms"": 0.0}]"
x03-y03-r06,sim_gt,bottle,0.38,-0.07,0.3806963774911435,-0.06959938287522285,342.33084397514426,6,IN_DOMAIN,True,,,,,146.0,724.9,0.3,164.0,0.0,0.0,lateral_band,upper,0.0,0.195,0.07500000000000001,0.02328946278981104,0.0639180734439492,"{""candidate_id"": ""preferred_00"", ""direction_deg"": 0.0, ""pre_close_object_xy_shift_mm"": 0.0, ""close_object_xy_shift_mm"": 0.137, ""lift_horizontal_drift_mm"": 1.003, ""lift_height_mm"": 145.993, ""target_contact_geoms"": [""link7/geom:18"", ""link8/geom:20"", ""table/table_top""], ""bilateral_finger_contact"": true, ""failure_class"": ""NONE""}",0.0,[],"[{""state"": ""DETECT_SOURCE"", ""success"": true, ""message"": ""selected bottle_0 conf=1.00 base=[ 0.381 -0.07   0.12 ] (0 ROI pts)"", ""reason"": ""OK"", ""duration_ms"": 0.3}, {""state"": ""PLAN_PICK"", ""success"": true, ""message"": ""selected preferred_00 direction=0deg margin=0.066rad"", ""reason"": ""OK"", ""duration_ms"": 560.6}, {""state"": ""EXECUTE_PICK"", ""success"": true, ""message"": ""validated motion plan executed"", ""reason"": ""OK"", ""duration_ms"": 164.0}, {""state"": ""VERIFY_GRASP"", ""success"": true, ""message"": ""object lifted 146 mm"", ""reason"": ""OK"", ""duration_ms"": 0.0}]"
x03-y03-r07,sim_gt,bottle,0.38,-0.07,0.377976522575968,-0.06751753257480325,2.4048437072071005,7,IN_DOMAIN,True,,,,,146.0,718.1,0.3,162.8,0.0,0.0,lateral_band,upper,0.0,0.195,0.07500000000000001,0.023073783169107374,0.06367373041179643,"{""candidate_id"": ""preferred_00"", ""direction_deg"": 0.0, ""pre_close_object_xy_shift_mm"": 0.0, ""close_object_xy_shift_mm"": 0.138, ""lift_horizontal_drift_mm"": 1.019, ""lift_height_mm"": 146.004, ""target_contact_geoms"": [""link7/geom:18"", ""link8/geom:20"", ""table/table_top""], ""bilateral_finger_contact"": true, ""failure_class"": ""NONE""}",0.0,[],"[{""state"": ""DETECT_SOURCE"", ""success"": true, ""message"": ""selected bottle_0 conf=1.00 base=[ 0.378 -0.068  0.12 ] (0 ROI pts)"", ""reason"": ""OK"", ""duration_ms"": 0.3}, {""state"": ""PLAN_PICK"", ""success"": true, ""message"": ""selected preferred_00 direction=0deg margin=0.066rad"", ""reason"": ""OK"", ""duration_ms"": 555.0}, {""state"": ""EXECUTE_PICK"", ""success"": true, ""message"": ""validated motion plan executed"", ""reason"": ""OK"", ""duration_ms"": 162.8}, {""state"": ""VERIFY_GRASP"", ""success"": true, ""message"": ""object lifted 146 mm"", ""reason"": ""OK"", ""duration_ms"": 0.0}]"
x03-y03-r08,sim_gt,bottle,0.38,-0.07,0.3813497826695881,-0.07092209883947835,117.48613002250725,8,IN_DOMAIN,True,,,,,145.9,716.0,0.1,163.4,0.0,0.0,lateral_band,upper,0.0,0.195,0.07500000000000001,0.023545273818850798,0.06428202952207893,"{""candidate_id"": ""preferred_00"", ""direction_deg"": 0.0, ""pre_close_object_xy_shift_mm"": 0.0, ""close_object_xy_shift_mm"": 0.135, ""lift_horizontal_drift_mm"": 1.586, ""lift_height_mm"": 145.891, ""target_contact_geoms"": [""link7/geom:18"", ""link8/geom:20"", ""table/table_top""], ""bilateral_finger_contact"": true, ""failure_class"": ""NONE""}",0.0,[],"[{""state"": ""DETECT_SOURCE"", ""success"": true, ""message"": ""selected bottle_0 conf=1.00 base=[ 0.381 -0.071  0.12 ] (0 ROI pts)"", ""reason"": ""OK"", ""duration_ms"": 0.1}, {""state"": ""PLAN_PICK"", ""success"": true, ""message"": ""selected preferred_00 direction=0deg margin=0.065rad"", ""reason"": ""OK"", ""duration_ms"": 552.5}, {""state"": ""EXECUTE_PICK"", ""success"": true, ""message"": ""validated motion plan executed"", ""reason"": ""OK"", ""duration_ms"": 163.4}, {""state"": ""VERIFY_GRASP"", ""success"": true, ""message"": ""object lifted 146 mm"", ""reason"": ""OK"", ""duration_ms"": 0.0}]"
x03-y03-r09,sim_gt,bottle,0.38,-0.07,0.3788478998264553,-0.06716404890273066,208.98890360516566,9,IN_DOMAIN,True,,,,,146.0,729.2,0.3,165.5,0.0,0.0,lateral_band,upper,0.0,0.195,0.07500000000000001,0.0228837616840455,0.06335185339094854,"{""candidate_id"": ""preferred_00"", ""direction_deg"": 0.0, ""pre_close_object_xy_shift_mm"": 0.0, ""close_object_xy_shift_mm"": 0.137, ""lift_horizontal_drift_mm"": 1.027, ""lift_height_mm"": 145.996, ""target_contact_geoms"": [""link7/geom:18"", ""link8/geom:20"", ""table/table_top""], ""bilateral_finger_contact"": true, ""failure_class"": ""NONE""}",0.0,[],"[{""state"": ""DETECT_SOURCE"", ""success"": true, ""message"": ""selected bottle_0 conf=1.00 base=[ 0.379 -0.067  0.12 ] (0 ROI pts)"", ""reason"": ""OK"", ""duration_ms"": 0.3}, {""state"": ""PLAN_PICK"", ""success"": true, ""message"": ""selected preferred_00 direction=0deg margin=0.067rad"", ""reason"": ""OK"", ""duration_ms"": 563.4}, {""state"": ""EXECUTE_PICK"", ""success"": true, ""message"": ""validated motion plan executed"", ""reason"": ""OK"", ""duration_ms"": 165.5}, {""state"": ""VERIFY_GRASP"", ""success"": true, ""message"": ""object lifted 146 mm"", ""reason"": ""OK"", ""duration_ms"": 0.0}]"
x03-y03-r10,sim_gt,bottle,0.38,-0.07,0.3773223662452485,-0.06885142252012375,129.71199605582106,10,IN_DOMAIN,True,,,,,146.0,735.4,0.2,166.0,0.0,0.0,lateral_band,upper,0.0,0.195,0.07500000000000001,0.023486477948638215,0.06432282829524479,"{""candidate_id"": ""preferred_00"", ""direction_deg"": 0.0, ""pre_close_object_xy_shift_mm"": 0.0, ""close_object_xy_shift_mm"": 0.137, ""lift_horizontal_drift_mm"": 0.984, ""lift_height_mm"": 146.005, ""target_contact_geoms"": [""link7/geom:18"", ""link8/geom:20"", ""table/table_top""], ""bilateral_finger_contact"": true, ""failure_class"": ""NONE""}",0.0,[],"[{""state"": ""DETECT_SOURCE"", ""success"": true, ""message"": ""selected bottle_0 conf=1.00 base=[ 0.377 -0.069  0.12 ] (0 ROI pts)"", ""reason"": ""OK"", ""duration_ms"": 0.2}, {""state"": ""PLAN_PICK"", ""success"": true, ""message"": ""selected preferred_00 direction=0deg margin=0.063rad"", ""reason"": ""OK"", ""duration_ms"": 569.2}, {""state"": ""EXECUTE_PICK"", ""success"": true, ""message"": ""validated motion plan executed"", ""reason"": ""OK"", ""duration_ms"": 166.0}, {""state"": ""VERIFY_GRASP"", ""success"": true, ""message"": ""object lifted 146 mm"", ""reason"": ""OK"", ""duration_ms"": 0.0}]"
x03-y04-r01,sim_gt,bottle,0.38,-0.025,0.3782434846340795,-0.023405058431205335,254.01365224455262,1,IN_DOMAIN,True,,,,,146.0,622.3,0.2,156.7,0.0,0.0,lateral_band,upper,0.0,0.195,0.07500000000000001,0.010228344447544469,0.03191857231642371,"{""candidate_id"": ""preferred_00"", ""direction_deg"": 0.0, ""pre_close_object_xy_shift_mm"": 0.042, ""close_object_xy_shift_mm"": 0.134, ""lift_horizontal_drift_mm"": 1.755, ""lift_height_mm"": 146.011, ""target_contact_geoms"": [""link7/geom:18"", ""link8/geom:20"", ""table/table_top""], ""bilateral_finger_contact"": true, ""failure_class"": ""NONE""}",0.0,[],"[{""state"": ""DETECT_SOURCE"", ""success"": true, ""message"": ""selected bottle_0 conf=1.00 base=[ 0.378 -0.023  0.12 ] (0 ROI pts)"", ""reason"": ""OK"", ""duration_ms"": 0.2}, {""state"": ""PLAN_PICK"", ""success"": true, ""message"": ""selected preferred_00 direction=0deg margin=0.116rad"", ""reason"": ""OK"", ""duration_ms"": 465.4}, {""state"": ""EXECUTE_PICK"", ""success"": true, ""message"": ""validated motion plan executed"", ""reason"": ""OK"", ""duration_ms"": 156.7}, {""state"": ""VERIFY_GRASP"", ""success"": true, ""message"": ""object lifted 146 mm"", ""reason"": ""OK"", ""duration_ms"": 0.0}]"
x03-y04-r02,sim_gt,bottle,0.38,-0.025,0.3823418358409831,-0.024097522518143406,166.88126680619177,2,IN_DOMAIN,True,,,,,146.0,631.2,0.2,155.5,0.0,0.0,lateral_band,upper,0.0,0.195,0.07500000000000001,0.010309649645388844,0.03183820291953112,"{""candidate_id"": ""preferred_00"", ""direction_deg"": 0.0, ""pre_close_object_xy_shift_mm"": 0.081, ""close_object_xy_shift_mm"": 0.116, ""lift_horizontal_drift_mm"": 1.881, ""lift_height_mm"": 145.979, ""target_contact_geoms"": [""link7/geom:18"", ""link8/geom:20"", ""table/table_top""], ""bilateral_finger_contact"": true, ""failure_class"": ""NONE""}",0.0,[],"[{""state"": ""DETECT_SOURCE"", ""success"": true, ""message"": ""selected bottle_0 conf=1.00 base=[ 0.382 -0.024  0.12 ] (0 ROI pts)"", ""reason"": ""OK"", ""duration_ms"": 0.2}, {""state"": ""PLAN_PICK"", ""success"": true, ""message"": ""selected preferred_00 direction=0deg margin=0.116rad"", ""reason"": ""OK"", ""duration_ms"": 475.5}, {""state"": ""EXECUTE_PICK"", ""success"": true, ""message"": ""validated motion plan executed"", ""reason"": ""OK"", ""duration_ms"": 155.5}, {""state"": ""VERIFY_GRASP"", ""success"": true, ""message"": ""object lifted 146 mm"", ""reason"": ""OK"", ""duration_ms"": 0.0}]"
x03-y04-r03,sim_gt,bottle,0.38,-0.025,0.3791854331403055,-0.025260599307083912,327.54808357770656,3,IN_DOMAIN,True,,,,,146.0,665.9,0.2,163.2,0.0,0.0,lateral_band,upper,0.0,0.195,0.07500000000000001,0.010569565260599783,0.03378551539063669,"{""candidate_id"": ""preferred_00"", ""direction_deg"": 0.0, ""pre_close_object_xy_shift_mm"": 0.0, ""close_object_xy_shift_mm"": 0.141, ""lift_horizontal_drift_mm"": 1.754, ""lift_height_mm"": 145.973, ""target_contact_geoms"": [""link7/geom:18"", ""link8/geom:20"", ""table/table_top""], ""bilateral_finger_contact"": true, ""failure_class"": ""NONE""}",0.0,[],"[{""state"": ""DETECT_SOURCE"", ""success"": true, ""message"": ""selected bottle_0 conf=1.00 base=[ 0.379 -0.025  0.12 ] (0 ROI pts)"", ""reason"": ""OK"", ""duration_ms"": 0.2}, {""state"": ""PLAN_PICK"", ""success"": true, ""message"": ""selected preferred_00 direction=0deg margin=0.115rad"", ""reason"": ""OK"", ""duration_ms"": 502.5}, {""state"": ""EXECUTE_PICK"", ""success"": true, ""message"": ""validated motion plan executed"", ""reason"": ""OK"", ""duration_ms"": 163.2}, {""state"": ""VERIFY_GRASP"", ""success"": true, ""message"": ""object lifted 146 mm"", ""reason"": ""OK"", ""duration_ms"": 0.0}]"
x03-y04-r04,sim_gt,bottle,0.38,-0.025,0.38215723945379737,-0.022928983420354487,359.2347935867728,4,IN_DOMAIN,True,,,,,146.0,599.0,0.3,152.8,0.0,0.0,lateral_band,upper,0.0,0.195,0.07500000000000001,0.01009525412508041,0.030573463558210806,"{""candidate_id"": ""preferred_00"", ""direction_deg"": 0.0, ""pre_close_object_xy_shift_mm"": 0.078, ""close_object_xy_shift_mm"": 0.113, ""lift_horizontal_drift_mm"": 1.887, ""lift_height_mm"": 145.973, ""target_contact_geoms"": [""link7/geom:18"", ""link8/geom:20"", ""table/table_top""], ""bilateral_finger_contact"": true, ""failure_class"": ""NONE""}",0.0,[],"[{""state"": ""DETECT_SOURCE"", ""success"": true, ""message"": ""selected bottle_0 conf=1.00 base=[ 0.382 -0.023  0.12 ] (0 ROI pts)"", ""reason"": ""OK"", ""duration_ms"": 0.3}, {""state"": ""PLAN_PICK"", ""success"": true, ""message"": ""selected preferred_00 direction=0deg margin=0.117rad"", ""reason"": ""OK"", ""duration_ms"": 445.9}, {""state"": ""EXECUTE_PICK"", ""success"": true, ""message"": ""validated motion plan executed"", ""reason"": ""OK"", ""duration_ms"": 152.8}, {""state"": ""VERIFY_GRASP"", ""success"": true, ""message"": ""object lifted 146 mm"", ""reason"": ""OK"", ""duration_ms"": 0.0}]"
x03-y04-r05,sim_gt,bottle,0.38,-0.025,0.38078342747435767,-0.026328072605392466,313.69437805156946,5,IN_DOMAIN,True,,,,,146.0,642.1,0.1,164.8,0.0,0.0,lateral_band,upper,0.0,0.195,0.07500000000000001,0.010755326755707761,0.034587590226309924,"{""candidate_id"": ""preferred_00"", ""direction_deg"": 0.0, ""pre_close_object_xy_shift_mm"": 0.0, ""close_object_xy_shift_mm"": 0.142, ""lift_horizontal_drift_mm"": 1.745, ""lift_height_mm"": 145.974, ""target_contact_geoms"": [""link7/geom:18"", ""link8/geom:20"", ""table/table_top""], ""bilateral_finger_contact"": true, ""failure_class"": ""NONE""}",0.0,[],"[{""state"": ""DETECT_SOURCE"", ""success"": true, ""message"": ""selected bottle_0 conf=1.00 base=[ 0.381 -0.026  0.12 ] (0 ROI pts)"", ""reason"": ""OK"", ""duration_ms"": 0.1}, {""state"": ""PLAN_PICK"", ""success"": true, ""message"": ""selected preferred_00 direction=0deg margin=0.114rad"", ""reason"": ""OK"", ""duration_ms"": 477.2}, {""state"": ""EXECUTE_PICK"", ""success"": true, ""message"": ""validated motion plan executed"", ""reason"": ""OK"", ""duration_ms"": 164.8}, {""state"": ""VERIFY_GRASP"", ""success"": true, ""message"": ""object lifted 146 mm"", ""reason"": ""OK"", ""duration_ms"": 0.0}]"
x03-y04-r06,sim_gt,bottle,0.38,-0.025,0.37753752301314736,-0.023525958451620182,294.16207998725565,6,IN_DOMAIN,True,,,,,146.0,647.5,0.1,164.0,0.0,0.0,lateral_band,upper,0.0,0.195,0.07500000000000001,0.01025970266021343,0.03220861977106227,"{""candidate_id"": ""preferred_00"", ""direction_deg"": 0.0, ""pre_close_object_xy_shift_mm"": 0.0, ""close_object_xy_shift_mm"": 0.142, ""lift_horizontal_drift_mm"": 1.767, ""lift_height_mm"": 145.983, ""target_contact_geoms"": [""link7/geom:18"", ""link8/geom:20"", ""table/table_top""], ""bilateral_finger_contact"": true, ""failure_class"": ""NONE""}",0.0,[],"[{""state"": ""DETECT_SOURCE"", ""success"": true, ""message"": ""selected bottle_0 conf=1.00 base=[ 0.378 -0.024  0.12 ] (0 ROI pts)"", ""reason"": ""OK"", ""duration_ms"": 0.1}, {""state"": ""PLAN_PICK"", ""success"": true, ""message"": ""selected preferred_00 direction=0deg margin=0.116rad"", ""reason"": ""OK"", ""duration_ms"": 483.3}, {""state"": ""EXECUTE_PICK"", ""success"": true, ""message"": ""validated motion plan executed"", ""reason"": ""OK"", ""duration_ms"": 164.0}, {""state"": ""VERIFY_GRASP"", ""success"": true, ""message"": ""object lifted 146 mm"", ""reason"": ""OK"", ""duration_ms"": 0.0}]"
x03-y04-r07,sim_gt,bottle,0.38,-0.025,0.3822081589664662,-0.022247374509739896,171.57551782584224,7,IN_DOMAIN,True,,,,,146.0,594.0,0.2,152.1,0.0,0.0,lateral_band,upper,0.0,0.195,0.07500000000000001,0.009970620369070152,0.02979218433132165,"{""candidate_id"": ""preferred_00"", ""direction_deg"": 0.0, ""pre_close_object_xy_shift_mm"": 0.007, ""close_object_xy_shift_mm"": 0.143, ""lift_horizontal_drift_mm"": 1.892, ""lift_height_mm"": 145.985, ""target_contact_geoms"": [""link7/geom:18"", ""link8/geom:20"", ""table/table_top""], ""bilateral_finger_contact"": true, ""failure_class"": ""NONE""}",0.0,[],"[{""state"": ""DETECT_SOURCE"", ""success"": true, ""message"": ""selected bottle_0 conf=1.00 base=[ 0.382 -0.022  0.12 ] (0 ROI pts)"", ""reason"": ""OK"", ""duration_ms"": 0.2}, {""state"": ""PLAN_PICK"", ""success"": true, ""message"": ""selected preferred_00 direction=0deg margin=0.117rad"", ""reason"": ""OK"", ""duration_ms"": 441.7}, {""state"": ""EXECUTE_PICK"", ""success"": true, ""message"": ""validated motion plan executed"", ""reason"": ""OK"", ""duration_ms"": 152.1}, {""state"": ""VERIFY_GRASP"", ""success"": true, ""message"": ""object lifted 146 mm"", ""reason"": ""OK"", ""duration_ms"": 0.0}]"
x03-y04-r08,sim_gt,bottle,0.38,-0.025,0.38039738378560223,-0.02501076711535907,162.06399255700242,8,IN_DOMAIN,True,,,,,146.0,672.0,0.3,168.2,0.0,0.0,lateral_band,upper,0.0,0.195,0.07500000000000001,0.010505960072347335,0.03324829894627314,"{""candidate_id"": ""preferred_00"", ""direction_deg"": 0.0, ""pre_close_object_xy_shift_mm"": 0.0, ""close_object_xy_shift_mm"": 0.142, ""lift_horizontal_drift_mm"": 1.753, ""lift_height_mm"": 145.975, ""target_contact_geoms"": [""link7/geom:18"", ""link8/geom:20"", ""table/table_top""], ""bilateral_finger_contact"": true, ""failure_class"": ""NONE""}",0.0,[],"[{""state"": ""DETECT_SOURCE"", ""success"": true, ""message"": ""selected bottle_0 conf=1.00 base=[ 0.38  -0.025  0.12 ] (0 ROI pts)"", ""reason"": ""OK"", ""duration_ms"": 0.3}, {""state"": ""PLAN_PICK"", ""success"": true, ""message"": ""selected preferred_00 direction=0deg margin=0.115rad"", ""reason"": ""OK"", ""duration_ms"": 503.4}, {""state"": ""EXECUTE_PICK"", ""success"": true, ""message"": ""validated motion plan executed"", ""reason"": ""OK"", ""duration_ms"": 168.2}, {""state"": ""VERIFY_GRASP"", ""success"": true, ""message"": ""object lifted 146 mm"", ""reason"": ""OK"", ""duration_ms"": 0.0}]"
x03-y04-r09,sim_gt,bottle,0.38,-0.025,0.3776795838351954,-0.023289725042311298,86.72562991073298,9,IN_DOMAIN,True,,,,,146.0,631.7,0.2,156.9,0.0,0.0,lateral_band,upper,0.0,0.195,0.07500000000000001,0.010213544372882934,0.03190824033244763,"{""candidate_id"": ""preferred_00"", ""direction_deg"": 0.0, ""pre_close_object_xy_shift_mm"": 0.015, ""close_object_xy_shift_mm"": 0.145, ""lift_horizontal_drift_mm"": 1.77, ""lift_height_mm"": 145.981, ""target_contact_geoms"": [""link7/geom:18"", ""link8/geom:20"", ""table/table_top""], ""bilateral_finger_contact"": true, ""failure_class"": ""NONE""}",0.0,[],"[{""state"": ""DETECT_SOURCE"", ""success"": true, ""message"": ""selected bottle_0 conf=1.00 base=[ 0.378 -0.023  0.12 ] (0 ROI pts)"", ""reason"": ""OK"", ""duration_ms"": 0.2}, {""state"": ""PLAN_PICK"", ""success"": true, ""message"": ""selected preferred_00 direction=0deg margin=0.116rad"", ""reason"": ""OK"", ""duration_ms"": 474.6}, {""state"": ""EXECUTE_PICK"", ""success"": true, ""message"": ""validated motion plan executed"", ""reason"": ""OK"", ""duration_ms"": 156.9}, {""state"": ""VERIFY_GRASP"", ""success"": true, ""message"": ""object lifted 146 mm"", ""reason"": ""OK"", ""duration_ms"": 0.0}]"
x03-y04-r10,sim_gt,bottle,0.38,-0.025,0.38096895074739234,-0.02647382310530522,263.28231331826123,10,IN_DOMAIN,True,,,,,146.0,672.5,0.2,168.0,0.0,0.0,lateral_band,upper,0.0,0.195,0.07500000000000001,0.010781260483861766,0.034702024756419404,"{""candidate_id"": ""preferred_00"", ""direction_deg"": 0.0, ""pre_close_object_xy_shift_mm"": 0.0, ""close_object_xy_shift_mm"": 0.141, ""lift_horizontal_drift_mm"": 1.743, ""lift_height_mm"": 145.971, ""target_contact_geoms"": [""link7/geom:18"", ""link8/geom:20"", ""table/table_top""], ""bilateral_finger_contact"": true, ""failure_class"": ""NONE""}",0.0,[],"[{""state"": ""DETECT_SOURCE"", ""success"": true, ""message"": ""selected bottle_0 conf=1.00 base=[ 0.381 -0.026  0.12 ] (0 ROI pts)"", ""reason"": ""OK"", ""duration_ms"": 0.2}, {""state"": ""PLAN_PICK"", ""success"": true, ""message"": ""selected preferred_00 direction=0deg margin=0.114rad"", ""reason"": ""OK"", ""duration_ms"": 504.2}, {""state"": ""EXECUTE_PICK"", ""success"": true, ""message"": ""validated motion plan executed"", ""reason"": ""OK"", ""duration_ms"": 168.0}, {""state"": ""VERIFY_GRASP"", ""success"": true, ""message"": ""object lifted 146 mm"", ""reason"": ""OK"", ""duration_ms"": 0.0}]"
x03-y05-r01,sim_gt,bottle,0.38,0.02,0.3789962670549988,0.019999,137.21796906569918,1,IN_DOMAIN,True,,,,,146.0,638.9,0.2,155.6,0.0,0.0,lateral_band,upper,0.0,0.195,0.07500000000000001,0.008819520647586397,0.02729262892562281,"{""candidate_id"": ""preferred_00"", ""direction_deg"": 0.0, ""pre_close_object_xy_shift_mm"": 0.0, ""close_object_xy_shift_mm"": 0.184, ""lift_horizontal_drift_mm"": 1.991, ""lift_height_mm"": 146.006, ""target_contact_geoms"": [""link7/geom:18"", ""link8/geom:20"", ""table/table_top""], ""bilateral_finger_contact"": true, ""failure_class"": ""NONE""}",0.0,[],"[{""state"": ""DETECT_SOURCE"", ""success"": true, ""message"": ""selected bottle_0 conf=1.00 base=[0.379 0.02  0.12 ] (0 ROI pts)"", ""reason"": ""OK"", ""duration_ms"": 0.2}, {""state"": ""PLAN_PICK"", ""success"": true, ""message"": ""selected preferred_00 direction=0deg margin=0.118rad"", ""reason"": ""OK"", ""duration_ms"": 483.1}, {""state"": ""EXECUTE_PICK"", ""success"": true, ""message"": ""validated motion plan executed"", ""reason"": ""OK"", ""duration_ms"": 155.6}, {""state"": ""VERIFY_GRASP"", ""success"": true, ""message"": ""object lifted 146 mm"", ""reason"": ""OK"", ""duration_ms"": 0.0}]"
x03-y05-r02,sim_gt,bottle,0.38,0.02,0.38210886950791123,0.019999,257.3740264986291,2,IN_DOMAIN,True,,,,,145.9,622.7,0.2,152.8,0.0,0.0,lateral_band,upper,0.0,0.195,0.07500000000000001,0.008772057576408757,0.02667696695773192,"{""candidate_id"": ""preferred_00"", ""direction_deg"": 0.0, ""pre_close_object_xy_shift_mm"": 0.0, ""close_object_xy_shift_mm"": 0.184, ""lift_horizontal_drift_mm"": 2.207, ""lift_height_mm"": 145.865, ""target_contact_geoms"": [""link7/geom:18"", ""link8/geom:20"", ""table/table_top""], ""bilateral_finger_contact"": true, ""failure_class"": ""NONE""}",0.0,[],"[{""state"": ""DETECT_SOURCE"", ""success"": true, ""message"": ""selected bottle_0 conf=1.00 base=[0.382 0.02  0.12 ] (0 ROI pts)"", ""reason"": ""OK"", ""duration_ms"": 0.2}, {""state"": ""PLAN_PICK"", ""success"": true, ""message"": ""selected preferred_00 direction=0deg margin=0.118rad"", ""reason"": ""OK"", ""duration_ms"": 469.7}, {""state"": ""EXECUTE_PICK"", ""success"": true, ""message"": ""validated motion plan executed"", ""reason"": ""OK"", ""duration_ms"": 152.8}, {""state"": ""VERIFY_GRASP"", ""success"": true, ""message"": ""object lifted 146 mm"", ""reason"": ""OK"", ""duration_ms"": 0.0}]"
x03-y05-r03,sim_gt,bottle,0.38,0.02,0.3801328956866587,0.017643798808276556,63.87888269606649,3,IN_DOMAIN,True,,,,,146.0,613.2,0.2,151.7,0.0,0.0,lateral_band,upper,0.0,0.195,0.07500000000000001,0.008470072957725639,0.0242222144279101,"{""candidate_id"": ""preferred_00"", ""direction_deg"": 0.0, ""pre_close_object_xy_shift_mm"": 0.0, ""close_object_xy_shift_mm"": 0.185, ""lift_horizontal_drift_mm"": 1.898, ""lift_height_mm"": 146.006, ""target_contact_geoms"": [""link7/geom:18"", ""link8/geom:20"", ""table/table_top""], ""bilateral_finger_contact"": true, ""failure_class"": ""NONE""}",0.0,[],"[{""state"": ""DETECT_SOURCE"", ""success"": true, ""message"": ""selected bottle_0 conf=1.00 base=[0.38  0.018 0.12 ] (0 ROI pts)"", ""reason"": ""OK"", ""duration_ms"": 0.2}, {""state"": ""PLAN_PICK"", ""success"": true, ""message"": ""selected preferred_00 direction=0deg margin=0.120rad"", ""reason"": ""OK"", ""duration_ms"": 461.3}, {""state"": ""EXECUTE_PICK"", ""success"": true, ""message"": ""validated motion plan executed"", ""reason"": ""OK"", ""duration_ms"": 151.7}, {""state"": ""VERIFY_GRASP"", ""success"": true, ""message"": ""object lifted 146 mm"", ""reason"": ""OK"", ""duration_ms"": 0.0}]"
x03-y05-r04,sim_gt,bottle,0.38,0.02,0.38006144757157845,0.019999,26.646106015098564,4,IN_DOMAIN,True,,,,,146.0,612.0,0.1,153.2,0.0,0.0,lateral_band,upper,0.0,0.195,0.07500000000000001,0.008803088457325211,0.027078349715167198,"{""candidate_id"": ""preferred_00"", ""direction_deg"": 0.0, ""pre_close_object_xy_shift_mm"": 0.0, ""close_object_xy_shift_mm"": 0.184, ""lift_horizontal_drift_mm"": 1.94, ""lift_height_mm"": 146.0, ""target_contact_geoms"": [""link7/geom:18"", ""link8/geom:20"", ""table/table_top""], ""bilateral_finger_contact"": true, ""failure_class"": ""NONE""}",0.0,[],"[{""state"": ""DETECT_SOURCE"", ""success"": true, ""message"": ""selected bottle_0 conf=1.00 base=[0.38 0.02 0.12] (0 ROI pts)"", ""reason"": ""OK"", ""duration_ms"": 0.1}, {""state"": ""PLAN_PICK"", ""success"": true, ""message"": ""selected preferred_00 direction=0deg margin=0.118rad"", ""reason"": ""OK"", ""duration_ms"": 458.6}, {""state"": ""EXECUTE_PICK"", ""success"": true, ""message"": ""validated motion plan executed"", ""reason"": ""OK"", ""duration_ms"": 153.2}, {""state"": ""VERIFY_GRASP"", ""success"": true, ""message"": ""object lifted 146 mm"", ""reason"": ""OK"", ""duration_ms"": 0.0}]"
x03-y05-r05,sim_gt,bottle,0.38,0.02,0.3824130651418214,0.01850666851428267,151.36452544801466,5,IN_DOMAIN,True,,,,,145.9,617.0,0.2,152.8,0.0,0.0,lateral_band,upper,0.0,0.195,0.07500000000000001,0.008556204782479992,0.024852386028542315,"{""candidate_id"": ""preferred_00"", ""direction_deg"": 0.0, ""pre_close_object_xy_shift_mm"": 0.0, ""close_object_xy_shift_mm"": 0.184, ""lift_horizontal_drift_mm"": 2.201, ""lift_height_mm"": 145.864, ""target_contact_geoms"": [""link7/geom:18"", ""link8/geom:20"", ""table/table_top""], ""bilateral_finger_contact"": true, ""failure_class"": ""NONE""}",0.0,[],"[{""state"": ""DETECT_SOURCE"", ""success"": true, ""message"": ""selected bottle_0 conf=1.00 base=[0.382 0.019 0.12 ] (0 ROI pts)"", ""reason"": ""OK"", ""duration_ms"": 0.2}, {""state"": ""PLAN_PICK"", ""success"": true, ""message"": ""selected preferred_00 direction=0deg margin=0.119rad"", ""reason"": ""OK"", ""duration_ms"": 464.1}, {""state"": ""EXECUTE_PICK"", ""success"": true, ""message"": ""validated motion plan executed"", ""reason"": ""OK"", ""duration_ms"": 152.8}, {""state"": ""VERIFY_GRASP"", ""success"": true, ""message"": ""object lifted 146 mm"", ""reason"": ""OK"", ""duration_ms"": 0.0}]"
x03-y05-r06,sim_gt,bottle,0.38,0.02,0.38033022622479323,0.01721610969182405,112.78824512721994,6,IN_DOMAIN,True,,,,,146.0,614.9,0.1,152.2,0.0,0.0,lateral_band,upper,0.0,0.195,0.07500000000000001,0.008410979976295311,0.02366119485396091,"{""candidate_id"": ""preferred_00"", ""direction_deg"": 0.0, ""pre_close_object_xy_shift_mm"": 0.0, ""close_object_xy_shift_mm"": 0.184, ""lift_horizontal_drift_mm"": 1.901, ""lift_height_mm"": 146.005, ""target_contact_geoms"": [""link7/geom:18"", ""link8/geom:20"", ""table/table_top""], ""bilateral_finger_contact"": true, ""failure_class"": ""NONE""}",0.0,[],"[{""state"": ""DETECT_SOURCE"", ""success"": true, ""message"": ""selected bottle_0 conf=1.00 base=[0.38  0.017 0.12 ] (0 ROI pts)"", ""reason"": ""OK"", ""duration_ms"": 0.1}, {""state"": ""PLAN_PICK"", ""success"": true, ""message"": ""selected preferred_00 direction=0deg margin=0.120rad"", ""reason"": ""OK"", ""duration_ms"": 462.6}, {""state"": ""EXECUTE_PICK"", ""success"": true, ""message"": ""validated motion plan executed"", ""reason"": ""OK"", ""duration_ms"": 152.2}, {""state"": ""VERIFY_GRASP"", ""success"": true, ""message"": ""object lifted 146 mm"", ""reason"": ""OK"", ""duration_ms"": 0.0}]"
x03-y05-r07,sim_gt,bottle,0.38,0.02,0.3775276388778647,0.01952185346873413,113.84442993115097,7,IN_DOMAIN,True,,,,,146.3,634.2,0.2,153.1,0.0,0.0,lateral_band,upper,0.0,0.195,0.07500000000000001,0.008771465953426767,0.027017664289875766,"{""candidate_id"": ""preferred_00"", ""direction_deg"": 0.0, ""pre_close_object_xy_shift_mm"": 0.0, ""close_object_xy_shift_mm"": 0.185, ""lift_horizontal_drift_mm"": 2.065, ""lift_height_mm"": 146.26, ""target_contact_geoms"": [""link7/geom:18"", ""link8/geom:20"", ""table/table_top""], ""bilateral_finger_contact"": true, ""failure_class"": ""NONE""}",0.0,[],"[{""state"": ""DETECT_SOURCE"", ""success"": true, ""message"": ""selected bottle_0 conf=1.00 base=[0.378 0.02  0.12 ] (0 ROI pts)"", ""reason"": ""OK"", ""duration_ms"": 0.2}, {""state"": ""PLAN_PICK"", ""success"": true, ""message"": ""selected preferred_00 direction=0deg margin=0.119rad"", ""reason"": ""OK"", ""duration_ms"": 480.9}, {""state"": ""EXECUTE_PICK"", ""success"": true, ""message"": ""validated motion plan executed"", ""reason"": ""OK"", ""duration_ms"": 153.1}, {""state"": ""VERIFY_GRASP"", ""success"": true, ""message"": ""object lifted 146 mm"", ""reason"": ""OK"", ""duration_ms"": 0.0}]"
x03-y05-r08,sim_gt,bottle,0.38,0.02,0.3827421028866235,0.017963311411726884,242.6633669827121,8,IN_DOMAIN,True,,,,,145.9,616.5,0.3,152.4,0.0,0.0,lateral_band,upper,0.0,0.195,0.07500000000000001,0.008478269259660972,0.024142231892696972,"{""candidate_id"": ""preferred_00"", ""direction_deg"": 0.0, ""pre_close_object_xy_shift_mm"": 0.0, ""close_object_xy_shift_mm"": 0.184, ""lift_horizontal_drift_mm"": 2.185, ""lift_height_mm"": 145.866, ""target_contact_geoms"": [""link7/geom:18"", ""link8/geom:20"", ""table/table_top""], ""bilateral_finger_contact"": true, ""failure_class"": ""NONE""}",0.0,[],"[{""state"": ""DETECT_SOURCE"", ""success"": true, ""message"": ""selected bottle_0 conf=1.00 base=[0.383 0.018 0.12 ] (0 ROI pts)"", ""reason"": ""OK"", ""duration_ms"": 0.3}, {""state"": ""PLAN_PICK"", ""success"": true, ""message"": ""selected preferred_00 direction=0deg margin=0.119rad"", ""reason"": ""OK"", ""duration_ms"": 463.8}, {""state"": ""EXECUTE_PICK"", ""success"": true, ""message"": ""validated motion plan executed"", ""reason"": ""OK"", ""duration_ms"": 152.4}, {""state"": ""VERIFY_GRASP"", ""success"": true, ""message"": ""object lifted 146 mm"", ""reason"": ""OK"", ""duration_ms"": 0.0}]"
x03-y05-r09,sim_gt,bottle,0.38,0.02,0.38086318778726036,0.019999,84.16436616986952,9,IN_DOMAIN,True,,,,,146.0,635.0,0.2,155.3,0.0,0.0,lateral_band,upper,0.0,0.195,0.07500000000000001,0.008790851229558517,0.02691954428141292,"{""candidate_id"": ""preferred_00"", ""direction_deg"": 0.0, ""pre_close_object_xy_shift_mm"": 0.0, ""close_object_xy_shift_mm"": 0.184, ""lift_horizontal_drift_mm"": 1.969, ""lift_height_mm"": 145.996, ""target_contact_geoms"": [""link7/geom:18"", ""link8/geom:20"", ""table/table_top""], ""bilateral_finger_contact"": true, ""failure_class"": ""NONE""}",0.0,[],"[{""state"": ""DETECT_SOURCE"", ""success"": true, ""message"": ""selected bottle_0 conf=1.00 base=[0.381 0.02  0.12 ] (0 ROI pts)"", ""reason"": ""OK"", ""duration_ms"": 0.2}, {""state"": ""PLAN_PICK"", ""success"": true, ""message"": ""selected preferred_00 direction=0deg margin=0.118rad"", ""reason"": ""OK"", ""duration_ms"": 479.4}, {""state"": ""EXECUTE_PICK"", ""success"": true, ""message"": ""validated motion plan executed"", ""reason"": ""OK"", ""duration_ms"": 155.3}, {""state"": ""VERIFY_GRASP"", ""success"": true, ""message"": ""object lifted 146 mm"", ""reason"": ""OK"", ""duration_ms"": 0.0}]"
x03-y05-r10,sim_gt,bottle,0.38,0.02,0.37958300484692026,0.019999,175.47539178806596,10,IN_DOMAIN,True,,,,,146.0,625.5,0.5,152.6,0.0,0.0,lateral_band,upper,0.0,0.195,0.07500000000000001,0.008810448527568045,0.02717416223369251,"{""candidate_id"": ""preferred_00"", ""direction_deg"": 0.0, ""pre_close_object_xy_shift_mm"": 0.0, ""close_object_xy_shift_mm"": 0.185, ""lift_horizontal_drift_mm"": 1.957, ""lift_height_mm"": 146.005, ""target_contact_geoms"": [""link7/geom:18"", ""link8/geom:20"", ""table/table_top""], ""bilateral_finger_contact"": true, ""failure_class"": ""NONE""}",0.0,[],"[{""state"": ""DETECT_SOURCE"", ""success"": true, ""message"": ""selected bottle_0 conf=1.00 base=[0.38 0.02 0.12] (0 ROI pts)"", ""reason"": ""OK"", ""duration_ms"": 0.5}, {""state"": ""PLAN_PICK"", ""success"": true, ""message"": ""selected preferred_00 direction=0deg margin=0.118rad"", ""reason"": ""OK"", ""duration_ms"": 472.4}, {""state"": ""EXECUTE_PICK"", ""success"": true, ""message"": ""validated motion plan executed"", ""reason"": ""OK"", ""duration_ms"": 152.6}, {""state"": ""VERIFY_GRASP"", ""success"": true, ""message"": ""object lifted 146 mm"", ""reason"": ""OK"", ""duration_ms"": 0.0}]"
x04-y01-r01,sim_gt,bottle,0.4,-0.16,0.40163700238842526,-0.15711090205588113,7.0126734917834765,1,IN_DOMAIN,True,,,,,146.4,636.4,0.2,165.6,0.0,323.635737384328,lateral_band,lower,338.635737384328,0.195,0.07500000000000001,0.028347963210030483,0.06910243700527303,"{""candidate_id"": ""preferred_00"", ""direction_deg"": 323.635737384328, ""pre_close_object_xy_shift_mm"": 0.0, ""close_object_xy_shift_mm"": 0.166, ""lift_horizontal_drift_mm"": 1.029, ""lift_height_mm"": 146.353, ""target_contact_geoms"": [""link7/geom:18"", ""link8/geom:20"", ""table/table_top""], ""bilateral_finger_contact"": true, ""failure_class"": ""NONE""}",0.0,[],"[{""state"": ""DETECT_SOURCE"", ""success"": true, ""message"": ""selected bottle_0 conf=1.00 base=[ 0.402 -0.157  0.12 ] (0 ROI pts)"", ""reason"": ""OK"", ""duration_ms"": 0.2}, {""state"": ""PLAN_PICK"", ""success"": true, ""message"": ""selected preferred_00 direction=324deg margin=0.071rad"", ""reason"": ""OK"", ""duration_ms"": 470.5}, {""state"": ""EXECUTE_PICK"", ""success"": true, ""message"": ""validated motion plan executed"", ""reason"": ""OK"", ""duration_ms"": 165.6}, {""state"": ""VERIFY_GRASP"", ""success"": true, ""message"": ""object lifted 146 mm"", ""reason"": ""OK"", ""duration_ms"": 0.0}]"
x04-y01-r02,sim_gt,bottle,0.4,-0.16,0.40274451747079126,-0.1590416873667915,207.18467086533872,2,IN_DOMAIN,True,,,,,146.4,635.1,0.3,167.1,0.0,323.45119363141805,lateral_band,lower,338.45119363141805,0.195,0.07500000000000001,0.028327486547988556,0.06903517469696217,"{""candidate_id"": ""preferred_00"", ""direction_deg"": 323.45119363141805, ""pre_close_object_xy_shift_mm"": 0.0, ""close_object_xy_shift_mm"": 0.166, ""lift_horizontal_drift_mm"": 1.032, ""lift_height_mm"": 146.358, ""target_contact_geoms"": [""link7/geom:18"", ""link8/geom:20"", ""table/table_top""], ""bilateral_finger_contact"": true, ""failure_class"": ""NONE""}",0.0,[],"[{""state"": ""DETECT_SOURCE"", ""success"": true, ""message"": ""selected bottle_0 conf=1.00 base=[ 0.403 -0.159  0.12 ] (0 ROI pts)"", ""reason"": ""OK"", ""duration_ms"": 0.3}, {""state"": ""PLAN_PICK"", ""success"": true, ""message"": ""selected preferred_00 direction=323deg margin=0.073rad"", ""reason"": ""OK"", ""duration_ms"": 467.7}, {""state"": ""EXECUTE_PICK"", ""success"": true, ""message"": ""validated motion plan executed"", ""reason"": ""OK"", ""duration_ms"": 167.1}, {""state"": ""VERIFY_GRASP"", ""success"": true, ""message"": ""object lifted 146 mm"", ""reason"": ""OK"", ""duration_ms"": 0.0}]"
x04-y01-r03,sim_gt,bottle,0.4,-0.16,0.3994938636946717,-0.16125101323474844,95.9618871853087,3,IN_DOMAIN,True,,,,,146.4,636.5,0.2,166.3,0.0,323.01910944965334,lateral_band,lower,338.01910944965334,0.195,0.07500000000000001,0.02835387928245414,0.06912103588741865,"{""candidate_id"": ""preferred_00"", ""direction_deg"": 323.01910944965334, ""pre_close_object_xy_shift_mm"": 0.0, ""close_object_xy_shift_mm"": 0.166, ""lift_horizontal_drift_mm"": 1.027, ""lift_height_mm"": 146.351, ""target_contact_geoms"": [""link7/geom:18"", ""link8/geom:20"", ""table/table_top""], ""bilateral_finger_contact"": true, ""failure_class"": ""NONE""}",0.0,[],"[{""state"": ""DETECT_SOURCE"", ""success"": true, ""message"": ""selected bottle_0 conf=1.00 base=[ 0.399 -0.161  0.12 ] (0 ROI pts)"", ""reason"": ""OK"", ""duration_ms"": 0.2}, {""state"": ""PLAN_PICK"", ""success"": true, ""message"": ""selected preferred_00 direction=323deg margin=0.070rad"", ""reason"": ""OK"", ""duration_ms"": 470.0}, {""state"": ""EXECUTE_PICK"", ""success"": true, ""message"": ""validated motion plan executed"", ""reason"": ""OK"", ""duration_ms"": 166.3}, {""state"": ""VERIFY_GRASP"", ""success"": true, ""message"": ""object lifted 146 mm"", ""reason"": ""OK"", ""duration_ms"": 0.0}]"
x04-y01-r04,sim_gt,bottle,0.4,-0.16,0.3986143592919312,-0.16241174657784346,238.56657179805484,4,IN_DOMAIN,True,,,,,146.4,636.3,0.3,165.8,0.0,322.83200394504206,lateral_band,lower,337.83200394504206,0.195,0.07500000000000001,0.028358868384048854,0.06913647531908974,"{""candidate_id"": ""preferred_00"", ""direction_deg"": 322.83200394504206, ""pre_close_object_xy_shift_mm"": 0.0, ""close_object_xy_shift_mm"": 0.167, ""lift_horizontal_drift_mm"": 1.01, ""lift_height_mm"": 146.353, ""target_contact_geoms"": [""link7/geom:18"", ""link8/geom:20"", ""table/table_top""], ""bilateral_finger_contact"": true, ""failure_class"": ""NONE""}",0.0,[],"[{""state"": ""DETECT_SOURCE"", ""success"": true, ""message"": ""selected bottle_0 conf=1.00 base=[ 0.399 -0.162  0.12 ] (0 ROI pts)"", ""reason"": ""OK"", ""duration_ms"": 0.3}, {""state"": ""PLAN_PICK"", ""success"": true, ""message"": ""selected preferred_00 direction=323deg margin=0.070rad"", ""reason"": ""OK"", ""duration_ms"": 470.2}, {""state"": ""EXECUTE_PICK"", ""success"": true, ""message"": ""validated motion plan executed"", ""reason"": ""OK"", ""duration_ms"": 165.8}, {""state"": ""VERIFY_GRASP"", ""success"": true, ""message"": ""object lifted 146 mm"", ""reason"": ""OK"", ""duration_ms"": 0.0}]"
x04-y01-r05,sim_gt,bottle,0.4,-0.16,0.39948151586866776,-0.1629193890336681,56.617503368979506,5,IN_DOMAIN,True,,,,,146.4,655.7,0.2,168.5,0.0,322.81303062119764,lateral_band,lower,337.81303062119764,0.195,0.07500000000000001,0.028346048590308665,0.06909634580040779,"{""candidate_id"": ""preferred_00"", ""direction_deg"": 322.81303062119764, ""pre_close_object_xy_shift_mm"": 0.0, ""close_object_xy_shift_mm"": 0.166, ""lift_horizontal_drift_mm"": 1.028, ""lift_height_mm"": 146.354, ""target_contact_geoms"": [""link7/geom:18"", ""link8/geom:20"", ""table/table_top""], ""bilateral_finger_contact"": true, ""failure_class"": ""NONE""}",0.0,[],"[{""state"": ""DETECT_SOURCE"", ""success"": true, ""message"": ""selected bottle_0 conf=1.00 base=[ 0.399 -0.163  0.12 ] (0 ROI pts)"", ""reason"": ""OK"", ""duration_ms"": 0.2}, {""state"": ""PLAN_PICK"", ""success"": true, ""message"": ""selected preferred_00 direction=323deg margin=0.071rad"", ""reason"": ""OK"", ""duration_ms"": 486.9}, {""state"": ""EXECUTE_PICK"", ""success"": true, ""message"": ""validated motion plan executed"", ""reason"": ""OK"", ""duration_ms"": 168.5}, {""state"": ""VERIFY_GRASP"", ""success"": true, ""message"": ""object lifted 146 mm"", ""reason"": ""OK"", ""duration_ms"": 0.0}]"
x04-y01-r06,sim_gt,bottle,0.4,-0.16,0.3997109357012795,-0.15953860508863393,179.81922526795566,6,IN_DOMAIN,True,,,,,146.4,665.0,0.2,169.4,0.0,323.24132240330425,lateral_band,lower,338.24132240330425,0.195,0.07500000000000001,0.028359638545820395,0.06913883979366775,"{""candidate_id"": ""preferred_00"", ""direction_deg"": 323.24132240330425, ""pre_close_object_xy_shift_mm"": 0.0, ""close_object_xy_shift_mm"": 0.166, ""lift_horizontal_drift_mm"": 1.007, ""lift_height_mm"": 146.357, ""target_contact_geoms"": [""link7/geom:18"", ""link8/geom:20"", ""table/table_top""], ""bilateral_finger_contact"": true, ""failure_class"": ""NONE""}",0.0,[],"[{""state"": ""DETECT_SOURCE"", ""success"": true, ""message"": ""selected bottle_0 conf=1.00 base=[ 0.4  -0.16  0.12] (0 ROI pts)"", ""reason"": ""OK"", ""duration_ms"": 0.2}, {""state"": ""PLAN_PICK"", ""success"": true, ""message"": ""selected preferred_00 direction=323deg margin=0.070rad"", ""reason"": ""OK"", ""duration_ms"": 495.3}, {""state"": ""EXECUTE_PICK"", ""success"": true, ""message"": ""validated motion plan executed"", ""reason"": ""OK"", ""duration_ms"": 169.4}, {""state"": ""VERIFY_GRASP"", ""success"": true, ""message"": ""object lifted 146 mm"", ""reason"": ""OK"", ""duration_ms"": 0.0}]"
x04-y01-r07,sim_gt,bottle,0.4,-0.16,0.3986508158163461,-0.15844611855213678,102.29781499879556,7,IN_DOMAIN,True,,,,,146.4,667.8,0.2,169.3,0.0,323.3243540824234,lateral_band,lower,338.3243540824234,0.195,0.07500000000000001,0.028379141632701676,0.06919720902803338,"{""candidate_id"": ""preferred_00"", ""direction_deg"": 323.3243540824234, ""pre_close_object_xy_shift_mm"": 0.0, ""close_object_xy_shift_mm"": 0.166, ""lift_horizontal_drift_mm"": 1.007, ""lift_height_mm"": 146.352, ""target_contact_geoms"": [""link7/geom:18"", ""link8/geom:20"", ""table/table_top""], ""bilateral_finger_contact"": true, ""failure_class"": ""NONE""}",0.0,[],"[{""state"": ""DETECT_SOURCE"", ""success"": true, ""message"": ""selected bottle_0 conf=1.00 base=[ 0.399 -0.158  0.12 ] (0 ROI pts)"", ""reason"": ""OK"", ""duration_ms"": 0.2}, {""state"": ""PLAN_PICK"", ""success"": true, ""message"": ""selected preferred_00 direction=323deg margin=0.068rad"", ""reason"": ""OK"", ""duration_ms"": 498.3}, {""state"": ""EXECUTE_PICK"", ""success"": true, ""message"": ""validated motion plan executed"", ""reason"": ""OK"", ""duration_ms"": 169.3}, {""state"": ""VERIFY_GRASP"", ""success"": true, ""message"": ""object lifted 146 mm"", ""reason"": ""OK"", ""duration_ms"": 0.0}]"
x04-y01-r08,sim_gt,bottle,0.4,-0.16,0.398515744406877,-0.1595488418728353,186.68364331917758,8,IN_DOMAIN,True,,,,,146.4,655.6,0.2,167.9,0.0,323.18091794313426,lateral_band,lower,338.18091794313426,0.195,0.07500000000000001,0.028375021410300304,0.06918510348976985,"{""candidate_id"": ""preferred_00"", ""direction_deg"": 323.18091794313426, ""pre_close_object_xy_shift_mm"": 0.0, ""close_object_xy_shift_mm"": 0.166, ""lift_horizontal_drift_mm"": 1.008, ""lift_height_mm"": 146.352, ""target_contact_geoms"": [""link7/geom:18"", ""link8/geom:20"", ""table/table_top""], ""bilateral_finger_contact"": true, ""failure_class"": ""NONE""}",0.0,[],"[{""state"": ""DETECT_SOURCE"", ""success"": true, ""message"": ""selected bottle_0 conf=1.00 base=[ 0.399 -0.16   0.12 ] (0 ROI pts)"", ""reason"": ""OK"", ""duration_ms"": 0.2}, {""state"": ""PLAN_PICK"", ""success"": true, ""message"": ""selected preferred_00 direction=323deg margin=0.068rad"", ""reason"": ""OK"", ""duration_ms"": 487.5}, {""state"": ""EXECUTE_PICK"", ""success"": true, ""message"": ""validated motion plan executed"", ""reason"": ""OK"", ""duration_ms"": 167.9}, {""state"": ""VERIFY_GRASP"", ""success"": true, ""message"": ""object lifted 146 mm"", ""reason"": ""OK"", ""duration_ms"": 0.0}]"
x04-y01-r09,sim_gt,bottle,0.4,-0.16,0.3999458229548447,-0.1593678561718609,174.24538044899865,9,IN_DOMAIN,True,,,,,146.4,657.0,0.2,165.5,0.0,323.2740150708697,lateral_band,lower,338.2740150708697,0.195,0.07500000000000001,0.028357573934367112,0.06913249004165195,"{""candidate_id"": ""preferred_00"", ""direction_deg"": 323.2740150708697, ""pre_close_object_xy_shift_mm"": 0.0, ""close_object_xy_shift_mm"": 0.166, ""lift_horizontal_drift_mm"": 1.009, ""lift_height_mm"": 146.357, ""target_contact_geoms"": [""link7/geom:18"", ""link8/geom:20"", ""table/table_top""], ""bilateral_finger_contact"": true, ""failure_class"": ""NONE""}",0.0,[],"[{""state"": ""DETECT_SOURCE"", ""success"": true, ""message"": ""selected bottle_0 conf=1.00 base=[ 0.4   -0.159  0.12 ] (0 ROI pts)"", ""reason"": ""OK"", ""duration_ms"": 0.2}, {""state"": ""PLAN_PICK"", ""success"": true, ""message"": ""selected preferred_00 direction=323deg margin=0.070rad"", ""reason"": ""OK"", ""duration_ms"": 491.3}, {""state"": ""EXECUTE_PICK"", ""success"": true, ""message"": ""validated motion plan executed"", ""reason"": ""OK"", ""duration_ms"": 165.5}, {""state"": ""VERIFY_GRASP"", ""success"": true, ""message"": ""object lifted 146 mm"", ""reason"": ""OK"", ""duration_ms"": 0.0}]"
x04-y01-r10,sim_gt,bottle,0.4,-0.16,0.39988509657225685,-0.16033053869754801,155.37188249754777,10,IN_DOMAIN,True,,,,,146.4,633.6,0.1,166.1,0.0,323.1520997374573,lateral_band,lower,338.1520997374573,0.195,0.07500000000000001,0.02835362696713114,0.06912024926847919,"{""candidate_id"": ""preferred_00"", ""direction_deg"": 323.1520997374573, ""pre_close_object_xy_shift_mm"": 0.0, ""close_object_xy_shift_mm"": 0.166, ""lift_horizontal_drift_mm"": 1.011, ""lift_height_mm"": 146.353, ""target_contact_geoms"": [""link7/geom:18"", ""link8/geom:20"", ""table/table_top""], ""bilateral_finger_contact"": true, ""failure_class"": ""NONE""}",0.0,[],"[{""state"": ""DETECT_SOURCE"", ""success"": true, ""message"": ""selected bottle_0 conf=1.00 base=[ 0.4  -0.16  0.12] (0 ROI pts)"", ""reason"": ""OK"", ""duration_ms"": 0.1}, {""state"": ""PLAN_PICK"", ""success"": true, ""message"": ""selected preferred_00 direction=323deg margin=0.070rad"", ""reason"": ""OK"", ""duration_ms"": 467.4}, {""state"": ""EXECUTE_PICK"", ""success"": true, ""message"": ""validated motion plan executed"", ""reason"": ""OK"", ""duration_ms"": 166.1}, {""state"": ""VERIFY_GRASP"", ""success"": true, ""message"": ""object lifted 146 mm"", ""reason"": ""OK"", ""duration_ms"": 0.0}]"
x04-y02-r01,sim_gt,bottle,0.4,-0.115,0.39905301183848646,-0.11388492637422502,229.36130716955986,1,IN_DOMAIN,True,,,,,146.4,635.2,0.3,163.4,0.0,329.0718833708285,lateral_band,lower,344.0718833708285,0.195,0.07500000000000001,0.02868117469589804,0.06992870270053568,"{""candidate_id"": ""preferred_00"", ""direction_deg"": 329.0718833708285, ""pre_close_object_xy_shift_mm"": 0.0, ""close_object_xy_shift_mm"": 0.17, ""lift_horizontal_drift_mm"": 0.955, ""lift_height_mm"": 146.365, ""target_contact_geoms"": [""link7/geom:18"", ""link8/geom:20"", ""table/table_top""], ""bilateral_finger_contact"": true, ""failure_class"": ""NONE""}",0.0,[],"[{""state"": ""DETECT_SOURCE"", ""success"": true, ""message"": ""selected bottle_0 conf=1.00 base=[ 0.399 -0.114  0.12 ] (0 ROI pts)"", ""reason"": ""OK"", ""duration_ms"": 0.3}, {""state"": ""PLAN_PICK"", ""success"": true, ""message"": ""selected preferred_00 direction=329deg margin=0.050rad"", ""reason"": ""OK"", ""duration_ms"": 471.6}, {""state"": ""EXECUTE_PICK"", ""success"": true, ""message"": ""validated motion plan executed"", ""reason"": ""OK"", ""duration_ms"": 163.4}, {""state"": ""VERIFY_GRASP"", ""success"": true, ""message"": ""object lifted 146 mm"", ""reason"": ""OK"", ""duration_ms"": 0.0}]"
x04-y02-r02,sim_gt,bottle,0.4,-0.115,0.40025001075220307,-0.11630191358747627,272.46611766806956,2,IN_DOMAIN,True,,,,,146.4,631.9,0.2,164.6,0.0,328.7975483270331,lateral_band,lower,343.7975483270331,0.195,0.07500000000000001,0.028630499537160157,0.06981898553320819,"{""candidate_id"": ""preferred_00"", ""direction_deg"": 328.7975483270331, ""pre_close_object_xy_shift_mm"": 0.0, ""close_object_xy_shift_mm"": 0.17, ""lift_horizontal_drift_mm"": 0.962, ""lift_height_mm"": 146.389, ""target_contact_geoms"": [""link7/geom:18"", ""link8/geom:20"", ""table/table_top""], ""bilateral_finger_contact"": true, ""failure_class"": ""NONE""}",0.0,[],"[{""state"": ""DETECT_SOURCE"", ""success"": true, ""message"": ""selected bottle_0 conf=1.00 base=[ 0.4   -0.116  0.12 ] (0 ROI pts)"", ""reason"": ""OK"", ""duration_ms"": 0.2}, {""state"": ""PLAN_PICK"", ""success"": true, ""message"": ""selected preferred_00 direction=329deg margin=0.052rad"", ""reason"": ""OK"", ""duration_ms"": 467.1}, {""state"": ""EXECUTE_PICK"", ""success"": true, ""message"": ""validated motion plan executed"", ""reason"": ""OK"", ""duration_ms"": 164.6}, {""state"": ""VERIFY_GRASP"", ""success"": true, ""message"": ""object lifted 146 mm"", ""reason"": ""OK"", ""duration_ms"": 0.0}]"
x04-y02-r03,sim_gt,bottle,0.4,-0.115,0.3989680834708736,-0.11493408316469803,105.16631906765258,3,IN_DOMAIN,True,,,,,146.4,634.1,0.1,165.2,0.0,328.9294457257986,lateral_band,lower,343.9294457257986,0.195,0.07500000000000001,0.028675211183426537,0.06991596517608263,"{""candidate_id"": ""preferred_00"", ""direction_deg"": 328.9294457257986, ""pre_close_object_xy_shift_mm"": 0.0, ""close_object_xy_shift_mm"": 0.17, ""lift_horizontal_drift_mm"": 0.957, ""lift_height_mm"": 146.392, ""target_contact_geoms"": [""link7/geom:18"", ""link8/geom:20"", ""table/table_top""], ""bilateral_finger_contact"": true, ""failure_class"": ""NONE""}",0.0,[],"[{""state"": ""DETECT_SOURCE"", ""success"": true, ""message"": ""selected bottle_0 conf=1.00 base=[ 0.399 -0.115  0.12 ] (0 ROI pts)"", ""reason"": ""OK"", ""duration_ms"": 0.1}, {""state"": ""PLAN_PICK"", ""success"": true, ""message"": ""selected preferred_00 direction=329deg margin=0.050rad"", ""reason"": ""OK"", ""duration_ms"": 468.7}, {""state"": ""EXECUTE_PICK"", ""success"": true, ""message"": ""validated motion plan executed"", ""reason"": ""OK"", ""duration_ms"": 165.2}, {""state"": ""VERIFY_GRASP"", ""success"": true, ""message"": ""object lifted 146 mm"", ""reason"": ""OK"", ""duration_ms"": 0.0}]"
x04-y02-r04,sim_gt,bottle,0.4,-0.115,0.40218622825486555,-0.116593582127188,98.65468047444354,4,IN_DOMAIN,True,,,,,146.4,664.8,0.2,168.0,0.0,328.833144863294,lateral_band,lower,343.833144863294,0.195,0.07500000000000001,0.02858034812974828,0.06970673342258221,"{""candidate_id"": ""preferred_00"", ""direction_deg"": 328.833144863294, ""pre_close_object_xy_shift_mm"": 0.0, ""close_object_xy_shift_mm"": 0.169, ""lift_horizontal_drift_mm"": 0.965, ""lift_height_mm"": 146.395, ""target_contact_geoms"": [""link7/geom:18"", ""link8/geom:20"", ""table/table_top""], ""bilateral_finger_contact"": true, ""failure_class"": ""NONE""}",0.0,[],"[{""state"": ""DETECT_SOURCE"", ""success"": true, ""message"": ""selected bottle_0 conf=1.00 base=[ 0.402 -0.117  0.12 ] (0 ROI pts)"", ""reason"": ""OK"", ""duration_ms"": 0.2}, {""state"": ""PLAN_PICK"", ""success"": true, ""message"": ""selected preferred_00 direction=329deg margin=0.055rad"", ""reason"": ""OK"", ""duration_ms"": 496.6}, {""state"": ""EXECUTE_PICK"", ""success"": true, ""message"": ""validated motion plan executed"", ""reason"": ""OK"", ""duration_ms"": 168.0}, {""state"": ""VERIFY_GRASP"", ""success"": true, ""message"": ""object lifted 146 mm"", ""reason"": ""OK"", ""duration_ms"": 0.0}]"
x04-y02-r05,sim_gt,bottle,0.4,-0.115,0.4025335786628323,-0.11484678049008146,83.83313966036627,5,IN_DOMAIN,True,,,,,146.4,672.1,0.2,168.4,0.0,329.07602247162885,lateral_band,lower,344.07602247162885,0.195,0.07500000000000001,0.02858405652008495,0.06971517356642476,"{""candidate_id"": ""preferred_00"", ""direction_deg"": 329.07602247162885, ""pre_close_object_xy_shift_mm"": 0.0, ""close_object_xy_shift_mm"": 0.169, ""lift_horizontal_drift_mm"": 0.965, ""lift_height_mm"": 146.395, ""target_contact_geoms"": [""link7/geom:18"", ""link8/geom:20"", ""table/table_top""], ""bilateral_finger_contact"": true, ""failure_class"": ""NONE""}",0.0,[],"[{""state"": ""DETECT_SOURCE"", ""success"": true, ""message"": ""selected bottle_0 conf=1.00 base=[ 0.403 -0.115  0.12 ] (0 ROI pts)"", ""reason"": ""OK"", ""duration_ms"": 0.2}, {""state"": ""PLAN_PICK"", ""success"": true, ""message"": ""selected preferred_00 direction=329deg margin=0.055rad"", ""reason"": ""OK"", ""duration_ms"": 503.4}, {""state"": ""EXECUTE_PICK"", ""success"": true, ""message"": ""validated motion plan executed"", ""reason"": ""OK"", ""duration_ms"": 168.4}, {""state"": ""VERIFY_GRASP"", ""success"": true, ""message"": ""object lifted 146 mm"", ""reason"": ""OK"", ""duration_ms"": 0.0}]"
x04-y02-r06,sim_gt,bottle,0.4,-0.115,0.4013071304087181,-0.11736064022296047,231.3428588529171,6,IN_DOMAIN,True,,,,,146.4,668.8,0.2,167.5,0.0,328.6986487886458,lateral_band,lower,343.6986487886458,0.195,0.07500000000000001,0.028596180394152917,0.06974260451513038,"{""candidate_id"": ""preferred_00"", ""direction_deg"": 328.6986487886458, ""pre_close_object_xy_shift_mm"": 0.0, ""close_object_xy_shift_mm"": 0.17, ""lift_horizontal_drift_mm"": 0.964, ""lift_height_mm"": 146.395, ""target_contact_geoms"": [""link7/geom:18"", ""link8/geom:20"", ""table/table_top""], ""bilateral_finger_contact"": true, ""failure_class"": ""NONE""}",0.0,[],"[{""state"": ""DETECT_SOURCE"", ""success"": true, ""message"": ""selected bottle_0 conf=1.00 base=[ 0.401 -0.117  0.12 ] (0 ROI pts)"", ""reason"": ""OK"", ""duration_ms"": 0.2}, {""state"": ""PLAN_PICK"", ""success"": true, ""message"": ""selected preferred_00 direction=329deg margin=0.054rad"", ""reason"": ""OK"", ""duration_ms"": 501.1}, {""state"": ""EXECUTE_PICK"", ""success"": true, ""message"": ""validated motion plan executed"", ""reason"": ""OK"", ""duration_ms"": 167.5}, {""state"": ""VERIFY_GRASP"", ""success"": true, ""message"": ""object lifted 146 mm"", ""reason"": ""OK"", ""duration_ms"": 0.0}]"
x04-y02-r07,sim_gt,bottle,0.4,-0.115,0.39778197692598594,-0.11751296507744198,177.35477759834058,7,IN_DOMAIN,True,,,,,146.4,668.3,0.2,169.1,0.0,328.54177053454873,lateral_band,lower,343.54177053454873,0.195,0.07500000000000001,0.02868722317078662,0.06994157691871111,"{""candidate_id"": ""preferred_00"", ""direction_deg"": 328.54177053454873, ""pre_close_object_xy_shift_mm"": 0.0, ""close_object_xy_shift_mm"": 0.17, ""lift_horizontal_drift_mm"": 0.954, ""lift_height_mm"": 146.39, ""target_contact_geoms"": [""link7/geom:18"", ""link8/geom:20"", ""table/table_top""], ""bilateral_finger_contact"": true, ""failure_class"": ""NONE""}",0.0,[],"[{""state"": ""DETECT_SOURCE"", ""success"": true, ""message"": ""selected bottle_0 conf=1.00 base=[ 0.398 -0.118  0.12 ] (0 ROI pts)"", ""reason"": ""OK"", ""duration_ms"": 0.2}, {""state"": ""PLAN_PICK"", ""success"": true, ""message"": ""selected preferred_00 direction=329deg margin=0.050rad"", ""reason"": ""OK"", ""duration_ms"": 499.0}, {""state"": ""EXECUTE_PICK"", ""success"": true, ""message"": ""validated motion plan executed"", ""reason"": ""OK"", ""duration_ms"": 169.1}, {""state"": ""VERIFY_GRASP"", ""success"": true, ""message"": ""object lifted 146 mm"", ""reason"": ""OK"", ""duration_ms"": 0.0}]"
x04-y02-r08,sim_gt,bottle,0.4,-0.115,0.4013861705584855,-0.11668607104935798,181.3528542277181,8,IN_DOMAIN,True,,,,,146.4,669.9,0.2,168.4,0.0,328.79043613697047,lateral_band,lower,343.79043613697047,0.195,0.07500000000000001,0.02859906464199541,0.06974909451441316,"{""candidate_id"": ""preferred_00"", ""direction_deg"": 328.79043613697047, ""pre_close_object_xy_shift_mm"": 0.0, ""close_object_xy_shift_mm"": 0.169, ""lift_horizontal_drift_mm"": 0.965, ""lift_height_mm"": 146.395, ""target_contact_geoms"": [""link7/geom:18"", ""link8/geom:20"", ""table/table_top""], ""bilateral_finger_contact"": true, ""failure_class"": ""NONE""}",0.0,[],"[{""state"": ""DETECT_SOURCE"", ""success"": true, ""message"": ""selected bottle_0 conf=1.00 base=[ 0.401 -0.117  0.12 ] (0 ROI pts)"", ""reason"": ""OK"", ""duration_ms"": 0.2}, {""state"": ""PLAN_PICK"", ""success"": true, ""message"": ""selected preferred_00 direction=329deg margin=0.054rad"", ""reason"": ""OK"", ""duration_ms"": 501.2}, {""state"": ""EXECUTE_PICK"", ""success"": true, ""message"": ""validated motion plan executed"", ""reason"": ""OK"", ""duration_ms"": 168.4}, {""state"": ""VERIFY_GRASP"", ""success"": true, ""message"": ""object lifted 146 mm"", ""reason"": ""OK"", ""duration_ms"": 0.0}]"
x04-y02-r09,sim_gt,bottle,0.4,-0.115,0.4026315328655189,-0.11420304616995192,126.70611212363936,9,IN_DOMAIN,True,,,,,146.4,653.2,0.2,165.7,0.0,329.1644490859709,lateral_band,lower,344.1644490859709,0.195,0.07500000000000001,0.02858610569414404,0.06971982728413059,"{""candidate_id"": ""preferred_00"", ""direction_deg"": 329.1644490859709, ""pre_close_object_xy_shift_mm"": 0.0, ""close_object_xy_shift_mm"": 0.169, ""lift_horizontal_drift_mm"": 0.967, ""lift_height_mm"": 146.395, ""target_contact_geoms"": [""link7/geom:18"", ""link8/geom:20"", ""table/table_top""], ""bilateral_finger_contact"": true, ""failure_class"": ""NONE""}",0.0,[],"[{""state"": ""DETECT_SOURCE"", ""success"": true, ""message"": ""selected bottle_0 conf=1.00 base=[ 0.403 -0.114  0.12 ] (0 ROI pts)"", ""reason"": ""OK"", ""duration_ms"": 0.2}, {""state"": ""PLAN_PICK"", ""success"": true, ""message"": ""selected preferred_00 direction=329deg margin=0.054rad"", ""reason"": ""OK"", ""duration_ms"": 487.3}, {""state"": ""EXECUTE_PICK"", ""success"": true, ""message"": ""validated motion plan executed"", ""reason"": ""OK"", ""duration_ms"": 165.7}, {""state"": ""VERIFY_GRASP"", ""success"": true, ""message"": ""object lifted 146 mm"", ""reason"": ""OK"", ""duration_ms"": 0.0}]"
x04-y02-r10,sim_gt,bottle,0.4,-0.115,0.40133027369170704,-0.11703151285199917,260.0471874460494,10,IN_DOMAIN,True,,,,,146.4,648.1,0.2,165.6,0.0,328.7428346473184,lateral_band,lower,343.7428346473184,0.195,0.07500000000000001,0.028597967540257112,0.06974662745975092,"{""candidate_id"": ""preferred_00"", ""direction_deg"": 328.7428346473184, ""pre_close_object_xy_shift_mm"": 0.0, ""close_object_xy_shift_mm"": 0.169, ""lift_horizontal_drift_mm"": 0.965, ""lift_height_mm"": 146.386, ""target_contact_geoms"": [""link7/geom:18"", ""link8/geom:20"", ""table/table_top""], ""bilateral_finger_contact"": true, ""failure_class"": ""NONE""}",0.0,[],"[{""state"": ""DETECT_SOURCE"", ""success"": true, ""message"": ""selected bottle_0 conf=1.00 base=[ 0.401 -0.117  0.12 ] (0 ROI pts)"", ""reason"": ""OK"", ""duration_ms"": 0.2}, {""state"": ""PLAN_PICK"", ""success"": true, ""message"": ""selected preferred_00 direction=329deg margin=0.054rad"", ""reason"": ""OK"", ""duration_ms"": 482.3}, {""state"": ""EXECUTE_PICK"", ""success"": true, ""message"": ""validated motion plan executed"", ""reason"": ""OK"", ""duration_ms"": 165.6}, {""state"": ""VERIFY_GRASP"", ""success"": true, ""message"": ""object lifted 146 mm"", ""reason"": ""OK"", ""duration_ms"": 0.0}]"
x04-y03-r01,sim_gt,bottle,0.4,-0.07,0.4001538523452169,-0.06852346415883573,340.402515950933,1,IN_DOMAIN,True,,,,,146.1,707.8,0.2,166.7,0.0,0.0,lateral_band,upper,0.0,0.195,0.07500000000000001,0.021200482115968092,0.059850662299405014,"{""candidate_id"": ""preferred_00"", ""direction_deg"": 0.0, ""pre_close_object_xy_shift_mm"": 0.0, ""close_object_xy_shift_mm"": 0.124, ""lift_horizontal_drift_mm"": 1.393, ""lift_height_mm"": 146.112, ""target_contact_geoms"": [""link7/geom:18"", ""link8/geom:20"", ""table/table_top""], ""bilateral_finger_contact"": true, ""failure_class"": ""NONE""}",0.0,[],"[{""state"": ""DETECT_SOURCE"", ""success"": true, ""message"": ""selected bottle_0 conf=1.00 base=[ 0.4   -0.069  0.12 ] (0 ROI pts)"", ""reason"": ""OK"", ""duration_ms"": 0.2}, {""state"": ""PLAN_PICK"", ""success"": true, ""message"": ""selected preferred_00 direction=0deg margin=0.087rad"", ""reason"": ""OK"", ""duration_ms"": 540.9}, {""state"": ""EXECUTE_PICK"", ""success"": true, ""message"": ""validated motion plan executed"", ""reason"": ""OK"", ""duration_ms"": 166.7}, {""state"": ""VERIFY_GRASP"", ""success"": true, ""message"": ""object lifted 146 mm"", ""reason"": ""OK"", ""duration_ms"": 0.0}]"
x04-y03-r02,sim_gt,bottle,0.4,-0.07,0.39882029298312077,-0.07205715817979638,246.8791296477546,2,IN_DOMAIN,True,,,,,146.1,726.0,0.2,166.6,0.0,0.0,lateral_band,upper,0.0,0.195,0.07500000000000001,0.02217562128223824,0.06152805979147265,"{""candidate_id"": ""preferred_00"", ""direction_deg"": 0.0, ""pre_close_object_xy_shift_mm"": 0.0, ""close_object_xy_shift_mm"": 0.124, ""lift_horizontal_drift_mm"": 1.358, ""lift_height_mm"": 146.123, ""target_contact_geoms"": [""link7/geom:18"", ""link8/geom:20"", ""table/table_top""], ""bilateral_finger_contact"": true, ""failure_class"": ""NONE""}",0.0,[],"[{""state"": ""DETECT_SOURCE"", ""success"": true, ""message"": ""selected bottle_0 conf=1.00 base=[ 0.399 -0.072  0.12 ] (0 ROI pts)"", ""reason"": ""OK"", ""duration_ms"": 0.2}, {""state"": ""PLAN_PICK"", ""success"": true, ""message"": ""selected preferred_00 direction=0deg margin=0.082rad"", ""reason"": ""OK"", ""duration_ms"": 559.2}, {""state"": ""EXECUTE_PICK"", ""success"": true, ""message"": ""validated motion plan executed"", ""reason"": ""OK"", ""duration_ms"": 166.6}, {""state"": ""VERIFY_GRASP"", ""success"": true, ""message"": ""object lifted 146 mm"", ""reason"": ""OK"", ""duration_ms"": 0.0}]"
x04-y03-r03,sim_gt,bottle,0.4,-0.07,0.39833038431111745,-0.0691863146222312,296.73539906837266,3,IN_DOMAIN,True,,,,,146.1,729.5,0.2,165.7,0.0,0.0,lateral_band,upper,0.0,0.195,0.07500000000000001,0.021510272936687513,0.06044615713865619,"{""candidate_id"": ""preferred_00"", ""direction_deg"": 0.0, ""pre_close_object_xy_shift_mm"": 0.0, ""close_object_xy_shift_mm"": 0.125, ""lift_horizontal_drift_mm"": 1.388, ""lift_height_mm"": 146.115, ""target_contact_geoms"": [""link7/geom:18"", ""link8/geom:20"", ""table/table_top""], ""bilateral_finger_contact"": true, ""failure_class"": ""NONE""}",0.0,[],"[{""state"": ""DETECT_SOURCE"", ""success"": true, ""message"": ""selected bottle_0 conf=1.00 base=[ 0.398 -0.069  0.12 ] (0 ROI pts)"", ""reason"": ""OK"", ""duration_ms"": 0.2}, {""state"": ""PLAN_PICK"", ""success"": true, ""message"": ""selected preferred_00 direction=0deg margin=0.084rad"", ""reason"": ""OK"", ""duration_ms"": 563.6}, {""state"": ""EXECUTE_PICK"", ""success"": true, ""message"": ""validated motion plan executed"", ""reason"": ""OK"", ""duration_ms"": 165.7}, {""state"": ""VERIFY_GRASP"", ""success"": true, ""message"": ""object lifted 146 mm"", ""reason"": ""OK"", ""duration_ms"": 0.0}]"
x04-y03-r04,sim_gt,bottle,0.4,-0.07,0.40253621912242155,-0.07158050906986804,177.32687928708364,4,IN_DOMAIN,True,,,,,146.1,724.8,0.2,166.9,0.0,0.0,lateral_band,upper,0.0,0.195,0.07500000000000001,0.021769094628094062,0.06072315488369061,"{""candidate_id"": ""preferred_00"", ""direction_deg"": 0.0, ""pre_close_object_xy_shift_mm"": 0.0, ""close_object_xy_shift_mm"": 0.123, ""lift_horizontal_drift_mm"": 1.373, ""lift_height_mm"": 146.111, ""target_contact_geoms"": [""link7/geom:18"", ""link8/geom:20"", ""table/table_top""], ""bilateral_finger_contact"": true, ""failure_class"": ""NONE""}",0.0,[],"[{""state"": ""DETECT_SOURCE"", ""success"": true, ""message"": ""selected bottle_0 conf=1.00 base=[ 0.403 -0.072  0.12 ] (0 ROI pts)"", ""reason"": ""OK"", ""duration_ms"": 0.2}, {""state"": ""PLAN_PICK"", ""success"": true, ""message"": ""selected preferred_00 direction=0deg margin=0.086rad"", ""reason"": ""OK"", ""duration_ms"": 557.7}, {""state"": ""EXECUTE_PICK"", ""success"": true, ""message"": ""validated motion plan executed"", ""reason"": ""OK"", ""duration_ms"": 166.9}, {""state"": ""VERIFY_GRASP"", ""success"": true, ""message"": ""object lifted 146 mm"", ""reason"": ""OK"", ""duration_ms"": 0.0}]"
x04-y03-r05,sim_gt,bottle,0.4,-0.07,0.40144590902643856,-0.07089254891286373,239.5720384160289,5,IN_DOMAIN,True,,,,,146.1,708.4,0.2,162.0,0.0,0.0,lateral_band,upper,0.0,0.195,0.07500000000000001,0.02168436254744819,0.06062269735989778,"{""candidate_id"": ""preferred_00"", ""direction_deg"": 0.0, ""pre_close_object_xy_shift_mm"": 0.0, ""close_object_xy_shift_mm"": 0.123, ""lift_horizontal_drift_mm"": 1.374, ""lift_height_mm"": 146.113, ""target_contact_geoms"": [""link7/geom:18"", ""link8/geom:20"", ""table/table_top""], ""bilateral_finger_contact"": true, ""failure_class"": ""NONE""}",0.0,[],"[{""state"": ""DETECT_SOURCE"", ""success"": true, ""message"": ""selected bottle_0 conf=1.00 base=[ 0.401 -0.071  0.12 ] (0 ROI pts)"", ""reason"": ""OK"", ""duration_ms"": 0.2}, {""state"": ""PLAN_PICK"", ""success"": true, ""message"": ""selected preferred_00 direction=0deg margin=0.086rad"", ""reason"": ""OK"", ""duration_ms"": 546.2}, {""state"": ""EXECUTE_PICK"", ""success"": true, ""message"": ""validated motion plan executed"", ""reason"": ""OK"", ""duration_ms"": 162.0}, {""state"": ""VERIFY_GRASP"", ""success"": true, ""message"": ""object lifted 146 mm"", ""reason"": ""OK"", ""duration_ms"": 0.0}]"
x04-y03-r06,sim_gt,bottle,0.4,-0.07,0.39926576430805216,-0.07098779851559021,22.645849499312046,6,IN_DOMAIN,True,,,,,146.1,695.0,0.2,162.5,0.0,0.0,lateral_band,upper,0.0,0.195,0.07500000000000001,0.021878795660861875,0.06102642162732711,"{""candidate_id"": ""preferred_00"", ""direction_deg"": 0.0, ""pre_close_object_xy_shift_mm"": 0.0, ""close_object_xy_shift_mm"": 0.124, ""lift_horizontal_drift_mm"": 1.37, ""lift_height_mm"": 146.118, ""target_contact_geoms"": [""link7/geom:18"", ""link8/geom:20"", ""table/table_top""], ""bilateral_finger_contact"": true, ""failure_class"": ""NONE""}",0.0,[],"[{""state"": ""DETECT_SOURCE"", ""success"": true, ""message"": ""selected bottle_0 conf=1.00 base=[ 0.399 -0.071  0.12 ] (0 ROI pts)"", ""reason"": ""OK"", ""duration_ms"": 0.2}, {""state"": ""PLAN_PICK"", ""success"": true, ""message"": ""selected preferred_00 direction=0deg margin=0.083rad"", ""reason"": ""OK"", ""duration_ms"": 532.2}, {""state"": ""EXECUTE_PICK"", ""success"": true, ""message"": ""validated motion plan executed"", ""reason"": ""OK"", ""duration_ms"": 162.5}, {""state"": ""VERIFY_GRASP"", ""success"": true, ""message"": ""object lifted 146 mm"", ""reason"": ""OK"", ""duration_ms"": 0.0}]"
x04-y03-r07,sim_gt,bottle,0.4,-0.07,0.3988469144953712,-0.07030789601710975,28.212781505745568,7,IN_DOMAIN,True,,,,,146.1,711.1,0.3,163.9,0.0,0.0,lateral_band,upper,0.0,0.195,0.07500000000000001,0.02174552845960818,0.06082123290725967,"{""candidate_id"": ""preferred_00"", ""direction_deg"": 0.0, ""pre_close_object_xy_shift_mm"": 0.0, ""close_object_xy_shift_mm"": 0.125, ""lift_horizontal_drift_mm"": 1.38, ""lift_height_mm"": 146.116, ""target_contact_geoms"": [""link7/geom:18"", ""link8/geom:20"", ""table/table_top""], ""bilateral_finger_contact"": true, ""failure_class"": ""NONE""}",0.0,[],"[{""state"": ""DETECT_SOURCE"", ""success"": true, ""message"": ""selected bottle_0 conf=1.00 base=[ 0.399 -0.07   0.12 ] (0 ROI pts)"", ""reason"": ""OK"", ""duration_ms"": 0.3}, {""state"": ""PLAN_PICK"", ""success"": true, ""message"": ""selected preferred_00 direction=0deg margin=0.084rad"", ""reason"": ""OK"", ""duration_ms"": 546.9}, {""state"": ""EXECUTE_PICK"", ""success"": true, ""message"": ""validated motion plan executed"", ""reason"": ""OK"", ""duration_ms"": 163.9}, {""state"": ""VERIFY_GRASP"", ""success"": true, ""message"": ""object lifted 146 mm"", ""reason"": ""OK"", ""duration_ms"": 0.0}]"
x04-y03-r08,sim_gt,bottle,0.4,-0.07,0.3976290357646015,-0.0724326214216043,344.6675390418237,8,IN_DOMAIN,True,,,,,146.1,706.1,0.2,162.5,0.0,0.0,lateral_band,upper,0.0,0.195,0.07500000000000001,0.022364142684738804,0.0618757822245745,"{""candidate_id"": ""preferred_00"", ""direction_deg"": 0.0, ""pre_close_object_xy_shift_mm"": 0.0, ""close_object_xy_shift_mm"": 0.125, ""lift_horizontal_drift_mm"": 1.356, ""lift_height_mm"": 146.127, ""target_contact_geoms"": [""link7/geom:18"", ""link8/geom:20"", ""table/table_top""], ""bilateral_finger_contact"": true, ""failure_class"": ""NONE""}",0.0,[],"[{""state"": ""DETECT_SOURCE"", ""success"": true, ""message"": ""selected bottle_0 conf=1.00 base=[ 0.398 -0.072  0.12 ] (0 ROI pts)"", ""reason"": ""OK"", ""duration_ms"": 0.2}, {""state"": ""PLAN_PICK"", ""success"": true, ""message"": ""selected preferred_00 direction=0deg margin=0.080rad"", ""reason"": ""OK"", ""duration_ms"": 543.5}, {""state"": ""EXECUTE_PICK"", ""success"": true, ""message"": ""validated motion plan executed"", ""reason"": ""OK"", ""duration_ms"": 162.5}, {""state"": ""VERIFY_GRASP"", ""success"": true, ""message"": ""object lifted 146 mm"", ""reason"": ""OK"", ""duration_ms"": 0.0}]"
x04-y03-r09,sim_gt,bottle,0.4,-0.07,0.399259516136987,-0.06745630947819681,220.28526176221632,9,IN_DOMAIN,True,,,,,146.1,744.7,0.2,165.0,0.0,0.0,lateral_band,upper,0.0,0.195,0.07500000000000001,0.021004721385159124,0.05954489988765296,"{""candidate_id"": ""preferred_00"", ""direction_deg"": 0.0, ""pre_close_object_xy_shift_mm"": 0.0, ""close_object_xy_shift_mm"": 0.125, ""lift_horizontal_drift_mm"": 1.398, ""lift_height_mm"": 146.109, ""target_contact_geoms"": [""link7/geom:18"", ""link8/geom:20"", ""table/table_top""], ""bilateral_finger_contact"": true, ""failure_class"": ""NONE""}",0.0,[],"[{""state"": ""DETECT_SOURCE"", ""success"": true, ""message"": ""selected bottle_0 conf=1.00 base=[ 0.399 -0.067  0.12 ] (0 ROI pts)"", ""reason"": ""OK"", ""duration_ms"": 0.2}, {""state"": ""PLAN_PICK"", ""success"": true, ""message"": ""selected preferred_00 direction=0deg margin=0.087rad"", ""reason"": ""OK"", ""duration_ms"": 579.5}, {""state"": ""EXECUTE_PICK"", ""success"": true, ""message"": ""validated motion plan executed"", ""reason"": ""OK"", ""duration_ms"": 165.0}, {""state"": ""VERIFY_GRASP"", ""success"": true, ""message"": ""object lifted 146 mm"", ""reason"": ""OK"", ""duration_ms"": 0.0}]"
x04-y03-r10,sim_gt,bottle,0.4,-0.07,0.3978094630170861,-0.06823322177324398,11.271675915942234,10,IN_DOMAIN,True,,,,,146.1,715.1,0.2,161.0,0.0,0.0,lateral_band,upper,0.0,0.195,0.07500000000000001,0.021315587676198816,0.06013473823574895,"{""candidate_id"": ""preferred_00"", ""direction_deg"": 0.0, ""pre_close_object_xy_shift_mm"": 0.0, ""close_object_xy_shift_mm"": 0.123, ""lift_horizontal_drift_mm"": 1.389, ""lift_height_mm"": 146.116, ""target_contact_geoms"": [""link7/geom:18"", ""link8/geom:20"", ""table/table_top""], ""bilateral_finger_contact"": true, ""failure_class"": ""NONE""}",0.0,[],"[{""state"": ""DETECT_SOURCE"", ""success"": true, ""message"": ""selected bottle_0 conf=1.00 base=[ 0.398 -0.068  0.12 ] (0 ROI pts)"", ""reason"": ""OK"", ""duration_ms"": 0.2}, {""state"": ""PLAN_PICK"", ""success"": true, ""message"": ""selected preferred_00 direction=0deg margin=0.085rad"", ""reason"": ""OK"", ""duration_ms"": 553.9}, {""state"": ""EXECUTE_PICK"", ""success"": true, ""message"": ""validated motion plan executed"", ""reason"": ""OK"", ""duration_ms"": 161.0}, {""state"": ""VERIFY_GRASP"", ""success"": true, ""message"": ""object lifted 146 mm"", ""reason"": ""OK"", ""duration_ms"": 0.0}]"
x04-y04-r01,sim_gt,bottle,0.4,-0.025,0.3985127280618933,-0.022806829588538365,176.55478921579652,1,IN_DOMAIN,True,,,,,146.1,643.1,0.3,154.8,0.0,0.0,lateral_band,upper,0.0,0.195,0.07500000000000001,0.009923298962684004,0.02762155896924887,"{""candidate_id"": ""preferred_00"", ""direction_deg"": 0.0, ""pre_close_object_xy_shift_mm"": 0.0, ""close_object_xy_shift_mm"": 0.139, ""lift_horizontal_drift_mm"": 2.09, ""lift_height_mm"": 146.069, ""target_contact_geoms"": [""link7/geom:18"", ""link8/geom:20"", ""table/table_top""], ""bilateral_finger_contact"": true, ""failure_class"": ""NONE""}",0.0,[],"[{""state"": ""DETECT_SOURCE"", ""success"": true, ""message"": ""selected bottle_0 conf=1.00 base=[ 0.399 -0.023  0.12 ] (0 ROI pts)"", ""reason"": ""OK"", ""duration_ms"": 0.3}, {""state"": ""PLAN_PICK"", ""success"": true, ""message"": ""selected preferred_00 direction=0deg margin=0.121rad"", ""reason"": ""OK"", ""duration_ms"": 488.0}, {""state"": ""EXECUTE_PICK"", ""success"": true, ""message"": ""validated motion plan executed"", ""reason"": ""OK"", ""duration_ms"": 154.8}, {""state"": ""VERIFY_GRASP"", ""success"": true, ""message"": ""object lifted 146 mm"", ""reason"": ""OK"", ""duration_ms"": 0.0}]"
x04-y04-r02,sim_gt,bottle,0.4,-0.025,0.39888550697701036,-0.022260385198475983,65.49608067684662,2,IN_DOMAIN,True,,,,,145.8,630.0,0.3,156.8,0.0,0.0,lateral_band,upper,0.0,0.195,0.07500000000000001,0.009825754564536856,0.02699538031630582,"{""candidate_id"": ""preferred_00"", ""direction_deg"": 0.0, ""pre_close_object_xy_shift_mm"": 0.0, ""close_object_xy_shift_mm"": 0.138, ""lift_horizontal_drift_mm"": 2.389, ""lift_height_mm"": 145.826, ""target_contact_geoms"": [""link7/geom:18"", ""link8/geom:20"", ""table/table_top""], ""bilateral_finger_contact"": true, ""failure_class"": ""NONE""}",0.0,[],"[{""state"": ""DETECT_SOURCE"", ""success"": true, ""message"": ""selected bottle_0 conf=1.00 base=[ 0.399 -0.022  0.12 ] (0 ROI pts)"", ""reason"": ""OK"", ""duration_ms"": 0.3}, {""state"": ""PLAN_PICK"", ""success"": true, ""message"": ""selected preferred_00 direction=0deg margin=0.121rad"", ""reason"": ""OK"", ""duration_ms"": 472.9}, {""state"": ""EXECUTE_PICK"", ""success"": true, ""message"": ""validated motion plan executed"", ""reason"": ""OK"", ""duration_ms"": 156.8}, {""state"": ""VERIFY_GRASP"", ""success"": true, ""message"": ""object lifted 146 mm"", ""reason"": ""OK"", ""duration_ms"": 0.0}]"
x04-y04-r03,sim_gt,bottle,0.4,-0.025,0.4022139176334503,-0.02681482118152955,347.8287808096355,3,IN_DOMAIN,True,,,,,146.1,613.1,0.2,151.9,0.0,0.0,lateral_band,upper,0.0,0.195,0.07500000000000001,0.010614316360619042,0.03109250115981027,"{""candidate_id"": ""preferred_00"", ""direction_deg"": 0.0, ""pre_close_object_xy_shift_mm"": 0.0, ""close_object_xy_shift_mm"": 0.137, ""lift_horizontal_drift_mm"": 1.864, ""lift_height_mm"": 146.085, ""target_contact_geoms"": [""link7/geom:18"", ""link8/geom:20"", ""table/table_top""], ""bilateral_finger_contact"": true, ""failure_class"": ""NONE""}",0.0,[],"[{""state"": ""DETECT_SOURCE"", ""success"": true, ""message"": ""selected bottle_0 conf=1.00 base=[ 0.402 -0.027  0.12 ] (0 ROI pts)"", ""reason"": ""OK"", ""duration_ms"": 0.2}, {""state"": ""PLAN_PICK"", ""success"": true, ""message"": ""selected preferred_00 direction=0deg margin=0.121rad"", ""reason"": ""OK"", ""duration_ms"": 461.0}, {""state"": ""EXECUTE_PICK"", ""success"": true, ""message"": ""validated motion plan executed"", ""reason"": ""OK"", ""duration_ms"": 151.9}, {""state"": ""VERIFY_GRASP"", ""success"": true, ""message"": ""object lifted 146 mm"", ""reason"": ""OK"", ""duration_ms"": 0.0}]"
x04-y04-r04,sim_gt,bottle,0.4,-0.025,0.39960257214137535,-0.024803999964147748,239.65538836346153,4,IN_DOMAIN,True,,,,,146.1,614.6,0.2,151.8,0.0,0.0,lateral_band,upper,0.0,0.195,0.07500000000000001,0.010268938417397505,0.029505975217211055,"{""candidate_id"": ""preferred_00"", ""direction_deg"": 0.0, ""pre_close_object_xy_shift_mm"": 0.0, ""close_object_xy_shift_mm"": 0.138, ""lift_horizontal_drift_mm"": 1.94, ""lift_height_mm"": 146.062, ""target_contact_geoms"": [""link7/geom:18"", ""link8/geom:20"", ""table/table_top""], ""bilateral_finger_contact"": true, ""failure_class"": ""NONE""}",0.0,[],"[{""state"": ""DETECT_SOURCE"", ""success"": true, ""message"": ""selected bottle_0 conf=1.00 base=[ 0.4   -0.025  0.12 ] (0 ROI pts)"", ""reason"": ""OK"", ""duration_ms"": 0.2}, {""state"": ""PLAN_PICK"", ""success"": true, ""message"": ""selected preferred_00 direction=0deg margin=0.120rad"", ""reason"": ""OK"", ""duration_ms"": 462.5}, {""state"": ""EXECUTE_PICK"", ""success"": true, ""message"": ""validated motion plan executed"", ""reason"": ""OK"", ""duration_ms"": 151.8}, {""state"": ""VERIFY_GRASP"", ""success"": true, ""message"": ""object lifted 146 mm"", ""reason"": ""OK"", ""duration_ms"": 0.0}]"
x04-y04-r05,sim_gt,bottle,0.4,-0.025,0.4021315544657583,-0.024372369850191974,340.41137660949636,5,IN_DOMAIN,True,,,,,145.8,627.2,0.2,153.2,0.0,0.0,lateral_band,upper,0.0,0.195,0.07500000000000001,0.010171315076341733,0.02868909462054687,"{""candidate_id"": ""preferred_00"", ""direction_deg"": 0.0, ""pre_close_object_xy_shift_mm"": 0.0, ""close_object_xy_shift_mm"": 0.137, ""lift_horizontal_drift_mm"": 2.253, ""lift_height_mm"": 145.814, ""target_contact_geoms"": [""link7/geom:18"", ""link8/geom:20"", ""table/table_top""], ""bilateral_finger_contact"": true, ""failure_class"": ""NONE""}",0.0,[],"[{""state"": ""DETECT_SOURCE"", ""success"": true, ""message"": ""selected bottle_0 conf=1.00 base=[ 0.402 -0.024  0.12 ] (0 ROI pts)"", ""reason"": ""OK"", ""duration_ms"": 0.2}, {""state"": ""PLAN_PICK"", ""success"": true, ""message"": ""selected preferred_00 direction=0deg margin=0.122rad"", ""reason"": ""OK"", ""duration_ms"": 473.8}, {""state"": ""EXECUTE_PICK"", ""success"": true, ""message"": ""validated motion plan executed"", ""reason"": ""OK"", ""duration_ms"": 153.2}, {""state"": ""VERIFY_GRASP"", ""success"": true, ""message"": ""object lifted 146 mm"", ""reason"": ""OK"", ""duration_ms"": 0.0}]"
x04-y04-r06,sim_gt,bottle,0.4,-0.025,0.4011912433684899,-0.022377514115770186,193.2369919502159,6,IN_DOMAIN,True,,,,,145.8,638.7,0.3,163.2,0.0,0.0,lateral_band,upper,0.0,0.195,0.07500000000000001,0.009829142397489062,0.026787931711927056,"{""candidate_id"": ""preferred_00"", ""direction_deg"": 0.0, ""pre_close_object_xy_shift_mm"": 0.0, ""close_object_xy_shift_mm"": 0.137, ""lift_horizontal_drift_mm"": 2.373, ""lift_height_mm"": 145.827, ""target_contact_geoms"": [""link7/geom:18"", ""link8/geom:20"", ""table/table_top""], ""bilateral_finger_contact"": true, ""failure_class"": ""NONE""}",0.0,[],"[{""state"": ""DETECT_SOURCE"", ""success"": true, ""message"": ""selected bottle_0 conf=1.00 base=[ 0.401 -0.022  0.12 ] (0 ROI pts)"", ""reason"": ""OK"", ""duration_ms"": 0.3}, {""state"": ""PLAN_PICK"", ""success"": true, ""message"": ""selected preferred_00 direction=0deg margin=0.122rad"", ""reason"": ""OK"", ""duration_ms"": 475.2}, {""state"": ""EXECUTE_PICK"", ""success"": true, ""message"": ""validated motion plan executed"", ""reason"": ""OK"", ""duration_ms"": 163.2}, {""state"": ""VERIFY_GRASP"", ""success"": true, ""message"": ""object lifted 146 mm"", ""reason"": ""OK"", ""duration_ms"": 0.0}]"
x04-y04-r07,sim_gt,bottle,0.4,-0.025,0.39933277243827436,-0.02534770583310323,53.573822242604415,7,IN_DOMAIN,True,,,,,146.1,648.8,0.2,162.7,0.0,0.0,lateral_band,upper,0.0,0.195,0.07500000000000001,0.010369771104574642,0.03009590036837726,"{""candidate_id"": ""preferred_00"", ""direction_deg"": 0.0, ""pre_close_object_xy_shift_mm"": 0.0, ""close_object_xy_shift_mm"": 0.138, ""lift_horizontal_drift_mm"": 2.006, ""lift_height_mm"": 146.067, ""target_contact_geoms"": [""link7/geom:18"", ""link8/geom:20"", ""table/table_top""], ""bilateral_finger_contact"": true, ""failure_class"": ""NONE""}",0.0,[],"[{""state"": ""DETECT_SOURCE"", ""success"": true, ""message"": ""selected bottle_0 conf=1.00 base=[ 0.399 -0.025  0.12 ] (0 ROI pts)"", ""reason"": ""OK"", ""duration_ms"": 0.2}, {""state"": ""PLAN_PICK"", ""success"": true, ""message"": ""selected preferred_00 direction=0deg margin=0.120rad"", ""reason"": ""OK"", ""duration_ms"": 485.8}, {""state"": ""EXECUTE_PICK"", ""success"": true, ""message"": ""validated motion plan executed"", ""reason"": ""OK"", ""duration_ms"": 162.7}, {""state"": ""VERIFY_GRASP"", ""success"": true, ""message"": ""object lifted 146 mm"", ""reason"": ""OK"", ""duration_ms"": 0.0}]"
x04-y04-r08,sim_gt,bottle,0.4,-0.025,0.4026506540604424,-0.026059985000452746,322.64401454402656,8,IN_DOMAIN,True,,,,,145.8,610.6,0.2,159.1,0.0,0.0,lateral_band,upper,0.0,0.195,0.07500000000000001,0.010471773758746089,0.030287932706757403,"{""candidate_id"": ""preferred_00"", ""direction_deg"": 0.0, ""pre_close_object_xy_shift_mm"": 0.0, ""close_object_xy_shift_mm"": 0.137, ""lift_horizontal_drift_mm"": 2.201, ""lift_height_mm"": 145.81, ""target_contact_geoms"": [""link7/geom:18"", ""link8/geom:20"", ""table/table_top""], ""bilateral_finger_contact"": true, ""failure_class"": ""NONE""}",0.0,[],"[{""state"": ""DETECT_SOURCE"", ""success"": true, ""message"": ""selected bottle_0 conf=1.00 base=[ 0.403 -0.026  0.12 ] (0 ROI pts)"", ""reason"": ""OK"", ""duration_ms"": 0.2}, {""state"": ""PLAN_PICK"", ""success"": true, ""message"": ""selected preferred_00 direction=0deg margin=0.121rad"", ""reason"": ""OK"", ""duration_ms"": 451.2}, {""state"": ""EXECUTE_PICK"", ""success"": true, ""message"": ""validated motion plan executed"", ""reason"": ""OK"", ""duration_ms"": 159.1}, {""state"": ""VERIFY_GRASP"", ""success"": true, ""message"": ""object lifted 146 mm"", ""reason"": ""OK"", ""duration_ms"": 0.0}]"
x04-y04-r09,sim_gt,bottle,0.4,-0.025,0.40140127681214116,-0.02296063030158184,359.8458550779539,9,IN_DOMAIN,True,,,,,145.8,611.8,0.3,158.1,0.0,0.0,lateral_band,upper,0.0,0.195,0.07500000000000001,0.009928394638195125,0.027359675040601706,"{""candidate_id"": ""preferred_00"", ""direction_deg"": 0.0, ""pre_close_object_xy_shift_mm"": 0.0, ""close_object_xy_shift_mm"": 0.138, ""lift_horizontal_drift_mm"": 2.368, ""lift_height_mm"": 145.828, ""target_contact_geoms"": [""link7/geom:18"", ""link8/geom:20"", ""table/table_top""], ""bilateral_finger_contact"": true, ""failure_class"": ""NONE""}",0.0,[],"[{""state"": ""DETECT_SOURCE"", ""success"": true, ""message"": ""selected bottle_0 conf=1.00 base=[ 0.401 -0.023  0.12 ] (0 ROI pts)"", ""reason"": ""OK"", ""duration_ms"": 0.3}, {""state"": ""PLAN_PICK"", ""success"": true, ""message"": ""selected preferred_00 direction=0deg margin=0.122rad"", ""reason"": ""OK"", ""duration_ms"": 453.5}, {""state"": ""EXECUTE_PICK"", ""success"": true, ""message"": ""validated motion plan executed"", ""reason"": ""OK"", ""duration_ms"": 158.1}, {""state"": ""VERIFY_GRASP"", ""success"": true, ""message"": ""object lifted 146 mm"", ""reason"": ""OK"", ""duration_ms"": 0.0}]"
x04-y04-r10,sim_gt,bottle,0.4,-0.025,0.3994073634406143,-0.023853797156442227,75.07209485919758,10,IN_DOMAIN,True,,,,,145.8,639.1,0.2,155.8,0.0,0.0,lateral_band,upper,0.0,0.195,0.07500000000000001,0.010100483097142792,0.028569062788926285,"{""candidate_id"": ""preferred_00"", ""direction_deg"": 0.0, ""pre_close_object_xy_shift_mm"": 0.0, ""close_object_xy_shift_mm"": 0.138, ""lift_horizontal_drift_mm"": 2.306, ""lift_height_mm"": 145.817, ""target_contact_geoms"": [""link7/geom:18"", ""link8/geom:20"", ""table/table_top""], ""bilateral_finger_contact"": true, ""failure_class"": ""NONE""}",0.0,[],"[{""state"": ""DETECT_SOURCE"", ""success"": true, ""message"": ""selected bottle_0 conf=1.00 base=[ 0.399 -0.024  0.12 ] (0 ROI pts)"", ""reason"": ""OK"", ""duration_ms"": 0.2}, {""state"": ""PLAN_PICK"", ""success"": true, ""message"": ""selected preferred_00 direction=0deg margin=0.121rad"", ""reason"": ""OK"", ""duration_ms"": 483.1}, {""state"": ""EXECUTE_PICK"", ""success"": true, ""message"": ""validated motion plan executed"", ""reason"": ""OK"", ""duration_ms"": 155.8}, {""state"": ""VERIFY_GRASP"", ""success"": true, ""message"": ""object lifted 146 mm"", ""reason"": ""OK"", ""duration_ms"": 0.0}]"
x04-y05-r01,sim_gt,bottle,0.4,0.02,0.40255896685927767,0.019999,336.26355719744237,1,IN_DOMAIN,True,,,,,146.2,603.1,0.3,152.2,0.0,0.0,lateral_band,upper,0.0,0.195,0.07500000000000001,0.008495166503214408,0.02332977032392515,"{""candidate_id"": ""preferred_00"", ""direction_deg"": 0.0, ""pre_close_object_xy_shift_mm"": 0.0, ""close_object_xy_shift_mm"": 0.177, ""lift_horizontal_drift_mm"": 1.884, ""lift_height_mm"": 146.22, ""target_contact_geoms"": [""link7/geom:18"", ""link8/geom:20"", ""table/table_top""], ""bilateral_finger_contact"": true, ""failure_class"": ""NONE""}",0.0,[],"[{""state"": ""DETECT_SOURCE"", ""success"": true, ""message"": ""selected bottle_0 conf=1.00 base=[0.403 0.02  0.12 ] (0 ROI pts)"", ""reason"": ""OK"", ""duration_ms"": 0.3}, {""state"": ""PLAN_PICK"", ""success"": true, ""message"": ""selected preferred_00 direction=0deg margin=0.124rad"", ""reason"": ""OK"", ""duration_ms"": 450.6}, {""state"": ""EXECUTE_PICK"", ""success"": true, ""message"": ""validated motion plan executed"", ""reason"": ""OK"", ""duration_ms"": 152.2}, {""state"": ""VERIFY_GRASP"", ""success"": true, ""message"": ""object lifted 146 mm"", ""reason"": ""OK"", ""duration_ms"": 0.0}]"
x04-y05-r02,sim_gt,bottle,0.4,0.02,0.40280495916044096,0.017636661466429726,278.7106985522391,2,IN_DOMAIN,True,,,,,146.2,619.1,0.3,155.2,0.0,0.0,lateral_band,upper,0.0,0.195,0.07500000000000001,0.00819776225365986,0.020784784020806923,"{""candidate_id"": ""preferred_00"", ""direction_deg"": 0.0, ""pre_close_object_xy_shift_mm"": 0.0, ""close_object_xy_shift_mm"": 0.177, ""lift_horizontal_drift_mm"": 1.882, ""lift_height_mm"": 146.217, ""target_contact_geoms"": [""link7/geom:18"", ""link8/geom:20"", ""table/table_top""], ""bilateral_finger_contact"": true, ""failure_class"": ""NONE""}",0.0,[],"[{""state"": ""DETECT_SOURCE"", ""success"": true, ""message"": ""selected bottle_0 conf=1.00 base=[0.403 0.018 0.12 ] (0 ROI pts)"", ""reason"": ""OK"", ""duration_ms"": 0.3}, {""state"": ""PLAN_PICK"", ""success"": true, ""message"": ""selected preferred_00 direction=0deg margin=0.125rad"", ""reason"": ""OK"", ""duration_ms"": 463.6}, {""state"": ""EXECUTE_PICK"", ""success"": true, ""message"": ""validated motion plan executed"", ""reason"": ""OK"", ""duration_ms"": 155.2}, {""state"": ""VERIFY_GRASP"", ""success"": true, ""message"": ""object lifted 146 mm"", ""reason"": ""OK"", ""duration_ms"": 0.0}]"
x04-y05-r03,sim_gt,bottle,0.4,0.02,0.4005101160313545,0.019999,303.99176179194336,3,IN_DOMAIN,True,,,,,146.2,627.5,0.2,151.2,0.0,0.0,lateral_band,upper,0.0,0.195,0.07500000000000001,0.008520646417541718,0.02361713813891352,"{""candidate_id"": ""preferred_00"", ""direction_deg"": 0.0, ""pre_close_object_xy_shift_mm"": 0.0, ""close_object_xy_shift_mm"": 0.178, ""lift_horizontal_drift_mm"": 1.806, ""lift_height_mm"": 146.225, ""target_contact_geoms"": [""link7/geom:18"", ""link8/geom:20"", ""table/table_top""], ""bilateral_finger_contact"": true, ""failure_class"": ""NONE""}",0.0,[],"[{""state"": ""DETECT_SOURCE"", ""success"": true, ""message"": ""selected bottle_0 conf=1.00 base=[0.401 0.02  0.12 ] (0 ROI pts)"", ""reason"": ""OK"", ""duration_ms"": 0.2}, {""state"": ""PLAN_PICK"", ""success"": true, ""message"": ""selected preferred_00 direction=0deg margin=0.123rad"", ""reason"": ""OK"", ""duration_ms"": 476.1}, {""state"": ""EXECUTE_PICK"", ""success"": true, ""message"": ""validated motion plan executed"", ""reason"": ""OK"", ""duration_ms"": 151.2}, {""state"": ""VERIFY_GRASP"", ""success"": true, ""message"": ""object lifted 146 mm"", ""reason"": ""OK"", ""duration_ms"": 0.0}]"
x04-y05-r04,sim_gt,bottle,0.4,0.02,0.39774039453265164,0.01975543575659724,171.9992412883415,4,IN_DOMAIN,True,,,,,146.2,660.4,0.2,163.9,0.0,0.0,lateral_band,upper,0.0,0.195,0.07500000000000001,0.008523149529312513,0.023757968201398756,"{""candidate_id"": ""preferred_00"", ""direction_deg"": 0.0, ""pre_close_object_xy_shift_mm"": 0.0, ""close_object_xy_shift_mm"": 0.178, ""lift_horizontal_drift_mm"": 1.805, ""lift_height_mm"": 146.232, ""target_contact_geoms"": [""link7/geom:18"", ""link8/geom:20"", ""table/table_top""], ""bilateral_finger_contact"": true, ""failure_class"": ""NONE""}",0.0,[],"[{""state"": ""DETECT_SOURCE"", ""success"": true, ""message"": ""selected bottle_0 conf=1.00 base=[0.398 0.02  0.12 ] (0 ROI pts)"", ""reason"": ""OK"", ""duration_ms"": 0.2}, {""state"": ""PLAN_PICK"", ""success"": true, ""message"": ""selected preferred_00 direction=0deg margin=0.122rad"", ""reason"": ""OK"", ""duration_ms"": 496.4}, {""state"": ""EXECUTE_PICK"", ""success"": true, ""message"": ""validated motion plan executed"", ""reason"": ""OK"", ""duration_ms"": 163.9}, {""state"": ""VERIFY_GRASP"", ""success"": true, ""message"": ""object lifted 146 mm"", ""reason"": ""OK"", ""duration_ms"": 0.0}]"
x04-y05-r05,sim_gt,bottle,0.4,0.02,0.4003961171940543,0.019999,350.89656812250547,5,IN_DOMAIN,True,,,,,146.2,627.2,0.2,160.6,0.0,0.0,lateral_band,upper,0.0,0.195,0.07500000000000001,0.008522074428200337,0.023633391801698118,"{""candidate_id"": ""preferred_00"", ""direction_deg"": 0.0, ""pre_close_object_xy_shift_mm"": 0.0, ""close_object_xy_shift_mm"": 0.178, ""lift_horizontal_drift_mm"": 1.805, ""lift_height_mm"": 146.223, ""target_contact_geoms"": [""link7/geom:18"", ""link8/geom:20"", ""table/table_top""], ""bilateral_finger_contact"": true, ""failure_class"": ""NONE""}",0.0,[],"[{""state"": ""DETECT_SOURCE"", ""success"": true, ""message"": ""selected bottle_0 conf=1.00 base=[0.4  0.02 0.12] (0 ROI pts)"", ""reason"": ""OK"", ""duration_ms"": 0.2}, {""state"": ""PLAN_PICK"", ""success"": true, ""message"": ""selected preferred_00 direction=0deg margin=0.123rad"", ""reason"": ""OK"", ""duration_ms"": 466.4}, {""state"": ""EXECUTE_PICK"", ""success"": true, ""message"": ""validated motion plan executed"", ""reason"": ""OK"", ""duration_ms"": 160.6}, {""state"": ""VERIFY_GRASP"", ""success"": true, ""message"": ""object lifted 146 mm"", ""reason"": ""OK"", ""duration_ms"": 0.0}]"
x04-y05-r06,sim_gt,bottle,0.4,0.02,0.39821493831869914,0.019999,321.89732644183437,6,IN_DOMAIN,True,,,,,146.2,622.1,0.2,152.2,0.0,0.0,lateral_band,upper,0.0,0.195,0.07500000000000001,0.008549688341947397,0.023950426461120413,"{""candidate_id"": ""preferred_00"", ""direction_deg"": 0.0, ""pre_close_object_xy_shift_mm"": 0.0, ""close_object_xy_shift_mm"": 0.178, ""lift_horizontal_drift_mm"": 1.801, ""lift_height_mm"": 146.229, ""target_contact_geoms"": [""link7/geom:18"", ""link8/geom:20"", ""table/table_top""], ""bilateral_finger_contact"": true, ""failure_class"": ""NONE""}",0.0,[],"[{""state"": ""DETECT_SOURCE"", ""success"": true, ""message"": ""selected bottle_0 conf=1.00 base=[0.398 0.02  0.12 ] (0 ROI pts)"", ""reason"": ""OK"", ""duration_ms"": 0.2}, {""state"": ""PLAN_PICK"", ""success"": true, ""message"": ""selected preferred_00 direction=0deg margin=0.122rad"", ""reason"": ""OK"", ""duration_ms"": 469.6}, {""state"": ""EXECUTE_PICK"", ""success"": true, ""message"": ""validated motion plan executed"", ""reason"": ""OK"", ""duration_ms"": 152.2}, {""state"": ""VERIFY_GRASP"", ""success"": true, ""message"": ""object lifted 146 mm"", ""reason"": ""OK"", ""duration_ms"": 0.0}]"
x04-y05-r07,sim_gt,bottle,0.4,0.02,0.4013633530463228,0.019999,247.20635998234525,7,IN_DOMAIN,True,,,,,146.2,635.9,0.3,154.1,0.0,0.0,lateral_band,upper,0.0,0.195,0.07500000000000001,0.00850998522467099,0.02349631760690191,"{""candidate_id"": ""preferred_00"", ""direction_deg"": 0.0, ""pre_close_object_xy_shift_mm"": 0.0, ""close_object_xy_shift_mm"": 0.178, ""lift_horizontal_drift_mm"": 1.809, ""lift_height_mm"": 146.223, ""target_contact_geoms"": [""link7/geom:18"", ""link8/geom:20"", ""table/table_top""], ""bilateral_finger_contact"": true, ""failure_class"": ""NONE""}",0.0,[],"[{""state"": ""DETECT_SOURCE"", ""success"": true, ""message"": ""selected bottle_0 conf=1.00 base=[0.401 0.02  0.12 ] (0 ROI pts)"", ""reason"": ""OK"", ""duration_ms"": 0.3}, {""state"": ""PLAN_PICK"", ""success"": true, ""message"": ""selected preferred_00 direction=0deg margin=0.123rad"", ""reason"": ""OK"", ""duration_ms"": 481.5}, {""state"": ""EXECUTE_PICK"", ""success"": true, ""message"": ""validated motion plan executed"", ""reason"": ""OK"", ""duration_ms"": 154.1}, {""state"": ""VERIFY_GRASP"", ""success"": true, ""message"": ""object lifted 146 mm"", ""reason"": ""OK"", ""duration_ms"": 0.0}]"
x04-y05-r08,sim_gt,bottle,0.4,0.02,0.39903275720225284,0.019999,296.11333269747684,8,IN_DOMAIN,True,,,,,146.2,624.5,0.2,149.9,0.0,0.0,lateral_band,upper,0.0,0.195,0.07500000000000001,0.008539269007122909,0.023830192356655847,"{""candidate_id"": ""preferred_00"", ""direction_deg"": 0.0, ""pre_close_object_xy_shift_mm"": 0.0, ""close_object_xy_shift_mm"": 0.178, ""lift_horizontal_drift_mm"": 1.804, ""lift_height_mm"": 146.229, ""target_contact_geoms"": [""link7/geom:18"", ""link8/geom:20"", ""table/table_top""], ""bilateral_finger_contact"": true, ""failure_class"": ""NONE""}",0.0,[],"[{""state"": ""DETECT_SOURCE"", ""success"": true, ""message"": ""selected bottle_0 conf=1.00 base=[0.399 0.02  0.12 ] (0 ROI pts)"", ""reason"": ""OK"", ""duration_ms"": 0.2}, {""state"": ""PLAN_PICK"", ""success"": true, ""message"": ""selected preferred_00 direction=0deg margin=0.122rad"", ""reason"": ""OK"", ""duration_ms"": 474.4}, {""state"": ""EXECUTE_PICK"", ""success"": true, ""message"": ""validated motion plan executed"", ""reason"": ""OK"", ""duration_ms"": 149.9}, {""state"": ""VERIFY_GRASP"", ""success"": true, ""message"": ""object lifted 146 mm"", ""reason"": ""OK"", ""duration_ms"": 0.0}]"
x04-y05-r09,sim_gt,bottle,0.4,0.02,0.39713001762346023,0.019999,158.93545724747636,9,IN_DOMAIN,True,,,,,146.2,643.8,0.2,151.6,0.0,0.0,lateral_band,upper,0.0,0.195,0.07500000000000001,0.008563618168845237,0.024112360576485872,"{""candidate_id"": ""preferred_00"", ""direction_deg"": 0.0, ""pre_close_object_xy_shift_mm"": 0.0, ""close_object_xy_shift_mm"": 0.179, ""lift_horizontal_drift_mm"": 1.824, ""lift_height_mm"": 146.232, ""target_contact_geoms"": [""link7/geom:18"", ""link8/geom:20"", ""table/table_top""], ""bilateral_finger_contact"": true, ""failure_class"": ""NONE""}",0.0,[],"[{""state"": ""DETECT_SOURCE"", ""success"": true, ""message"": ""selected bottle_0 conf=1.00 base=[0.397 0.02  0.12 ] (0 ROI pts)"", ""reason"": ""OK"", ""duration_ms"": 0.2}, {""state"": ""PLAN_PICK"", ""success"": true, ""message"": ""selected preferred_00 direction=0deg margin=0.122rad"", ""reason"": ""OK"", ""duration_ms"": 492.0}, {""state"": ""EXECUTE_PICK"", ""success"": true, ""message"": ""validated motion plan executed"", ""reason"": ""OK"", ""duration_ms"": 151.6}, {""state"": ""VERIFY_GRASP"", ""success"": true, ""message"": ""object lifted 146 mm"", ""reason"": ""OK"", ""duration_ms"": 0.0}]"
x04-y05-r10,sim_gt,bottle,0.4,0.02,0.40145222469752606,0.019279477256882976,255.17189361570905,10,IN_DOMAIN,True,,,,,146.2,628.1,0.2,152.1,0.0,0.0,lateral_band,upper,0.0,0.195,0.07500000000000001,0.00841516003541225,0.022719745211021252,"{""candidate_id"": ""preferred_00"", ""direction_deg"": 0.0, ""pre_close_object_xy_shift_mm"": 0.0, ""close_object_xy_shift_mm"": 0.178, ""lift_horizontal_drift_mm"": 1.909, ""lift_height_mm"": 146.224, ""target_contact_geoms"": [""link7/geom:18"", ""link8/geom:20"", ""table/table_top""], ""bilateral_finger_contact"": true, ""failure_class"": ""NONE""}",0.0,[],"[{""state"": ""DETECT_SOURCE"", ""success"": true, ""message"": ""selected bottle_0 conf=1.00 base=[0.401 0.019 0.12 ] (0 ROI pts)"", ""reason"": ""OK"", ""duration_ms"": 0.2}, {""state"": ""PLAN_PICK"", ""success"": true, ""message"": ""selected preferred_00 direction=0deg margin=0.124rad"", ""reason"": ""OK"", ""duration_ms"": 475.8}, {""state"": ""EXECUTE_PICK"", ""success"": true, ""message"": ""validated motion plan executed"", ""reason"": ""OK"", ""duration_ms"": 152.1}, {""state"": ""VERIFY_GRASP"", ""success"": true, ""message"": ""object lifted 146 mm"", ""reason"": ""OK"", ""duration_ms"": 0.0}]"
x05-y01-r01,sim_gt,bottle,0.42,-0.16,0.42082537025285044,-0.16069630652972064,206.4522572645752,1,IN_DOMAIN,True,,,,,146.4,676.7,0.2,174.4,0.0,324.1001144771091,lateral_band,lower,339.1001144771091,0.195,0.07500000000000001,0.028263984331894483,0.06858455511037713,"{""candidate_id"": ""preferred_00"", ""direction_deg"": 324.1001144771091, ""pre_close_object_xy_shift_mm"": 0.0, ""close_object_xy_shift_mm"": 0.162, ""lift_horizontal_drift_mm"": 1.039, ""lift_height_mm"": 146.367, ""target_contact_geoms"": [""link7/geom:18"", ""link8/geom:20"", ""table/table_top""], ""bilateral_finger_contact"": true, ""failure_class"": ""NONE""}",0.0,[],"[{""state"": ""DETECT_SOURCE"", ""success"": true, ""message"": ""selected bottle_0 conf=1.00 base=[ 0.421 -0.161  0.12 ] (0 ROI pts)"", ""reason"": ""OK"", ""duration_ms"": 0.2}, {""state"": ""PLAN_PICK"", ""success"": true, ""message"": ""selected preferred_00 direction=324deg margin=0.097rad"", ""reason"": ""OK"", ""duration_ms"": 502.0}, {""state"": ""EXECUTE_PICK"", ""success"": true, ""message"": ""validated motion plan executed"", ""reason"": ""OK"", ""duration_ms"": 174.4}, {""state"": ""VERIFY_GRASP"", ""success"": true, ""message"": ""object lifted 146 mm"", ""reason"": ""OK"", ""duration_ms"": 0.0}]"
x05-y01-r02,sim_gt,bottle,0.42,-0.16,0.4176045880048985,-0.15903295896408942,156.8581687235533,2,IN_DOMAIN,True,,,,,146.4,664.1,0.2,171.2,0.0,324.1520653061352,lateral_band,lower,339.1520653061352,0.195,0.07500000000000001,0.028256942869074618,0.06864388615726387,"{""candidate_id"": ""preferred_00"", ""direction_deg"": 324.1520653061352, ""pre_close_object_xy_shift_mm"": 0.0, ""close_object_xy_shift_mm"": 0.164, ""lift_horizontal_drift_mm"": 0.999, ""lift_height_mm"": 146.361, ""target_contact_geoms"": [""link7/geom:18"", ""link8/geom:20"", ""table/table_top""], ""bilateral_finger_contact"": true, ""failure_class"": ""NONE""}",0.0,[],"[{""state"": ""DETECT_SOURCE"", ""success"": true, ""message"": ""selected bottle_0 conf=1.00 base=[ 0.418 -0.159  0.12 ] (0 ROI pts)"", ""reason"": ""OK"", ""duration_ms"": 0.2}, {""state"": ""PLAN_PICK"", ""success"": true, ""message"": ""selected preferred_00 direction=324deg margin=0.092rad"", ""reason"": ""OK"", ""duration_ms"": 492.8}, {""state"": ""EXECUTE_PICK"", ""success"": true, ""message"": ""validated motion plan executed"", ""reason"": ""OK"", ""duration_ms"": 171.2}, {""state"": ""VERIFY_GRASP"", ""success"": true, ""message"": ""object lifted 146 mm"", ""reason"": ""OK"", ""duration_ms"": 0.0}]"
x05-y01-r03,sim_gt,bottle,0.42,-0.16,0.4204243886638861,-0.16009457551175135,64.92005445699468,3,IN_DOMAIN,True,,,,,146.4,655.6,0.3,174.4,0.0,324.15348785416296,lateral_band,lower,339.15348785416296,0.195,0.07500000000000001,0.028262152272061823,0.0685930571863453,"{""candidate_id"": ""preferred_00"", ""direction_deg"": 324.15348785416296, ""pre_close_object_xy_shift_mm"": 0.0, ""close_object_xy_shift_mm"": 0.163, ""lift_horizontal_drift_mm"": 1.038, ""lift_height_mm"": 146.363, ""target_contact_geoms"": [""link7/geom:18"", ""link8/geom:20"", ""table/table_top""], ""bilateral_finger_contact"": true, ""failure_class"": ""NONE""}",0.0,[],"[{""state"": ""DETECT_SOURCE"", ""success"": true, ""message"": ""selected bottle_0 conf=1.00 base=[ 0.42 -0.16  0.12] (0 ROI pts)"", ""reason"": ""OK"", ""duration_ms"": 0.3}, {""state"": ""PLAN_PICK"", ""success"": true, ""message"": ""selected preferred_00 direction=324deg margin=0.096rad"", ""reason"": ""OK"", ""duration_ms"": 480.9}, {""state"": ""EXECUTE_PICK"", ""success"": true, ""message"": ""validated motion plan executed"", ""reason"": ""OK"", ""duration_ms"": 174.4}, {""state"": ""VERIFY_GRASP"", ""success"": true, ""message"": ""object lifted 146 mm"", ""reason"": ""OK"", ""duration_ms"": 0.0}]"
x05-y01-r04,sim_gt,bottle,0.42,-0.16,0.4211382073519547,-0.15981583621999354,177.8931164252233,4,IN_DOMAIN,True,,,,,146.4,696.1,0.2,175.1,0.0,324.2189334092976,lateral_band,lower,339.2189334092977,0.195,0.07500000000000001,0.028263914893526462,0.06858484842405788,"{""candidate_id"": ""preferred_00"", ""direction_deg"": 324.2189334092976, ""pre_close_object_xy_shift_mm"": 0.0, ""close_object_xy_shift_mm"": 0.163, ""lift_horizontal_drift_mm"": 1.037, ""lift_height_mm"": 146.362, ""target_contact_geoms"": [""link7/geom:18"", ""link8/geom:20"", ""table/table_top""], ""bilateral_finger_contact"": true, ""failure_class"": ""NONE""}",0.0,[],"[{""state"": ""DETECT_SOURCE"", ""success"": true, ""message"": ""selected bottle_0 conf=1.00 base=[ 0.421 -0.16   0.12 ] (0 ROI pts)"", ""reason"": ""OK"", ""duration_ms"": 0.2}, {""state"": ""PLAN_PICK"", ""success"": true, ""message"": ""selected preferred_00 direction=324deg margin=0.097rad"", ""reason"": ""OK"", ""duration_ms"": 520.8}, {""state"": ""EXECUTE_PICK"", ""success"": true, ""message"": ""validated motion plan executed"", ""reason"": ""OK"", ""duration_ms"": 175.1}, {""state"": ""VERIFY_GRASP"", ""success"": true, ""message"": ""object lifted 146 mm"", ""reason"": ""OK"", ""duration_ms"": 0.0}]"
x05-y01-r05,sim_gt,bottle,0.42,-0.16,0.4202909791609216,-0.15812556532708236,5.120988647635767,5,IN_DOMAIN,True,,,,,146.4,675.0,0.3,180.0,0.0,324.3822182449138,lateral_band,lower,339.3822182449138,0.195,0.07500000000000001,0.028260038202973386,0.06860570321224946,"{""candidate_id"": ""preferred_00"", ""direction_deg"": 324.3822182449138, ""pre_close_object_xy_shift_mm"": 0.0, ""close_object_xy_shift_mm"": 0.163, ""lift_horizontal_drift_mm"": 1.037, ""lift_height_mm"": 146.363, ""target_contact_geoms"": [""link7/geom:18"", ""link8/geom:20"", ""table/table_top""], ""bilateral_finger_contact"": true, ""failure_class"": ""NONE""}",0.0,[],"[{""state"": ""DETECT_SOURCE"", ""success"": true, ""message"": ""selected bottle_0 conf=1.00 base=[ 0.42  -0.158  0.12 ] (0 ROI pts)"", ""reason"": ""OK"", ""duration_ms"": 0.3}, {""state"": ""PLAN_PICK"", ""success"": true, ""message"": ""selected preferred_00 direction=324deg margin=0.095rad"", ""reason"": ""OK"", ""duration_ms"": 494.7}, {""state"": ""EXECUTE_PICK"", ""success"": true, ""message"": ""validated motion plan executed"", ""reason"": ""OK"", ""duration_ms"": 180.0}, {""state"": ""VERIFY_GRASP"", ""success"": true, ""message"": ""object lifted 146 mm"", ""reason"": ""OK"", ""duration_ms"": 0.0}]"
x05-y01-r06,sim_gt,bottle,0.42,-0.16,0.41866249151692786,-0.15823523046642496,61.861418986711115,6,IN_DOMAIN,True,,,,,146.4,655.8,0.2,177.0,0.0,324.2956987726991,lateral_band,lower,339.2956987726991,0.195,0.07500000000000001,0.02825753418696141,0.06863087023045965,"{""candidate_id"": ""preferred_00"", ""direction_deg"": 324.2956987726991, ""pre_close_object_xy_shift_mm"": 0.0, ""close_object_xy_shift_mm"": 0.163, ""lift_horizontal_drift_mm"": 1.0, ""lift_height_mm"": 146.362, ""target_contact_geoms"": [""link7/geom:18"", ""link8/geom:20"", ""table/table_top""], ""bilateral_finger_contact"": true, ""failure_class"": ""NONE""}",0.0,[],"[{""state"": ""DETECT_SOURCE"", ""success"": true, ""message"": ""selected bottle_0 conf=1.00 base=[ 0.419 -0.158  0.12 ] (0 ROI pts)"", ""reason"": ""OK"", ""duration_ms"": 0.2}, {""state"": ""PLAN_PICK"", ""success"": true, ""message"": ""selected preferred_00 direction=324deg margin=0.093rad"", ""reason"": ""OK"", ""duration_ms"": 478.5}, {""state"": ""EXECUTE_PICK"", ""success"": true, ""message"": ""validated motion plan executed"", ""reason"": ""OK"", ""duration_ms"": 177.0}, {""state"": ""VERIFY_GRASP"", ""success"": true, ""message"": ""object lifted 146 mm"", ""reason"": ""OK"", ""duration_ms"": 0.0}]"
x05-y01-r07,sim_gt,bottle,0.42,-0.16,0.42032447572232823,-0.16040230188577076,189.2697591906535,7,IN_DOMAIN,True,,,,,146.4,657.8,0.3,174.3,0.0,324.11233486948584,lateral_band,lower,339.11233486948584,0.195,0.07500000000000001,0.02826219928579156,0.0685928162784766,"{""candidate_id"": ""preferred_00"", ""direction_deg"": 324.11233486948584, ""pre_close_object_xy_shift_mm"": 0.0, ""close_object_xy_shift_mm"": 0.163, ""lift_horizontal_drift_mm"": 1.038, ""lift_height_mm"": 146.362, ""target_contact_geoms"": [""link7/geom:18"", ""link8/geom:20"", ""table/table_top""], ""bilateral_finger_contact"": true, ""failure_class"": ""NONE""}",0.0,[],"[{""state"": ""DETECT_SOURCE"", ""success"": true, ""message"": ""selected bottle_0 conf=1.00 base=[ 0.42 -0.16  0.12] (0 ROI pts)"", ""reason"": ""OK"", ""duration_ms"": 0.3}, {""state"": ""PLAN_PICK"", ""success"": true, ""message"": ""selected preferred_00 direction=324deg margin=0.096rad"", ""reason"": ""OK"", ""duration_ms"": 483.1}, {""state"": ""EXECUTE_PICK"", ""success"": true, ""message"": ""validated motion plan executed"", ""reason"": ""OK"", ""duration_ms"": 174.3}, {""state"": ""VERIFY_GRASP"", ""success"": true, ""message"": ""object lifted 146 mm"", ""reason"": ""OK"", ""duration_ms"": 0.0}]"
x05-y01-r08,sim_gt,bottle,0.42,-0.16,0.418366894261699,-0.1603139850118002,329.5553479908792,8,IN_DOMAIN,True,,,,,146.4,659.2,0.2,169.7,0.0,324.03365347348085,lateral_band,lower,339.03365347348085,0.195,0.07500000000000001,0.028258132500115666,0.06862269993713964,"{""candidate_id"": ""preferred_00"", ""direction_deg"": 324.03365347348085, ""pre_close_object_xy_shift_mm"": 0.0, ""close_object_xy_shift_mm"": 0.163, ""lift_horizontal_drift_mm"": 1.04, ""lift_height_mm"": 146.366, ""target_contact_geoms"": [""link7/geom:18"", ""link8/geom:20"", ""table/table_top""], ""bilateral_finger_contact"": true, ""failure_class"": ""NONE""}",0.0,[],"[{""state"": ""DETECT_SOURCE"", ""success"": true, ""message"": ""selected bottle_0 conf=1.00 base=[ 0.418 -0.16   0.12 ] (0 ROI pts)"", ""reason"": ""OK"", ""duration_ms"": 0.2}, {""state"": ""PLAN_PICK"", ""success"": true, ""message"": ""selected preferred_00 direction=324deg margin=0.094rad"", ""reason"": ""OK"", ""duration_ms"": 489.3}, {""state"": ""EXECUTE_PICK"", ""success"": true, ""message"": ""validated motion plan executed"", ""reason"": ""OK"", ""duration_ms"": 169.7}, {""state"": ""VERIFY_GRASP"", ""success"": true, ""message"": ""object lifted 146 mm"", ""reason"": ""OK"", ""duration_ms"": 0.0}]"
x05-y01-r09,sim_gt,bottle,0.42,-0.16,0.41895617786341643,-0.15789663170829252,303.0238323399745,9,IN_DOMAIN,True,,,,,146.4,665.3,0.2,170.2,0.0,324.34951762094545,lateral_band,lower,339.3495176209454,0.195,0.07500000000000001,0.028257716177017746,0.06862809968232111,"{""candidate_id"": ""preferred_00"", ""direction_deg"": 324.34951762094545, ""pre_close_object_xy_shift_mm"": 0.0, ""close_object_xy_shift_mm"": 0.163, ""lift_horizontal_drift_mm"": 0.998, ""lift_height_mm"": 146.361, ""target_contact_geoms"": [""link7/geom:18"", ""link8/geom:20"", ""table/table_top""], ""bilateral_finger_contact"": true, ""failure_class"": ""NONE""}",0.0,[],"[{""state"": ""DETECT_SOURCE"", ""success"": true, ""message"": ""selected bottle_0 conf=1.00 base=[ 0.419 -0.158  0.12 ] (0 ROI pts)"", ""reason"": ""OK"", ""duration_ms"": 0.2}, {""state"": ""PLAN_PICK"", ""success"": true, ""message"": ""selected preferred_00 direction=324deg margin=0.093rad"", ""reason"": ""OK"", ""duration_ms"": 494.9}, {""state"": ""EXECUTE_PICK"", ""success"": true, ""message"": ""validated motion plan executed"", ""reason"": ""OK"", ""duration_ms"": 170.2}, {""state"": ""VERIFY_GRASP"", ""success"": true, ""message"": ""object lifted 146 mm"", ""reason"": ""OK"", ""duration_ms"": 0.0}]"
x05-y01-r10,sim_gt,bottle,0.42,-0.16,0.41837991352130366,-0.15863217270070426,299.91704218379255,10,IN_DOMAIN,True,,,,,146.4,669.6,0.3,169.0,0.0,324.23535934284376,lateral_band,lower,339.23535934284376,0.195,0.07500000000000001,0.028257402500904506,0.0686331024288633,"{""candidate_id"": ""preferred_00"", ""direction_deg"": 324.23535934284376, ""pre_close_object_xy_shift_mm"": 0.0, ""close_object_xy_shift_mm"": 0.163, ""lift_horizontal_drift_mm"": 1.002, ""lift_height_mm"": 146.361, ""target_contact_geoms"": [""link7/geom:18"", ""link8/geom:20"", ""table/table_top""], ""bilateral_finger_contact"": true, ""failure_class"": ""NONE""}",0.0,[],"[{""state"": ""DETECT_SOURCE"", ""success"": true, ""message"": ""selected bottle_0 conf=1.00 base=[ 0.418 -0.159  0.12 ] (0 ROI pts)"", ""reason"": ""OK"", ""duration_ms"": 0.3}, {""state"": ""PLAN_PICK"", ""success"": true, ""message"": ""selected preferred_00 direction=324deg margin=0.093rad"", ""reason"": ""OK"", ""duration_ms"": 500.3}, {""state"": ""EXECUTE_PICK"", ""success"": true, ""message"": ""validated motion plan executed"", ""reason"": ""OK"", ""duration_ms"": 169.0}, {""state"": ""VERIFY_GRASP"", ""success"": true, ""message"": ""object lifted 146 mm"", ""reason"": ""OK"", ""duration_ms"": 0.0}]"
x05-y02-r01,sim_gt,bottle,0.42,-0.115,0.4198109450748106,-0.1136427873207986,199.84199664937216,1,IN_DOMAIN,True,,,,,146.4,643.3,0.2,172.2,0.0,329.85305591968836,lateral_band,lower,344.85305591968836,0.195,0.07500000000000001,0.02830807463398978,0.06896584847178316,"{""candidate_id"": ""preferred_00"", ""direction_deg"": 329.85305591968836, ""pre_close_object_xy_shift_mm"": 0.0, ""close_object_xy_shift_mm"": 0.166, ""lift_horizontal_drift_mm"": 1.018, ""lift_height_mm"": 146.37, ""target_contact_geoms"": [""link7/geom:18"", ""link8/geom:20"", ""table/table_top""], ""bilateral_finger_contact"": true, ""failure_class"": ""NONE""}",0.0,[],"[{""state"": ""DETECT_SOURCE"", ""success"": true, ""message"": ""selected bottle_0 conf=1.00 base=[ 0.42  -0.114  0.12 ] (0 ROI pts)"", ""reason"": ""OK"", ""duration_ms"": 0.2}, {""state"": ""PLAN_PICK"", ""success"": true, ""message"": ""selected preferred_00 direction=330deg margin=0.076rad"", ""reason"": ""OK"", ""duration_ms"": 470.9}, {""state"": ""EXECUTE_PICK"", ""success"": true, ""message"": ""validated motion plan executed"", ""reason"": ""OK"", ""duration_ms"": 172.2}, {""state"": ""VERIFY_GRASP"", ""success"": true, ""message"": ""object lifted 146 mm"", ""reason"": ""OK"", ""duration_ms"": 0.0}]"
x05-y02-r02,sim_gt,bottle,0.42,-0.115,0.42115472266029097,-0.11431600045717637,175.96728417410606,2,IN_DOMAIN,True,,,,,146.4,676.8,0.2,173.0,0.0,329.81378101317677,lateral_band,lower,344.81378101317677,0.195,0.07500000000000001,0.02829530187644232,0.06891576298375858,"{""candidate_id"": ""preferred_00"", ""direction_deg"": 329.81378101317677, ""pre_close_object_xy_shift_mm"": 0.0, ""close_object_xy_shift_mm"": 0.166, ""lift_horizontal_drift_mm"": 1.022, ""lift_height_mm"": 146.374, ""target_contact_geoms"": [""link7/geom:18"", ""link8/geom:20"", ""table/table_top""], ""bilateral_finger_contact"": true, ""failure_class"": ""NONE""}",0.0,[],"[{""state"": ""DETECT_SOURCE"", ""success"": true, ""message"": ""selected bottle_0 conf=1.00 base=[ 0.421 -0.114  0.12 ] (0 ROI pts)"", ""reason"": ""OK"", ""duration_ms"": 0.2}, {""state"": ""PLAN_PICK"", ""success"": true, ""message"": ""selected preferred_00 direction=330deg margin=0.078rad"", ""reason"": ""OK"", ""duration_ms"": 503.5}, {""state"": ""EXECUTE_PICK"", ""success"": true, ""message"": ""validated motion plan executed"", ""reason"": ""OK"", ""duration_ms"": 173.0}, {""state"": ""VERIFY_GRASP"", ""success"": true, ""message"": ""object lifted 146 mm"", ""reason"": ""OK"", ""duration_ms"": 0.0}]"
x05-y02-r03,sim_gt,bottle,0.42,-0.115,0.4182607368938745,-0.1177540100729318,42.67255402255485,3,IN_DOMAIN,True,,,,,146.4,649.5,0.2,167.5,0.0,329.27636891020217,lateral_band,lower,344.27636891020217,0.195,0.07500000000000001,0.028311871775234376,0.06897995775743962,"{""candidate_id"": ""preferred_00"", ""direction_deg"": 329.27636891020217, ""pre_close_object_xy_shift_mm"": 0.0, ""close_object_xy_shift_mm"": 0.167, ""lift_horizontal_drift_mm"": 1.016, ""lift_height_mm"": 146.371, ""target_contact_geoms"": [""link7/geom:18"", ""link8/geom:20"", ""table/table_top""], ""bilateral_finger_contact"": true, ""failure_class"": ""NONE""}",0.0,[],"[{""state"": ""DETECT_SOURCE"", ""success"": true, ""message"": ""selected bottle_0 conf=1.00 base=[ 0.418 -0.118  0.12 ] (0 ROI pts)"", ""reason"": ""OK"", ""duration_ms"": 0.2}, {""state"": ""PLAN_PICK"", ""success"": true, ""message"": ""selected preferred_00 direction=329deg margin=0.075rad"", ""reason"": ""OK"", ""duration_ms"": 481.8}, {""state"": ""EXECUTE_PICK"", ""success"": true, ""message"": ""validated motion plan executed"", ""reason"": ""OK"", ""duration_ms"": 167.5}, {""state"": ""VERIFY_GRASP"", ""success"": true, ""message"": ""object lifted 146 mm"", ""reason"": ""OK"", ""duration_ms"": 0.0}]"
x05-y02-r04,sim_gt,bottle,0.42,-0.115,0.4218694824983247,-0.11421882966787919,178.09745645247278,4,IN_DOMAIN,True,,,,,146.4,650.8,0.3,171.1,0.0,329.85062517592075,lateral_band,lower,344.85062517592075,0.195,0.07500000000000001,0.02829015398320976,0.06889411912583912,"{""candidate_id"": ""preferred_00"", ""direction_deg"": 329.85062517592075, ""pre_close_object_xy_shift_mm"": 0.0, ""close_object_xy_shift_mm"": 0.167, ""lift_horizontal_drift_mm"": 1.025, ""lift_height_mm"": 146.37, ""target_contact_geoms"": [""link7/geom:18"", ""link8/geom:20"", ""table/table_top""], ""bilateral_finger_contact"": true, ""failure_class"": ""NONE""}",0.0,[],"[{""state"": ""DETECT_SOURCE"", ""success"": true, ""message"": ""selected bottle_0 conf=1.00 base=[ 0.422 -0.114  0.12 ] (0 ROI pts)"", ""reason"": ""OK"", ""duration_ms"": 0.3}, {""state"": ""PLAN_PICK"", ""success"": true, ""message"": ""selected preferred_00 direction=330deg margin=0.079rad"", ""reason"": ""OK"", ""duration_ms"": 479.4}, {""state"": ""EXECUTE_PICK"", ""success"": true, ""message"": ""validated motion plan executed"", ""reason"": ""OK"", ""duration_ms"": 171.1}, {""state"": ""VERIFY_GRASP"", ""success"": true, ""message"": ""object lifted 146 mm"", ""reason"": ""OK"", ""duration_ms"": 0.0}]"
x05-y02-r05,sim_gt,bottle,0.42,-0.115,0.42126264662446716,-0.11744065422551432,89.8845145306421,5,IN_DOMAIN,True,,,,,146.4,652.9,0.3,173.1,0.0,329.42240194368566,lateral_band,lower,344.42240194368566,0.195,0.07500000000000001,0.028288181947651304,0.068885543937306,"{""candidate_id"": ""preferred_00"", ""direction_deg"": 329.42240194368566, ""pre_close_object_xy_shift_mm"": 0.0, ""close_object_xy_shift_mm"": 0.166, ""lift_horizontal_drift_mm"": 1.026, ""lift_height_mm"": 146.374, ""target_contact_geoms"": [""link7/geom:18"", ""link8/geom:20"", ""table/table_top""], ""bilateral_finger_contact"": true, ""failure_class"": ""NONE""}",0.0,[],"[{""state"": ""DETECT_SOURCE"", ""success"": true, ""message"": ""selected bottle_0 conf=1.00 base=[ 0.421 -0.117  0.12 ] (0 ROI pts)"", ""reason"": ""OK"", ""duration_ms"": 0.3}, {""state"": ""PLAN_PICK"", ""success"": true, ""message"": ""selected preferred_00 direction=329deg margin=0.079rad"", ""reason"": ""OK"", ""duration_ms"": 479.5}, {""state"": ""EXECUTE_PICK"", ""success"": true, ""message"": ""validated motion plan executed"", ""reason"": ""OK"", ""duration_ms"": 173.1}, {""state"": ""VERIFY_GRASP"", ""success"": true, ""message"": ""object lifted 146 mm"", ""reason"": ""OK"", ""duration_ms"": 0.0}]"
x05-y02-r06,sim_gt,bottle,0.42,-0.115,0.42267583127753783,-0.11617330588077866,152.24251676875375,6,IN_DOMAIN,True,,,,,146.4,668.7,0.2,173.6,0.0,329.6315867424508,lateral_band,lower,344.6315867424508,0.195,0.07500000000000001,0.028281224290650848,0.06885372354262359,"{""candidate_id"": ""preferred_00"", ""direction_deg"": 329.6315867424508, ""pre_close_object_xy_shift_mm"": 0.0, ""close_object_xy_shift_mm"": 0.166, ""lift_horizontal_drift_mm"": 1.03, ""lift_height_mm"": 146.374, ""target_contact_geoms"": [""link7/geom:18"", ""link8/geom:20"", ""table/table_top""], ""bilateral_finger_contact"": true, ""failure_class"": ""NONE""}",0.0,[],"[{""state"": ""DETECT_SOURCE"", ""success"": true, ""message"": ""selected bottle_0 conf=1.00 base=[ 0.423 -0.116  0.12 ] (0 ROI pts)"", ""reason"": ""OK"", ""duration_ms"": 0.2}, {""state"": ""PLAN_PICK"", ""success"": true, ""message"": ""selected preferred_00 direction=330deg margin=0.080rad"", ""reason"": ""OK"", ""duration_ms"": 494.9}, {""state"": ""EXECUTE_PICK"", ""success"": true, ""message"": ""validated motion plan executed"", ""reason"": ""OK"", ""duration_ms"": 173.6}, {""state"": ""VERIFY_GRASP"", ""success"": true, ""message"": ""object lifted 146 mm"", ""reason"": ""OK"", ""duration_ms"": 0.0}]"
x05-y02-r07,sim_gt,bottle,0.42,-0.115,0.41985158969639064,-0.1172968947604322,338.32358827571,7,IN_DOMAIN,True,,,,,146.4,659.5,0.2,176.2,0.0,329.3908579829951,lateral_band,lower,344.3908579829951,0.195,0.07500000000000001,0.028299126867612837,0.06893124562046322,"{""candidate_id"": ""preferred_00"", ""direction_deg"": 329.3908579829951, ""pre_close_object_xy_shift_mm"": 0.0, ""close_object_xy_shift_mm"": 0.166, ""lift_horizontal_drift_mm"": 1.02, ""lift_height_mm"": 146.368, ""target_contact_geoms"": [""link7/geom:18"", ""link8/geom:20"", ""table/table_top""], ""bilateral_finger_contact"": true, ""failure_class"": ""NONE""}",0.0,[],"[{""state"": ""DETECT_SOURCE"", ""success"": true, ""message"": ""selected bottle_0 conf=1.00 base=[ 0.42  -0.117  0.12 ] (0 ROI pts)"", ""reason"": ""OK"", ""duration_ms"": 0.2}, {""state"": ""PLAN_PICK"", ""success"": true, ""message"": ""selected preferred_00 direction=329deg margin=0.077rad"", ""reason"": ""OK"", ""duration_ms"": 483.1}, {""state"": ""EXECUTE_PICK"", ""success"": true, ""message"": ""validated motion plan executed"", ""reason"": ""OK"", ""duration_ms"": 176.2}, {""state"": ""VERIFY_GRASP"", ""success"": true, ""message"": ""object lifted 146 mm"", ""reason"": ""OK"", ""duration_ms"": 0.0}]"
x05-y02-r08,sim_gt,bottle,0.42,-0.115,0.41827997959583085,-0.11213594477238599,145.67195885637406,8,IN_DOMAIN,True,,,,,146.4,672.7,0.2,168.2,0.0,329.9925750383679,lateral_band,lower,344.9925750383679,0.195,0.07500000000000001,0.028327039401780323,0.06903364747420414,"{""candidate_id"": ""preferred_00"", ""direction_deg"": 329.9925750383679, ""pre_close_object_xy_shift_mm"": 0.0, ""close_object_xy_shift_mm"": 0.167, ""lift_horizontal_drift_mm"": 1.013, ""lift_height_mm"": 146.373, ""target_contact_geoms"": [""link7/geom:18"", ""link8/geom:20"", ""table/table_top""], ""bilateral_finger_contact"": true, ""failure_class"": ""NONE""}",0.0,[],"[{""state"": ""DETECT_SOURCE"", ""success"": true, ""message"": ""selected bottle_0 conf=1.00 base=[ 0.418 -0.112  0.12 ] (0 ROI pts)"", ""reason"": ""OK"", ""duration_ms"": 0.2}, {""state"": ""PLAN_PICK"", ""success"": true, ""message"": ""selected preferred_00 direction=330deg margin=0.073rad"", ""reason"": ""OK"", ""duration_ms"": 504.3}, {""state"": ""EXECUTE_PICK"", ""success"": true, ""message"": ""validated motion plan executed"", ""reason"": ""OK"", ""duration_ms"": 168.2}, {""state"": ""VERIFY_GRASP"", ""success"": true, ""message"": ""object lifted 146 mm"", ""reason"": ""OK"", ""duration_ms"": 0.0}]"
x05-y02-r09,sim_gt,bottle,0.42,-0.115,0.41926645319861,-0.11414927972694329,93.04374620201445,9,IN_DOMAIN,True,,,,,146.4,674.6,0.2,171.0,0.0,329.76982950730974,lateral_band,lower,344.76982950730974,0.195,0.07500000000000001,0.02831180111661559,0.0689796979702968,"{""candidate_id"": ""preferred_00"", ""direction_deg"": 329.76982950730974, ""pre_close_object_xy_shift_mm"": 0.0, ""close_object_xy_shift_mm"": 0.167, ""lift_horizontal_drift_mm"": 1.016, ""lift_height_mm"": 146.37, ""target_contact_geoms"": [""link7/geom:18"", ""link8/geom:20"", ""table/table_top""], ""bilateral_finger_contact"": true, ""failure_class"": ""NONE""}",0.0,[],"[{""state"": ""DETECT_SOURCE"", ""success"": true, ""message"": ""selected bottle_0 conf=1.00 base=[ 0.419 -0.114  0.12 ] (0 ROI pts)"", ""reason"": ""OK"", ""duration_ms"": 0.2}, {""state"": ""PLAN_PICK"", ""success"": true, ""message"": ""selected preferred_00 direction=330deg margin=0.075rad"", ""reason"": ""OK"", ""duration_ms"": 503.4}, {""state"": ""EXECUTE_PICK"", ""success"": true, ""message"": ""validated motion plan executed"", ""reason"": ""OK"", ""duration_ms"": 171.0}, {""state"": ""VERIFY_GRASP"", ""success"": true, ""message"": ""object lifted 146 mm"", ""reason"": ""OK"", ""duration_ms"": 0.0}]"
x05-y02-r10,sim_gt,bottle,0.42,-0.115,0.4229822528315481,-0.11390487010890178,248.3582680062089,10,IN_DOMAIN,True,,,,,146.4,673.9,0.2,173.9,0.0,329.928310362661,lateral_band,lower,344.928310362661,0.195,0.07500000000000001,0.02828316940821555,0.06886289572698805,"{""candidate_id"": ""preferred_00"", ""direction_deg"": 329.928310362661, ""pre_close_object_xy_shift_mm"": 0.0, ""close_object_xy_shift_mm"": 0.167, ""lift_horizontal_drift_mm"": 1.028, ""lift_height_mm"": 146.37, ""target_contact_geoms"": [""link7/geom:18"", ""link8/geom:20"", ""table/table_top""], ""bilateral_finger_contact"": true, ""failure_class"": ""NONE""}",0.0,[],"[{""state"": ""DETECT_SOURCE"", ""success"": true, ""message"": ""selected bottle_0 conf=1.00 base=[ 0.423 -0.114  0.12 ] (0 ROI pts)"", ""reason"": ""OK"", ""duration_ms"": 0.2}, {""state"": ""PLAN_PICK"", ""success"": true, ""message"": ""selected preferred_00 direction=330deg margin=0.080rad"", ""reason"": ""OK"", ""duration_ms"": 499.8}, {""state"": ""EXECUTE_PICK"", ""success"": true, ""message"": ""validated motion plan executed"", ""reason"": ""OK"", ""duration_ms"": 173.9}, {""state"": ""VERIFY_GRASP"", ""success"": true, ""message"": ""object lifted 146 mm"", ""reason"": ""OK"", ""duration_ms"": 0.0}]"
x05-y03-r01,sim_gt,bottle,0.42,-0.07,0.41949317937315567,-0.07297535859583695,14.69434648370135,1,IN_DOMAIN,True,,,,,146.0,712.7,0.2,163.8,0.0,0.0,lateral_band,upper,0.0,0.195,0.07500000000000001,0.0209971847580789,0.05879264634598148,"{""candidate_id"": ""preferred_00"", ""direction_deg"": 0.0, ""pre_close_object_xy_shift_mm"": 0.0, ""close_object_xy_shift_mm"": 0.12, ""lift_horizontal_drift_mm"": 1.429, ""lift_height_mm"": 146.029, ""target_contact_geoms"": [""link7/geom:18"", ""link8/geom:20"", ""table/table_top""], ""bilateral_finger_contact"": true, ""failure_class"": ""NONE""}",0.0,[],"[{""state"": ""DETECT_SOURCE"", ""success"": true, ""message"": ""selected bottle_0 conf=1.00 base=[ 0.419 -0.073  0.12 ] (0 ROI pts)"", ""reason"": ""OK"", ""duration_ms"": 0.2}, {""state"": ""PLAN_PICK"", ""success"": true, ""message"": ""selected preferred_00 direction=0deg margin=0.105rad"", ""reason"": ""OK"", ""duration_ms"": 548.7}, {""state"": ""EXECUTE_PICK"", ""success"": true, ""message"": ""validated motion plan executed"", ""reason"": ""OK"", ""duration_ms"": 163.8}, {""state"": ""VERIFY_GRASP"", ""success"": true, ""message"": ""object lifted 146 mm"", ""reason"": ""OK"", ""duration_ms"": 0.0}]"
x05-y03-r02,sim_gt,bottle,0.42,-0.07,0.41711901966368947,-0.06896276917190469,243.07145579631145,2,IN_DOMAIN,True,,,,,145.9,709.3,0.2,163.9,0.0,0.0,lateral_band,upper,0.0,0.195,0.07500000000000001,0.02016388729121338,0.057385726749860776,"{""candidate_id"": ""preferred_00"", ""direction_deg"": 0.0, ""pre_close_object_xy_shift_mm"": 0.0, ""close_object_xy_shift_mm"": 0.12, ""lift_horizontal_drift_mm"": 1.451, ""lift_height_mm"": 145.859, ""target_contact_geoms"": [""link7/geom:18"", ""link8/geom:20"", ""table/table_top""], ""bilateral_finger_contact"": true, ""failure_class"": ""NONE""}",0.0,[],"[{""state"": ""DETECT_SOURCE"", ""success"": true, ""message"": ""selected bottle_0 conf=1.00 base=[ 0.417 -0.069  0.12 ] (0 ROI pts)"", ""reason"": ""OK"", ""duration_ms"": 0.2}, {""state"": ""PLAN_PICK"", ""success"": true, ""message"": ""selected preferred_00 direction=0deg margin=0.105rad"", ""reason"": ""OK"", ""duration_ms"": 545.2}, {""state"": ""EXECUTE_PICK"", ""success"": true, ""message"": ""validated motion plan executed"", ""reason"": ""OK"", ""duration_ms"": 163.9}, {""state"": ""VERIFY_GRASP"", ""success"": true, ""message"": ""object lifted 146 mm"", ""reason"": ""OK"", ""duration_ms"": 0.0}]"
x05-y03-r03,sim_gt,bottle,0.42,-0.07,0.4189583519098392,-0.06964347142326469,148.14108826036474,3,IN_DOMAIN,True,,,,,145.9,707.1,0.3,164.8,0.0,0.0,lateral_band,upper,0.0,0.195,0.07500000000000001,0.020225107923264728,0.05743259214966148,"{""candidate_id"": ""preferred_00"", ""direction_deg"": 0.0, ""pre_close_object_xy_shift_mm"": 0.0, ""close_object_xy_shift_mm"": 0.12, ""lift_horizontal_drift_mm"": 1.455, ""lift_height_mm"": 145.859, ""target_contact_geoms"": [""link7/geom:18"", ""link8/geom:20"", ""table/table_top""], ""bilateral_finger_contact"": true, ""failure_class"": ""NONE""}",0.0,[],"[{""state"": ""DETECT_SOURCE"", ""success"": true, ""message"": ""selected bottle_0 conf=1.00 base=[ 0.419 -0.07   0.12 ] (0 ROI pts)"", ""reason"": ""OK"", ""duration_ms"": 0.3}, {""state"": ""PLAN_PICK"", ""success"": true, ""message"": ""selected preferred_00 direction=0deg margin=0.107rad"", ""reason"": ""OK"", ""duration_ms"": 542.0}, {""state"": ""EXECUTE_PICK"", ""success"": true, ""message"": ""validated motion plan executed"", ""reason"": ""OK"", ""duration_ms"": 164.8}, {""state"": ""VERIFY_GRASP"", ""success"": true, ""message"": ""object lifted 146 mm"", ""reason"": ""OK"", ""duration_ms"": 0.0}]"
x05-y03-r04,sim_gt,bottle,0.42,-0.07,0.419485830837517,-0.07242273374836522,329.39362194359353,4,IN_DOMAIN,True,,,,,146.0,710.2,0.2,165.1,0.0,0.0,lateral_band,upper,0.0,0.195,0.07500000000000001,0.020865449600543,0.05856217002798272,"{""candidate_id"": ""preferred_00"", ""direction_deg"": 0.0, ""pre_close_object_xy_shift_mm"": 0.0, ""close_object_xy_shift_mm"": 0.12, ""lift_horizontal_drift_mm"": 1.437, ""lift_height_mm"": 146.029, ""target_contact_geoms"": [""link7/geom:18"", ""link8/geom:20"", ""table/table_top""], ""bilateral_finger_contact"": true, ""failure_class"": ""NONE""}",0.0,[],"[{""state"": ""DETECT_SOURCE"", ""success"": true, ""message"": ""selected bottle_0 conf=1.00 base=[ 0.419 -0.072  0.12 ] (0 ROI pts)"", ""reason"": ""OK"", ""duration_ms"": 0.2}, {""state"": ""PLAN_PICK"", ""success"": true, ""message"": ""selected preferred_00 direction=0deg margin=0.105rad"", ""reason"": ""OK"", ""duration_ms"": 544.8}, {""state"": ""EXECUTE_PICK"", ""success"": true, ""message"": ""validated motion plan executed"", ""reason"": ""OK"", ""duration_ms"": 165.1}, {""state"": ""VERIFY_GRASP"", ""success"": true, ""message"": ""object lifted 146 mm"", ""reason"": ""OK"", ""duration_ms"": 0.0}]"
x05-y03-r05,sim_gt,bottle,0.42,-0.07,0.4211047159862124,-0.07006227117387091,12.628847218831766,5,IN_DOMAIN,True,,,,,146.0,728.6,0.2,172.0,0.0,0.0,lateral_band,upper,0.0,0.195,0.07500000000000001,0.020209018872415788,0.05732820984659236,"{""candidate_id"": ""preferred_00"", ""direction_deg"": 0.0, ""pre_close_object_xy_shift_mm"": 0.0, ""close_object_xy_shift_mm"": 0.12, ""lift_horizontal_drift_mm"": 1.462, ""lift_height_mm"": 146.022, ""target_contact_geoms"": [""link7/geom:18"", ""link8/geom:20"", ""table/table_top""], ""bilateral_finger_contact"": true, ""failure_class"": ""NONE""}",0.0,[],"[{""state"": ""DETECT_SOURCE"", ""success"": true, ""message"": ""selected bottle_0 conf=1.00 base=[ 0.421 -0.07   0.12 ] (0 ROI pts)"", ""reason"": ""OK"", ""duration_ms"": 0.2}, {""state"": ""PLAN_PICK"", ""success"": true, ""message"": ""selected preferred_00 direction=0deg margin=0.109rad"", ""reason"": ""OK"", ""duration_ms"": 556.4}, {""state"": ""EXECUTE_PICK"", ""success"": true, ""message"": ""validated motion plan executed"", ""reason"": ""OK"", ""duration_ms"": 172.0}, {""state"": ""VERIFY_GRASP"", ""success"": true, ""message"": ""object lifted 146 mm"", ""reason"": ""OK"", ""duration_ms"": 0.0}]"
x05-y03-r06,sim_gt,bottle,0.42,-0.07,0.4222464007878895,-0.06910128936169675,177.76445614351317,6,IN_DOMAIN,True,,,,,146.0,728.1,0.3,171.7,0.0,0.0,lateral_band,upper,0.0,0.195,0.07500000000000001,0.019915871607434646,0.05674749906009623,"{""candidate_id"": ""preferred_00"", ""direction_deg"": 0.0, ""pre_close_object_xy_shift_mm"": 0.0, ""close_object_xy_shift_mm"": 0.12, ""lift_horizontal_drift_mm"": 1.475, ""lift_height_mm"": 146.016, ""target_contact_geoms"": [""link7/geom:18"", ""link8/geom:20"", ""table/table_top""], ""bilateral_finger_contact"": true, ""failure_class"": ""NONE""}",0.0,[],"[{""state"": ""DETECT_SOURCE"", ""success"": true, ""message"": ""selected bottle_0 conf=1.00 base=[ 0.422 -0.069  0.12 ] (0 ROI pts)"", ""reason"": ""OK"", ""duration_ms"": 0.3}, {""state"": ""PLAN_PICK"", ""success"": true, ""message"": ""selected preferred_00 direction=0deg margin=0.111rad"", ""reason"": ""OK"", ""duration_ms"": 556.1}, {""state"": ""EXECUTE_PICK"", ""success"": true, ""message"": ""validated motion plan executed"", ""reason"": ""OK"", ""duration_ms"": 171.7}, {""state"": ""VERIFY_GRASP"", ""success"": true, ""message"": ""object lifted 146 mm"", ""reason"": ""OK"", ""duration_ms"": 0.0}]"
x05-y03-r07,sim_gt,bottle,0.42,-0.07,0.41818925570691734,-0.07104987730876496,34.97078119342606,7,IN_DOMAIN,True,,,,,145.9,731.8,0.2,173.4,0.0,0.0,lateral_band,upper,0.0,0.195,0.07500000000000001,0.020608682779023585,0.05815265358363843,"{""candidate_id"": ""preferred_00"", ""direction_deg"": 0.0, ""pre_close_object_xy_shift_mm"": 0.0, ""close_object_xy_shift_mm"": 0.121, ""lift_horizontal_drift_mm"": 1.441, ""lift_height_mm"": 145.865, ""target_contact_geoms"": [""link7/geom:18"", ""link8/geom:20"", ""table/table_top""], ""bilateral_finger_contact"": true, ""failure_class"": ""NONE""}",0.0,[],"[{""state"": ""DETECT_SOURCE"", ""success"": true, ""message"": ""selected bottle_0 conf=1.00 base=[ 0.418 -0.071  0.12 ] (0 ROI pts)"", ""reason"": ""OK"", ""duration_ms"": 0.2}, {""state"": ""PLAN_PICK"", ""success"": true, ""message"": ""selected preferred_00 direction=0deg margin=0.105rad"", ""reason"": ""OK"", ""duration_ms"": 558.2}, {""state"": ""EXECUTE_PICK"", ""success"": true, ""message"": ""validated motion plan executed"", ""reason"": ""OK"", ""duration_ms"": 173.4}, {""state"": ""VERIFY_GRASP"", ""success"": true, ""message"": ""object lifted 146 mm"", ""reason"": ""OK"", ""duration_ms"": 0.0}]"
x05-y03-r08,sim_gt,bottle,0.42,-0.07,0.41956854839227475,-0.07005347776916833,103.68861857972495,8,IN_DOMAIN,True,,,,,145.9,746.1,0.2,172.9,0.0,0.0,lateral_band,upper,0.0,0.195,0.07500000000000001,0.020290543290783065,0.057530523709303,"{""candidate_id"": ""preferred_00"", ""direction_deg"": 0.0, ""pre_close_object_xy_shift_mm"": 0.0, ""close_object_xy_shift_mm"": 0.12, ""lift_horizontal_drift_mm"": 1.457, ""lift_height_mm"": 145.863, ""target_contact_geoms"": [""link7/geom:18"", ""link8/geom:20"", ""table/table_top""], ""bilateral_finger_contact"": true, ""failure_class"": ""NONE""}",0.0,[],"[{""state"": ""DETECT_SOURCE"", ""success"": true, ""message"": ""selected bottle_0 conf=1.00 base=[ 0.42 -0.07  0.12] (0 ROI pts)"", ""reason"": ""OK"", ""duration_ms"": 0.2}, {""state"": ""PLAN_PICK"", ""success"": true, ""message"": ""selected preferred_00 direction=0deg margin=0.107rad"", ""reason"": ""OK"", ""duration_ms"": 572.9}, {""state"": ""EXECUTE_PICK"", ""success"": true, ""message"": ""validated motion plan executed"", ""reason"": ""OK"", ""duration_ms"": 172.9}, {""state"": ""VERIFY_GRASP"", ""success"": true, ""message"": ""object lifted 146 mm"", ""reason"": ""OK"", ""duration_ms"": 0.0}]"
x05-y03-r09,sim_gt,bottle,0.42,-0.07,0.42053291393134634,-0.06807362293449727,157.94510404684985,9,IN_DOMAIN,True,,,,,145.9,742.8,0.2,168.0,0.0,0.0,lateral_band,upper,0.0,0.195,0.07500000000000001,0.019757016567144518,0.05650961532165408,"{""candidate_id"": ""preferred_00"", ""direction_deg"": 0.0, ""pre_close_object_xy_shift_mm"": 0.0, ""close_object_xy_shift_mm"": 0.12, ""lift_horizontal_drift_mm"": 1.477, ""lift_height_mm"": 145.861, ""target_contact_geoms"": [""link7/geom:18"", ""link8/geom:20"", ""table/table_top""], ""bilateral_finger_contact"": true, ""failure_class"": ""NONE""}",0.0,[],"[{""state"": ""DETECT_SOURCE"", ""success"": true, ""message"": ""selected bottle_0 conf=1.00 base=[ 0.421 -0.068  0.12 ] (0 ROI pts)"", ""reason"": ""OK"", ""duration_ms"": 0.2}, {""state"": ""PLAN_PICK"", ""success"": true, ""message"": ""selected preferred_00 direction=0deg margin=0.110rad"", ""reason"": ""OK"", ""duration_ms"": 574.6}, {""state"": ""EXECUTE_PICK"", ""success"": true, ""message"": ""validated motion plan executed"", ""reason"": ""OK"", ""duration_ms"": 168.0}, {""state"": ""VERIFY_GRASP"", ""success"": true, ""message"": ""object lifted 146 mm"", ""reason"": ""OK"", ""duration_ms"": 0.0}]"
x05-y03-r10,sim_gt,bottle,0.42,-0.07,0.42281205719881315,-0.06861328571870774,258.9620580354817,10,IN_DOMAIN,True,,,,,146.0,720.8,0.3,166.3,0.0,0.0,lateral_band,upper,0.0,0.195,0.07500000000000001,0.019767994739540856,0.05645135032663955,"{""candidate_id"": ""preferred_00"", ""direction_deg"": 0.0, ""pre_close_object_xy_shift_mm"": 0.0, ""close_object_xy_shift_mm"": 0.12, ""lift_horizontal_drift_mm"": 1.466, ""lift_height_mm"": 146.014, ""target_contact_geoms"": [""link7/geom:18"", ""link8/geom:20"", ""table/table_top""], ""bilateral_finger_contact"": true, ""failure_class"": ""NONE""}",0.0,[],"[{""state"": ""DETECT_SOURCE"", ""success"": true, ""message"": ""selected bottle_0 conf=1.00 base=[ 0.423 -0.069  0.12 ] (0 ROI pts)"", ""reason"": ""OK"", ""duration_ms"": 0.3}, {""state"": ""PLAN_PICK"", ""success"": true, ""message"": ""selected preferred_00 direction=0deg margin=0.112rad"", ""reason"": ""OK"", ""duration_ms"": 554.3}, {""state"": ""EXECUTE_PICK"", ""success"": true, ""message"": ""validated motion plan executed"", ""reason"": ""OK"", ""duration_ms"": 166.3}, {""state"": ""VERIFY_GRASP"", ""success"": true, ""message"": ""object lifted 146 mm"", ""reason"": ""OK"", ""duration_ms"": 0.0}]"
x05-y04-r01,sim_gt,bottle,0.42,-0.025,0.41799614283999253,-0.0242870328913873,211.16156976480534,1,IN_DOMAIN,True,,,,,146.0,616.1,0.4,154.5,0.0,0.0,lateral_band,upper,0.0,0.195,0.07500000000000001,0.01005337622608765,0.02657094353519342,"{""candidate_id"": ""preferred_00"", ""direction_deg"": 0.0, ""pre_close_object_xy_shift_mm"": 0.0, ""close_object_xy_shift_mm"": 0.133, ""lift_horizontal_drift_mm"": 2.468, ""lift_height_mm"": 146.034, ""target_contact_geoms"": [""link7/geom:18"", ""link8/geom:20"", ""table/table_top""], ""bilateral_finger_contact"": true, ""failure_class"": ""NONE""}",0.0,[],"[{""state"": ""DETECT_SOURCE"", ""success"": true, ""message"": ""selected bottle_0 conf=1.00 base=[ 0.418 -0.024  0.12 ] (0 ROI pts)"", ""reason"": ""OK"", ""duration_ms"": 0.4}, {""state"": ""PLAN_PICK"", ""success"": true, ""message"": ""selected preferred_00 direction=0deg margin=0.132rad"", ""reason"": ""OK"", ""duration_ms"": 461.2}, {""state"": ""EXECUTE_PICK"", ""success"": true, ""message"": ""validated motion plan executed"", ""reason"": ""OK"", ""duration_ms"": 154.5}, {""state"": ""VERIFY_GRASP"", ""success"": true, ""message"": ""object lifted 146 mm"", ""reason"": ""OK"", ""duration_ms"": 0.0}]"
x05-y04-r02,sim_gt,bottle,0.42,-0.025,0.4224348324525561,-0.026494582279776344,153.39507386613383,2,IN_DOMAIN,True,,,,,146.0,625.9,0.3,156.7,0.0,0.0,lateral_band,upper,0.0,0.195,0.07500000000000001,0.010417902242572875,0.028127155672855415,"{""candidate_id"": ""preferred_00"", ""direction_deg"": 0.0, ""pre_close_object_xy_shift_mm"": 0.0, ""close_object_xy_shift_mm"": 0.132, ""lift_horizontal_drift_mm"": 1.977, ""lift_height_mm"": 145.959, ""target_contact_geoms"": [""link7/geom:18"", ""link8/geom:20"", ""table/table_top""], ""bilateral_finger_contact"": true, ""failure_class"": ""NONE""}",0.0,[],"[{""state"": ""DETECT_SOURCE"", ""success"": true, ""message"": ""selected bottle_0 conf=1.00 base=[ 0.422 -0.026  0.12 ] (0 ROI pts)"", ""reason"": ""OK"", ""duration_ms"": 0.3}, {""state"": ""PLAN_PICK"", ""success"": true, ""message"": ""selected preferred_00 direction=0deg margin=0.134rad"", ""reason"": ""OK"", ""duration_ms"": 468.8}, {""state"": ""EXECUTE_PICK"", ""success"": true, ""message"": ""validated motion plan executed"", ""reason"": ""OK"", ""duration_ms"": 156.7}, {""state"": ""VERIFY_GRASP"", ""success"": true, ""message"": ""object lifted 146 mm"", ""reason"": ""OK"", ""duration_ms"": 0.0}]"
x05-y04-r03,sim_gt,bottle,0.42,-0.025,0.420557490504823,-0.0253862509733536,166.0635130629314,3,IN_DOMAIN,True,,,,,145.9,629.9,0.2,156.5,0.0,0.0,lateral_band,upper,0.0,0.195,0.07500000000000001,0.010231472808094534,0.02731634872646838,"{""candidate_id"": ""preferred_00"", ""direction_deg"": 0.0, ""pre_close_object_xy_shift_mm"": 0.0, ""close_object_xy_shift_mm"": 0.133, ""lift_horizontal_drift_mm"": 1.996, ""lift_height_mm"": 145.948, ""target_contact_geoms"": [""link7/geom:18"", ""link8/geom:20"", ""table/table_top""], ""bilateral_finger_contact"": true, ""failure_class"": ""NONE""}",0.0,[],"[{""state"": ""DETECT_SOURCE"", ""success"": true, ""message"": ""selected bottle_0 conf=1.00 base=[ 0.421 -0.025  0.12 ] (0 ROI pts)"", ""reason"": ""OK"", ""duration_ms"": 0.2}, {""state"": ""PLAN_PICK"", ""success"": true, ""message"": ""selected preferred_00 direction=0deg margin=0.133rad"", ""reason"": ""OK"", ""duration_ms"": 473.2}, {""state"": ""EXECUTE_PICK"", ""success"": true, ""message"": ""validated motion plan executed"", ""reason"": ""OK"", ""duration_ms"": 156.5}, {""state"": ""VERIFY_GRASP"", ""success"": true, ""message"": ""object lifted 146 mm"", ""reason"": ""OK"", ""duration_ms"": 0.0}]"
x05-y04-r04,sim_gt,bottle,0.42,-0.025,0.42238220804721555,-0.026958906325038785,66.80212354631573,4,IN_DOMAIN,True,,,,,146.0,632.6,0.2,157.4,0.0,0.0,lateral_band,upper,0.0,0.195,0.07500000000000001,0.010501310400841258,0.028553887493088778,"{""candidate_id"": ""preferred_00"", ""direction_deg"": 0.0, ""pre_close_object_xy_shift_mm"": 0.0, ""close_object_xy_shift_mm"": 0.133, ""lift_horizontal_drift_mm"": 1.968, ""lift_height_mm"": 145.99, ""target_contact_geoms"": [""link7/geom:18"", ""link8/geom:20"", ""table/table_top""], ""bilateral_finger_contact"": true, ""failure_class"": ""NONE""}",0.0,[],"[{""state"": ""DETECT_SOURCE"", ""success"": true, ""message"": ""selected bottle_0 conf=1.00 base=[ 0.422 -0.027  0.12 ] (0 ROI pts)"", ""reason"": ""OK"", ""duration_ms"": 0.2}, {""state"": ""PLAN_PICK"", ""success"": true, ""message"": ""selected preferred_00 direction=0deg margin=0.134rad"", ""reason"": ""OK"", ""duration_ms"": 475.1}, {""state"": ""EXECUTE_PICK"", ""success"": true, ""message"": ""validated motion plan executed"", ""reason"": ""OK"", ""duration_ms"": 157.4}, {""state"": ""VERIFY_GRASP"", ""success"": true, ""message"": ""object lifted 146 mm"", ""reason"": ""OK"", ""duration_ms"": 0.0}]"
x05-y04-r05,sim_gt,bottle,0.42,-0.025,0.4170355032232572,-0.026782866705505146,238.331218457327,5,IN_DOMAIN,True,,,,,146.0,638.8,0.2,157.8,0.0,0.0,lateral_band,upper,0.0,0.195,0.07500000000000001,0.01050009490141969,0.02901375104420777,"{""candidate_id"": ""preferred_00"", ""direction_deg"": 0.0, ""pre_close_object_xy_shift_mm"": 0.0, ""close_object_xy_shift_mm"": 0.133, ""lift_horizontal_drift_mm"": 2.67, ""lift_height_mm"": 146.035, ""target_contact_geoms"": [""link7/geom:18"", ""link8/geom:20"", ""table/table_top""], ""bilateral_finger_contact"": true, ""failure_class"": ""NONE""}",0.0,[],"[{""state"": ""DETECT_SOURCE"", ""success"": true, ""message"": ""selected bottle_0 conf=1.00 base=[ 0.417 -0.027  0.12 ] (0 ROI pts)"", ""reason"": ""OK"", ""duration_ms"": 0.2}, {""state"": ""PLAN_PICK"", ""success"": true, ""message"": ""selected preferred_00 direction=0deg margin=0.130rad"", ""reason"": ""OK"", ""duration_ms"": 480.7}, {""state"": ""EXECUTE_PICK"", ""success"": true, ""message"": ""validated motion plan executed"", ""reason"": ""OK"", ""duration_ms"": 157.8}, {""state"": ""VERIFY_GRASP"", ""success"": true, ""message"": ""object lifted 146 mm"", ""reason"": ""OK"", ""duration_ms"": 0.0}]"
x05-y04-r06,sim_gt,bottle,0.42,-0.025,0.42133280764035663,-0.02582038570275738,24.401762119453927,6,IN_DOMAIN,True,,,,,146.0,651.3,0.2,166.1,0.0,0.0,lateral_band,upper,0.0,0.195,0.07500000000000001,0.010303924802916802,0.02763173418597132,"{""candidate_id"": ""preferred_00"", ""direction_deg"": 0.0, ""pre_close_object_xy_shift_mm"": 0.0, ""close_object_xy_shift_mm"": 0.133, ""lift_horizontal_drift_mm"": 2.428, ""lift_height_mm"": 146.037, ""target_contact_geoms"": [""link7/geom:18"", ""link8/geom:20"", ""table/table_top""], ""bilateral_finger_contact"": true, ""failure_class"": ""NONE""}",0.0,[],"[{""state"": ""DETECT_SOURCE"", ""success"": true, ""message"": ""selected bottle_0 conf=1.00 base=[ 0.421 -0.026  0.12 ] (0 ROI pts)"", ""reason"": ""OK"", ""duration_ms"": 0.2}, {""state"": ""PLAN_PICK"", ""success"": true, ""message"": ""selected preferred_00 direction=0deg margin=0.134rad"", ""reason"": ""OK"", ""duration_ms"": 484.9}, {""state"": ""EXECUTE_PICK"", ""success"": true, ""message"": ""validated motion plan executed"", ""reason"": ""OK"", ""duration_ms"": 166.1}, {""state"": ""VERIFY_GRASP"", ""success"": true, ""message"": ""object lifted 146 mm"", ""reason"": ""OK"", ""duration_ms"": 0.0}]"
x05-y04-r07,sim_gt,bottle,0.42,-0.025,0.4207724740729632,-0.024473137947827732,122.68384900352162,7,IN_DOMAIN,True,,,,,146.0,611.9,0.3,154.6,0.0,0.0,lateral_band,upper,0.0,0.195,0.07500000000000001,0.010071114168707896,0.026444053229591587,"{""candidate_id"": ""preferred_00"", ""direction_deg"": 0.0, ""pre_close_object_xy_shift_mm"": 0.0, ""close_object_xy_shift_mm"": 0.133, ""lift_horizontal_drift_mm"": 1.998, ""lift_height_mm"": 145.951, ""target_contact_geoms"": [""link7/geom:18"", ""link8/geom:20"", ""table/table_top""], ""bilateral_finger_contact"": true, ""failure_class"": ""NONE""}",0.0,[],"[{""state"": ""DETECT_SOURCE"", ""success"": true, ""message"": ""selected bottle_0 conf=1.00 base=[ 0.421 -0.024  0.12 ] (0 ROI pts)"", ""reason"": ""OK"", ""duration_ms"": 0.3}, {""state"": ""PLAN_PICK"", ""success"": true, ""message"": ""selected preferred_00 direction=0deg margin=0.134rad"", ""reason"": ""OK"", ""duration_ms"": 457.0}, {""state"": ""EXECUTE_PICK"", ""success"": true, ""message"": ""validated motion plan executed"", ""reason"": ""OK"", ""duration_ms"": 154.6}, {""state"": ""VERIFY_GRASP"", ""success"": true, ""message"": ""object lifted 146 mm"", ""reason"": ""OK"", ""duration_ms"": 0.0}]"
x05-y04-r08,sim_gt,bottle,0.42,-0.025,0.4187425689773792,-0.02461842993005653,169.17095577897072,8,IN_DOMAIN,True,,,,,146.0,612.5,0.2,156.8,0.0,0.0,lateral_band,upper,0.0,0.195,0.07500000000000001,0.010106871484180002,0.026800446701281178,"{""candidate_id"": ""preferred_00"", ""direction_deg"": 0.0, ""pre_close_object_xy_shift_mm"": 0.0, ""close_object_xy_shift_mm"": 0.133, ""lift_horizontal_drift_mm"": 2.444, ""lift_height_mm"": 146.036, ""target_contact_geoms"": [""link7/geom:18"", ""link8/geom:20"", ""table/table_top""], ""bilateral_finger_contact"": true, ""failure_class"": ""NONE""}",0.0,[],"[{""state"": ""DETECT_SOURCE"", ""success"": true, ""message"": ""selected bottle_0 conf=1.00 base=[ 0.419 -0.025  0.12 ] (0 ROI pts)"", ""reason"": ""OK"", ""duration_ms"": 0.2}, {""state"": ""PLAN_PICK"", ""success"": true, ""message"": ""selected preferred_00 direction=0deg margin=0.132rad"", ""reason"": ""OK"", ""duration_ms"": 455.4}, {""state"": ""EXECUTE_PICK"", ""success"": true, ""message"": ""validated motion plan executed"", ""reason"": ""OK"", ""duration_ms"": 156.8}, {""state"": ""VERIFY_GRASP"", ""success"": true, ""message"": ""object lifted 146 mm"", ""reason"": ""OK"", ""duration_ms"": 0.0}]"
x05-y04-r09,sim_gt,bottle,0.42,-0.025,0.4209314911686149,-0.023142089784841852,249.6459139145711,9,IN_DOMAIN,True,,,,,146.0,638.4,0.2,177.2,0.0,0.0,lateral_band,upper,0.0,0.195,0.07500000000000001,0.00984271947107752,0.025176155031539544,"{""candidate_id"": ""preferred_00"", ""direction_deg"": 0.0, ""pre_close_object_xy_shift_mm"": 0.0, ""close_object_xy_shift_mm"": 0.133, ""lift_horizontal_drift_mm"": 2.404, ""lift_height_mm"": 146.038, ""target_contact_geoms"": [""link7/geom:18"", ""link8/geom:20"", ""table/table_top""], ""bilateral_finger_contact"": true, ""failure_class"": ""NONE""}",0.0,[],"[{""state"": ""DETECT_SOURCE"", ""success"": true, ""message"": ""selected bottle_0 conf=1.00 base=[ 0.421 -0.023  0.12 ] (0 ROI pts)"", ""reason"": ""OK"", ""duration_ms"": 0.2}, {""state"": ""PLAN_PICK"", ""success"": true, ""message"": ""selected preferred_00 direction=0deg margin=0.134rad"", ""reason"": ""OK"", ""duration_ms"": 460.9}, {""state"": ""EXECUTE_PICK"", ""success"": true, ""message"": ""validated motion plan executed"", ""reason"": ""OK"", ""duration_ms"": 177.2}, {""state"": ""VERIFY_GRASP"", ""success"": true, ""message"": ""object lifted 146 mm"", ""reason"": ""OK"", ""duration_ms"": 0.0}]"
x05-y04-r10,sim_gt,bottle,0.42,-0.025,0.4216336438273316,-0.026798006632488325,10.304221996068485,10,IN_DOMAIN,True,,,,,146.0,623.6,0.2,153.5,0.0,0.0,lateral_band,upper,0.0,0.195,0.07500000000000001,0.010476426850896916,0.028491419083702268,"{""candidate_id"": ""preferred_00"", ""direction_deg"": 0.0, ""pre_close_object_xy_shift_mm"": 0.0, ""close_object_xy_shift_mm"": 0.133, ""lift_horizontal_drift_mm"": 1.977, ""lift_height_mm"": 145.988, ""target_contact_geoms"": [""link7/geom:18"", ""link8/geom:20"", ""table/table_top""], ""bilateral_finger_contact"": true, ""failure_class"": ""NONE""}",0.0,[],"[{""state"": ""DETECT_SOURCE"", ""success"": true, ""message"": ""selected bottle_0 conf=1.00 base=[ 0.422 -0.027  0.12 ] (0 ROI pts)"", ""reason"": ""OK"", ""duration_ms"": 0.2}, {""state"": ""PLAN_PICK"", ""success"": true, ""message"": ""selected preferred_00 direction=0deg margin=0.134rad"", ""reason"": ""OK"", ""duration_ms"": 469.9}, {""state"": ""EXECUTE_PICK"", ""success"": true, ""message"": ""validated motion plan executed"", ""reason"": ""OK"", ""duration_ms"": 153.5}, {""state"": ""VERIFY_GRASP"", ""success"": true, ""message"": ""object lifted 146 mm"", ""reason"": ""OK"", ""duration_ms"": 0.0}]"
x05-y05-r01,sim_gt,bottle,0.42,0.02,0.4180751922648642,0.019999,24.207336700722735,1,IN_DOMAIN,True,,,,,146.1,633.7,0.2,154.5,0.0,0.0,lateral_band,upper,0.0,0.195,0.07500000000000001,0.00831456348439932,0.02143864665282551,"{""candidate_id"": ""preferred_00"", ""direction_deg"": 0.0, ""pre_close_object_xy_shift_mm"": 0.0, ""close_object_xy_shift_mm"": 0.173, ""lift_horizontal_drift_mm"": 1.931, ""lift_height_mm"": 146.094, ""target_contact_geoms"": [""link7/geom:18"", ""link8/geom:20"", ""table/table_top""], ""bilateral_finger_contact"": true, ""failure_class"": ""NONE""}",0.0,[],"[{""state"": ""DETECT_SOURCE"", ""success"": true, ""message"": ""selected bottle_0 conf=1.00 base=[0.418 0.02  0.12 ] (0 ROI pts)"", ""reason"": ""OK"", ""duration_ms"": 0.2}, {""state"": ""PLAN_PICK"", ""success"": true, ""message"": ""selected preferred_00 direction=0deg margin=0.133rad"", ""reason"": ""OK"", ""duration_ms"": 478.9}, {""state"": ""EXECUTE_PICK"", ""success"": true, ""message"": ""validated motion plan executed"", ""reason"": ""OK"", ""duration_ms"": 154.5}, {""state"": ""VERIFY_GRASP"", ""success"": true, ""message"": ""object lifted 146 mm"", ""reason"": ""OK"", ""duration_ms"": 0.0}]"
x05-y05-r02,sim_gt,bottle,0.42,0.02,0.4178505812549996,0.019999,105.77629296564949,2,IN_DOMAIN,True,,,,,146.1,623.5,0.3,156.9,0.0,0.0,lateral_band,upper,0.0,0.195,0.07500000000000001,0.00831703971900126,0.02146272595141679,"{""candidate_id"": ""preferred_00"", ""direction_deg"": 0.0, ""pre_close_object_xy_shift_mm"": 0.0, ""close_object_xy_shift_mm"": 0.173, ""lift_horizontal_drift_mm"": 1.936, ""lift_height_mm"": 146.095, ""target_contact_geoms"": [""link7/geom:18"", ""link8/geom:20"", ""table/table_top""], ""bilateral_finger_contact"": true, ""failure_class"": ""NONE""}",0.0,[],"[{""state"": ""DETECT_SOURCE"", ""success"": true, ""message"": ""selected bottle_0 conf=1.00 base=[0.418 0.02  0.12 ] (0 ROI pts)"", ""reason"": ""OK"", ""duration_ms"": 0.3}, {""state"": ""PLAN_PICK"", ""success"": true, ""message"": ""selected preferred_00 direction=0deg margin=0.133rad"", ""reason"": ""OK"", ""duration_ms"": 466.2}, {""state"": ""EXECUTE_PICK"", ""success"": true, ""message"": ""validated motion plan executed"", ""reason"": ""OK"", ""duration_ms"": 156.9}, {""state"": ""VERIFY_GRASP"", ""success"": true, ""message"": ""object lifted 146 mm"", ""reason"": ""OK"", ""duration_ms"": 0.0}]"
x05-y05-r03,sim_gt,bottle,0.42,0.02,0.42292822562865273,0.017734753749641195,79.52259635686727,3,IN_DOMAIN,True,,,,,146.0,609.8,0.3,155.1,0.0,0.0,lateral_band,upper,0.0,0.195,0.07500000000000001,0.008001040957805088,0.018748319281357215,"{""candidate_id"": ""preferred_00"", ""direction_deg"": 0.0, ""pre_close_object_xy_shift_mm"": 0.0, ""close_object_xy_shift_mm"": 0.172, ""lift_horizontal_drift_mm"": 1.99, ""lift_height_mm"": 145.99, ""target_contact_geoms"": [""link7/geom:18"", ""link8/geom:20"", ""table/table_top""], ""bilateral_finger_contact"": true, ""failure_class"": ""NONE""}",0.0,[],"[{""state"": ""DETECT_SOURCE"", ""success"": true, ""message"": ""selected bottle_0 conf=1.00 base=[0.423 0.018 0.12 ] (0 ROI pts)"", ""reason"": ""OK"", ""duration_ms"": 0.3}, {""state"": ""PLAN_PICK"", ""success"": true, ""message"": ""selected preferred_00 direction=0deg margin=0.137rad"", ""reason"": ""OK"", ""duration_ms"": 454.4}, {""state"": ""EXECUTE_PICK"", ""success"": true, ""message"": ""validated motion plan executed"", ""reason"": ""OK"", ""duration_ms"": 155.1}, {""state"": ""VERIFY_GRASP"", ""success"": true, ""message"": ""object lifted 146 mm"", ""reason"": ""OK"", ""duration_ms"": 0.0}]"
x05-y05-r04,sim_gt,bottle,0.42,0.02,0.4214014387805669,0.01771541715592596,157.42040992370937,4,IN_DOMAIN,True,,,,,146.1,614.4,0.4,153.7,0.0,0.0,lateral_band,upper,0.0,0.195,0.07500000000000001,0.008013971296121256,0.018868126234036452,"{""candidate_id"": ""preferred_00"", ""direction_deg"": 0.0, ""pre_close_object_xy_shift_mm"": 0.0, ""close_object_xy_shift_mm"": 0.172, ""lift_horizontal_drift_mm"": 1.903, ""lift_height_mm"": 146.094, ""target_contact_geoms"": [""link7/geom:18"", ""link8/geom:20"", ""table/table_top""], ""bilateral_finger_contact"": true, ""failure_class"": ""NONE""}",0.0,[],"[{""state"": ""DETECT_SOURCE"", ""success"": true, ""message"": ""selected bottle_0 conf=1.00 base=[0.421 0.018 0.12 ] (0 ROI pts)"", ""reason"": ""OK"", ""duration_ms"": 0.4}, {""state"": ""PLAN_PICK"", ""success"": true, ""message"": ""selected preferred_00 direction=0deg margin=0.136rad"", ""reason"": ""OK"", ""duration_ms"": 460.2}, {""state"": ""EXECUTE_PICK"", ""success"": true, ""message"": ""validated motion plan executed"", ""reason"": ""OK"", ""duration_ms"": 153.7}, {""state"": ""VERIFY_GRASP"", ""success"": true, ""message"": ""object lifted 146 mm"", ""reason"": ""OK"", ""duration_ms"": 0.0}]"
x05-y05-r05,sim_gt,bottle,0.42,0.02,0.42294904519060705,0.01954396334367934,24.015293377200628,5,IN_DOMAIN,True,,,,,146.0,615.3,0.2,155.8,0.0,0.0,lateral_band,upper,0.0,0.195,0.07500000000000001,0.00820676366793146,0.020499178114455206,"{""candidate_id"": ""preferred_00"", ""direction_deg"": 0.0, ""pre_close_object_xy_shift_mm"": 0.0, ""close_object_xy_shift_mm"": 0.172, ""lift_horizontal_drift_mm"": 2.027, ""lift_height_mm"": 145.989, ""target_contact_geoms"": [""link7/geom:18"", ""link8/geom:20"", ""table/table_top""], ""bilateral_finger_contact"": true, ""failure_class"": ""NONE""}",0.0,[],"[{""state"": ""DETECT_SOURCE"", ""success"": true, ""message"": ""selected bottle_0 conf=1.00 base=[0.423 0.02  0.12 ] (0 ROI pts)"", ""reason"": ""OK"", ""duration_ms"": 0.2}, {""state"": ""PLAN_PICK"", ""success"": true, ""message"": ""selected preferred_00 direction=0deg margin=0.137rad"", ""reason"": ""OK"", ""duration_ms"": 459.3}, {""state"": ""EXECUTE_PICK"", ""success"": true, ""message"": ""validated motion plan executed"", ""reason"": ""OK"", ""duration_ms"": 155.8}, {""state"": ""VERIFY_GRASP"", ""success"": true, ""message"": ""object lifted 146 mm"", ""reason"": ""OK"", ""duration_ms"": 0.0}]"
x05-y05-r06,sim_gt,bottle,0.42,0.02,0.4177502254417967,0.019999,5.248645144760942,6,IN_DOMAIN,True,,,,,146.1,609.2,0.2,155.4,0.0,0.0,lateral_band,upper,0.0,0.195,0.07500000000000001,0.008318139794786024,0.02147345671889224,"{""candidate_id"": ""preferred_00"", ""direction_deg"": 0.0, ""pre_close_object_xy_shift_mm"": 0.0, ""close_object_xy_shift_mm"": 0.173, ""lift_horizontal_drift_mm"": 1.935, ""lift_height_mm"": 146.095, ""target_contact_geoms"": [""link7/geom:18"", ""link8/geom:20"", ""table/table_top""], ""bilateral_finger_contact"": true, ""failure_class"": ""NONE""}",0.0,[],"[{""state"": ""DETECT_SOURCE"", ""success"": true, ""message"": ""selected bottle_0 conf=1.00 base=[0.418 0.02  0.12 ] (0 ROI pts)"", ""reason"": ""OK"", ""duration_ms"": 0.2}, {""state"": ""PLAN_PICK"", ""success"": true, ""message"": ""selected preferred_00 direction=0deg margin=0.133rad"", ""reason"": ""OK"", ""duration_ms"": 453.5}, {""state"": ""EXECUTE_PICK"", ""success"": true, ""message"": ""validated motion plan executed"", ""reason"": ""OK"", ""duration_ms"": 155.4}, {""state"": ""VERIFY_GRASP"", ""success"": true, ""message"": ""object lifted 146 mm"", ""reason"": ""OK"", ""duration_ms"": 0.0}]"
x05-y05-r07,sim_gt,bottle,0.42,0.02,0.4204306504777117,0.019999,312.63528810570557,7,IN_DOMAIN,True,,,,,146.1,612.4,0.2,153.2,0.0,0.0,lateral_band,upper,0.0,0.195,0.07500000000000001,0.008288758626482005,0.02119107218730548,"{""candidate_id"": ""preferred_00"", ""direction_deg"": 0.0, ""pre_close_object_xy_shift_mm"": 0.0, ""close_object_xy_shift_mm"": 0.172, ""lift_horizontal_drift_mm"": 1.924, ""lift_height_mm"": 146.098, ""target_contact_geoms"": [""link7/geom:18"", ""link8/geom:20"", ""table/table_top""], ""bilateral_finger_contact"": true, ""failure_class"": ""NONE""}",0.0,[],"[{""state"": ""DETECT_SOURCE"", ""success"": true, ""message"": ""selected bottle_0 conf=1.00 base=[0.42 0.02 0.12] (0 ROI pts)"", ""reason"": ""OK"", ""duration_ms"": 0.2}, {""state"": ""PLAN_PICK"", ""success"": true, ""message"": ""selected preferred_00 direction=0deg margin=0.135rad"", ""reason"": ""OK"", ""duration_ms"": 459.0}, {""state"": ""EXECUTE_PICK"", ""success"": true, ""message"": ""validated motion plan executed"", ""reason"": ""OK"", ""duration_ms"": 153.2}, {""state"": ""VERIFY_GRASP"", ""success"": true, ""message"": ""object lifted 146 mm"", ""reason"": ""OK"", ""duration_ms"": 0.0}]"
x05-y05-r08,sim_gt,bottle,0.42,0.02,0.42055355670405625,0.018079048111083823,192.39808026882346,8,IN_DOMAIN,True,,,,,146.1,603.4,0.2,155.7,0.0,0.0,lateral_band,upper,0.0,0.195,0.07500000000000001,0.008062496438931253,0.0193043628316793,"{""candidate_id"": ""preferred_00"", ""direction_deg"": 0.0, ""pre_close_object_xy_shift_mm"": 0.0, ""close_object_xy_shift_mm"": 0.173, ""lift_horizontal_drift_mm"": 1.902, ""lift_height_mm"": 146.096, ""target_contact_geoms"": [""link7/geom:18"", ""link8/geom:20"", ""table/table_top""], ""bilateral_finger_contact"": true, ""failure_class"": ""NONE""}",0.0,[],"[{""state"": ""DETECT_SOURCE"", ""success"": true, ""message"": ""selected bottle_0 conf=1.00 base=[0.421 0.018 0.12 ] (0 ROI pts)"", ""reason"": ""OK"", ""duration_ms"": 0.2}, {""state"": ""PLAN_PICK"", ""success"": true, ""message"": ""selected preferred_00 direction=0deg margin=0.136rad"", ""reason"": ""OK"", ""duration_ms"": 447.5}, {""state"": ""EXECUTE_PICK"", ""success"": true, ""message"": ""validated motion plan executed"", ""reason"": ""OK"", ""duration_ms"": 155.7}, {""state"": ""VERIFY_GRASP"", ""success"": true, ""message"": ""object lifted 146 mm"", ""reason"": ""OK"", ""duration_ms"": 0.0}]"
x05-y05-r09,sim_gt,bottle,0.42,0.02,0.41999770512555723,0.019999,91.57324759395829,9,IN_DOMAIN,True,,,,,146.1,626.7,0.3,157.2,0.0,0.0,lateral_band,upper,0.0,0.195,0.07500000000000001,0.008293470753941256,0.02123583467712124,"{""candidate_id"": ""preferred_00"", ""direction_deg"": 0.0, ""pre_close_object_xy_shift_mm"": 0.0, ""close_object_xy_shift_mm"": 0.172, ""lift_horizontal_drift_mm"": 1.928, ""lift_height_mm"": 146.105, ""target_contact_geoms"": [""link7/geom:18"", ""link8/geom:20"", ""table/table_top""], ""bilateral_finger_contact"": true, ""failure_class"": ""NONE""}",0.0,[],"[{""state"": ""DETECT_SOURCE"", ""success"": true, ""message"": ""selected bottle_0 conf=1.00 base=[0.42 0.02 0.12] (0 ROI pts)"", ""reason"": ""OK"", ""duration_ms"": 0.3}, {""state"": ""PLAN_PICK"", ""success"": true, ""message"": ""selected preferred_00 direction=0deg margin=0.135rad"", ""reason"": ""OK"", ""duration_ms"": 469.2}, {""state"": ""EXECUTE_PICK"", ""success"": true, ""message"": ""validated motion plan executed"", ""reason"": ""OK"", ""duration_ms"": 157.2}, {""state"": ""VERIFY_GRASP"", ""success"": true, ""message"": ""object lifted 146 mm"", ""reason"": ""OK"", ""duration_ms"": 0.0}]"
x05-y05-r10,sim_gt,bottle,0.42,0.02,0.41929625970562956,0.019999,261.00966162199234,10,IN_DOMAIN,True,,,,,146.1,626.6,0.2,156.7,0.0,0.0,lateral_band,upper,0.0,0.195,0.07500000000000001,0.008301141009391975,0.021309117736629135,"{""candidate_id"": ""preferred_00"", ""direction_deg"": 0.0, ""pre_close_object_xy_shift_mm"": 0.0, ""close_object_xy_shift_mm"": 0.172, ""lift_horizontal_drift_mm"": 1.928, ""lift_height_mm"": 146.099, ""target_contact_geoms"": [""link7/geom:18"", ""link8/geom:20"", ""table/table_top""], ""bilateral_finger_contact"": true, ""failure_class"": ""NONE""}",0.0,[],"[{""state"": ""DETECT_SOURCE"", ""success"": true, ""message"": ""selected bottle_0 conf=1.00 base=[0.419 0.02  0.12 ] (0 ROI pts)"", ""reason"": ""OK"", ""duration_ms"": 0.2}, {""state"": ""PLAN_PICK"", ""success"": true, ""message"": ""selected preferred_00 direction=0deg margin=0.134rad"", ""reason"": ""OK"", ""duration_ms"": 469.7}, {""state"": ""EXECUTE_PICK"", ""success"": true, ""message"": ""validated motion plan executed"", ""reason"": ""OK"", ""duration_ms"": 156.7}, {""state"": ""VERIFY_GRASP"", ""success"": true, ""message"": ""object lifted 146 mm"", ""reason"": ""OK"", ""duration_ms"": 0.0}]"
x01-y01-r01,yolo,bottle,0.34,-0.16,0.33824141151488657,-0.15728237072390178,4.111608734819305,1,IN_DOMAIN,False,DETECT_SOURCE,STATE_FAILED,DETECT_SOURCE,STATE_FAILED,,490.4,490.4,0,,,,,,,,,,null,0.0,[],"[{""state"": ""DETECT_SOURCE"", ""success"": false, ""message"": ""no 'bottle' detected (saw 0 objects)"", ""reason"": ""STATE_FAILED"", ""duration_ms"": 490.4}]"
x01-y01-r02,yolo,bottle,0.34,-0.16,0.33739610309197837,-0.16178130354872636,189.86414537109192,2,IN_DOMAIN,False,DETECT_SOURCE,STATE_FAILED,DETECT_SOURCE,STATE_FAILED,,382.6,382.6,0,,,,,,,,,,null,0.0,[],"[{""state"": ""DETECT_SOURCE"", ""success"": false, ""message"": ""no 'bottle' detected (saw 0 objects)"", ""reason"": ""STATE_FAILED"", ""duration_ms"": 382.6}]"
x01-y01-r03,yolo,bottle,0.34,-0.16,0.3397865534450228,-0.16165642913489234,349.18944390241234,3,IN_DOMAIN,False,DETECT_SOURCE,STATE_FAILED,DETECT_SOURCE,STATE_FAILED,,358.7,358.7,0,,,,,,,,,,null,0.0,[],"[{""state"": ""DETECT_SOURCE"", ""success"": false, ""message"": ""no 'bottle' detected (saw 0 objects)"", ""reason"": ""STATE_FAILED"", ""duration_ms"": 358.7}]"
x01-y01-r04,yolo,bottle,0.34,-0.16,0.34144152298697783,-0.16019848739920745,27.274175479034163,4,IN_DOMAIN,False,DETECT_SOURCE,STATE_FAILED,DETECT_SOURCE,STATE_FAILED,,352.1,352.1,0,,,,,,,,,,null,0.0,[],"[{""state"": ""DETECT_SOURCE"", ""success"": false, ""message"": ""no 'bottle' detected (saw 0 objects)"", ""reason"": ""STATE_FAILED"", ""duration_ms"": 352.1}]"
x01-y01-r05,yolo,bottle,0.34,-0.16,0.3387653988194774,-0.15720531464294457,326.6471883148692,5,IN_DOMAIN,False,DETECT_SOURCE,STATE_FAILED,DETECT_SOURCE,STATE_FAILED,,349.4,349.4,0,,,,,,,,,,null,0.0,[],"[{""state"": ""DETECT_SOURCE"", ""success"": false, ""message"": ""no 'bottle' detected (saw 0 objects)"", ""reason"": ""STATE_FAILED"", ""duration_ms"": 349.4}]"
x01-y01-r06,yolo,bottle,0.34,-0.16,0.3376777758901276,-0.15983216180061274,102.89490586075706,6,IN_DOMAIN,False,DETECT_SOURCE,STATE_FAILED,DETECT_SOURCE,STATE_FAILED,,353.3,353.3,0,,,,,,,,,,null,0.0,[],"[{""state"": ""DETECT_SOURCE"", ""success"": false, ""message"": ""no 'bottle' detected (saw 0 objects)"", ""reason"": ""STATE_FAILED"", ""duration_ms"": 353.3}]"
x01-y01-r07,yolo,bottle,0.34,-0.16,0.3407241336901525,-0.16038616790210797,8.110540862640928,7,IN_DOMAIN,False,DETECT_SOURCE,STATE_FAILED,DETECT_SOURCE,STATE_FAILED,,358.5,358.5,0,,,,,,,,,,null,0.0,[],"[{""state"": ""DETECT_SOURCE"", ""success"": false, ""message"": ""no 'bottle' detected (saw 0 objects)"", ""reason"": ""STATE_FAILED"", ""duration_ms"": 358.5}]"
x01-y01-r08,yolo,bottle,0.34,-0.16,0.33846166308888037,-0.16238273711067774,305.7153261362112,8,IN_DOMAIN,False,DETECT_SOURCE,STATE_FAILED,DETECT_SOURCE,STATE_FAILED,,402.0,402.0,0,,,,,,,,,,null,0.0,[],"[{""state"": ""DETECT_SOURCE"", ""success"": false, ""message"": ""no 'bottle' detected (saw 0 objects)"", ""reason"": ""STATE_FAILED"", ""duration_ms"": 402.0}]"
x01-y01-r09,yolo,bottle,0.34,-0.16,0.3409484608362998,-0.16238580641812797,267.17933328259494,9,IN_DOMAIN,False,DETECT_SOURCE,STATE_FAILED,DETECT_SOURCE,STATE_FAILED,,379.4,379.4,0,,,,,,,,,,null,0.0,[],"[{""state"": ""DETECT_SOURCE"", ""success"": false, ""message"": ""no 'bottle' detected (saw 0 objects)"", ""reason"": ""STATE_FAILED"", ""duration_ms"": 379.4}]"
x01-y01-r10,yolo,bottle,0.34,-0.16,0.34216127194941903,-0.16108734801639327,259.1876258561144,10,IN_DOMAIN,True,,,,,145.3,1066.2,567.4,152.2,41.6,320.7431368269197,lateral_band,lower,335.7431368269197,0.195,0.07500000000000001,0.03027879183352884,0.07253412408572034,"{""candidate_id"": ""preferred_00"", ""direction_deg"": 320.7431368269197, ""pre_close_object_xy_shift_mm"": 0.0, ""close_object_xy_shift_mm"": 0.6, ""lift_horizontal_drift_mm"": 6.921, ""lift_height_mm"": 145.273, ""target_contact_geoms"": [""link7/geom:18"", ""link8/geom:20"", ""table/table_top""], ""bilateral_finger_contact"": true, ""failure_class"": ""NONE""}",0.0,[],"[{""state"": ""DETECT_SOURCE"", ""success"": true, ""message"": ""selected bottle_0 conf=0.60 base=[ 0.346 -0.156  0.161] (1537 ROI pts)"", ""reason"": ""OK"", ""duration_ms"": 567.4}, {""state"": ""PLAN_PICK"", ""success"": true, ""message"": ""selected preferred_00 direction=321deg margin=0.008rad"", ""reason"": ""OK"", ""duration_ms"": 346.5}, {""state"": ""EXECUTE_PICK"", ""success"": true, ""message"": ""validated motion plan executed"", ""reason"": ""OK"", ""duration_ms"": 152.2}, {""state"": ""VERIFY_GRASP"", ""success"": true, ""message"": ""object lifted 145 mm"", ""reason"": ""OK"", ""duration_ms"": 0.0}]"
x01-y02-r01,yolo,bottle,0.34,-0.115,0.33941085659356507,-0.11755174086998177,226.44294951732886,1,IN_DOMAIN,True,,,,,146.4,1030.8,465.9,156.6,50.3,325.78329774304217,lateral_band,lower,340.78329774304217,0.195,0.07500000000000001,0.9312964029112467,0.07464898055070945,"{""candidate_id"": ""preferred_00"", ""direction_deg"": 325.78329774304217, ""pre_close_object_xy_shift_mm"": 0.0, ""close_object_xy_shift_mm"": 0.158, ""lift_horizontal_drift_mm"": 1.347, ""lift_height_mm"": 146.4, ""target_contact_geoms"": [""link7/geom:18"", ""link8/geom:20"", ""table/table_top""], ""bilateral_finger_contact"": true, ""failure_class"": ""NONE""}",0.0,[],"[{""state"": ""DETECT_SOURCE"", ""success"": true, ""message"": ""selected bottle_0 conf=0.81 base=[ 0.341 -0.119  0.17 ] (2065 ROI pts)"", ""reason"": ""OK"", ""duration_ms"": 465.9}, {""state"": ""PLAN_PICK"", ""success"": true, ""message"": ""selected preferred_00 direction=326deg margin=0.000rad"", ""reason"": ""OK"", ""duration_ms"": 408.2}, {""state"": ""EXECUTE_PICK"", ""success"": true, ""message"": ""validated motion plan executed"", ""reason"": ""OK"", ""duration_ms"": 156.6}, {""state"": ""VERIFY_GRASP"", ""success"": true, ""message"": ""object lifted 146 mm"", ""reason"": ""OK"", ""duration_ms"": 0.0}]"
x01-y02-r02,yolo,bottle,0.34,-0.115,0.3401296851477501,-0.11368211659670989,203.42479740104406,2,IN_DOMAIN,True,,,,,146.0,964.6,469.3,151.5,54.0,326.45511974830356,lateral_band,lower,341.45511974830356,0.195,0.07500000000000001,0.8003280455622451,0.07537981625386293,"{""candidate_id"": ""preferred_00"", ""direction_deg"": 326.45511974830356, ""pre_close_object_xy_shift_mm"": 0.0, ""close_object_xy_shift_mm"": 0.088, ""lift_horizontal_drift_mm"": 0.267, ""lift_height_mm"": 146.018, ""target_contact_geoms"": [""link7/geom:18"", ""link8/geom:20"", ""table/table_top""], ""bilateral_finger_contact"": true, ""failure_class"": ""NONE""}",0.0,[],"[{""state"": ""DETECT_SOURCE"", ""success"": true, ""message"": ""selected bottle_0 conf=0.71 base=[ 0.337 -0.113  0.174] (1829 ROI pts)"", ""reason"": ""OK"", ""duration_ms"": 469.3}, {""state"": ""PLAN_PICK"", ""success"": true, ""message"": ""selected preferred_00 direction=326deg margin=0.000rad"", ""reason"": ""OK"", ""duration_ms"": 343.7}, {""state"": ""EXECUTE_PICK"", ""success"": true, ""message"": ""validated motion plan executed"", ""reason"": ""OK"", ""duration_ms"": 151.5}, {""state"": ""VERIFY_GRASP"", ""success"": true, ""message"": ""object lifted 146 mm"", ""reason"": ""OK"", ""duration_ms"": 0.0}]"
x01-y02-r03,yolo,bottle,0.34,-0.115,0.3392022261520067,-0.11206634065635405,21.60940299835029,3,IN_DOMAIN,True,,,,,146.2,1086.1,581.6,151.5,54.9,326.7374563127594,lateral_band,lower,341.7374563127594,0.195,0.07500000000000001,0.8372380803233478,0.07568635153355731,"{""candidate_id"": ""preferred_00"", ""direction_deg"": 326.7374563127594, ""pre_close_object_xy_shift_mm"": 0.0, ""close_object_xy_shift_mm"": 0.026, ""lift_horizontal_drift_mm"": 0.958, ""lift_height_mm"": 146.205, ""target_contact_geoms"": [""link7/geom:18"", ""link8/geom:20"", ""table/table_top""], ""bilateral_finger_contact"": true, ""failure_class"": ""NONE""}",0.0,[],"[{""state"": ""DETECT_SOURCE"", ""success"": true, ""message"": ""selected bottle_0 conf=0.43 base=[ 0.335 -0.111  0.175] (1770 ROI pts)"", ""reason"": ""OK"", ""duration_ms"": 581.6}, {""state"": ""PLAN_PICK"", ""success"": true, ""message"": ""selected preferred_00 direction=327deg margin=0.000rad"", ""reason"": ""OK"", ""duration_ms"": 353.0}, {""state"": ""EXECUTE_PICK"", ""success"": true, ""message"": ""validated motion plan executed"", ""reason"": ""OK"", ""duration_ms"": 151.5}, {""state"": ""VERIFY_GRASP"", ""success"": true, ""message"": ""object lifted 146 mm"", ""reason"": ""OK"", ""duration_ms"": 0.0}]"
x01-y02-r04,yolo,bottle,0.34,-0.115,0.3370196243315432,-0.11461180933760177,142.2939190205061,4,IN_DOMAIN,True,,,,,146.6,1152.6,589.2,157.1,53.6,326.1658223790433,lateral_band,lower,341.1658223790433,0.195,0.07500000000000001,0.9912914016841534,0.07504414420385755,"{""candidate_id"": ""preferred_00"", ""direction_deg"": 326.1658223790433, ""pre_close_object_xy_shift_mm"": 0.0, ""close_object_xy_shift_mm"": 0.239, ""lift_horizontal_drift_mm"": 1.065, ""lift_height_mm"": 146.551, ""target_contact_geoms"": [""link7/geom:18"", ""link8/geom:20"", ""table/table_top""], ""bilateral_finger_contact"": true, ""failure_class"": ""NONE""}",0.0,[],"[{""state"": ""DETECT_SOURCE"", ""success"": true, ""message"": ""selected bottle_0 conf=0.90 base=[ 0.339 -0.116  0.173] (2052 ROI pts)"", ""reason"": ""OK"", ""duration_ms"": 589.2}, {""state"": ""PLAN_PICK"", ""success"": true, ""message"": ""selected preferred_00 direction=326deg margin=0.000rad"", ""reason"": ""OK"", ""duration_ms"": 406.2}, {""state"": ""EXECUTE_PICK"", ""success"": true, ""message"": ""validated motion plan executed"", ""reason"": ""OK"", ""duration_ms"": 157.1}, {""state"": ""VERIFY_GRASP"", ""success"": true, ""message"": ""object lifted 147 mm"", ""reason"": ""OK"", ""duration_ms"": 0.0}]"
x01-y02-r05,yolo,bottle,0.34,-0.115,0.33721789872975017,-0.11683406058161305,17.94151098549255,5,IN_DOMAIN,False,DETECT_SOURCE,STATE_FAILED,DETECT_SOURCE,STATE_FAILED,,357.7,357.7,0,,,,,,,,,,null,0.0,[],"[{""state"": ""DETECT_SOURCE"", ""success"": false, ""message"": ""no 'bottle' detected (saw 0 objects)"", ""reason"": ""STATE_FAILED"", ""duration_ms"": 357.7}]"
x01-y02-r06,yolo,bottle,0.34,-0.115,0.3413442272041767,-0.11766507680028478,94.43181710133352,6,IN_DOMAIN,True,,,,,146.4,1151.5,582.3,164.5,49.9,325.9003755506256,lateral_band,lower,340.9003755506256,0.195,0.07500000000000001,0.8243037712688551,0.07404779991745,"{""candidate_id"": ""preferred_00"", ""direction_deg"": 325.9003755506256, ""pre_close_object_xy_shift_mm"": 0.0, ""close_object_xy_shift_mm"": 0.372, ""lift_horizontal_drift_mm"": 1.711, ""lift_height_mm"": 146.388, ""target_contact_geoms"": [""link7/geom:18"", ""link8/geom:20"", ""table/table_top""], ""bilateral_finger_contact"": true, ""failure_class"": ""NONE""}",0.0,[],"[{""state"": ""DETECT_SOURCE"", ""success"": true, ""message"": ""selected bottle_0 conf=0.91 base=[ 0.346 -0.12   0.17 ] (2166 ROI pts)"", ""reason"": ""OK"", ""duration_ms"": 582.3}, {""state"": ""PLAN_PICK"", ""success"": true, ""message"": ""selected preferred_00 direction=326deg margin=0.000rad"", ""reason"": ""OK"", ""duration_ms"": 404.7}, {""state"": ""EXECUTE_PICK"", ""success"": true, ""message"": ""validated motion plan executed"", ""reason"": ""OK"", ""duration_ms"": 164.5}, {""state"": ""VERIFY_GRASP"", ""success"": true, ""message"": ""object lifted 146 mm"", ""reason"": ""OK"", ""duration_ms"": 0.0}]"
x01-y02-r07,yolo,bottle,0.34,-0.115,0.3387077609740365,-0.11418053238480987,164.41506473056944,7,IN_DOMAIN,True,,,,,146.1,1015.7,472.6,155.2,48.7,327.0396698645132,lateral_band,lower,342.0396698645132,0.195,0.07500000000000001,0.950901690392679,0.07657093584789228,"{""candidate_id"": ""preferred_00"", ""direction_deg"": 327.0396698645132, ""pre_close_object_xy_shift_mm"": 0.0, ""close_object_xy_shift_mm"": 0.36, ""lift_horizontal_drift_mm"": 1.937, ""lift_height_mm"": 146.145, ""target_contact_geoms"": [""link7/geom:18"", ""link8/geom:20"", ""table/table_top""], ""bilateral_finger_contact"": true, ""failure_class"": ""NONE""}",0.0,[],"[{""state"": ""DETECT_SOURCE"", ""success"": true, ""message"": ""selected bottle_0 conf=0.72 base=[ 0.33  -0.107  0.167] (1288 ROI pts)"", ""reason"": ""OK"", ""duration_ms"": 472.6}, {""state"": ""PLAN_PICK"", ""success"": true, ""message"": ""selected preferred_00 direction=327deg margin=0.000rad"", ""reason"": ""OK"", ""duration_ms"": 387.9}, {""state"": ""EXECUTE_PICK"", ""success"": true, ""message"": ""validated motion plan executed"", ""reason"": ""OK"", ""duration_ms"": 155.2}, {""state"": ""VERIFY_GRASP"", ""success"": true, ""message"": ""object lifted 146 mm"", ""reason"": ""OK"", ""duration_ms"": 0.0}]"
x01-y02-r08,yolo,bottle,0.34,-0.115,0.34045874349240074,-0.11615422198471197,8.132081426489508,8,IN_DOMAIN,True,,,,,146.3,998.2,465.4,154.7,47.9,326.7606259124881,lateral_band,lower,341.7606259124881,0.195,0.07500000000000001,0.9272567869843098,0.07639656534221216,"{""candidate_id"": ""preferred_00"", ""direction_deg"": 326.7606259124881, ""pre_close_object_xy_shift_mm"": 0.0, ""close_object_xy_shift_mm"": 0.307, ""lift_horizontal_drift_mm"": 1.262, ""lift_height_mm"": 146.306, ""target_contact_geoms"": [""link7/geom:18"", ""link8/geom:20"", ""table/table_top""], ""bilateral_finger_contact"": true, ""failure_class"": ""NONE""}",0.0,[],"[{""state"": ""DETECT_SOURCE"", ""success"": true, ""message"": ""selected bottle_0 conf=0.39 base=[ 0.33  -0.109  0.166] (1197 ROI pts)"", ""reason"": ""OK"", ""duration_ms"": 465.4}, {""state"": ""PLAN_PICK"", ""success"": true, ""message"": ""selected preferred_00 direction=327deg margin=0.000rad"", ""reason"": ""OK"", ""duration_ms"": 378.2}, {""state"": ""EXECUTE_PICK"", ""success"": true, ""message"": ""validated motion plan executed"", ""reason"": ""OK"", ""duration_ms"": 154.7}, {""state"": ""VERIFY_GRASP"", ""success"": true, ""message"": ""object lifted 146 mm"", ""reason"": ""OK"", ""duration_ms"": 0.0}]"
x01-y02-r09,yolo,bottle,0.34,-0.115,0.34138823256227085,-0.11217389635171363,26.097008124738306,9,IN_DOMAIN,True,,,,,146.1,1102.5,599.7,151.6,54.1,326.80083867364976,lateral_band,lower,341.80083867364976,0.195,0.07500000000000001,0.7937995344230275,0.07532411882212416,"{""candidate_id"": ""preferred_00"", ""direction_deg"": 326.80083867364976, ""pre_close_object_xy_shift_mm"": 0.0, ""close_object_xy_shift_mm"": 0.026, ""lift_horizontal_drift_mm"": 0.623, ""lift_height_mm"": 146.076, ""target_contact_geoms"": [""link7/geom:18"", ""link8/geom:20"", ""table/table_top""], ""bilateral_finger_contact"": true, ""failure_class"": ""NONE""}",0.0,[],"[{""state"": ""DETECT_SOURCE"", ""success"": true, ""message"": ""selected bottle_0 conf=0.70 base=[ 0.338 -0.111  0.174] (1770 ROI pts)"", ""reason"": ""OK"", ""duration_ms"": 599.7}, {""state"": ""PLAN_PICK"", ""success"": true, ""message"": ""selected preferred_00 direction=327deg margin=0.000rad"", ""reason"": ""OK"", ""duration_ms"": 351.2}, {""state"": ""EXECUTE_PICK"", ""success"": true, ""message"": ""validated motion plan executed"", ""reason"": ""OK"", ""duration_ms"": 151.6}, {""state"": ""VERIFY_GRASP"", ""success"": true, ""message"": ""object lifted 146 mm"", ""reason"": ""OK"", ""duration_ms"": 0.0}]"
x01-y02-r10,yolo,bottle,0.34,-0.115,0.3370455020756938,-0.11445403918291694,245.94846822341995,10,IN_DOMAIN,True,,,,,146.1,1061.3,494.7,157.3,49.3,326.13651707065145,lateral_band,lower,341.13651707065145,0.195,0.07500000000000001,0.9416880849221512,0.07471687854351064,"{""candidate_id"": ""preferred_00"", ""direction_deg"": 326.13651707065145, ""pre_close_object_xy_shift_mm"": 0.0, ""close_object_xy_shift_mm"": 0.326, ""lift_horizontal_drift_mm"": 1.778, ""lift_height_mm"": 146.15, ""target_contact_geoms"": [""link7/geom:18"", ""link8/geom:20"", ""table/table_top""], ""bilateral_finger_contact"": true, ""failure_class"": ""NONE""}",0.0,[],"[{""state"": ""DETECT_SOURCE"", ""success"": true, ""message"": ""selected bottle_0 conf=0.93 base=[ 0.341 -0.117  0.169] (2242 ROI pts)"", ""reason"": ""OK"", ""duration_ms"": 494.7}, {""state"": ""PLAN_PICK"", ""success"": true, ""message"": ""selected preferred_00 direction=326deg margin=0.000rad"", ""reason"": ""OK"", ""duration_ms"": 409.3}, {""state"": ""EXECUTE_PICK"", ""success"": true, ""message"": ""validated motion plan executed"", ""reason"": ""OK"", ""duration_ms"": 157.3}, {""state"": ""VERIFY_GRASP"", ""success"": true, ""message"": ""object lifted 146 mm"", ""reason"": ""OK"", ""duration_ms"": 0.0}]"
x01-y03-r01,yolo,bottle,0.34,-0.07,0.34244740461660017,-0.06762295803255006,252.91004301784145,1,IN_DOMAIN,True,,,,,146.1,1244.3,619.0,161.3,49.2,0.0,lateral_band,upper,0.0,0.195,0.07500000000000001,0.0286788603154944,0.07158083041195222,"{""candidate_id"": ""preferred_00"", ""direction_deg"": 0.0, ""pre_close_object_xy_shift_mm"": 0.0, ""close_object_xy_shift_mm"": 0.268, ""lift_horizontal_drift_mm"": 1.516, ""lift_height_mm"": 146.119, ""target_contact_geoms"": [""link7/geom:18"", ""link8/geom:20"", ""table/table_top""], ""bilateral_finger_contact"": true, ""failure_class"": ""NONE""}",0.0,[],"[{""state"": ""DETECT_SOURCE"", ""success"": true, ""message"": ""selected bottle_0 conf=0.91 base=[ 0.346 -0.069  0.169] (1960 ROI pts)"", ""reason"": ""OK"", ""duration_ms"": 619.0}, {""state"": ""PLAN_PICK"", ""success"": true, ""message"": ""selected preferred_00 direction=0deg margin=0.031rad"", ""reason"": ""OK"", ""duration_ms"": 464.0}, {""state"": ""EXECUTE_PICK"", ""success"": true, ""message"": ""validated motion plan executed"", ""reason"": ""OK"", ""duration_ms"": 161.3}, {""state"": ""VERIFY_GRASP"", ""success"": true, ""message"": ""object lifted 146 mm"", ""reason"": ""OK"", ""duration_ms"": 0.0}]"
x01-y03-r02,yolo,bottle,0.34,-0.07,0.33854473671893215,-0.07232900728903902,75.8519265957209,2,IN_DOMAIN,True,,,,,145.9,1230.5,591.9,158.1,48.6,0.0,lateral_band,upper,0.0,0.195,0.07500000000000001,0.03043854506847021,0.07355652388176163,"{""candidate_id"": ""preferred_00"", ""direction_deg"": 0.0, ""pre_close_object_xy_shift_mm"": 0.0, ""close_object_xy_shift_mm"": 0.239, ""lift_horizontal_drift_mm"": 1.085, ""lift_height_mm"": 145.891, ""target_contact_geoms"": [""link7/geom:18"", ""link8/geom:20"", ""table/table_top""], ""bilateral_finger_contact"": true, ""failure_class"": ""NONE""}",0.0,[],"[{""state"": ""DETECT_SOURCE"", ""success"": true, ""message"": ""selected bottle_0 conf=0.91 base=[ 0.342 -0.074  0.168] (2052 ROI pts)"", ""reason"": ""OK"", ""duration_ms"": 591.9}, {""state"": ""PLAN_PICK"", ""success"": true, ""message"": ""selected preferred_00 direction=0deg margin=0.016rad"", ""reason"": ""OK"", ""duration_ms"": 480.4}, {""state"": ""EXECUTE_PICK"", ""success"": true, ""message"": ""validated motion plan executed"", ""reason"": ""OK"", ""duration_ms"": 158.1}, {""state"": ""VERIFY_GRASP"", ""success"": true, ""message"": ""object lifted 146 mm"", ""reason"": ""OK"", ""duration_ms"": 0.0}]"
x01-y03-r03,yolo,bottle,0.34,-0.07,0.3374000586180614,-0.07044531067008047,309.3512267940064,3,IN_DOMAIN,True,,,,,146.1,1219.9,586.0,159.8,52.9,0.0,lateral_band,upper,0.0,0.195,0.07500000000000001,0.030199705966054632,0.07329548042782523,"{""candidate_id"": ""preferred_00"", ""direction_deg"": 0.0, ""pre_close_object_xy_shift_mm"": 0.0, ""close_object_xy_shift_mm"": 0.179, ""lift_horizontal_drift_mm"": 0.966, ""lift_height_mm"": 146.118, ""target_contact_geoms"": [""link7/geom:18"", ""link8/geom:20"", ""table/table_top""], ""bilateral_finger_contact"": true, ""failure_class"": ""NONE""}",0.0,[],"[{""state"": ""DETECT_SOURCE"", ""success"": true, ""message"": ""selected bottle_0 conf=0.90 base=[ 0.341 -0.072  0.173] (1904 ROI pts)"", ""reason"": ""OK"", ""duration_ms"": 586.0}, {""state"": ""PLAN_PICK"", ""success"": true, ""message"": ""selected preferred_00 direction=0deg margin=0.019rad"", ""reason"": ""OK"", ""duration_ms"": 474.1}, {""state"": ""EXECUTE_PICK"", ""success"": true, ""message"": ""validated motion plan executed"", ""reason"": ""OK"", ""duration_ms"": 159.8}, {""state"": ""VERIFY_GRASP"", ""success"": true, ""message"": ""object lifted 146 mm"", ""reason"": ""OK"", ""duration_ms"": 0.0}]"
x01-y03-r04,yolo,bottle,0.34,-0.07,0.3423917381680545,-0.07087828774499977,83.75606734826962,4,IN_DOMAIN,True,,,,,146.0,1206.2,594.8,159.4,49.5,0.0,lateral_band,upper,0.0,0.195,0.07500000000000001,0.02930381480269723,0.07230301239843877,"{""candidate_id"": ""preferred_00"", ""direction_deg"": 0.0, ""pre_close_object_xy_shift_mm"": 0.0, ""close_object_xy_shift_mm"": 0.068, ""lift_horizontal_drift_mm"": 0.796, ""lift_height_mm"": 146.018, ""target_contact_geoms"": [""link7/geom:18"", ""link8/geom:20"", ""table/table_top""], ""bilateral_finger_contact"": true, ""failure_class"": ""NONE""}",0.0,[],"[{""state"": ""DETECT_SOURCE"", ""success"": true, ""message"": ""selected bottle_0 conf=0.90 base=[ 0.346 -0.072  0.169] (1938 ROI pts)"", ""reason"": ""OK"", ""duration_ms"": 594.8}, {""state"": ""PLAN_PICK"", ""success"": true, ""message"": ""selected preferred_00 direction=0deg margin=0.025rad"", ""reason"": ""OK"", ""duration_ms"": 451.9}, {""state"": ""EXECUTE_PICK"", ""success"": true, ""message"": ""validated motion plan executed"", ""reason"": ""OK"", ""duration_ms"": 159.4}, {""state"": ""VERIFY_GRASP"", ""success"": true, ""message"": ""object lifted 146 mm"", ""reason"": ""OK"", ""duration_ms"": 0.0}]"
x01-y03-r05,yolo,bottle,0.34,-0.07,0.3405665252370107,-0.06925032601541975,290.08983366078957,5,IN_DOMAIN,True,,,,,145.9,1212.1,585.0,161.1,51.6,0.0,lateral_band,upper,0.0,0.195,0.07500000000000001,0.02927447551900651,0.07227084196296597,"{""candidate_id"": ""preferred_00"", ""direction_deg"": 0.0, ""pre_close_object_xy_shift_mm"": 0.0, ""close_object_xy_shift_mm"": 0.25, ""lift_horizontal_drift_mm"": 1.177, ""lift_height_mm"": 145.93, ""target_contact_geoms"": [""link7/geom:18"", ""link8/geom:20"", ""table/table_top""], ""bilateral_finger_contact"": true, ""failure_class"": ""NONE""}",0.0,[],"[{""state"": ""DETECT_SOURCE"", ""success"": true, ""message"": ""selected bottle_0 conf=0.93 base=[ 0.345 -0.071  0.171] (1960 ROI pts)"", ""reason"": ""OK"", ""duration_ms"": 585.0}, {""state"": ""PLAN_PICK"", ""success"": true, ""message"": ""selected preferred_00 direction=0deg margin=0.026rad"", ""reason"": ""OK"", ""duration_ms"": 466.0}, {""state"": ""EXECUTE_PICK"", ""success"": true, ""message"": ""validated motion plan executed"", ""reason"": ""OK"", ""duration_ms"": 161.1}, {""state"": ""VERIFY_GRASP"", ""success"": true, ""message"": ""object lifted 146 mm"", ""reason"": ""OK"", ""duration_ms"": 0.0}]"
x01-y03-r06,yolo,bottle,0.34,-0.07,0.33718319313571526,-0.07225903304606747,221.04524181904534,6,IN_DOMAIN,True,,,,,146.2,1177.9,585.0,163.0,53.5,0.0,lateral_band,upper,0.0,0.195,0.07500000000000001,0.03172557550087073,0.0748571125476929,"{""candidate_id"": ""preferred_00"", ""direction_deg"": 0.0, ""pre_close_object_xy_shift_mm"": 0.0, ""close_object_xy_shift_mm"": 0.103, ""lift_horizontal_drift_mm"": 0.321, ""lift_height_mm"": 146.25, ""target_contact_geoms"": [""link7/geom:18"", ""link8/geom:20"", ""table/table_top""], ""bilateral_finger_contact"": true, ""failure_class"": ""NONE""}",0.0,[],"[{""state"": ""DETECT_SOURCE"", ""success"": true, ""message"": ""selected bottle_0 conf=0.71 base=[ 0.335 -0.072  0.173] (1652 ROI pts)"", ""reason"": ""OK"", ""duration_ms"": 585.0}, {""state"": ""PLAN_PICK"", ""success"": true, ""message"": ""selected preferred_00 direction=0deg margin=0.008rad"", ""reason"": ""OK"", ""duration_ms"": 429.8}, {""state"": ""EXECUTE_PICK"", ""success"": true, ""message"": ""validated motion plan executed"", ""reason"": ""OK"", ""duration_ms"": 163.0}, {""state"": ""VERIFY_GRASP"", ""success"": true, ""message"": ""object lifted 146 mm"", ""reason"": ""OK"", ""duration_ms"": 0.0}]"
x01-y03-r07,yolo,bottle,0.34,-0.07,0.3429008369085024,-0.0705771497875641,18.282076671997217,7,IN_DOMAIN,True,,,,,145.3,1015.8,475.1,152.8,55.8,0.0,lateral_band,upper,0.0,0.195,0.07500000000000001,0.030752598363491528,0.07383776817472068,"{""candidate_id"": ""preferred_00"", ""direction_deg"": 0.0, ""pre_close_object_xy_shift_mm"": 0.0, ""close_object_xy_shift_mm"": 0.414, ""lift_horizontal_drift_mm"": 1.767, ""lift_height_mm"": 145.258, ""target_contact_geoms"": [""link7/geom:18"", ""link8/geom:20"", ""table/table_top""], ""bilateral_finger_contact"": true, ""failure_class"": ""NONE""}",0.0,[],"[{""state"": ""DETECT_SOURCE"", ""success"": true, ""message"": ""selected bottle_0 conf=0.33 base=[ 0.336 -0.069  0.175] (1539 ROI pts)"", ""reason"": ""OK"", ""duration_ms"": 475.1}, {""state"": ""PLAN_PICK"", ""success"": true, ""message"": ""selected preferred_00 direction=0deg margin=0.019rad"", ""reason"": ""OK"", ""duration_ms"": 387.8}, {""state"": ""EXECUTE_PICK"", ""success"": true, ""message"": ""validated motion plan executed"", ""reason"": ""OK"", ""duration_ms"": 152.8}, {""state"": ""VERIFY_GRASP"", ""success"": true, ""message"": ""object lifted 145 mm"", ""reason"": ""OK"", ""duration_ms"": 0.0}]"
x01-y03-r08,yolo,bottle,0.34,-0.07,0.3390577877580685,-0.06743214608411816,85.3413403320032,8,IN_DOMAIN,True,,,,,145.9,1198.2,583.2,160.8,49.3,0.0,lateral_band,upper,0.0,0.195,0.07500000000000001,0.029179182753484037,0.07215742251724858,"{""candidate_id"": ""preferred_00"", ""direction_deg"": 0.0, ""pre_close_object_xy_shift_mm"": 0.0, ""close_object_xy_shift_mm"": 0.243, ""lift_horizontal_drift_mm"": 1.024, ""lift_height_mm"": 145.935, ""target_contact_geoms"": [""link7/geom:18"", ""link8/geom:20"", ""table/table_top""], ""bilateral_finger_contact"": true, ""failure_class"": ""NONE""}",0.0,[],"[{""state"": ""DETECT_SOURCE"", ""success"": true, ""message"": ""selected bottle_0 conf=0.90 base=[ 0.343 -0.069  0.169] (2016 ROI pts)"", ""reason"": ""OK"", ""duration_ms"": 583.2}, {""state"": ""PLAN_PICK"", ""success"": true, ""message"": ""selected preferred_00 direction=0deg margin=0.028rad"", ""reason"": ""OK"", ""duration_ms"": 454.2}, {""state"": ""EXECUTE_PICK"", ""success"": true, ""message"": ""validated motion plan executed"", ""reason"": ""OK"", ""duration_ms"": 160.8}, {""state"": ""VERIFY_GRASP"", ""success"": true, ""message"": ""object lifted 146 mm"", ""reason"": ""OK"", ""duration_ms"": 0.0}]"
x01-y03-r09,yolo,bottle,0.34,-0.07,0.33897437234792527,-0.06708937942034639,93.45035028206198,9,IN_DOMAIN,True,,,,,145.9,1220.8,586.8,158.7,49.6,0.0,lateral_band,upper,0.0,0.195,0.07500000000000001,0.029083659286302164,0.07204672973333924,"{""candidate_id"": ""preferred_00"", ""direction_deg"": 0.0, ""pre_close_object_xy_shift_mm"": 0.0, ""close_object_xy_shift_mm"": 0.235, ""lift_horizontal_drift_mm"": 1.106, ""lift_height_mm"": 145.911, ""target_contact_geoms"": [""link7/geom:18"", ""link8/geom:20"", ""table/table_top""], ""bilateral_finger_contact"": true, ""failure_class"": ""NONE""}",0.0,[],"[{""state"": ""DETECT_SOURCE"", ""success"": true, ""message"": ""selected bottle_0 conf=0.89 base=[ 0.343 -0.069  0.169] (1980 ROI pts)"", ""reason"": ""OK"", ""duration_ms"": 586.8}, {""state"": ""PLAN_PICK"", ""success"": true, ""message"": ""selected preferred_00 direction=0deg margin=0.029rad"", ""reason"": ""OK"", ""duration_ms"": 475.2}, {""state"": ""EXECUTE_PICK"", ""success"": true, ""message"": ""validated motion plan executed"", ""reason"": ""OK"", ""duration_ms"": 158.7}, {""state"": ""VERIFY_GRASP"", ""success"": true, ""message"": ""object lifted 146 mm"", ""reason"": ""OK"", ""duration_ms"": 0.0}]"
x01-y03-r10,yolo,bottle,0.34,-0.07,0.3379962467426794,-0.06813809857492745,329.4495981993438,10,IN_DOMAIN,True,,,,,146.1,1178.3,589.7,157.4,53.0,0.0,lateral_band,upper,0.0,0.195,0.07500000000000001,0.029756976903280056,0.07278918639500556,"{""candidate_id"": ""preferred_00"", ""direction_deg"": 0.0, ""pre_close_object_xy_shift_mm"": 0.0, ""close_object_xy_shift_mm"": 0.136, ""lift_horizontal_drift_mm"": 0.482, ""lift_height_mm"": 146.086, ""target_contact_geoms"": [""link7/geom:18"", ""link8/geom:20"", ""table/table_top""], ""bilateral_finger_contact"": true, ""failure_class"": ""NONE""}",0.0,[],"[{""state"": ""DETECT_SOURCE"", ""success"": true, ""message"": ""selected bottle_0 conf=0.91 base=[ 0.34  -0.068  0.173] (1728 ROI pts)"", ""reason"": ""OK"", ""duration_ms"": 589.7}, {""state"": ""PLAN_PICK"", ""success"": true, ""message"": ""selected preferred_00 direction=0deg margin=0.026rad"", ""reason"": ""OK"", ""duration_ms"": 431.2}, {""state"": ""EXECUTE_PICK"", ""success"": true, ""message"": ""validated motion plan executed"", ""reason"": ""OK"", ""duration_ms"": 157.4}, {""state"": ""VERIFY_GRASP"", ""success"": true, ""message"": ""object lifted 146 mm"", ""reason"": ""OK"", ""duration_ms"": 0.0}]"
x01-y04-r01,yolo,bottle,0.34,-0.025,0.33901114284921685,-0.02498834011403408,254.31798031504164,1,IN_DOMAIN,True,,,,,145.9,1194.9,581.1,155.3,51.6,0.0,lateral_band,upper,0.0,0.195,0.07500000000000001,0.014768606984937822,0.04612366888316038,"{""candidate_id"": ""preferred_00"", ""direction_deg"": 0.0, ""pre_close_object_xy_shift_mm"": 0.0, ""close_object_xy_shift_mm"": 0.015, ""lift_horizontal_drift_mm"": 1.409, ""lift_height_mm"": 145.911, ""target_contact_geoms"": [""link7/geom:18"", ""link8/geom:20"", ""table/table_top""], ""bilateral_finger_contact"": true, ""failure_class"": ""NONE""}",0.0,[],"[{""state"": ""DETECT_SOURCE"", ""success"": true, ""message"": ""selected bottle_0 conf=0.89 base=[ 0.34  -0.026  0.171] (1653 ROI pts)"", ""reason"": ""OK"", ""duration_ms"": 581.1}, {""state"": ""PLAN_PICK"", ""success"": true, ""message"": ""selected preferred_00 direction=0deg margin=0.113rad"", ""reason"": ""OK"", ""duration_ms"": 458.5}, {""state"": ""EXECUTE_PICK"", ""success"": true, ""message"": ""validated motion plan executed"", ""reason"": ""OK"", ""duration_ms"": 155.3}, {""state"": ""VERIFY_GRASP"", ""success"": true, ""message"": ""object lifted 146 mm"", ""reason"": ""OK"", ""duration_ms"": 0.0}]"
x01-y04-r02,yolo,bottle,0.34,-0.025,0.3425922032518211,-0.02202509099877009,69.48110425502448,2,IN_DOMAIN,True,,,,,146.2,1223.7,583.7,153.8,52.5,0.0,lateral_band,upper,0.0,0.195,0.07500000000000001,0.012879421918387993,0.0411479169275311,"{""candidate_id"": ""preferred_00"", ""direction_deg"": 0.0, ""pre_close_object_xy_shift_mm"": 0.0, ""close_object_xy_shift_mm"": 0.077, ""lift_horizontal_drift_mm"": 1.54, ""lift_height_mm"": 146.213, ""target_contact_geoms"": [""link7/geom:18"", ""link8/geom:20"", ""table/table_top""], ""bilateral_finger_contact"": true, ""failure_class"": ""NONE""}",0.0,[],"[{""state"": ""DETECT_SOURCE"", ""success"": true, ""message"": ""selected bottle_0 conf=0.87 base=[ 0.342 -0.022  0.172] (1512 ROI pts)"", ""reason"": ""OK"", ""duration_ms"": 583.7}, {""state"": ""PLAN_PICK"", ""success"": true, ""message"": ""selected preferred_00 direction=0deg margin=0.116rad"", ""reason"": ""OK"", ""duration_ms"": 486.2}, {""state"": ""EXECUTE_PICK"", ""success"": true, ""message"": ""validated motion plan executed"", ""reason"": ""OK"", ""duration_ms"": 153.8}, {""state"": ""VERIFY_GRASP"", ""success"": true, ""message"": ""object lifted 146 mm"", ""reason"": ""OK"", ""duration_ms"": 0.0}]"
x01-y04-r03,yolo,bottle,0.34,-0.025,0.33796503377283843,-0.02717026489768161,209.35572538574107,3,IN_DOMAIN,False,DETECT_SOURCE,STATE_FAILED,DETECT_SOURCE,STATE_FAILED,,371.6,371.6,0,,,,,,,,,,null,0.0,[],"[{""state"": ""DETECT_SOURCE"", ""success"": false, ""message"": ""no 'bottle' detected (saw 0 objects)"", ""reason"": ""STATE_FAILED"", ""duration_ms"": 371.6}]"
x01-y04-r04,yolo,bottle,0.34,-0.025,0.33815602752165735,-0.024167718913124577,298.8383959084954,4,IN_DOMAIN,True,,,,,145.9,1266.7,587.5,173.4,52.8,0.0,lateral_band,upper,0.0,0.195,0.07500000000000001,0.01425812349763236,0.044827987530454895,"{""candidate_id"": ""preferred_00"", ""direction_deg"": 0.0, ""pre_close_object_xy_shift_mm"": 0.0, ""close_object_xy_shift_mm"": 0.013, ""lift_horizontal_drift_mm"": 1.48, ""lift_height_mm"": 145.902, ""target_contact_geoms"": [""link7/geom:18"", ""link8/geom:20"", ""table/table_top""], ""bilateral_finger_contact"": true, ""failure_class"": ""NONE""}",0.0,[],"[{""state"": ""DETECT_SOURCE"", ""success"": true, ""message"": ""selected bottle_0 conf=0.89 base=[ 0.341 -0.025  0.173] (1650 ROI pts)"", ""reason"": ""OK"", ""duration_ms"": 587.5}, {""state"": ""PLAN_PICK"", ""success"": true, ""message"": ""selected preferred_00 direction=0deg margin=0.114rad"", ""reason"": ""OK"", ""duration_ms"": 505.7}, {""state"": ""EXECUTE_PICK"", ""success"": true, ""message"": ""validated motion plan executed"", ""reason"": ""OK"", ""duration_ms"": 173.4}, {""state"": ""VERIFY_GRASP"", ""success"": true, ""message"": ""object lifted 146 mm"", ""reason"": ""OK"", ""duration_ms"": 0.0}]"
x01-y04-r05,yolo,bottle,0.34,-0.025,0.3428298069488647,-0.02514261204938579,42.314051548508175,5,IN_DOMAIN,True,,,,,146.0,1108.7,592.3,153.9,56.4,0.0,lateral_band,upper,0.0,0.195,0.07500000000000001,0.015103407855223034,0.04674774699187724,"{""candidate_id"": ""preferred_00"", ""direction_deg"": 0.0, ""pre_close_object_xy_shift_mm"": 0.0, ""close_object_xy_shift_mm"": 0.235, ""lift_horizontal_drift_mm"": 1.232, ""lift_height_mm"": 146.013, ""target_contact_geoms"": [""link7/geom:18"", ""link8/geom:20"", ""table/table_top""], ""bilateral_finger_contact"": true, ""failure_class"": ""NONE""}",0.0,[],"[{""state"": ""DETECT_SOURCE"", ""success"": true, ""message"": ""selected bottle_0 conf=0.59 base=[ 0.337 -0.025  0.176] (1254 ROI pts)"", ""reason"": ""OK"", ""duration_ms"": 592.3}, {""state"": ""PLAN_PICK"", ""success"": true, ""message"": ""selected preferred_00 direction=0deg margin=0.102rad"", ""reason"": ""OK"", ""duration_ms"": 362.5}, {""state"": ""EXECUTE_PICK"", ""success"": true, ""message"": ""validated motion plan executed"", ""reason"": ""OK"", ""duration_ms"": 153.9}, {""state"": ""VERIFY_GRASP"", ""success"": true, ""message"": ""object lifted 146 mm"", ""reason"": ""OK"", ""duration_ms"": 0.0}]"
x01-y04-r06,yolo,bottle,0.34,-0.025,0.34160680539188226,-0.026000616771821847,173.72206830872423,6,IN_DOMAIN,True,,,,,145.7,1131.1,607.0,152.7,55.2,0.0,lateral_band,upper,0.0,0.195,0.07500000000000001,0.015236687886834204,0.04710070794027631,"{""candidate_id"": ""preferred_00"", ""direction_deg"": 0.0, ""pre_close_object_xy_shift_mm"": 0.0, ""close_object_xy_shift_mm"": 0.34, ""lift_horizontal_drift_mm"": 2.672, ""lift_height_mm"": 145.73, ""target_contact_geoms"": [""link7/geom:18"", ""link8/geom:20"", ""table/table_top""], ""bilateral_finger_contact"": true, ""failure_class"": ""NONE""}",0.0,[],"[{""state"": ""DETECT_SOURCE"", ""success"": true, ""message"": ""selected bottle_0 conf=0.79 base=[ 0.337 -0.025  0.175] (1350 ROI pts)"", ""reason"": ""OK"", ""duration_ms"": 607.0}, {""state"": ""PLAN_PICK"", ""success"": true, ""message"": ""selected preferred_00 direction=0deg margin=0.103rad"", ""reason"": ""OK"", ""duration_ms"": 371.4}, {""state"": ""EXECUTE_PICK"", ""success"": true, ""message"": ""validated motion plan executed"", ""reason"": ""OK"", ""duration_ms"": 152.7}, {""state"": ""VERIFY_GRASP"", ""success"": true, ""message"": ""object lifted 146 mm"", ""reason"": ""OK"", ""duration_ms"": 0.0}]"
x01-y04-r07,yolo,bottle,0.34,-0.025,0.342761935555266,-0.02634196570745705,311.6982151595758,7,IN_DOMAIN,True,,,,,146.1,1212.4,593.5,159.2,52.4,0.0,lateral_band,upper,0.0,0.195,0.07500000000000001,0.014381909845238003,0.045358120850989454,"{""candidate_id"": ""preferred_00"", ""direction_deg"": 0.0, ""pre_close_object_xy_shift_mm"": 0.0, ""close_object_xy_shift_mm"": 0.097, ""lift_horizontal_drift_mm"": 1.358, ""lift_height_mm"": 146.14, ""target_contact_geoms"": [""link7/geom:18"", ""link8/geom:20"", ""table/table_top""], ""bilateral_finger_contact"": true, ""failure_class"": ""NONE""}",0.0,[],"[{""state"": ""DETECT_SOURCE"", ""success"": true, ""message"": ""selected bottle_0 conf=0.89 base=[ 0.345 -0.027  0.172] (1650 ROI pts)"", ""reason"": ""OK"", ""duration_ms"": 593.5}, {""state"": ""PLAN_PICK"", ""success"": true, ""message"": ""selected preferred_00 direction=0deg margin=0.122rad"", ""reason"": ""OK"", ""duration_ms"": 459.7}, {""state"": ""EXECUTE_PICK"", ""success"": true, ""message"": ""validated motion plan executed"", ""reason"": ""OK"", ""duration_ms"": 159.2}, {""state"": ""VERIFY_GRASP"", ""success"": true, ""message"": ""object lifted 146 mm"", ""reason"": ""OK"", ""duration_ms"": 0.0}]"
x01-y04-r08,yolo,bottle,0.34,-0.025,0.3388408370919447,-0.026554123253891285,267.67134808149757,8,IN_DOMAIN,True,,,,,145.9,1243.2,594.6,160.0,52.0,0.0,lateral_band,upper,0.0,0.195,0.07500000000000001,0.015313848351701154,0.04756778711960859,"{""candidate_id"": ""preferred_00"", ""direction_deg"": 0.0, ""pre_close_object_xy_shift_mm"": 0.0, ""close_object_xy_shift_mm"": 0.017, ""lift_horizontal_drift_mm"": 1.388, ""lift_height_mm"": 145.89, ""target_contact_geoms"": [""link7/geom:18"", ""link8/geom:20"", ""table/table_top""], ""bilateral_finger_contact"": true, ""failure_class"": ""NONE""}",0.0,[],"[{""state"": ""DETECT_SOURCE"", ""success"": true, ""message"": ""selected bottle_0 conf=0.89 base=[ 0.341 -0.027  0.172] (1736 ROI pts)"", ""reason"": ""OK"", ""duration_ms"": 594.6}, {""state"": ""PLAN_PICK"", ""success"": true, ""message"": ""selected preferred_00 direction=0deg margin=0.118rad"", ""reason"": ""OK"", ""duration_ms"": 488.6}, {""state"": ""EXECUTE_PICK"", ""success"": true, ""message"": ""validated motion plan executed"", ""reason"": ""OK"", ""duration_ms"": 160.0}, {""state"": ""VERIFY_GRASP"", ""success"": true, ""message"": ""object lifted 146 mm"", ""reason"": ""OK"", ""duration_ms"": 0.0}]"
x01-y04-r09,yolo,bottle,0.34,-0.025,0.3420734284054592,-0.026865238169078112,136.4844049510978,9,IN_DOMAIN,True,,,,,146.2,1220.3,589.3,159.7,52.8,0.0,lateral_band,upper,0.0,0.195,0.07500000000000001,0.014907497681879576,0.04664701696670384,"{""candidate_id"": ""preferred_00"", ""direction_deg"": 0.0, ""pre_close_object_xy_shift_mm"": 0.0, ""close_object_xy_shift_mm"": 0.093, ""lift_horizontal_drift_mm"": 1.314, ""lift_height_mm"": 146.155, ""target_contact_geoms"": [""link7/geom:18"", ""link8/geom:20"", ""table/table_top""], ""bilateral_finger_contact"": true, ""failure_class"": ""NONE""}",0.0,[],"[{""state"": ""DETECT_SOURCE"", ""success"": true, ""message"": ""selected bottle_0 conf=0.86 base=[ 0.344 -0.027  0.173] (1650 ROI pts)"", ""reason"": ""OK"", ""duration_ms"": 589.3}, {""state"": ""PLAN_PICK"", ""success"": true, ""message"": ""selected preferred_00 direction=0deg margin=0.121rad"", ""reason"": ""OK"", ""duration_ms"": 471.3}, {""state"": ""EXECUTE_PICK"", ""success"": true, ""message"": ""validated motion plan executed"", ""reason"": ""OK"", ""duration_ms"": 159.7}, {""state"": ""VERIFY_GRASP"", ""success"": true, ""message"": ""object lifted 146 mm"", ""reason"": ""OK"", ""duration_ms"": 0.0}]"
x01-y04-r10,yolo,bottle,0.34,-0.025,0.340330036802448,-0.024379217012783824,292.7381116958437,10,IN_DOMAIN,True,,,,,145.9,1214.1,585.1,156.8,52.6,0.0,lateral_band,upper,0.0,0.195,0.07500000000000001,0.014014414472160343,0.04428891832246343,"{""candidate_id"": ""preferred_00"", ""direction_deg"": 0.0, ""pre_close_object_xy_shift_mm"": 0.0, ""close_object_xy_shift_mm"": 0.016, ""lift_horizontal_drift_mm"": 1.474, ""lift_height_mm"": 145.886, ""target_contact_geoms"": [""link7/geom:18"", ""link8/geom:20"", ""table/table_top""], ""bilateral_finger_contact"": true, ""failure_class"": ""NONE""}",0.0,[],"[{""state"": ""DETECT_SOURCE"", ""success"": true, ""message"": ""selected bottle_0 conf=0.89 base=[ 0.343 -0.025  0.172] (1650 ROI pts)"", ""reason"": ""OK"", ""duration_ms"": 585.1}, {""state"": ""PLAN_PICK"", ""success"": true, ""message"": ""selected preferred_00 direction=0deg margin=0.121rad"", ""reason"": ""OK"", ""duration_ms"": 472.2}, {""state"": ""EXECUTE_PICK"", ""success"": true, ""message"": ""validated motion plan executed"", ""reason"": ""OK"", ""duration_ms"": 156.8}, {""state"": ""VERIFY_GRASP"", ""success"": true, ""message"": ""object lifted 146 mm"", ""reason"": ""OK"", ""duration_ms"": 0.0}]"
x01-y05-r01,yolo,bottle,0.34,0.02,0.3414466466678482,0.019999,83.04342976197468,1,IN_DOMAIN,False,DETECT_SOURCE,OBJECT_OUT_OF_ODD,DETECT_SOURCE,OBJECT_OUT_OF_ODD,,599.8,599.8,0,,,,,,,,,,null,0.0,[],"[{""state"": ""DETECT_SOURCE"", ""success"": false, ""message"": ""object center [0.341 0.02  0.172] is outside the tabletop operating domain"", ""reason"": ""OBJECT_OUT_OF_ODD"", ""duration_ms"": 599.8}]"
x01-y05-r02,yolo,bottle,0.34,0.02,0.3408333917511364,0.019999,153.80822979001604,2,IN_DOMAIN,False,DETECT_SOURCE,OBJECT_OUT_OF_ODD,DETECT_SOURCE,OBJECT_OUT_OF_ODD,,580.4,580.4,0,,,,,,,,,,null,0.0,[],"[{""state"": ""DETECT_SOURCE"", ""success"": false, ""message"": ""object center [0.34  0.02  0.173] is outside the tabletop operating domain"", ""reason"": ""OBJECT_OUT_OF_ODD"", ""duration_ms"": 580.4}]"
x01-y05-r03,yolo,bottle,0.34,0.02,0.33840557883189265,0.017543194525388377,277.2650011908176,3,IN_DOMAIN,True,,,,,146.6,1148.4,581.0,156.4,52.7,0.0,lateral_band,upper,0.0,0.195,0.07500000000000001,0.010034769004964403,0.034183363013288996,"{""candidate_id"": ""preferred_00"", ""direction_deg"": 0.0, ""pre_close_object_xy_shift_mm"": 0.0, ""close_object_xy_shift_mm"": 0.191, ""lift_horizontal_drift_mm"": 1.687, ""lift_height_mm"": 146.608, ""target_contact_geoms"": [""link7/geom:18"", ""link8/geom:20"", ""table/table_top""], ""bilateral_finger_contact"": true, ""failure_class"": ""NONE""}",0.0,[],"[{""state"": ""DETECT_SOURCE"", ""success"": true, ""message"": ""selected bottle_0 conf=0.90 base=[0.34  0.018 0.173] (1540 ROI pts)"", ""reason"": ""OK"", ""duration_ms"": 581.0}, {""state"": ""PLAN_PICK"", ""success"": true, ""message"": ""selected preferred_00 direction=0deg margin=0.107rad"", ""reason"": ""OK"", ""duration_ms"": 411.0}, {""state"": ""EXECUTE_PICK"", ""success"": true, ""message"": ""validated motion plan executed"", ""reason"": ""OK"", ""duration_ms"": 156.4}, {""state"": ""VERIFY_GRASP"", ""success"": true, ""message"": ""object lifted 147 mm"", ""reason"": ""OK"", ""duration_ms"": 0.0}]"
x01-y05-r04,yolo,bottle,0.34,0.02,0.34168309153411475,0.0187468691828508,335.9366424796401,4,IN_DOMAIN,True,,,,,146.3,1122.3,588.6,158.4,53.4,0.0,lateral_band,upper,0.0,0.195,0.07500000000000001,0.0109285751711027,0.036943728779160925,"{""candidate_id"": ""preferred_00"", ""direction_deg"": 0.0, ""pre_close_object_xy_shift_mm"": 0.0, ""close_object_xy_shift_mm"": 0.347, ""lift_horizontal_drift_mm"": 3.185, ""lift_height_mm"": 146.342, ""target_contact_geoms"": [""link7/geom:18"", ""link8/geom:20"", ""table/table_top""], ""bilateral_finger_contact"": true, ""failure_class"": ""NONE""}",0.0,[],"[{""state"": ""DETECT_SOURCE"", ""success"": true, ""message"": ""selected bottle_0 conf=0.87 base=[0.341 0.02  0.173] (1375 ROI pts)"", ""reason"": ""OK"", ""duration_ms"": 588.6}, {""state"": ""PLAN_PICK"", ""success"": true, ""message"": ""selected preferred_00 direction=0deg margin=0.111rad"", ""reason"": ""OK"", ""duration_ms"": 375.3}, {""state"": ""EXECUTE_PICK"", ""success"": true, ""message"": ""validated motion plan executed"", ""reason"": ""OK"", ""duration_ms"": 158.4}, {""state"": ""VERIFY_GRASP"", ""success"": true, ""message"": ""object lifted 146 mm"", ""reason"": ""OK"", ""duration_ms"": 0.0}]"
x01-y05-r05,yolo,bottle,0.34,0.02,0.34196321825414927,0.019999,231.45893584183668,5,IN_DOMAIN,False,DETECT_SOURCE,STATE_FAILED,DETECT_SOURCE,STATE_FAILED,,348.2,348.2,0,,,,,,,,,,null,0.0,[],"[{""state"": ""DETECT_SOURCE"", ""success"": false, ""message"": ""no 'bottle' detected (saw 0 objects)"", ""reason"": ""STATE_FAILED"", ""duration_ms"": 348.2}]"
x01-y05-r06,yolo,bottle,0.34,0.02,0.3390722629711907,0.018834768121056677,49.42322213178261,6,IN_DOMAIN,True,,,,,146.2,930.4,468.7,153.7,57.2,0.0,lateral_band,upper,0.0,0.195,0.07500000000000001,0.011947811932495458,0.038990115804190685,"{""candidate_id"": ""preferred_00"", ""direction_deg"": 0.0, ""pre_close_object_xy_shift_mm"": 0.0, ""close_object_xy_shift_mm"": 0.045, ""lift_horizontal_drift_mm"": 2.849, ""lift_height_mm"": 146.173, ""target_contact_geoms"": [""link7/geom:18"", ""link8/geom:20"", ""table/table_top""], ""bilateral_finger_contact"": true, ""failure_class"": ""NONE""}",0.0,[],"[{""state"": ""DETECT_SOURCE"", ""success"": true, ""message"": ""selected bottle_0 conf=0.68 base=[0.331 0.018 0.177] (1064 ROI pts)"", ""reason"": ""OK"", ""duration_ms"": 468.7}, {""state"": ""PLAN_PICK"", ""success"": true, ""message"": ""selected preferred_00 direction=0deg margin=0.080rad"", ""reason"": ""OK"", ""duration_ms"": 307.9}, {""state"": ""EXECUTE_PICK"", ""success"": true, ""message"": ""validated motion plan executed"", ""reason"": ""OK"", ""duration_ms"": 153.7}, {""state"": ""VERIFY_GRASP"", ""success"": true, ""message"": ""object lifted 146 mm"", ""reason"": ""OK"", ""duration_ms"": 0.0}]"
x01-y05-r07,yolo,bottle,0.34,0.02,0.33862628020820795,0.019999,88.85585135397162,7,IN_DOMAIN,False,DETECT_SOURCE,OBJECT_OUT_OF_ODD,DETECT_SOURCE,OBJECT_OUT_OF_ODD,,592.1,592.1,0,,,,,,,,,,null,0.0,[],"[{""state"": ""DETECT_SOURCE"", ""success"": false, ""message"": ""object center [0.339 0.02  0.172] is outside the tabletop operating domain"", ""reason"": ""OBJECT_OUT_OF_ODD"", ""duration_ms"": 592.1}]"
x01-y05-r08,yolo,bottle,0.34,0.02,0.33817541487214514,0.019357309543625103,39.04600194204661,8,IN_DOMAIN,True,,,,,146.3,935.1,475.4,151.6,60.4,0.0,lateral_band,upper,0.0,0.195,0.07500000000000001,0.012985716630296483,0.04151706250662473,"{""candidate_id"": ""preferred_00"", ""direction_deg"": 0.0, ""pre_close_object_xy_shift_mm"": 0.0, ""close_object_xy_shift_mm"": 0.112, ""lift_horizontal_drift_mm"": 2.665, ""lift_height_mm"": 146.35, ""target_contact_geoms"": [""link7/geom:18"", ""link8/geom:20"", ""table/table_top""], ""bilateral_finger_contact"": true, ""failure_class"": ""NONE""}",0.0,[],"[{""state"": ""DETECT_SOURCE"", ""success"": true, ""message"": ""selected bottle_0 conf=0.40 base=[0.328 0.019 0.18 ] (1008 ROI pts)"", ""reason"": ""OK"", ""duration_ms"": 475.4}, {""state"": ""PLAN_PICK"", ""success"": true, ""message"": ""selected preferred_00 direction=0deg margin=0.073rad"", ""reason"": ""OK"", ""duration_ms"": 308.2}, {""state"": ""EXECUTE_PICK"", ""success"": true, ""message"": ""validated motion plan executed"", ""reason"": ""OK"", ""duration_ms"": 151.6}, {""state"": ""VERIFY_GRASP"", ""success"": true, ""message"": ""object lifted 146 mm"", ""reason"": ""OK"", ""duration_ms"": 0.0}]"
x01-y05-r09,yolo,bottle,0.34,0.02,0.3393665384864278,0.019999,317.85110090873013,9,IN_DOMAIN,False,DETECT_SOURCE,OBJECT_OUT_OF_ODD,DETECT_SOURCE,OBJECT_OUT_OF_ODD,,580.1,580.1,0,,,,,,,,,,null,0.0,[],"[{""state"": ""DETECT_SOURCE"", ""success"": false, ""message"": ""object center [0.341 0.02  0.173] is outside the tabletop operating domain"", ""reason"": ""OBJECT_OUT_OF_ODD"", ""duration_ms"": 580.1}]"
x01-y05-r10,yolo,bottle,0.34,0.02,0.34146140238357714,0.019999,280.17747051658904,10,IN_DOMAIN,False,DETECT_SOURCE,OBJECT_OUT_OF_ODD,DETECT_SOURCE,OBJECT_OUT_OF_ODD,,581.1,581.1,0,,,,,,,,,,null,0.0,[],"[{""state"": ""DETECT_SOURCE"", ""success"": false, ""message"": ""object center [0.343 0.02  0.173] is outside the tabletop operating domain"", ""reason"": ""OBJECT_OUT_OF_ODD"", ""duration_ms"": 581.1}]"
x02-y01-r01,yolo,bottle,0.36,-0.16,0.36175304589244056,-0.15741698685377162,252.67943777960028,1,IN_DOMAIN,True,,,,,145.8,994.3,487.8,156.5,48.8,321.810559511146,lateral_band,lower,336.810559511146,0.195,0.07500000000000001,0.0290852431811465,0.07073512751179899,"{""candidate_id"": ""preferred_00"", ""direction_deg"": 321.810559511146, ""pre_close_object_xy_shift_mm"": 0.0, ""close_object_xy_shift_mm"": 0.509, ""lift_horizontal_drift_mm"": 3.99, ""lift_height_mm"": 145.812, ""target_contact_geoms"": [""link7/geom:18"", ""link8/geom:20"", ""table/table_top""], ""bilateral_finger_contact"": true, ""failure_class"": ""NONE""}",0.0,[],"[{""state"": ""DETECT_SOURCE"", ""success"": true, ""message"": ""selected bottle_0 conf=0.78 base=[ 0.366 -0.157  0.168] (1848 ROI pts)"", ""reason"": ""OK"", ""duration_ms"": 487.8}, {""state"": ""PLAN_PICK"", ""success"": true, ""message"": ""selected preferred_00 direction=322deg margin=0.030rad"", ""reason"": ""OK"", ""duration_ms"": 350.1}, {""state"": ""EXECUTE_PICK"", ""success"": true, ""message"": ""validated motion plan executed"", ""reason"": ""OK"", ""duration_ms"": 156.5}, {""state"": ""VERIFY_GRASP"", ""success"": true, ""message"": ""object lifted 146 mm"", ""reason"": ""OK"", ""duration_ms"": 0.0}]"
x02-y01-r02,yolo,bottle,0.36,-0.16,0.360404652305664,-0.1625866872461554,51.94530305124959,2,IN_DOMAIN,True,,,,,145.4,970.2,470.8,151.1,47.2,321.2285934103748,lateral_band,lower,336.2285934103748,0.195,0.07500000000000001,0.029172002600885774,0.07088106542449706,"{""candidate_id"": ""preferred_00"", ""direction_deg"": 321.2285934103748, ""pre_close_object_xy_shift_mm"": 0.0, ""close_object_xy_shift_mm"": 0.467, ""lift_horizontal_drift_mm"": 5.359, ""lift_height_mm"": 145.361, ""target_contact_geoms"": [""link7/geom:18"", ""link8/geom:20"", ""table/table_top""], ""bilateral_finger_contact"": true, ""failure_class"": ""NONE""}",0.0,[],"[{""state"": ""DETECT_SOURCE"", ""success"": true, ""message"": ""selected bottle_0 conf=0.71 base=[ 0.363 -0.16   0.167] (1710 ROI pts)"", ""reason"": ""OK"", ""duration_ms"": 470.8}, {""state"": ""PLAN_PICK"", ""success"": true, ""message"": ""selected preferred_00 direction=321deg margin=0.028rad"", ""reason"": ""OK"", ""duration_ms"": 348.3}, {""state"": ""EXECUTE_PICK"", ""success"": true, ""message"": ""validated motion plan executed"", ""reason"": ""OK"", ""duration_ms"": 151.1}, {""state"": ""VERIFY_GRASP"", ""success"": true, ""message"": ""object lifted 145 mm"", ""reason"": ""OK"", ""duration_ms"": 0.0}]"
x02-y01-r03,yolo,bottle,0.36,-0.16,0.3577497821878588,-0.16004549919590008,301.20229640665474,3,IN_DOMAIN,False,DETECT_SOURCE,STATE_FAILED,DETECT_SOURCE,STATE_FAILED,,351.1,351.1,0,,,,,,,,,,null,0.0,[],"[{""state"": ""DETECT_SOURCE"", ""success"": false, ""message"": ""no 'bottle' detected (saw 0 objects)"", ""reason"": ""STATE_FAILED"", ""duration_ms"": 351.1}]"
x02-y01-r04,yolo,bottle,0.36,-0.16,0.36125476379098287,-0.16002505617015722,9.536625453096157,4,IN_DOMAIN,True,,,,,146.4,972.6,470.1,161.1,54.4,321.3508391810034,lateral_band,lower,336.3508391810034,0.195,0.07500000000000001,0.02963547685089821,0.07161460015883069,"{""candidate_id"": ""preferred_00"", ""direction_deg"": 321.3508391810034, ""pre_close_object_xy_shift_mm"": 0.0, ""close_object_xy_shift_mm"": 0.166, ""lift_horizontal_drift_mm"": 0.873, ""lift_height_mm"": 146.439, ""target_contact_geoms"": [""link7/geom:18"", ""link8/geom:20"", ""table/table_top""], ""bilateral_finger_contact"": true, ""failure_class"": ""NONE""}",0.0,[],"[{""state"": ""DETECT_SOURCE"", ""success"": true, ""message"": ""selected bottle_0 conf=0.34 base=[ 0.356 -0.156  0.174] (1539 ROI pts)"", ""reason"": ""OK"", ""duration_ms"": 470.1}, {""state"": ""PLAN_PICK"", ""success"": true, ""message"": ""selected preferred_00 direction=321deg margin=0.018rad"", ""reason"": ""OK"", ""duration_ms"": 341.4}, {""state"": ""EXECUTE_PICK"", ""success"": true, ""message"": ""validated motion plan executed"", ""reason"": ""OK"", ""duration_ms"": 161.1}, {""state"": ""VERIFY_GRASP"", ""success"": true, ""message"": ""object lifted 146 mm"", ""reason"": ""OK"", ""duration_ms"": 0.0}]"
x02-y01-r05,yolo,bottle,0.36,-0.16,0.3628566250207693,-0.1619965288759551,53.19108346326496,5,IN_DOMAIN,True,,,,,145.6,979.2,464.3,150.3,47.4,321.39896111096095,lateral_band,lower,336.39896111096095,0.195,0.07500000000000001,0.02905610157970948,0.07068538988163672,"{""candidate_id"": ""preferred_00"", ""direction_deg"": 321.39896111096095, ""pre_close_object_xy_shift_mm"": 0.0, ""close_object_xy_shift_mm"": 0.452, ""lift_horizontal_drift_mm"": 5.062, ""lift_height_mm"": 145.592, ""target_contact_geoms"": [""link7/geom:18"", ""link8/geom:20"", ""table/table_top""], ""bilateral_finger_contact"": true, ""failure_class"": ""NONE""}",0.0,[],"[{""state"": ""DETECT_SOURCE"", ""success"": true, ""message"": ""selected bottle_0 conf=0.65 base=[ 0.366 -0.16   0.167] (1710 ROI pts)"", ""reason"": ""OK"", ""duration_ms"": 464.3}, {""state"": ""PLAN_PICK"", ""success"": true, ""message"": ""selected preferred_00 direction=321deg margin=0.031rad"", ""reason"": ""OK"", ""duration_ms"": 364.5}, {""state"": ""EXECUTE_PICK"", ""success"": true, ""message"": ""validated motion plan executed"", ""reason"": ""OK"", ""duration_ms"": 150.3}, {""state"": ""VERIFY_GRASP"", ""success"": true, ""message"": ""object lifted 146 mm"", ""reason"": ""OK"", ""duration_ms"": 0.0}]"
x02-y01-r06,yolo,bottle,0.36,-0.16,0.3601251637692484,-0.15722439255879705,140.55225581024726,6,IN_DOMAIN,True,,,,,145.9,992.5,484.0,152.1,50.7,321.6379436305547,lateral_band,lower,336.6379436305547,0.195,0.07500000000000001,0.029407032866811567,0.0712619300626784,"{""candidate_id"": ""preferred_00"", ""direction_deg"": 321.6379436305547, ""pre_close_object_xy_shift_mm"": 0.0, ""close_object_xy_shift_mm"": 0.377, ""lift_horizontal_drift_mm"": 2.416, ""lift_height_mm"": 145.921, ""target_contact_geoms"": [""link7/geom:18"", ""link8/geom:20"", ""table/table_top""], ""bilateral_finger_contact"": true, ""failure_class"": ""NONE""}",0.0,[],"[{""state"": ""DETECT_SOURCE"", ""success"": true, ""message"": ""selected bottle_0 conf=0.52 base=[ 0.36  -0.156  0.171] (1760 ROI pts)"", ""reason"": ""OK"", ""duration_ms"": 484.0}, {""state"": ""PLAN_PICK"", ""success"": true, ""message"": ""selected preferred_00 direction=322deg margin=0.023rad"", ""reason"": ""OK"", ""duration_ms"": 356.3}, {""state"": ""EXECUTE_PICK"", ""success"": true, ""message"": ""validated motion plan executed"", ""reason"": ""OK"", ""duration_ms"": 152.1}, {""state"": ""VERIFY_GRASP"", ""success"": true, ""message"": ""object lifted 146 mm"", ""reason"": ""OK"", ""duration_ms"": 0.0}]"
x02-y01-r07,yolo,bottle,0.36,-0.16,0.36297151120368015,-0.15718185352489555,229.45899193312894,7,IN_DOMAIN,True,,,,,146.0,989.9,495.0,153.1,48.0,321.7772583297947,lateral_band,lower,336.77725832979473,0.195,0.07500000000000001,0.02911451324271893,0.07078471380452643,"{""candidate_id"": ""preferred_00"", ""direction_deg"": 321.7772583297947, ""pre_close_object_xy_shift_mm"": 0.0, ""close_object_xy_shift_mm"": 0.427, ""lift_horizontal_drift_mm"": 3.695, ""lift_height_mm"": 145.966, ""target_contact_geoms"": [""link7/geom:18"", ""link8/geom:20"", ""table/table_top""], ""bilateral_finger_contact"": true, ""failure_class"": ""NONE""}",0.0,[],"[{""state"": ""DETECT_SOURCE"", ""success"": true, ""message"": ""selected bottle_0 conf=0.82 base=[ 0.366 -0.157  0.168] (1824 ROI pts)"", ""reason"": ""OK"", ""duration_ms"": 495.0}, {""state"": ""PLAN_PICK"", ""success"": true, ""message"": ""selected preferred_00 direction=322deg margin=0.029rad"", ""reason"": ""OK"", ""duration_ms"": 341.8}, {""state"": ""EXECUTE_PICK"", ""success"": true, ""message"": ""validated motion plan executed"", ""reason"": ""OK"", ""duration_ms"": 153.1}, {""state"": ""VERIFY_GRASP"", ""success"": true, ""message"": ""object lifted 146 mm"", ""reason"": ""OK"", ""duration_ms"": 0.0}]"
x02-y01-r08,yolo,bottle,0.36,-0.16,0.36162811398856265,-0.15729611221999498,213.26447258889024,8,IN_DOMAIN,False,DETECT_SOURCE,STATE_FAILED,DETECT_SOURCE,STATE_FAILED,,368.1,368.1,0,,,,,,,,,,null,0.0,[],"[{""state"": ""DETECT_SOURCE"", ""success"": false, ""message"": ""no 'bottle' detected (saw 0 objects)"", ""reason"": ""STATE_FAILED"", ""duration_ms"": 368.1}]"
x02-y01-r09,yolo,bottle,0.36,-0.16,0.36284549681491396,-0.16182055673144075,297.1636745768468,9,IN_DOMAIN,False,DETECT_SOURCE,STATE_FAILED,DETECT_SOURCE,STATE_FAILED,,358.1,358.0,0,,,,,,,,,,null,0.0,[],"[{""state"": ""DETECT_SOURCE"", ""success"": false, ""message"": ""no 'bottle' detected (saw 0 objects)"", ""reason"": ""STATE_FAILED"", ""duration_ms"": 358.0}]"
x02-y01-r10,yolo,bottle,0.36,-0.16,0.35842205304148134,-0.15752002053088132,123.31044033797488,10,IN_DOMAIN,True,,,,,145.8,999.5,477.8,150.9,48.8,321.6276806632198,lateral_band,lower,336.6276806632198,0.195,0.07500000000000001,0.029399768687668176,0.07125044835554763,"{""candidate_id"": ""preferred_00"", ""direction_deg"": 321.6276806632198, ""pre_close_object_xy_shift_mm"": 0.0, ""close_object_xy_shift_mm"": 0.443, ""lift_horizontal_drift_mm"": 4.132, ""lift_height_mm"": 145.844, ""target_contact_geoms"": [""link7/geom:18"", ""link8/geom:20"", ""table/table_top""], ""bilateral_finger_contact"": true, ""failure_class"": ""NONE""}",0.0,[],"[{""state"": ""DETECT_SOURCE"", ""success"": true, ""message"": ""selected bottle_0 conf=0.47 base=[ 0.36  -0.156  0.169] (1760 ROI pts)"", ""reason"": ""OK"", ""duration_ms"": 477.8}, {""state"": ""PLAN_PICK"", ""success"": true, ""message"": ""selected preferred_00 direction=322deg margin=0.023rad"", ""reason"": ""OK"", ""duration_ms"": 370.7}, {""state"": ""EXECUTE_PICK"", ""success"": true, ""message"": ""validated motion plan executed"", ""reason"": ""OK"", ""duration_ms"": 150.9}, {""state"": ""VERIFY_GRASP"", ""success"": true, ""message"": ""object lifted 146 mm"", ""reason"": ""OK"", ""duration_ms"": 0.0}]"
x02-y02-r01,yolo,bottle,0.36,-0.115,0.35877178539109517,-0.11356984147656345,254.33746039916034,1,IN_DOMAIN,True,,,,,146.2,1170.7,599.4,157.9,50.1,327.3816517675658,lateral_band,lower,342.38165176756587,0.195,0.07500000000000001,0.030103028511747,0.07229238464824374,"{""candidate_id"": ""preferred_00"", ""direction_deg"": 327.3816517675658, ""pre_close_object_xy_shift_mm"": 0.0, ""close_object_xy_shift_mm"": 0.369, ""lift_horizontal_drift_mm"": 2.137, ""lift_height_mm"": 146.165, ""target_contact_geoms"": [""link7/geom:18"", ""link8/geom:20"", ""table/table_top""], ""bilateral_finger_contact"": true, ""failure_class"": ""NONE""}",0.0,[],"[{""state"": ""DETECT_SOURCE"", ""success"": true, ""message"": ""selected bottle_0 conf=0.93 base=[ 0.364 -0.116  0.17 ] (2016 ROI pts)"", ""reason"": ""OK"", ""duration_ms"": 599.4}, {""state"": ""PLAN_PICK"", ""success"": true, ""message"": ""selected preferred_00 direction=327deg margin=0.011rad"", ""reason"": ""OK"", ""duration_ms"": 413.4}, {""state"": ""EXECUTE_PICK"", ""success"": true, ""message"": ""validated motion plan executed"", ""reason"": ""OK"", ""duration_ms"": 157.9}, {""state"": ""VERIFY_GRASP"", ""success"": true, ""message"": ""object lifted 146 mm"", ""reason"": ""OK"", ""duration_ms"": 0.0}]"
x02-y02-r02,yolo,bottle,0.36,-0.115,0.3622657387859737,-0.11444242922944671,295.11122199350416,2,IN_DOMAIN,True,,,,,146.4,1085.5,572.1,157.4,52.0,327.31762294561537,lateral_band,lower,342.31762294561537,0.195,0.07500000000000001,0.029812313922974,0.0718773669849927,"{""candidate_id"": ""preferred_00"", ""direction_deg"": 327.31762294561537, ""pre_close_object_xy_shift_mm"": 0.0, ""close_object_xy_shift_mm"": 0.32, ""lift_horizontal_drift_mm"": 1.297, ""lift_height_mm"": 146.352, ""target_contact_geoms"": [""link7/geom:18"", ""link8/geom:20"", ""table/table_top""], ""bilateral_finger_contact"": true, ""failure_class"": ""NONE""}",0.0,[],"[{""state"": ""DETECT_SOURCE"", ""success"": true, ""message"": ""selected bottle_0 conf=0.91 base=[ 0.368 -0.117  0.172] (1944 ROI pts)"", ""reason"": ""OK"", ""duration_ms"": 572.1}, {""state"": ""PLAN_PICK"", ""success"": true, ""message"": ""selected preferred_00 direction=327deg margin=0.015rad"", ""reason"": ""OK"", ""duration_ms"": 355.9}, {""state"": ""EXECUTE_PICK"", ""success"": true, ""message"": ""validated motion plan executed"", ""reason"": ""OK"", ""duration_ms"": 157.4}, {""state"": ""VERIFY_GRASP"", ""success"": true, ""message"": ""object lifted 146 mm"", ""reason"": ""OK"", ""duration_ms"": 0.0}]"
x02-y02-r03,yolo,bottle,0.36,-0.115,0.3614252729918775,-0.11300951907480404,77.33715963921858,3,IN_DOMAIN,True,,,,,146.0,1165.2,592.7,156.7,49.9,327.5956470688129,lateral_band,lower,342.5956470688129,0.195,0.07500000000000001,0.02999337652671506,0.0721381725259865,"{""candidate_id"": ""preferred_00"", ""direction_deg"": 327.5956470688129, ""pre_close_object_xy_shift_mm"": 0.0, ""close_object_xy_shift_mm"": 0.368, ""lift_horizontal_drift_mm"": 2.059, ""lift_height_mm"": 146.049, ""target_contact_geoms"": [""link7/geom:18"", ""link8/geom:20"", ""table/table_top""], ""bilateral_finger_contact"": true, ""failure_class"": ""NONE""}",0.0,[],"[{""state"": ""DETECT_SOURCE"", ""success"": true, ""message"": ""selected bottle_0 conf=0.88 base=[ 0.366 -0.115  0.17 ] (1925 ROI pts)"", ""reason"": ""OK"", ""duration_ms"": 592.7}, {""state"": ""PLAN_PICK"", ""success"": true, ""message"": ""selected preferred_00 direction=328deg margin=0.012rad"", ""reason"": ""OK"", ""duration_ms"": 415.8}, {""state"": ""EXECUTE_PICK"", ""success"": true, ""message"": ""validated motion plan executed"", ""reason"": ""OK"", ""duration_ms"": 156.7}, {""state"": ""VERIFY_GRASP"", ""success"": true, ""message"": ""object lifted 146 mm"", ""reason"": ""OK"", ""duration_ms"": 0.0}]"
x02-y02-r04,yolo,bottle,0.36,-0.115,0.36013771271209843,-0.11231674053349221,97.13119947698853,4,IN_DOMAIN,True,,,,,146.2,1269.4,702.7,157.4,49.5,327.605773335388,lateral_band,lower,342.605773335388,0.195,0.07500000000000001,0.030086033551256434,0.0722686595067673,"{""candidate_id"": ""preferred_00"", ""direction_deg"": 327.605773335388, ""pre_close_object_xy_shift_mm"": 0.0, ""close_object_xy_shift_mm"": 0.366, ""lift_horizontal_drift_mm"": 1.745, ""lift_height_mm"": 146.229, ""target_contact_geoms"": [""link7/geom:18"", ""link8/geom:20"", ""table/table_top""], ""bilateral_finger_contact"": true, ""failure_class"": ""NONE""}",0.0,[],"[{""state"": ""DETECT_SOURCE"", ""success"": true, ""message"": ""selected bottle_0 conf=0.87 base=[ 0.365 -0.114  0.169] (1980 ROI pts)"", ""reason"": ""OK"", ""duration_ms"": 702.7}, {""state"": ""PLAN_PICK"", ""success"": true, ""message"": ""selected preferred_00 direction=328deg margin=0.011rad"", ""reason"": ""OK"", ""duration_ms"": 409.2}, {""state"": ""EXECUTE_PICK"", ""success"": true, ""message"": ""validated motion plan executed"", ""reason"": ""OK"", ""duration_ms"": 157.4}, {""state"": ""VERIFY_GRASP"", ""success"": true, ""message"": ""object lifted 146 mm"", ""reason"": ""OK"", ""duration_ms"": 0.0}]"
x02-y02-r05,yolo,bottle,0.36,-0.115,0.35786084096218046,-0.11522134781358657,319.16045212275304,5,IN_DOMAIN,True,,,,,146.2,1184.7,601.7,155.7,52.6,327.093662641153,lateral_band,lower,342.093662641153,0.195,0.07500000000000001,0.03029496388066167,0.07255604438382758,"{""candidate_id"": ""preferred_00"", ""direction_deg"": 327.093662641153, ""pre_close_object_xy_shift_mm"": 0.0, ""close_object_xy_shift_mm"": 0.291, ""lift_horizontal_drift_mm"": 1.824, ""lift_height_mm"": 146.218, ""target_contact_geoms"": [""link7/geom:18"", ""link8/geom:20"", ""table/table_top""], ""bilateral_finger_contact"": true, ""failure_class"": ""NONE""}",0.0,[],"[{""state"": ""DETECT_SOURCE"", ""success"": true, ""message"": ""selected bottle_0 conf=0.84 base=[ 0.361 -0.117  0.172] (1870 ROI pts)"", ""reason"": ""OK"", ""duration_ms"": 601.7}, {""state"": ""PLAN_PICK"", ""success"": true, ""message"": ""selected preferred_00 direction=327deg margin=0.008rad"", ""reason"": ""OK"", ""duration_ms"": 427.3}, {""state"": ""EXECUTE_PICK"", ""success"": true, ""message"": ""validated motion plan executed"", ""reason"": ""OK"", ""duration_ms"": 155.7}, {""state"": ""VERIFY_GRASP"", ""success"": true, ""message"": ""object lifted 146 mm"", ""reason"": ""OK"", ""duration_ms"": 0.0}]"
x02-y02-r06,yolo,bottle,0.36,-0.115,0.3573491596901658,-0.11515817687698705,294.66622195751216,6,IN_DOMAIN,True,,,,,146.2,1194.7,621.4,159.5,51.8,326.9865738913383,lateral_band,lower,341.9865738913383,0.195,0.07500000000000001,0.03011719073685892,0.0723121068464148,"{""candidate_id"": ""preferred_00"", ""direction_deg"": 326.9865738913383, ""pre_close_object_xy_shift_mm"": 0.0, ""close_object_xy_shift_mm"": 0.337, ""lift_horizontal_drift_mm"": 1.846, ""lift_height_mm"": 146.249, ""target_contact_geoms"": [""link7/geom:18"", ""link8/geom:20"", ""table/table_top""], ""bilateral_finger_contact"": true, ""failure_class"": ""NONE""}",0.0,[],"[{""state"": ""DETECT_SOURCE"", ""success"": true, ""message"": ""selected bottle_0 conf=0.87 base=[ 0.363 -0.118  0.171] (1998 ROI pts)"", ""reason"": ""OK"", ""duration_ms"": 621.4}, {""state"": ""PLAN_PICK"", ""success"": true, ""message"": ""selected preferred_00 direction=327deg margin=0.010rad"", ""reason"": ""OK"", ""duration_ms"": 413.7}, {""state"": ""EXECUTE_PICK"", ""success"": true, ""message"": ""validated motion plan executed"", ""reason"": ""OK"", ""duration_ms"": 159.5}, {""state"": ""VERIFY_GRASP"", ""success"": true, ""message"": ""object lifted 146 mm"", ""reason"": ""OK"", ""duration_ms"": 0.0}]"
x02-y02-r07,yolo,bottle,0.36,-0.115,0.3607397033883937,-0.11310356392606148,193.9773257045762,7,IN_DOMAIN,True,,,,,145.8,1033.8,499.5,174.3,53.1,327.6954042396777,lateral_band,lower,342.6954042396777,0.195,0.07500000000000001,0.7253342193495762,0.0737326564848621,"{""candidate_id"": ""preferred_00"", ""direction_deg"": 327.6954042396777, ""pre_close_object_xy_shift_mm"": 0.0, ""close_object_xy_shift_mm"": 0.224, ""lift_horizontal_drift_mm"": 1.99, ""lift_height_mm"": 145.845, ""target_contact_geoms"": [""link7/geom:18"", ""link8/geom:20"", ""table/table_top""], ""bilateral_finger_contact"": true, ""failure_class"": ""NONE""}",0.0,[],"[{""state"": ""DETECT_SOURCE"", ""success"": true, ""message"": ""selected bottle_0 conf=0.51 base=[ 0.352 -0.11   0.172] (1344 ROI pts)"", ""reason"": ""OK"", ""duration_ms"": 499.5}, {""state"": ""PLAN_PICK"", ""success"": true, ""message"": ""selected preferred_00 direction=328deg margin=0.000rad"", ""reason"": ""OK"", ""duration_ms"": 359.8}, {""state"": ""EXECUTE_PICK"", ""success"": true, ""message"": ""validated motion plan executed"", ""reason"": ""OK"", ""duration_ms"": 174.3}, {""state"": ""VERIFY_GRASP"", ""success"": true, ""message"": ""object lifted 146 mm"", ""reason"": ""OK"", ""duration_ms"": 0.0}]"
x02-y02-r08,yolo,bottle,0.36,-0.115,0.3582714361027255,-0.11661480826660103,163.42849655874588,8,IN_DOMAIN,True,,,,,146.2,1015.0,497.5,154.3,51.2,327.4139327740218,lateral_band,lower,342.4139327740218,0.195,0.07500000000000001,0.7446210721756129,0.07378459167604254,"{""candidate_id"": ""preferred_00"", ""direction_deg"": 327.4139327740218, ""pre_close_object_xy_shift_mm"": 0.0, ""close_object_xy_shift_mm"": 0.327, ""lift_horizontal_drift_mm"": 1.366, ""lift_height_mm"": 146.23, ""target_contact_geoms"": [""link7/geom:18"", ""link8/geom:20"", ""table/table_top""], ""bilateral_finger_contact"": true, ""failure_class"": ""NONE""}",0.0,[],"[{""state"": ""DETECT_SOURCE"", ""success"": true, ""message"": ""selected bottle_0 conf=0.40 base=[ 0.351 -0.111  0.17 ] (1344 ROI pts)"", ""reason"": ""OK"", ""duration_ms"": 497.5}, {""state"": ""PLAN_PICK"", ""success"": true, ""message"": ""selected preferred_00 direction=327deg margin=0.000rad"", ""reason"": ""OK"", ""duration_ms"": 363.2}, {""state"": ""EXECUTE_PICK"", ""success"": true, ""message"": ""validated motion plan executed"", ""reason"": ""OK"", ""duration_ms"": 154.3}, {""state"": ""VERIFY_GRASP"", ""success"": true, ""message"": ""object lifted 146 mm"", ""reason"": ""OK"", ""duration_ms"": 0.0}]"
x02-y02-r09,yolo,bottle,0.36,-0.115,0.3593283092308981,-0.11733636384711713,106.02004165724013,9,IN_DOMAIN,True,,,,,146.1,1121.8,605.4,160.7,49.7,326.8066374997606,lateral_band,lower,341.8066374997606,0.195,0.07500000000000001,0.02999329300375346,0.07213805402054277,"{""candidate_id"": ""preferred_00"", ""direction_deg"": 326.8066374997606, ""pre_close_object_xy_shift_mm"": 0.0, ""close_object_xy_shift_mm"": 0.349, ""lift_horizontal_drift_mm"": 1.859, ""lift_height_mm"": 146.12, ""target_contact_geoms"": [""link7/geom:18"", ""link8/geom:20"", ""table/table_top""], ""bilateral_finger_contact"": true, ""failure_class"": ""NONE""}",0.0,[],"[{""state"": ""DETECT_SOURCE"", ""success"": true, ""message"": ""selected bottle_0 conf=0.86 base=[ 0.364 -0.12   0.169] (2035 ROI pts)"", ""reason"": ""OK"", ""duration_ms"": 605.4}, {""state"": ""PLAN_PICK"", ""success"": true, ""message"": ""selected preferred_00 direction=327deg margin=0.012rad"", ""reason"": ""OK"", ""duration_ms"": 355.7}, {""state"": ""EXECUTE_PICK"", ""success"": true, ""message"": ""validated motion plan executed"", ""reason"": ""OK"", ""duration_ms"": 160.7}, {""state"": ""VERIFY_GRASP"", ""success"": true, ""message"": ""object lifted 146 mm"", ""reason"": ""OK"", ""duration_ms"": 0.0}]"
x02-y02-r10,yolo,bottle,0.36,-0.115,0.36047554369929025,-0.11359341564656107,236.18568091936783,10,IN_DOMAIN,True,,,,,146.2,1159.8,592.3,156.3,50.1,327.43088800174695,lateral_band,lower,342.43088800174695,0.195,0.07500000000000001,0.030154918004011967,0.07236443299689241,"{""candidate_id"": ""preferred_00"", ""direction_deg"": 327.43088800174695, ""pre_close_object_xy_shift_mm"": 0.0, ""close_object_xy_shift_mm"": 0.252, ""lift_horizontal_drift_mm"": 1.739, ""lift_height_mm"": 146.196, ""target_contact_geoms"": [""link7/geom:18"", ""link8/geom:20"", ""table/table_top""], ""bilateral_finger_contact"": true, ""failure_class"": ""NONE""}",0.0,[],"[{""state"": ""DETECT_SOURCE"", ""success"": true, ""message"": ""selected bottle_0 conf=0.87 base=[ 0.363 -0.115  0.17 ] (1848 ROI pts)"", ""reason"": ""OK"", ""duration_ms"": 592.3}, {""state"": ""PLAN_PICK"", ""success"": true, ""message"": ""selected preferred_00 direction=327deg margin=0.010rad"", ""reason"": ""OK"", ""duration_ms"": 411.2}, {""state"": ""EXECUTE_PICK"", ""success"": true, ""message"": ""validated motion plan executed"", ""reason"": ""OK"", ""duration_ms"": 156.3}, {""state"": ""VERIFY_GRASP"", ""success"": true, ""message"": ""object lifted 146 mm"", ""reason"": ""OK"", ""duration_ms"": 0.0}]"
x02-y03-r01,yolo,bottle,0.36,-0.07,0.3585900434221692,-0.07277402092472247,117.22076788337411,1,IN_DOMAIN,True,,,,,146.0,1160.5,585.2,157.0,51.9,0.0,lateral_band,upper,0.0,0.195,0.07500000000000001,0.027005364866677532,0.06934859963383809,"{""candidate_id"": ""preferred_00"", ""direction_deg"": 0.0, ""pre_close_object_xy_shift_mm"": 0.0, ""close_object_xy_shift_mm"": 0.206, ""lift_horizontal_drift_mm"": 1.289, ""lift_height_mm"": 146.007, ""target_contact_geoms"": [""link7/geom:18"", ""link8/geom:20"", ""table/table_top""], ""bilateral_finger_contact"": true, ""failure_class"": ""NONE""}",0.0,[],"[{""state"": ""DETECT_SOURCE"", ""success"": true, ""message"": ""selected bottle_0 conf=0.88 base=[ 0.362 -0.074  0.172] (1749 ROI pts)"", ""reason"": ""OK"", ""duration_ms"": 585.2}, {""state"": ""PLAN_PICK"", ""success"": true, ""message"": ""selected preferred_00 direction=0deg margin=0.040rad"", ""reason"": ""OK"", ""duration_ms"": 418.3}, {""state"": ""EXECUTE_PICK"", ""success"": true, ""message"": ""validated motion plan executed"", ""reason"": ""OK"", ""duration_ms"": 157.0}, {""state"": ""VERIFY_GRASP"", ""success"": true, ""message"": ""object lifted 146 mm"", ""reason"": ""OK"", ""duration_ms"": 0.0}]"
x02-y03-r02,yolo,bottle,0.36,-0.07,0.3584049978895887,-0.06705687793465484,352.2100374410097,2,IN_DOMAIN,False,DETECT_SOURCE,STATE_FAILED,DETECT_SOURCE,STATE_FAILED,,352.3,352.3,0,,,,,,,,,,null,0.0,[],"[{""state"": ""DETECT_SOURCE"", ""success"": false, ""message"": ""no 'bottle' detected (saw 0 objects)"", ""reason"": ""STATE_FAILED"", ""duration_ms"": 352.3}]"
x02-y03-r03,yolo,bottle,0.36,-0.07,0.3614966899999865,-0.0726486250637435,99.20139492158076,3,IN_DOMAIN,True,,,,,145.9,1306.2,589.2,161.3,51.1,0.0,lateral_band,upper,0.0,0.195,0.07500000000000001,0.026526140797818922,0.06867434514932715,"{""candidate_id"": ""preferred_00"", ""direction_deg"": 0.0, ""pre_close_object_xy_shift_mm"": 0.0, ""close_object_xy_shift_mm"": 0.166, ""lift_horizontal_drift_mm"": 1.061, ""lift_height_mm"": 145.895, ""target_contact_geoms"": [""link7/geom:18"", ""link8/geom:20"", ""table/table_top""], ""bilateral_finger_contact"": true, ""failure_class"": ""NONE""}",0.0,[],"[{""state"": ""DETECT_SOURCE"", ""success"": true, ""message"": ""selected bottle_0 conf=0.88 base=[ 0.365 -0.074  0.171] (1782 ROI pts)"", ""reason"": ""OK"", ""duration_ms"": 589.2}, {""state"": ""PLAN_PICK"", ""success"": true, ""message"": ""selected preferred_00 direction=0deg margin=0.043rad"", ""reason"": ""OK"", ""duration_ms"": 555.7}, {""state"": ""EXECUTE_PICK"", ""success"": true, ""message"": ""validated motion plan executed"", ""reason"": ""OK"", ""duration_ms"": 161.3}, {""state"": ""VERIFY_GRASP"", ""success"": true, ""message"": ""object lifted 146 mm"", ""reason"": ""OK"", ""duration_ms"": 0.0}]"
x02-y03-r04,yolo,bottle,0.36,-0.07,0.35963513587696666,-0.06897532316219275,0.23867004436990857,4,IN_DOMAIN,False,DETECT_SOURCE,STATE_FAILED,DETECT_SOURCE,STATE_FAILED,,371.5,371.5,0,,,,,,,,,,null,0.0,[],"[{""state"": ""DETECT_SOURCE"", ""success"": false, ""message"": ""no 'bottle' detected (saw 0 objects)"", ""reason"": ""STATE_FAILED"", ""duration_ms"": 371.5}]"
x02-y03-r05,yolo,bottle,0.36,-0.07,0.35963431730643863,-0.06937117034077411,69.37391675376287,5,IN_DOMAIN,True,,,,,146.0,1211.2,601.8,159.3,49.5,0.0,lateral_band,upper,0.0,0.195,0.07500000000000001,0.02609389009781285,0.06818837827191722,"{""candidate_id"": ""preferred_00"", ""direction_deg"": 0.0, ""pre_close_object_xy_shift_mm"": 0.0, ""close_object_xy_shift_mm"": 0.012, ""lift_horizontal_drift_mm"": 0.93, ""lift_height_mm"": 145.983, ""target_contact_geoms"": [""link7/geom:18"", ""link8/geom:20"", ""table/table_top""], ""bilateral_finger_contact"": true, ""failure_class"": ""NONE""}",0.0,[],"[{""state"": ""DETECT_SOURCE"", ""success"": true, ""message"": ""selected bottle_0 conf=0.89 base=[ 0.362 -0.07   0.169] (1736 ROI pts)"", ""reason"": ""OK"", ""duration_ms"": 601.8}, {""state"": ""PLAN_PICK"", ""success"": true, ""message"": ""selected preferred_00 direction=0deg margin=0.046rad"", ""reason"": ""OK"", ""duration_ms"": 450.0}, {""state"": ""EXECUTE_PICK"", ""success"": true, ""message"": ""validated motion plan executed"", ""reason"": ""OK"", ""duration_ms"": 159.3}, {""state"": ""VERIFY_GRASP"", ""success"": true, ""message"": ""object lifted 146 mm"", ""reason"": ""OK"", ""duration_ms"": 0.0}]"
x02-y03-r06,yolo,bottle,0.36,-0.07,0.36160362331607654,-0.07141397826164936,85.22917123380334,6,IN_DOMAIN,True,,,,,145.9,1230.7,636.6,162.6,50.5,0.0,lateral_band,upper,0.0,0.195,0.07500000000000001,0.02615092027411593,0.0681903974440802,"{""candidate_id"": ""preferred_00"", ""direction_deg"": 0.0, ""pre_close_object_xy_shift_mm"": 0.0, ""close_object_xy_shift_mm"": 0.051, ""lift_horizontal_drift_mm"": 1.047, ""lift_height_mm"": 145.939, ""target_contact_geoms"": [""link7/geom:18"", ""link8/geom:20"", ""table/table_top""], ""bilateral_finger_contact"": true, ""failure_class"": ""NONE""}",0.0,[],"[{""state"": ""DETECT_SOURCE"", ""success"": true, ""message"": ""selected bottle_0 conf=0.89 base=[ 0.365 -0.072  0.17 ] (1760 ROI pts)"", ""reason"": ""OK"", ""duration_ms"": 636.6}, {""state"": ""PLAN_PICK"", ""success"": true, ""message"": ""selected preferred_00 direction=0deg margin=0.046rad"", ""reason"": ""OK"", ""duration_ms"": 431.5}, {""state"": ""EXECUTE_PICK"", ""success"": true, ""message"": ""validated motion plan executed"", ""reason"": ""OK"", ""duration_ms"": 162.6}, {""state"": ""VERIFY_GRASP"", ""success"": true, ""message"": ""object lifted 146 mm"", ""reason"": ""OK"", ""duration_ms"": 0.0}]"
x02-y03-r07,yolo,bottle,0.36,-0.07,0.3608823488413525,-0.07027348842769401,290.16866506510524,7,IN_DOMAIN,True,,,,,146.0,1233.4,610.6,162.1,53.2,0.0,lateral_band,upper,0.0,0.195,0.07500000000000001,0.02599101871211683,0.06797784331360765,"{""candidate_id"": ""preferred_00"", ""direction_deg"": 0.0, ""pre_close_object_xy_shift_mm"": 0.0, ""close_object_xy_shift_mm"": 0.208, ""lift_horizontal_drift_mm"": 1.324, ""lift_height_mm"": 146.017, ""target_contact_geoms"": [""link7/geom:18"", ""link8/geom:20"", ""table/table_top""], ""bilateral_finger_contact"": true, ""failure_class"": ""NONE""}",0.0,[],"[{""state"": ""DETECT_SOURCE"", ""success"": true, ""message"": ""selected bottle_0 conf=0.89 base=[ 0.365 -0.072  0.173] (1696 ROI pts)"", ""reason"": ""OK"", ""duration_ms"": 610.6}, {""state"": ""PLAN_PICK"", ""success"": true, ""message"": ""selected preferred_00 direction=0deg margin=0.047rad"", ""reason"": ""OK"", ""duration_ms"": 460.7}, {""state"": ""EXECUTE_PICK"", ""success"": true, ""message"": ""validated motion plan executed"", ""reason"": ""OK"", ""duration_ms"": 162.1}, {""state"": ""VERIFY_GRASP"", ""success"": true, ""message"": ""object lifted 146 mm"", ""reason"": ""OK"", ""duration_ms"": 0.0}]"
x02-y03-r08,yolo,bottle,0.36,-0.07,0.3572140782109496,-0.07126201551783347,202.73260638640593,8,IN_DOMAIN,False,DETECT_SOURCE,STATE_FAILED,DETECT_SOURCE,STATE_FAILED,,377.4,377.4,0,,,,,,,,,,null,0.0,[],"[{""state"": ""DETECT_SOURCE"", ""success"": false, ""message"": ""no 'bottle' detected (saw 0 objects)"", ""reason"": ""STATE_FAILED"", ""duration_ms"": 377.4}]"
x02-y03-r09,yolo,bottle,0.36,-0.07,0.36047400865913376,-0.0681577014125955,87.00505408593065,9,IN_DOMAIN,True,,,,,145.9,1211.5,623.7,170.1,51.2,0.0,lateral_band,upper,0.0,0.195,0.07500000000000001,0.025555918343834933,0.06742567454414278,"{""candidate_id"": ""preferred_00"", ""direction_deg"": 0.0, ""pre_close_object_xy_shift_mm"": 0.0, ""close_object_xy_shift_mm"": 0.049, ""lift_horizontal_drift_mm"": 1.078, ""lift_height_mm"": 145.935, ""target_contact_geoms"": [""link7/geom:18"", ""link8/geom:20"", ""table/table_top""], ""bilateral_finger_contact"": true, ""failure_class"": ""NONE""}",0.0,[],"[{""state"": ""DETECT_SOURCE"", ""success"": true, ""message"": ""selected bottle_0 conf=0.86 base=[ 0.364 -0.069  0.171] (1728 ROI pts)"", ""reason"": ""OK"", ""duration_ms"": 623.7}, {""state"": ""PLAN_PICK"", ""success"": true, ""message"": ""selected preferred_00 direction=0deg margin=0.050rad"", ""reason"": ""OK"", ""duration_ms"": 417.7}, {""state"": ""EXECUTE_PICK"", ""success"": true, ""message"": ""validated motion plan executed"", ""reason"": ""OK"", ""duration_ms"": 170.1}, {""state"": ""VERIFY_GRASP"", ""success"": true, ""message"": ""object lifted 146 mm"", ""reason"": ""OK"", ""duration_ms"": 0.0}]"
x02-y03-r10,yolo,bottle,0.36,-0.07,0.3614496627729946,-0.0690844421911747,60.824355172078654,10,IN_DOMAIN,True,,,,,145.9,1186.3,609.8,155.0,51.7,0.0,lateral_band,upper,0.0,0.195,0.07500000000000001,0.025856876456038277,0.06785935566575206,"{""candidate_id"": ""preferred_00"", ""direction_deg"": 0.0, ""pre_close_object_xy_shift_mm"": 0.0, ""close_object_xy_shift_mm"": 0.061, ""lift_horizontal_drift_mm"": 0.833, ""lift_height_mm"": 145.894, ""target_contact_geoms"": [""link7/geom:18"", ""link8/geom:20"", ""table/table_top""], ""bilateral_finger_contact"": true, ""failure_class"": ""NONE""}",0.0,[],"[{""state"": ""DETECT_SOURCE"", ""success"": true, ""message"": ""selected bottle_0 conf=0.89 base=[ 0.362 -0.069  0.172] (1595 ROI pts)"", ""reason"": ""OK"", ""duration_ms"": 609.8}, {""state"": ""PLAN_PICK"", ""success"": true, ""message"": ""selected preferred_00 direction=0deg margin=0.048rad"", ""reason"": ""OK"", ""duration_ms"": 421.5}, {""state"": ""EXECUTE_PICK"", ""success"": true, ""message"": ""validated motion plan executed"", ""reason"": ""OK"", ""duration_ms"": 155.0}, {""state"": ""VERIFY_GRASP"", ""success"": true, ""message"": ""object lifted 146 mm"", ""reason"": ""OK"", ""duration_ms"": 0.0}]"
x02-y04-r01,yolo,bottle,0.36,-0.025,0.3590906203504802,-0.02388424950123316,6.8835023700288644,1,IN_DOMAIN,False,DETECT_SOURCE,STATE_FAILED,DETECT_SOURCE,STATE_FAILED,,363.9,363.9,0,,,,,,,,,,null,0.0,[],"[{""state"": ""DETECT_SOURCE"", ""success"": false, ""message"": ""no 'bottle' detected (saw 0 objects)"", ""reason"": ""STATE_FAILED"", ""duration_ms"": 363.9}]"
x02-y04-r02,yolo,bottle,0.36,-0.025,0.3624136413888596,-0.024255114896574545,359.5563802450892,2,IN_DOMAIN,True,,,,,145.5,948.4,478.2,155.6,57.7,0.0,lateral_band,upper,0.0,0.195,0.07500000000000001,0.011288332490122887,0.03686028411561779,"{""candidate_id"": ""preferred_00"", ""direction_deg"": 0.0, ""pre_close_object_xy_shift_mm"": 0.0, ""close_object_xy_shift_mm"": 0.385, ""lift_horizontal_drift_mm"": 1.516, ""lift_height_mm"": 145.519, ""target_contact_geoms"": [""link7/geom:18"", ""link8/geom:20"", ""table/table_top""], ""bilateral_finger_contact"": true, ""failure_class"": ""NONE""}",0.0,[],"[{""state"": ""DETECT_SOURCE"", ""success"": true, ""message"": ""selected bottle_0 conf=0.59 base=[ 0.356 -0.023  0.177] (1134 ROI pts)"", ""reason"": ""OK"", ""duration_ms"": 478.2}, {""state"": ""PLAN_PICK"", ""success"": true, ""message"": ""selected preferred_00 direction=0deg margin=0.123rad"", ""reason"": ""OK"", ""duration_ms"": 314.6}, {""state"": ""EXECUTE_PICK"", ""success"": true, ""message"": ""validated motion plan executed"", ""reason"": ""OK"", ""duration_ms"": 155.6}, {""state"": ""VERIFY_GRASP"", ""success"": true, ""message"": ""object lifted 146 mm"", ""reason"": ""OK"", ""duration_ms"": 0.0}]"
x02-y04-r03,yolo,bottle,0.36,-0.025,0.36197626416528716,-0.023780164779654445,251.51637948804472,3,IN_DOMAIN,True,,,,,145.9,1156.8,611.6,155.3,52.1,0.0,lateral_band,upper,0.0,0.195,0.07500000000000001,0.011186127758560475,0.036575092433675446,"{""candidate_id"": ""preferred_00"", ""direction_deg"": 0.0, ""pre_close_object_xy_shift_mm"": 0.0, ""close_object_xy_shift_mm"": 0.031, ""lift_horizontal_drift_mm"": 1.551, ""lift_height_mm"": 145.851, ""target_contact_geoms"": [""link7/geom:18"", ""link8/geom:20"", ""table/table_top""], ""bilateral_finger_contact"": true, ""failure_class"": ""NONE""}",0.0,[],"[{""state"": ""DETECT_SOURCE"", ""success"": true, ""message"": ""selected bottle_0 conf=0.93 base=[ 0.363 -0.024  0.172] (1458 ROI pts)"", ""reason"": ""OK"", ""duration_ms"": 611.6}, {""state"": ""PLAN_PICK"", ""success"": true, ""message"": ""selected preferred_00 direction=0deg margin=0.118rad"", ""reason"": ""OK"", ""duration_ms"": 390.0}, {""state"": ""EXECUTE_PICK"", ""success"": true, ""message"": ""validated motion plan executed"", ""reason"": ""OK"", ""duration_ms"": 155.3}, {""state"": ""VERIFY_GRASP"", ""success"": true, ""message"": ""object lifted 146 mm"", ""reason"": ""OK"", ""duration_ms"": 0.0}]"
x02-y04-r04,yolo,bottle,0.36,-0.025,0.361908519700625,-0.026632839443085102,290.9393218097507,4,IN_DOMAIN,True,,,,,146.0,1337.8,602.6,178.3,52.8,0.0,lateral_band,upper,0.0,0.195,0.07500000000000001,0.012233718251400464,0.039702581571106996,"{""candidate_id"": ""preferred_00"", ""direction_deg"": 0.0, ""pre_close_object_xy_shift_mm"": 0.0, ""close_object_xy_shift_mm"": 0.031, ""lift_horizontal_drift_mm"": 1.66, ""lift_height_mm"": 145.954, ""target_contact_geoms"": [""link7/geom:18"", ""link8/geom:20"", ""table/table_top""], ""bilateral_finger_contact"": true, ""failure_class"": ""NONE""}",0.0,[],"[{""state"": ""DETECT_SOURCE"", ""success"": true, ""message"": ""selected bottle_0 conf=0.90 base=[ 0.365 -0.027  0.173] (1508 ROI pts)"", ""reason"": ""OK"", ""duration_ms"": 602.6}, {""state"": ""PLAN_PICK"", ""success"": true, ""message"": ""selected preferred_00 direction=0deg margin=0.114rad"", ""reason"": ""OK"", ""duration_ms"": 556.8}, {""state"": ""EXECUTE_PICK"", ""success"": true, ""message"": ""validated motion plan executed"", ""reason"": ""OK"", ""duration_ms"": 178.3}, {""state"": ""VERIFY_GRASP"", ""success"": true, ""message"": ""object lifted 146 mm"", ""reason"": ""OK"", ""duration_ms"": 0.0}]"
x02-y04-r05,yolo,bottle,0.36,-0.025,0.361141934010971,-0.02563558705261579,120.34576141539293,5,IN_DOMAIN,True,,,,,145.8,1258.7,654.7,156.2,52.7,0.0,lateral_band,upper,0.0,0.195,0.07500000000000001,0.011867451130466665,0.03862948315426122,"{""candidate_id"": ""preferred_00"", ""direction_deg"": 0.0, ""pre_close_object_xy_shift_mm"": 0.0, ""close_object_xy_shift_mm"": 0.031, ""lift_horizontal_drift_mm"": 1.546, ""lift_height_mm"": 145.803, ""target_contact_geoms"": [""link7/geom:18"", ""link8/geom:20"", ""table/table_top""], ""bilateral_finger_contact"": true, ""failure_class"": ""NONE""}",0.0,[],"[{""state"": ""DETECT_SOURCE"", ""success"": true, ""message"": ""selected bottle_0 conf=0.87 base=[ 0.363 -0.026  0.173] (1508 ROI pts)"", ""reason"": ""OK"", ""duration_ms"": 654.7}, {""state"": ""PLAN_PICK"", ""success"": true, ""message"": ""selected preferred_00 direction=0deg margin=0.116rad"", ""reason"": ""OK"", ""duration_ms"": 447.8}, {""state"": ""EXECUTE_PICK"", ""success"": true, ""message"": ""validated motion plan executed"", ""reason"": ""OK"", ""duration_ms"": 156.2}, {""state"": ""VERIFY_GRASP"", ""success"": true, ""message"": ""object lifted 146 mm"", ""reason"": ""OK"", ""duration_ms"": 0.0}]"
x02-y04-r06,yolo,bottle,0.36,-0.025,0.35931975790957305,-0.026146557314518308,324.3314325049655,6,IN_DOMAIN,True,,,,,146.1,1253.6,712.1,158.7,53.2,0.0,lateral_band,upper,0.0,0.195,0.07500000000000001,0.012147398917004218,0.03945491371520118,"{""candidate_id"": ""preferred_00"", ""direction_deg"": 0.0, ""pre_close_object_xy_shift_mm"": 0.0, ""close_object_xy_shift_mm"": 0.167, ""lift_horizontal_drift_mm"": 2.011, ""lift_height_mm"": 146.064, ""target_contact_geoms"": [""link7/geom:18"", ""link8/geom:20"", ""table/table_top""], ""bilateral_finger_contact"": true, ""failure_class"": ""NONE""}",0.0,[],"[{""state"": ""DETECT_SOURCE"", ""success"": true, ""message"": ""selected bottle_0 conf=0.90 base=[ 0.361 -0.026  0.173] (1484 ROI pts)"", ""reason"": ""OK"", ""duration_ms"": 712.1}, {""state"": ""PLAN_PICK"", ""success"": true, ""message"": ""selected preferred_00 direction=0deg margin=0.117rad"", ""reason"": ""OK"", ""duration_ms"": 382.8}, {""state"": ""EXECUTE_PICK"", ""success"": true, ""message"": ""validated motion plan executed"", ""reason"": ""OK"", ""duration_ms"": 158.7}, {""state"": ""VERIFY_GRASP"", ""success"": true, ""message"": ""object lifted 146 mm"", ""reason"": ""OK"", ""duration_ms"": 0.0}]"
x02-y04-r07,yolo,bottle,0.36,-0.025,0.35724234899439017,-0.027206648729923833,212.3095662114823,7,IN_DOMAIN,False,DETECT_SOURCE,STATE_FAILED,DETECT_SOURCE,STATE_FAILED,,384.1,384.1,0,,,,,,,,,,null,0.0,[],"[{""state"": ""DETECT_SOURCE"", ""success"": false, ""message"": ""no 'bottle' detected (saw 0 objects)"", ""reason"": ""STATE_FAILED"", ""duration_ms"": 384.1}]"
x02-y04-r08,yolo,bottle,0.36,-0.025,0.36096966411355474,-0.02578324642429177,148.13957722922112,8,IN_DOMAIN,True,,,,,145.8,1123.3,583.7,157.2,53.4,0.0,lateral_band,upper,0.0,0.195,0.07500000000000001,0.011873500641913493,0.03864838817402126,"{""candidate_id"": ""preferred_00"", ""direction_deg"": 0.0, ""pre_close_object_xy_shift_mm"": 0.0, ""close_object_xy_shift_mm"": 0.228, ""lift_horizontal_drift_mm"": 2.506, ""lift_height_mm"": 145.813, ""target_contact_geoms"": [""link7/geom:18"", ""link8/geom:20"", ""table/table_top""], ""bilateral_finger_contact"": true, ""failure_class"": ""NONE""}",0.0,[],"[{""state"": ""DETECT_SOURCE"", ""success"": true, ""message"": ""selected bottle_0 conf=0.91 base=[ 0.361 -0.026  0.173] (1431 ROI pts)"", ""reason"": ""OK"", ""duration_ms"": 583.7}, {""state"": ""PLAN_PICK"", ""success"": true, ""message"": ""selected preferred_00 direction=0deg margin=0.117rad"", ""reason"": ""OK"", ""duration_ms"": 382.4}, {""state"": ""EXECUTE_PICK"", ""success"": true, ""message"": ""validated motion plan executed"", ""reason"": ""OK"", ""duration_ms"": 157.2}, {""state"": ""VERIFY_GRASP"", ""success"": true, ""message"": ""object lifted 146 mm"", ""reason"": ""OK"", ""duration_ms"": 0.0}]"
x02-y04-r09,yolo,bottle,0.36,-0.025,0.3612845582625971,-0.026728018264398648,194.07642028426892,9,IN_DOMAIN,False,DETECT_SOURCE,STATE_FAILED,DETECT_SOURCE,STATE_FAILED,,347.7,347.7,0,,,,,,,,,,null,0.0,[],"[{""state"": ""DETECT_SOURCE"", ""success"": false, ""message"": ""no 'bottle' detected (saw 0 objects)"", ""reason"": ""STATE_FAILED"", ""duration_ms"": 347.7}]"
x02-y04-r10,yolo,bottle,0.36,-0.025,0.36208655447105903,-0.02344474147231857,314.6459872030931,10,IN_DOMAIN,True,,,,,145.8,1184.1,579.4,156.9,52.8,0.0,lateral_band,upper,0.0,0.195,0.07500000000000001,0.010895560402801527,0.03567271353728551,"{""candidate_id"": ""preferred_00"", ""direction_deg"": 0.0, ""pre_close_object_xy_shift_mm"": 0.0, ""close_object_xy_shift_mm"": 0.033, ""lift_horizontal_drift_mm"": 1.687, ""lift_height_mm"": 145.816, ""target_contact_geoms"": [""link7/geom:18"", ""link8/geom:20"", ""table/table_top""], ""bilateral_finger_contact"": true, ""failure_class"": ""NONE""}",0.0,[],"[{""state"": ""DETECT_SOURCE"", ""success"": true, ""message"": ""selected bottle_0 conf=0.90 base=[ 0.365 -0.024  0.173] (1456 ROI pts)"", ""reason"": ""OK"", ""duration_ms"": 579.4}, {""state"": ""PLAN_PICK"", ""success"": true, ""message"": ""selected preferred_00 direction=0deg margin=0.118rad"", ""reason"": ""OK"", ""duration_ms"": 447.7}, {""state"": ""EXECUTE_PICK"", ""success"": true, ""message"": ""validated motion plan executed"", ""reason"": ""OK"", ""duration_ms"": 156.9}, {""state"": ""VERIFY_GRASP"", ""success"": true, ""message"": ""object lifted 146 mm"", ""reason"": ""OK"", ""duration_ms"": 0.0}]"
x02-y05-r01,yolo,bottle,0.36,0.02,0.3581222172221945,0.0195430662502371,160.5647428542697,1,IN_DOMAIN,False,DETECT_SOURCE,OBJECT_OUT_OF_ODD,DETECT_SOURCE,OBJECT_OUT_OF_ODD,,586.8,586.8,0,,,,,,,,,,null,0.0,[],"[{""state"": ""DETECT_SOURCE"", ""success"": false, ""message"": ""object center [0.356 0.02  0.173] is outside the tabletop operating domain"", ""reason"": ""OBJECT_OUT_OF_ODD"", ""duration_ms"": 586.8}]"
x02-y05-r02,yolo,bottle,0.36,0.02,0.3606274573736534,0.019999,306.10825343943503,2,IN_DOMAIN,False,DETECT_SOURCE,OBJECT_OUT_OF_ODD,DETECT_SOURCE,OBJECT_OUT_OF_ODD,,576.9,576.9,0,,,,,,,,,,null,0.0,[],"[{""state"": ""DETECT_SOURCE"", ""success"": false, ""message"": ""object center [0.362 0.02  0.173] is outside the tabletop operating domain"", ""reason"": ""OBJECT_OUT_OF_ODD"", ""duration_ms"": 576.9}]"
x02-y05-r03,yolo,bottle,0.36,0.02,0.3593854582242694,0.019999,71.21078128216456,3,IN_DOMAIN,True,,,,,146.0,1094.8,581.2,179.0,52.7,0.0,lateral_band,upper,0.0,0.195,0.07500000000000001,0.009008332770295367,0.031839839656772784,"{""candidate_id"": ""preferred_00"", ""direction_deg"": 0.0, ""pre_close_object_xy_shift_mm"": 0.0, ""close_object_xy_shift_mm"": 0.138, ""lift_horizontal_drift_mm"": 2.069, ""lift_height_mm"": 145.969, ""target_contact_geoms"": [""link7/geom:18"", ""link8/geom:20"", ""table/table_top""], ""bilateral_finger_contact"": true, ""failure_class"": ""NONE""}",0.0,[],"[{""state"": ""DETECT_SOURCE"", ""success"": true, ""message"": ""selected bottle_0 conf=0.82 base=[0.357 0.02  0.173] (1242 ROI pts)"", ""reason"": ""OK"", ""duration_ms"": 581.2}, {""state"": ""PLAN_PICK"", ""success"": true, ""message"": ""selected preferred_00 direction=0deg margin=0.126rad"", ""reason"": ""OK"", ""duration_ms"": 334.5}, {""state"": ""EXECUTE_PICK"", ""success"": true, ""message"": ""validated motion plan executed"", ""reason"": ""OK"", ""duration_ms"": 179.0}, {""state"": ""VERIFY_GRASP"", ""success"": true, ""message"": ""object lifted 146 mm"", ""reason"": ""OK"", ""duration_ms"": 0.0}]"
x02-y05-r04,yolo,bottle,0.36,0.02,0.3592874913621278,0.019999,57.61891929074278,4,IN_DOMAIN,True,,,,,146.2,1061.1,601.1,151.8,54.8,0.0,lateral_band,upper,0.0,0.195,0.07500000000000001,0.009263074457536657,0.032523713479466684,"{""candidate_id"": ""preferred_00"", ""direction_deg"": 0.0, ""pre_close_object_xy_shift_mm"": 0.0, ""close_object_xy_shift_mm"": 0.086, ""lift_horizontal_drift_mm"": 1.848, ""lift_height_mm"": 146.206, ""target_contact_geoms"": [""link7/geom:18"", ""link8/geom:20"", ""table/table_top""], ""bilateral_finger_contact"": true, ""failure_class"": ""NONE""}",0.0,[],"[{""state"": ""DETECT_SOURCE"", ""success"": true, ""message"": ""selected bottle_0 conf=0.49 base=[0.353 0.019 0.174] (1080 ROI pts)"", ""reason"": ""OK"", ""duration_ms"": 601.1}, {""state"": ""PLAN_PICK"", ""success"": true, ""message"": ""selected preferred_00 direction=0deg margin=0.129rad"", ""reason"": ""OK"", ""duration_ms"": 308.2}, {""state"": ""EXECUTE_PICK"", ""success"": true, ""message"": ""validated motion plan executed"", ""reason"": ""OK"", ""duration_ms"": 151.8}, {""state"": ""VERIFY_GRASP"", ""success"": true, ""message"": ""object lifted 146 mm"", ""reason"": ""OK"", ""duration_ms"": 0.0}]"
x02-y05-r05,yolo,bottle,0.36,0.02,0.3608555698540288,0.019999,91.52632173623122,5,IN_DOMAIN,False,DETECT_SOURCE,OBJECT_OUT_OF_ODD,DETECT_SOURCE,OBJECT_OUT_OF_ODD,,584.3,584.3,0,,,,,,,,,,null,0.0,[],"[{""state"": ""DETECT_SOURCE"", ""success"": false, ""message"": ""object center [0.362 0.02  0.172] is outside the tabletop operating domain"", ""reason"": ""OBJECT_OUT_OF_ODD"", ""duration_ms"": 584.3}]"
x02-y05-r06,yolo,bottle,0.36,0.02,0.3610318162749777,0.01831621170273851,227.50844732319337,6,IN_DOMAIN,False,DETECT_SOURCE,STATE_FAILED,DETECT_SOURCE,STATE_FAILED,,348.6,348.6,0,,,,,,,,,,null,0.0,[],"[{""state"": ""DETECT_SOURCE"", ""success"": false, ""message"": ""no 'bottle' detected (saw 0 objects)"", ""reason"": ""STATE_FAILED"", ""duration_ms"": 348.6}]"
x02-y05-r07,yolo,bottle,0.36,0.02,0.3572987909315162,0.017525105312272752,277.4333059653885,7,IN_DOMAIN,True,,,,,146.0,1229.0,582.8,152.9,52.3,0.0,lateral_band,upper,0.0,0.195,0.07500000000000001,0.007915679574156561,0.028274379193706928,"{""candidate_id"": ""preferred_00"", ""direction_deg"": 0.0, ""pre_close_object_xy_shift_mm"": 0.0, ""close_object_xy_shift_mm"": 0.208, ""lift_horizontal_drift_mm"": 2.998, ""lift_height_mm"": 145.972, ""target_contact_geoms"": [""link7/geom:18"", ""link8/geom:20"", ""table/table_top""], ""bilateral_finger_contact"": true, ""failure_class"": ""NONE""}",0.0,[],"[{""state"": ""DETECT_SOURCE"", ""success"": true, ""message"": ""selected bottle_0 conf=0.90 base=[0.359 0.018 0.172] (1431 ROI pts)"", ""reason"": ""OK"", ""duration_ms"": 582.8}, {""state"": ""PLAN_PICK"", ""success"": true, ""message"": ""selected preferred_00 direction=0deg margin=0.127rad"", ""reason"": ""OK"", ""duration_ms"": 493.3}, {""state"": ""EXECUTE_PICK"", ""success"": true, ""message"": ""validated motion plan executed"", ""reason"": ""OK"", ""duration_ms"": 152.9}, {""state"": ""VERIFY_GRASP"", ""success"": true, ""message"": ""object lifted 146 mm"", ""reason"": ""OK"", ""duration_ms"": 0.0}]"
x02-y05-r08,yolo,bottle,0.36,0.02,0.3579697526593109,0.019999,292.0602404270903,8,IN_DOMAIN,False,DETECT_SOURCE,OBJECT_OUT_OF_ODD,DETECT_SOURCE,OBJECT_OUT_OF_ODD,,588.0,588.0,0,,,,,,,,,,null,0.0,[],"[{""state"": ""DETECT_SOURCE"", ""success"": false, ""message"": ""object center [0.36  0.02  0.173] is outside the tabletop operating domain"", ""reason"": ""OBJECT_OUT_OF_ODD"", ""duration_ms"": 588.0}]"
x02-y05-r09,yolo,bottle,0.36,0.02,0.3572341402737105,0.01808091243416051,135.32001867958965,9,IN_DOMAIN,True,,,,,146.2,1228.1,585.7,159.3,52.4,0.0,lateral_band,upper,0.0,0.195,0.07500000000000001,0.008385231242455883,0.029833112107298724,"{""candidate_id"": ""preferred_00"", ""direction_deg"": 0.0, ""pre_close_object_xy_shift_mm"": 0.0, ""close_object_xy_shift_mm"": 0.306, ""lift_horizontal_drift_mm"": 2.094, ""lift_height_mm"": 146.192, ""target_contact_geoms"": [""link7/geom:18"", ""link8/geom:20"", ""table/table_top""], ""bilateral_finger_contact"": true, ""failure_class"": ""NONE""}",0.0,[],"[{""state"": ""DETECT_SOURCE"", ""success"": true, ""message"": ""selected bottle_0 conf=0.84 base=[0.358 0.019 0.172] (1431 ROI pts)"", ""reason"": ""OK"", ""duration_ms"": 585.7}, {""state"": ""PLAN_PICK"", ""success"": true, ""message"": ""selected preferred_00 direction=0deg margin=0.126rad"", ""reason"": ""OK"", ""duration_ms"": 483.1}, {""state"": ""EXECUTE_PICK"", ""success"": true, ""message"": ""validated motion plan executed"", ""reason"": ""OK"", ""duration_ms"": 159.3}, {""state"": ""VERIFY_GRASP"", ""success"": true, ""message"": ""object lifted 146 mm"", ""reason"": ""OK"", ""duration_ms"": 0.0}]"
x02-y05-r10,yolo,bottle,0.36,0.02,0.36138469887241287,0.019999,323.72341968435927,10,IN_DOMAIN,False,DETECT_SOURCE,OBJECT_OUT_OF_ODD,DETECT_SOURCE,OBJECT_OUT_OF_ODD,,578.4,578.4,0,,,,,,,,,,null,0.0,[],"[{""state"": ""DETECT_SOURCE"", ""success"": false, ""message"": ""object center [0.363 0.02  0.173] is outside the tabletop operating domain"", ""reason"": ""OBJECT_OUT_OF_ODD"", ""duration_ms"": 578.4}]"
x03-y01-r01,yolo,bottle,0.38,-0.16,0.3829698692086826,-0.15720035413625746,200.8345622460147,1,IN_DOMAIN,True,,,,,146.5,971.6,464.1,156.1,53.8,322.66310795377444,lateral_band,lower,337.66310795377444,0.195,0.07500000000000001,0.028510867573998108,0.06966639601416619,"{""candidate_id"": ""preferred_00"", ""direction_deg"": 322.66310795377444, ""pre_close_object_xy_shift_mm"": 0.0, ""close_object_xy_shift_mm"": 0.105, ""lift_horizontal_drift_mm"": 0.749, ""lift_height_mm"": 146.499, ""target_contact_geoms"": [""link7/geom:18"", ""link8/geom:20"", ""table/table_top""], ""bilateral_finger_contact"": true, ""failure_class"": ""NONE""}",0.0,[],"[{""state"": ""DETECT_SOURCE"", ""success"": true, ""message"": ""selected bottle_0 conf=0.83 base=[ 0.382 -0.157  0.174] (1705 ROI pts)"", ""reason"": ""OK"", ""duration_ms"": 464.1}, {""state"": ""PLAN_PICK"", ""success"": true, ""message"": ""selected preferred_00 direction=323deg margin=0.048rad"", ""reason"": ""OK"", ""duration_ms"": 351.4}, {""state"": ""EXECUTE_PICK"", ""success"": true, ""message"": ""validated motion plan executed"", ""reason"": ""OK"", ""duration_ms"": 156.1}, {""state"": ""VERIFY_GRASP"", ""success"": true, ""message"": ""object lifted 146 mm"", ""reason"": ""OK"", ""duration_ms"": 0.0}]"
x03-y01-r02,yolo,bottle,0.38,-0.16,0.377510980084068,-0.15991438292379617,45.90774913811597,2,IN_DOMAIN,True,,,,,146.1,970.6,467.0,158.0,50.3,322.14777817521747,lateral_band,lower,337.14777817521747,0.195,0.07500000000000001,0.0285318274320607,0.06970968871244052,"{""candidate_id"": ""preferred_00"", ""direction_deg"": 322.14777817521747, ""pre_close_object_xy_shift_mm"": 0.0, ""close_object_xy_shift_mm"": 0.383, ""lift_horizontal_drift_mm"": 2.476, ""lift_height_mm"": 146.12, ""target_contact_geoms"": [""link7/geom:18"", ""link8/geom:20"", ""table/table_top""], ""bilateral_finger_contact"": true, ""failure_class"": ""NONE""}",0.0,[],"[{""state"": ""DETECT_SOURCE"", ""success"": true, ""message"": ""selected bottle_0 conf=0.31 base=[ 0.38 -0.16  0.17] (1760 ROI pts)"", ""reason"": ""OK"", ""duration_ms"": 467.0}, {""state"": ""PLAN_PICK"", ""success"": true, ""message"": ""selected preferred_00 direction=322deg margin=0.047rad"", ""reason"": ""OK"", ""duration_ms"": 345.6}, {""state"": ""EXECUTE_PICK"", ""success"": true, ""message"": ""validated motion plan executed"", ""reason"": ""OK"", ""duration_ms"": 158.0}, {""state"": ""VERIFY_GRASP"", ""success"": true, ""message"": ""object lifted 146 mm"", ""reason"": ""OK"", ""duration_ms"": 0.0}]"
x03-y01-r03,yolo,bottle,0.38,-0.16,0.37892722712414567,-0.1606272740250782,8.164545005003374,3,IN_DOMAIN,True,,,,,146.0,968.2,467.8,151.6,56.3,322.1267730356167,lateral_band,lower,337.1267730356167,0.195,0.07500000000000001,0.02873228875269686,0.07010399557590254,"{""candidate_id"": ""preferred_00"", ""direction_deg"": 322.1267730356167, ""pre_close_object_xy_shift_mm"": 0.0, ""close_object_xy_shift_mm"": 0.068, ""lift_horizontal_drift_mm"": 1.162, ""lift_height_mm"": 145.952, ""target_contact_geoms"": [""link7/geom:18"", ""link8/geom:20"", ""table/table_top""], ""bilateral_finger_contact"": true, ""failure_class"": ""NONE""}",0.0,[],"[{""state"": ""DETECT_SOURCE"", ""success"": true, ""message"": ""selected bottle_0 conf=0.34 base=[ 0.375 -0.158  0.176] (1650 ROI pts)"", ""reason"": ""OK"", ""duration_ms"": 467.8}, {""state"": ""PLAN_PICK"", ""success"": true, ""message"": ""selected preferred_00 direction=322deg margin=0.040rad"", ""reason"": ""OK"", ""duration_ms"": 348.8}, {""state"": ""EXECUTE_PICK"", ""success"": true, ""message"": ""validated motion plan executed"", ""reason"": ""OK"", ""duration_ms"": 151.6}, {""state"": ""VERIFY_GRASP"", ""success"": true, ""message"": ""object lifted 146 mm"", ""reason"": ""OK"", ""duration_ms"": 0.0}]"
x03-y01-r04,yolo,bottle,0.38,-0.16,0.37747598346781686,-0.16030788204054794,62.134890176831824,4,IN_DOMAIN,True,,,,,145.7,964.8,465.4,154.8,49.1,322.16577840291046,lateral_band,lower,337.16577840291046,0.195,0.07500000000000001,0.028481542452010886,0.06960503666127625,"{""candidate_id"": ""preferred_00"", ""direction_deg"": 322.16577840291046, ""pre_close_object_xy_shift_mm"": 0.0, ""close_object_xy_shift_mm"": 0.472, ""lift_horizontal_drift_mm"": 4.232, ""lift_height_mm"": 145.72, ""target_contact_geoms"": [""link7/geom:18"", ""link8/geom:20"", ""table/table_top""], ""bilateral_finger_contact"": true, ""failure_class"": ""NONE""}",0.0,[],"[{""state"": ""DETECT_SOURCE"", ""success"": true, ""message"": ""selected bottle_0 conf=0.87 base=[ 0.382 -0.161  0.169] (1815 ROI pts)"", ""reason"": ""OK"", ""duration_ms"": 465.4}, {""state"": ""PLAN_PICK"", ""success"": true, ""message"": ""selected preferred_00 direction=322deg margin=0.049rad"", ""reason"": ""OK"", ""duration_ms"": 344.6}, {""state"": ""EXECUTE_PICK"", ""success"": true, ""message"": ""validated motion plan executed"", ""reason"": ""OK"", ""duration_ms"": 154.8}, {""state"": ""VERIFY_GRASP"", ""success"": true, ""message"": ""object lifted 146 mm"", ""reason"": ""OK"", ""duration_ms"": 0.0}]"
x03-y01-r05,yolo,bottle,0.38,-0.16,0.37920751789870133,-0.16135037774602068,311.3862761931793,5,IN_DOMAIN,False,DETECT_SOURCE,STATE_FAILED,DETECT_SOURCE,STATE_FAILED,,351.4,351.4,0,,,,,,,,,,null,0.0,[],"[{""state"": ""DETECT_SOURCE"", ""success"": false, ""message"": ""no 'bottle' detected (saw 0 objects)"", ""reason"": ""STATE_FAILED"", ""duration_ms"": 351.4}]"
x03-y01-r06,yolo,bottle,0.38,-0.16,0.377687191509586,-0.15971738574835295,52.95200878695286,6,IN_DOMAIN,True,,,,,146.0,977.1,468.2,156.5,49.7,322.21462607388884,lateral_band,lower,337.21462607388884,0.195,0.07500000000000001,0.028504356426394987,0.0696528534588548,"{""candidate_id"": ""preferred_00"", ""direction_deg"": 322.21462607388884, ""pre_close_object_xy_shift_mm"": 0.0, ""close_object_xy_shift_mm"": 0.408, ""lift_horizontal_drift_mm"": 3.545, ""lift_height_mm"": 145.964, ""target_contact_geoms"": [""link7/geom:18"", ""link8/geom:20"", ""table/table_top""], ""bilateral_finger_contact"": true, ""failure_class"": ""NONE""}",0.0,[],"[{""state"": ""DETECT_SOURCE"", ""success"": true, ""message"": ""selected bottle_0 conf=0.71 base=[ 0.381 -0.16   0.17 ] (1760 ROI pts)"", ""reason"": ""OK"", ""duration_ms"": 468.2}, {""state"": ""PLAN_PICK"", ""success"": true, ""message"": ""selected preferred_00 direction=322deg margin=0.048rad"", ""reason"": ""OK"", ""duration_ms"": 352.4}, {""state"": ""EXECUTE_PICK"", ""success"": true, ""message"": ""validated motion plan executed"", ""reason"": ""OK"", ""duration_ms"": 156.5}, {""state"": ""VERIFY_GRASP"", ""success"": true, ""message"": ""object lifted 146 mm"", ""reason"": ""OK"", ""duration_ms"": 0.0}]"
x03-y01-r07,yolo,bottle,0.38,-0.16,0.37837503574949133,-0.15736234158527118,128.21662825179658,7,IN_DOMAIN,True,,,,,146.4,967.3,462.0,162.2,51.4,322.38849211696686,lateral_band,lower,337.38849211696686,0.195,0.07500000000000001,0.028481369468925818,0.06960467186698763,"{""candidate_id"": ""preferred_00"", ""direction_deg"": 322.38849211696686, ""pre_close_object_xy_shift_mm"": 0.0, ""close_object_xy_shift_mm"": 0.375, ""lift_horizontal_drift_mm"": 1.852, ""lift_height_mm"": 146.356, ""target_contact_geoms"": [""link7/geom:18"", ""link8/geom:20"", ""table/table_top""], ""bilateral_finger_contact"": true, ""failure_class"": ""NONE""}",0.0,[],"[{""state"": ""DETECT_SOURCE"", ""success"": true, ""message"": ""selected bottle_0 conf=0.91 base=[ 0.382 -0.159  0.171] (1855 ROI pts)"", ""reason"": ""OK"", ""duration_ms"": 462.0}, {""state"": ""PLAN_PICK"", ""success"": true, ""message"": ""selected preferred_00 direction=322deg margin=0.049rad"", ""reason"": ""OK"", ""duration_ms"": 343.1}, {""state"": ""EXECUTE_PICK"", ""success"": true, ""message"": ""validated motion plan executed"", ""reason"": ""OK"", ""duration_ms"": 162.2}, {""state"": ""VERIFY_GRASP"", ""success"": true, ""message"": ""object lifted 146 mm"", ""reason"": ""OK"", ""duration_ms"": 0.0}]"
x03-y01-r08,yolo,bottle,0.38,-0.16,0.37850806387925695,-0.16120876293197317,191.10667335343294,8,IN_DOMAIN,False,DETECT_SOURCE,STATE_FAILED,DETECT_SOURCE,STATE_FAILED,,358.2,358.2,0,,,,,,,,,,null,0.0,[],"[{""state"": ""DETECT_SOURCE"", ""success"": false, ""message"": ""no 'bottle' detected (saw 0 objects)"", ""reason"": ""STATE_FAILED"", ""duration_ms"": 358.2}]"
x03-y01-r09,yolo,bottle,0.38,-0.16,0.38090963065432876,-0.16273438686500932,88.27518517273208,9,IN_DOMAIN,True,,,,,146.0,980.8,475.1,160.9,49.3,322.1045590155348,lateral_band,lower,337.1045590155348,0.195,0.07500000000000001,0.02836295031974694,0.069345873395388,"{""candidate_id"": ""preferred_00"", ""direction_deg"": 322.1045590155348, ""pre_close_object_xy_shift_mm"": 0.0, ""close_object_xy_shift_mm"": 0.473, ""lift_horizontal_drift_mm"": 3.63, ""lift_height_mm"": 145.966, ""target_contact_geoms"": [""link7/geom:18"", ""link8/geom:20"", ""table/table_top""], ""bilateral_finger_contact"": true, ""failure_class"": ""NONE""}",0.0,[],"[{""state"": ""DETECT_SOURCE"", ""success"": true, ""message"": ""selected bottle_0 conf=0.80 base=[ 0.385 -0.163  0.169] (1782 ROI pts)"", ""reason"": ""OK"", ""duration_ms"": 475.1}, {""state"": ""PLAN_PICK"", ""success"": true, ""message"": ""selected preferred_00 direction=322deg margin=0.054rad"", ""reason"": ""OK"", ""duration_ms"": 344.8}, {""state"": ""EXECUTE_PICK"", ""success"": true, ""message"": ""validated motion plan executed"", ""reason"": ""OK"", ""duration_ms"": 160.9}, {""state"": ""VERIFY_GRASP"", ""success"": true, ""message"": ""object lifted 146 mm"", ""reason"": ""OK"", ""duration_ms"": 0.0}]"
x03-y01-r10,yolo,bottle,0.38,-0.16,0.3803164322603108,-0.15748453259058406,243.21403151807576,10,IN_DOMAIN,True,,,,,146.0,967.7,461.8,158.8,49.5,322.5176838696275,lateral_band,lower,337.51768386962755,0.195,0.07500000000000001,0.028399451265422416,0.06942774610996837,"{""candidate_id"": ""preferred_00"", ""direction_deg"": 322.5176838696275, ""pre_close_object_xy_shift_mm"": 0.0, ""close_object_xy_shift_mm"": 0.395, ""lift_horizontal_drift_mm"": 2.547, ""lift_height_mm"": 146.046, ""target_contact_geoms"": [""link7/geom:18"", ""link8/geom:20"", ""table/table_top""], ""bilateral_finger_contact"": true, ""failure_class"": ""NONE""}",0.0,[],"[{""state"": ""DETECT_SOURCE"", ""success"": true, ""message"": ""selected bottle_0 conf=0.92 base=[ 0.385 -0.159  0.169] (1925 ROI pts)"", ""reason"": ""OK"", ""duration_ms"": 461.8}, {""state"": ""PLAN_PICK"", ""success"": true, ""message"": ""selected preferred_00 direction=323deg margin=0.052rad"", ""reason"": ""OK"", ""duration_ms"": 347.0}, {""state"": ""EXECUTE_PICK"", ""success"": true, ""message"": ""validated motion plan executed"", ""reason"": ""OK"", ""duration_ms"": 158.8}, {""state"": ""VERIFY_GRASP"", ""success"": true, ""message"": ""object lifted 146 mm"", ""reason"": ""OK"", ""duration_ms"": 0.0}]"
x03-y02-r01,yolo,bottle,0.38,-0.115,0.3798712112060086,-0.11764357613094678,25.995173494473303,1,IN_DOMAIN,True,,,,,146.3,997.4,496.5,151.5,51.9,327.9465038866669,lateral_band,lower,342.9465038866669,0.195,0.07500000000000001,0.029440798304238756,0.07131507324166697,"{""candidate_id"": ""preferred_00"", ""direction_deg"": 327.9465038866669, ""pre_close_object_xy_shift_mm"": 0.0, ""close_object_xy_shift_mm"": 0.093, ""lift_horizontal_drift_mm"": 0.543, ""lift_height_mm"": 146.346, ""target_contact_geoms"": [""link7/geom:18"", ""link8/geom:20"", ""table/table_top""], ""bilateral_finger_contact"": true, ""failure_class"": ""NONE""}",0.0,[],"[{""state"": ""DETECT_SOURCE"", ""success"": true, ""message"": ""selected bottle_0 conf=0.58 base=[ 0.375 -0.115  0.171] (1272 ROI pts)"", ""reason"": ""OK"", ""duration_ms"": 496.5}, {""state"": ""PLAN_PICK"", ""success"": true, ""message"": ""selected preferred_00 direction=328deg margin=0.022rad"", ""reason"": ""OK"", ""duration_ms"": 349.3}, {""state"": ""EXECUTE_PICK"", ""success"": true, ""message"": ""validated motion plan executed"", ""reason"": ""OK"", ""duration_ms"": 151.5}, {""state"": ""VERIFY_GRASP"", ""success"": true, ""message"": ""object lifted 146 mm"", ""reason"": ""OK"", ""duration_ms"": 0.0}]"
x03-y02-r02,yolo,bottle,0.38,-0.115,0.3829612265985118,-0.1147517528685222,238.96073172517924,2,IN_DOMAIN,True,,,,,146.2,1098.8,586.0,158.9,50.7,328.2703037704735,lateral_band,lower,343.2703037704735,0.195,0.07500000000000001,0.02885736090676651,0.07033540343244511,"{""candidate_id"": ""preferred_00"", ""direction_deg"": 328.2703037704735, ""pre_close_object_xy_shift_mm"": 0.0, ""close_object_xy_shift_mm"": 0.322, ""lift_horizontal_drift_mm"": 1.999, ""lift_height_mm"": 146.207, ""target_contact_geoms"": [""link7/geom:18"", ""link8/geom:20"", ""table/table_top""], ""bilateral_finger_contact"": true, ""failure_class"": ""NONE""}",0.0,[],"[{""state"": ""DETECT_SOURCE"", ""success"": true, ""message"": ""selected bottle_0 conf=0.93 base=[ 0.386 -0.116  0.17 ] (1696 ROI pts)"", ""reason"": ""OK"", ""duration_ms"": 586.0}, {""state"": ""PLAN_PICK"", ""success"": true, ""message"": ""selected preferred_00 direction=328deg margin=0.036rad"", ""reason"": ""OK"", ""duration_ms"": 353.9}, {""state"": ""EXECUTE_PICK"", ""success"": true, ""message"": ""validated motion plan executed"", ""reason"": ""OK"", ""duration_ms"": 158.9}, {""state"": ""VERIFY_GRASP"", ""success"": true, ""message"": ""object lifted 146 mm"", ""reason"": ""OK"", ""duration_ms"": 0.0}]"
x03-y02-r03,yolo,bottle,0.38,-0.115,0.37934785516879194,-0.11230412169910667,300.4958748897715,3,IN_DOMAIN,True,,,,,146.0,1117.9,590.4,159.9,51.0,328.6695897206206,lateral_band,lower,343.6695897206206,0.195,0.07500000000000001,0.02907101894707292,0.070710896871496,"{""candidate_id"": ""preferred_00"", ""direction_deg"": 328.6695897206206, ""pre_close_object_xy_shift_mm"": 0.0, ""close_object_xy_shift_mm"": 0.414, ""lift_horizontal_drift_mm"": 3.785, ""lift_height_mm"": 145.97, ""target_contact_geoms"": [""link7/geom:18"", ""link8/geom:20"", ""table/table_top""], ""bilateral_finger_contact"": true, ""failure_class"": ""NONE""}",0.0,[],"[{""state"": ""DETECT_SOURCE"", ""success"": true, ""message"": ""selected bottle_0 conf=0.87 base=[ 0.383 -0.112  0.171] (1581 ROI pts)"", ""reason"": ""OK"", ""duration_ms"": 590.4}, {""state"": ""PLAN_PICK"", ""success"": true, ""message"": ""selected preferred_00 direction=329deg margin=0.030rad"", ""reason"": ""OK"", ""duration_ms"": 367.6}, {""state"": ""EXECUTE_PICK"", ""success"": true, ""message"": ""validated motion plan executed"", ""reason"": ""OK"", ""duration_ms"": 159.9}, {""state"": ""VERIFY_GRASP"", ""success"": true, ""message"": ""object lifted 146 mm"", ""reason"": ""OK"", ""duration_ms"": 0.0}]"
x03-y02-r04,yolo,bottle,0.38,-0.115,0.3805789870571663,-0.11314537679952373,203.5047698377696,4,IN_DOMAIN,False,DETECT_SOURCE,STATE_FAILED,DETECT_SOURCE,STATE_FAILED,,359.7,359.7,0,,,,,,,,,,null,0.0,[],"[{""state"": ""DETECT_SOURCE"", ""success"": false, ""message"": ""no 'bottle' detected (saw 0 objects)"", ""reason"": ""STATE_FAILED"", ""duration_ms"": 359.7}]"
x03-y02-r05,yolo,bottle,0.38,-0.115,0.377462247473166,-0.11618479849181457,27.783194442891386,5,IN_DOMAIN,True,,,,,146.1,971.3,463.3,150.9,52.4,327.97675980020216,lateral_band,lower,342.97675980020216,0.195,0.07500000000000001,0.02957951872758148,0.07152965868034866,"{""candidate_id"": ""preferred_00"", ""direction_deg"": 327.97675980020216, ""pre_close_object_xy_shift_mm"": 0.0, ""close_object_xy_shift_mm"": 0.006, ""lift_horizontal_drift_mm"": 0.919, ""lift_height_mm"": 146.086, ""target_contact_geoms"": [""link7/geom:18"", ""link8/geom:20"", ""table/table_top""], ""bilateral_finger_contact"": true, ""failure_class"": ""NONE""}",0.0,[],"[{""state"": ""DETECT_SOURCE"", ""success"": true, ""message"": ""selected bottle_0 conf=0.55 base=[ 0.373 -0.114  0.172] (1325 ROI pts)"", ""reason"": ""OK"", ""duration_ms"": 463.3}, {""state"": ""PLAN_PICK"", ""success"": true, ""message"": ""selected preferred_00 direction=328deg margin=0.019rad"", ""reason"": ""OK"", ""duration_ms"": 357.0}, {""state"": ""EXECUTE_PICK"", ""success"": true, ""message"": ""validated motion plan executed"", ""reason"": ""OK"", ""duration_ms"": 150.9}, {""state"": ""VERIFY_GRASP"", ""success"": true, ""message"": ""object lifted 146 mm"", ""reason"": ""OK"", ""duration_ms"": 0.0}]"
x03-y02-r06,yolo,bottle,0.38,-0.115,0.3827149686468228,-0.11716250433115968,19.510330405402513,6,IN_DOMAIN,True,,,,,146.0,970.9,469.1,151.5,54.1,328.0505700108508,lateral_band,lower,343.0505700108508,0.195,0.07500000000000001,0.029342945460514667,0.07116002470591384,"{""candidate_id"": ""preferred_00"", ""direction_deg"": 328.0505700108508, ""pre_close_object_xy_shift_mm"": 0.0, ""close_object_xy_shift_mm"": 0.092, ""lift_horizontal_drift_mm"": 1.137, ""lift_height_mm"": 145.968, ""target_contact_geoms"": [""link7/geom:18"", ""link8/geom:20"", ""table/table_top""], ""bilateral_finger_contact"": true, ""failure_class"": ""NONE""}",0.0,[],"[{""state"": ""DETECT_SOURCE"", ""success"": true, ""message"": ""selected bottle_0 conf=0.44 base=[ 0.377 -0.115  0.174] (1325 ROI pts)"", ""reason"": ""OK"", ""duration_ms"": 469.1}, {""state"": ""PLAN_PICK"", ""success"": true, ""message"": ""selected preferred_00 direction=328deg margin=0.024rad"", ""reason"": ""OK"", ""duration_ms"": 350.3}, {""state"": ""EXECUTE_PICK"", ""success"": true, ""message"": ""validated motion plan executed"", ""reason"": ""OK"", ""duration_ms"": 151.5}, {""state"": ""VERIFY_GRASP"", ""success"": true, ""message"": ""object lifted 146 mm"", ""reason"": ""OK"", ""duration_ms"": 0.0}]"
x03-y02-r07,yolo,bottle,0.38,-0.115,0.38087033310193064,-0.11671904330227535,193.17997227018142,7,IN_DOMAIN,True,,,,,145.9,972.5,464.7,148.5,54.9,328.02460064680207,lateral_band,lower,343.02460064680207,0.195,0.07500000000000001,0.029540108006635257,0.07146928871230018,"{""candidate_id"": ""preferred_00"", ""direction_deg"": 328.02460064680207, ""pre_close_object_xy_shift_mm"": 0.0, ""close_object_xy_shift_mm"": 0.217, ""lift_horizontal_drift_mm"": 1.18, ""lift_height_mm"": 145.87, ""target_contact_geoms"": [""link7/geom:18"", ""link8/geom:20"", ""table/table_top""], ""bilateral_finger_contact"": true, ""failure_class"": ""NONE""}",0.0,[],"[{""state"": ""DETECT_SOURCE"", ""success"": true, ""message"": ""selected bottle_0 conf=0.50 base=[ 0.373 -0.114  0.174] (1272 ROI pts)"", ""reason"": ""OK"", ""duration_ms"": 464.7}, {""state"": ""PLAN_PICK"", ""success"": true, ""message"": ""selected preferred_00 direction=328deg margin=0.020rad"", ""reason"": ""OK"", ""duration_ms"": 359.2}, {""state"": ""EXECUTE_PICK"", ""success"": true, ""message"": ""validated motion plan executed"", ""reason"": ""OK"", ""duration_ms"": 148.5}, {""state"": ""VERIFY_GRASP"", ""success"": true, ""message"": ""object lifted 146 mm"", ""reason"": ""OK"", ""duration_ms"": 0.0}]"
x03-y02-r08,yolo,bottle,0.38,-0.115,0.37813665297853677,-0.11253054093007536,286.6897622175386,8,IN_DOMAIN,True,,,,,146.1,1131.3,585.8,158.3,51.7,328.3213446778766,lateral_band,lower,343.3213446778766,0.195,0.07500000000000001,0.028996439070432964,0.07058236424211536,"{""candidate_id"": ""preferred_00"", ""direction_deg"": 328.3213446778766, ""pre_close_object_xy_shift_mm"": 0.0, ""close_object_xy_shift_mm"": 0.371, ""lift_horizontal_drift_mm"": 2.081, ""lift_height_mm"": 146.106, ""target_contact_geoms"": [""link7/geom:18"", ""link8/geom:20"", ""table/table_top""], ""bilateral_finger_contact"": true, ""failure_class"": ""NONE""}",0.0,[],"[{""state"": ""DETECT_SOURCE"", ""success"": true, ""message"": ""selected bottle_0 conf=0.94 base=[ 0.384 -0.115  0.171] (1768 ROI pts)"", ""reason"": ""OK"", ""duration_ms"": 585.8}, {""state"": ""PLAN_PICK"", ""success"": true, ""message"": ""selected preferred_00 direction=328deg margin=0.032rad"", ""reason"": ""OK"", ""duration_ms"": 387.2}, {""state"": ""EXECUTE_PICK"", ""success"": true, ""message"": ""validated motion plan executed"", ""reason"": ""OK"", ""duration_ms"": 158.3}, {""state"": ""VERIFY_GRASP"", ""success"": true, ""message"": ""object lifted 146 mm"", ""reason"": ""OK"", ""duration_ms"": 0.0}]"
x03-y02-r09,yolo,bottle,0.38,-0.115,0.3799362716182731,-0.1151852445210873,303.6181319702953,9,IN_DOMAIN,True,,,,,145.8,1086.9,584.5,153.9,51.4,328.3914980162333,lateral_band,lower,343.3914980162333,0.195,0.07500000000000001,0.029057240042182846,0.07068734000535597,"{""candidate_id"": ""preferred_00"", ""direction_deg"": 328.3914980162333, ""pre_close_object_xy_shift_mm"": 0.0, ""close_object_xy_shift_mm"": 0.425, ""lift_horizontal_drift_mm"": 4.185, ""lift_height_mm"": 145.806, ""target_contact_geoms"": [""link7/geom:18"", ""link8/geom:20"", ""table/table_top""], ""bilateral_finger_contact"": true, ""failure_class"": ""NONE""}",0.0,[],"[{""state"": ""DETECT_SOURCE"", ""success"": true, ""message"": ""selected bottle_0 conf=0.89 base=[ 0.382 -0.114  0.171] (1500 ROI pts)"", ""reason"": ""OK"", ""duration_ms"": 584.5}, {""state"": ""PLAN_PICK"", ""success"": true, ""message"": ""selected preferred_00 direction=328deg margin=0.031rad"", ""reason"": ""OK"", ""duration_ms"": 348.4}, {""state"": ""EXECUTE_PICK"", ""success"": true, ""message"": ""validated motion plan executed"", ""reason"": ""OK"", ""duration_ms"": 153.9}, {""state"": ""VERIFY_GRASP"", ""success"": true, ""message"": ""object lifted 146 mm"", ""reason"": ""OK"", ""duration_ms"": 0.0}]"
x03-y02-r10,yolo,bottle,0.38,-0.115,0.38213800017235133,-0.11450230270644625,207.00159693660459,10,IN_DOMAIN,True,,,,,145.9,1000.5,496.6,150.3,53.1,328.28572835372165,lateral_band,lower,343.28572835372165,0.195,0.07500000000000001,0.02928792576589083,0.07107140944475769,"{""candidate_id"": ""preferred_00"", ""direction_deg"": 328.28572835372165, ""pre_close_object_xy_shift_mm"": 0.0, ""close_object_xy_shift_mm"": 0.121, ""lift_horizontal_drift_mm"": 1.997, ""lift_height_mm"": 145.857, ""target_contact_geoms"": [""link7/geom:18"", ""link8/geom:20"", ""table/table_top""], ""bilateral_finger_contact"": true, ""failure_class"": ""NONE""}",0.0,[],"[{""state"": ""DETECT_SOURCE"", ""success"": true, ""message"": ""selected bottle_0 conf=0.41 base=[ 0.378 -0.113  0.173] (1378 ROI pts)"", ""reason"": ""OK"", ""duration_ms"": 496.6}, {""state"": ""PLAN_PICK"", ""success"": true, ""message"": ""selected preferred_00 direction=328deg margin=0.025rad"", ""reason"": ""OK"", ""duration_ms"": 353.6}, {""state"": ""EXECUTE_PICK"", ""success"": true, ""message"": ""validated motion plan executed"", ""reason"": ""OK"", ""duration_ms"": 150.3}, {""state"": ""VERIFY_GRASP"", ""success"": true, ""message"": ""object lifted 146 mm"", ""reason"": ""OK"", ""duration_ms"": 0.0}]"
x03-y03-r01,yolo,bottle,0.38,-0.07,0.3818352381243734,-0.0706278150490091,192.8947349062653,1,IN_DOMAIN,False,DETECT_SOURCE,STATE_FAILED,DETECT_SOURCE,STATE_FAILED,,350.8,350.8,0,,,,,,,,,,null,0.0,[],"[{""state"": ""DETECT_SOURCE"", ""success"": false, ""message"": ""no 'bottle' detected (saw 0 objects)"", ""reason"": ""STATE_FAILED"", ""duration_ms"": 350.8}]"
x03-y03-r02,yolo,bottle,0.38,-0.07,0.3808539267539422,-0.0706910150359486,243.3478056347607,2,IN_DOMAIN,True,,,,,145.7,1155.3,582.8,153.7,51.5,0.0,lateral_band,upper,0.0,0.195,0.07500000000000001,0.023729345187835784,0.06426834424718983,"{""candidate_id"": ""preferred_00"", ""direction_deg"": 0.0, ""pre_close_object_xy_shift_mm"": 0.0, ""close_object_xy_shift_mm"": 0.025, ""lift_horizontal_drift_mm"": 2.336, ""lift_height_mm"": 145.743, ""target_contact_geoms"": [""link7/geom:18"", ""link8/geom:20"", ""table/table_top""], ""bilateral_finger_contact"": true, ""failure_class"": ""NONE""}",0.0,[],"[{""state"": ""DETECT_SOURCE"", ""success"": true, ""message"": ""selected bottle_0 conf=0.92 base=[ 0.383 -0.071  0.171] (1484 ROI pts)"", ""reason"": ""OK"", ""duration_ms"": 582.8}, {""state"": ""PLAN_PICK"", ""success"": true, ""message"": ""selected preferred_00 direction=0deg margin=0.066rad"", ""reason"": ""OK"", ""duration_ms"": 418.8}, {""state"": ""EXECUTE_PICK"", ""success"": true, ""message"": ""validated motion plan executed"", ""reason"": ""OK"", ""duration_ms"": 153.7}, {""state"": ""VERIFY_GRASP"", ""success"": true, ""message"": ""object lifted 146 mm"", ""reason"": ""OK"", ""duration_ms"": 0.0}]"
x03-y03-r03,yolo,bottle,0.38,-0.07,0.38230459012233814,-0.07048500252794915,36.03832107959527,3,IN_DOMAIN,True,,,,,145.8,994.8,483.1,156.1,56.1,0.0,lateral_band,upper,0.0,0.195,0.07500000000000001,0.023844222962631088,0.06459762987568421,"{""candidate_id"": ""preferred_00"", ""direction_deg"": 0.0, ""pre_close_object_xy_shift_mm"": 0.0, ""close_object_xy_shift_mm"": 0.346, ""lift_horizontal_drift_mm"": 2.568, ""lift_height_mm"": 145.784, ""target_contact_geoms"": [""link7/geom:18"", ""link8/geom:20"", ""table/table_top""], ""bilateral_finger_contact"": true, ""failure_class"": ""NONE""}",0.0,[],"[{""state"": ""DETECT_SOURCE"", ""success"": true, ""message"": ""selected bottle_0 conf=0.68 base=[ 0.378 -0.07   0.176] (1219 ROI pts)"", ""reason"": ""OK"", ""duration_ms"": 483.1}, {""state"": ""PLAN_PICK"", ""success"": true, ""message"": ""selected preferred_00 direction=0deg margin=0.063rad"", ""reason"": ""OK"", ""duration_ms"": 355.7}, {""state"": ""EXECUTE_PICK"", ""success"": true, ""message"": ""validated motion plan executed"", ""reason"": ""OK"", ""duration_ms"": 156.1}, {""state"": ""VERIFY_GRASP"", ""success"": true, ""message"": ""object lifted 146 mm"", ""reason"": ""OK"", ""duration_ms"": 0.0}]"
x03-y03-r04,yolo,bottle,0.38,-0.07,0.3826889060524506,-0.06916169311404127,256.0247241191929,4,IN_DOMAIN,True,,,,,146.0,1187.9,602.6,157.1,51.2,0.0,lateral_band,upper,0.0,0.195,0.07500000000000001,0.023091520018930486,0.06318051567146943,"{""candidate_id"": ""preferred_00"", ""direction_deg"": 0.0, ""pre_close_object_xy_shift_mm"": 0.0, ""close_object_xy_shift_mm"": 0.106, ""lift_horizontal_drift_mm"": 1.443, ""lift_height_mm"": 146.025, ""target_contact_geoms"": [""link7/geom:18"", ""link8/geom:20"", ""table/table_top""], ""bilateral_finger_contact"": true, ""failure_class"": ""NONE""}",0.0,[],"[{""state"": ""DETECT_SOURCE"", ""success"": true, ""message"": ""selected bottle_0 conf=0.92 base=[ 0.386 -0.07   0.171] (1560 ROI pts)"", ""reason"": ""OK"", ""duration_ms"": 602.6}, {""state"": ""PLAN_PICK"", ""success"": true, ""message"": ""selected preferred_00 direction=0deg margin=0.070rad"", ""reason"": ""OK"", ""duration_ms"": 428.2}, {""state"": ""EXECUTE_PICK"", ""success"": true, ""message"": ""validated motion plan executed"", ""reason"": ""OK"", ""duration_ms"": 157.1}, {""state"": ""VERIFY_GRASP"", ""success"": true, ""message"": ""object lifted 146 mm"", ""reason"": ""OK"", ""duration_ms"": 0.0}]"
x03-y03-r05,yolo,bottle,0.38,-0.07,0.37829346746397885,-0.07108792529653378,12.166749388558774,5,IN_DOMAIN,True,,,,,145.2,1022.1,490.7,156.1,60.2,0.0,lateral_band,upper,0.0,0.195,0.07500000000000001,0.024521822717181188,0.06579883475634067,"{""candidate_id"": ""preferred_00"", ""direction_deg"": 0.0, ""pre_close_object_xy_shift_mm"": 0.0, ""close_object_xy_shift_mm"": 0.413, ""lift_horizontal_drift_mm"": 2.129, ""lift_height_mm"": 145.236, ""target_contact_geoms"": [""link7/geom:18"", ""link8/geom:20"", ""table/table_top""], ""bilateral_finger_contact"": true, ""failure_class"": ""NONE""}",0.0,[],"[{""state"": ""DETECT_SOURCE"", ""success"": true, ""message"": ""selected bottle_0 conf=0.31 base=[ 0.371 -0.069  0.18 ] (1242 ROI pts)"", ""reason"": ""OK"", ""duration_ms"": 490.7}, {""state"": ""PLAN_PICK"", ""success"": true, ""message"": ""selected preferred_00 direction=0deg margin=0.057rad"", ""reason"": ""OK"", ""duration_ms"": 375.3}, {""state"": ""EXECUTE_PICK"", ""success"": true, ""message"": ""validated motion plan executed"", ""reason"": ""OK"", ""duration_ms"": 156.1}, {""state"": ""VERIFY_GRASP"", ""success"": true, ""message"": ""object lifted 145 mm"", ""reason"": ""OK"", ""duration_ms"": 0.0}]"
x03-y03-r06,yolo,bottle,0.38,-0.07,0.3806963774911435,-0.06959938287522285,342.33084397514426,6,IN_DOMAIN,True,,,,,145.9,1122.4,596.8,155.8,55.4,0.0,lateral_band,upper,0.0,0.195,0.07500000000000001,0.023508083624999176,0.06406390223418455,"{""candidate_id"": ""preferred_00"", ""direction_deg"": 0.0, ""pre_close_object_xy_shift_mm"": 0.0, ""close_object_xy_shift_mm"": 0.353, ""lift_horizontal_drift_mm"": 2.413, ""lift_height_mm"": 145.86, ""target_contact_geoms"": [""link7/geom:18"", ""link8/geom:20"", ""table/table_top""], ""bilateral_finger_contact"": true, ""failure_class"": ""NONE""}",0.0,[],"[{""state"": ""DETECT_SOURCE"", ""success"": true, ""message"": ""selected bottle_0 conf=0.66 base=[ 0.379 -0.069  0.175] (1300 ROI pts)"", ""reason"": ""OK"", ""duration_ms"": 596.8}, {""state"": ""PLAN_PICK"", ""success"": true, ""message"": ""selected preferred_00 direction=0deg margin=0.065rad"", ""reason"": ""OK"", ""duration_ms"": 369.7}, {""state"": ""EXECUTE_PICK"", ""success"": true, ""message"": ""validated motion plan executed"", ""reason"": ""OK"", ""duration_ms"": 155.8}, {""state"": ""VERIFY_GRASP"", ""success"": true, ""message"": ""object lifted 146 mm"", ""reason"": ""OK"", ""duration_ms"": 0.0}]"
x03-y03-r07,yolo,bottle,0.38,-0.07,0.377976522575968,-0.06751753257480325,2.4048437072071005,7,IN_DOMAIN,False,DETECT_SOURCE,STATE_FAILED,DETECT_SOURCE,STATE_FAILED,,367.1,367.1,0,,,,,,,,,,null,0.0,[],"[{""state"": ""DETECT_SOURCE"", ""success"": false, ""message"": ""no 'bottle' detected (saw 0 objects)"", ""reason"": ""STATE_FAILED"", ""duration_ms"": 367.1}]"
x03-y03-r08,yolo,bottle,0.38,-0.07,0.3813497826695881,-0.07092209883947835,117.48613002250725,8,IN_DOMAIN,True,,,,,145.8,1220.1,641.9,159.2,51.7,0.0,lateral_band,upper,0.0,0.195,0.07500000000000001,0.023693068731921698,0.06414255470352946,"{""candidate_id"": ""preferred_00"", ""direction_deg"": 0.0, ""pre_close_object_xy_shift_mm"": 0.0, ""close_object_xy_shift_mm"": 0.161, ""lift_horizontal_drift_mm"": 1.45, ""lift_height_mm"": 145.841, ""target_contact_geoms"": [""link7/geom:18"", ""link8/geom:20"", ""table/table_top""], ""bilateral_finger_contact"": true, ""failure_class"": ""NONE""}",0.0,[],"[{""state"": ""DETECT_SOURCE"", ""success"": true, ""message"": ""selected bottle_0 conf=0.90 base=[ 0.385 -0.072  0.171] (1581 ROI pts)"", ""reason"": ""OK"", ""duration_ms"": 641.9}, {""state"": ""PLAN_PICK"", ""success"": true, ""message"": ""selected preferred_00 direction=0deg margin=0.067rad"", ""reason"": ""OK"", ""duration_ms"": 419.0}, {""state"": ""EXECUTE_PICK"", ""success"": true, ""message"": ""validated motion plan executed"", ""reason"": ""OK"", ""duration_ms"": 159.2}, {""state"": ""VERIFY_GRASP"", ""success"": true, ""message"": ""object lifted 146 mm"", ""reason"": ""OK"", ""duration_ms"": 0.0}]"
x03-y03-r09,yolo,bottle,0.38,-0.07,0.3788478998264553,-0.06716404890273066,208.98890360516566,9,IN_DOMAIN,True,,,,,145.6,1016.3,494.7,147.9,58.6,0.0,lateral_band,upper,0.0,0.195,0.07500000000000001,0.02359643096540803,0.06435454013391954,"{""candidate_id"": ""preferred_00"", ""direction_deg"": 0.0, ""pre_close_object_xy_shift_mm"": 0.0, ""close_object_xy_shift_mm"": 0.285, ""lift_horizontal_drift_mm"": 2.146, ""lift_height_mm"": 145.562, ""target_contact_geoms"": [""link7/geom:18"", ""link8/geom:20"", ""table/table_top""], ""bilateral_finger_contact"": true, ""failure_class"": ""NONE""}",0.0,[],"[{""state"": ""DETECT_SOURCE"", ""success"": true, ""message"": ""selected bottle_0 conf=0.38 base=[ 0.374 -0.067  0.178] (1219 ROI pts)"", ""reason"": ""OK"", ""duration_ms"": 494.7}, {""state"": ""PLAN_PICK"", ""success"": true, ""message"": ""selected preferred_00 direction=0deg margin=0.063rad"", ""reason"": ""OK"", ""duration_ms"": 373.7}, {""state"": ""EXECUTE_PICK"", ""success"": true, ""message"": ""validated motion plan executed"", ""reason"": ""OK"", ""duration_ms"": 147.9}, {""state"": ""VERIFY_GRASP"", ""success"": true, ""message"": ""object lifted 146 mm"", ""reason"": ""OK"", ""duration_ms"": 0.0}]"
x03-y03-r10,yolo,bottle,0.38,-0.07,0.3773223662452485,-0.06885142252012375,129.71199605582106,10,IN_DOMAIN,True,,,,,146.1,1200.8,606.3,160.7,53.0,0.0,lateral_band,upper,0.0,0.195,0.07500000000000001,0.023593297153977663,0.06414713637949342,"{""candidate_id"": ""preferred_00"", ""direction_deg"": 0.0, ""pre_close_object_xy_shift_mm"": 0.0, ""close_object_xy_shift_mm"": 0.066, ""lift_horizontal_drift_mm"": 1.192, ""lift_height_mm"": 146.053, ""target_contact_geoms"": [""link7/geom:18"", ""link8/geom:20"", ""table/table_top""], ""bilateral_finger_contact"": true, ""failure_class"": ""NONE""}",0.0,[],"[{""state"": ""DETECT_SOURCE"", ""success"": true, ""message"": ""selected bottle_0 conf=0.91 base=[ 0.38  -0.07   0.173] (1530 ROI pts)"", ""reason"": ""OK"", ""duration_ms"": 606.3}, {""state"": ""PLAN_PICK"", ""success"": true, ""message"": ""selected preferred_00 direction=0deg margin=0.065rad"", ""reason"": ""OK"", ""duration_ms"": 433.8}, {""state"": ""EXECUTE_PICK"", ""success"": true, ""message"": ""validated motion plan executed"", ""reason"": ""OK"", ""duration_ms"": 160.7}, {""state"": ""VERIFY_GRASP"", ""success"": true, ""message"": ""object lifted 146 mm"", ""reason"": ""OK"", ""duration_ms"": 0.0}]"
x03-y04-r01,yolo,bottle,0.38,-0.025,0.3782434846340795,-0.023405058431205335,254.01365224455262,1,IN_DOMAIN,True,,,,,145.9,1241.8,594.7,157.4,52.0,0.0,lateral_band,upper,0.0,0.195,0.07500000000000001,0.009912738000127784,0.03234464975554264,"{""candidate_id"": ""preferred_00"", ""direction_deg"": 0.0, ""pre_close_object_xy_shift_mm"": 0.0, ""close_object_xy_shift_mm"": 0.024, ""lift_horizontal_drift_mm"": 1.829, ""lift_height_mm"": 145.884, ""target_contact_geoms"": [""link7/geom:18"", ""link8/geom:20"", ""table/table_top""], ""bilateral_finger_contact"": true, ""failure_class"": ""NONE""}",0.0,[],"[{""state"": ""DETECT_SOURCE"", ""success"": true, ""message"": ""selected bottle_0 conf=0.92 base=[ 0.38  -0.024  0.172] (1326 ROI pts)"", ""reason"": ""OK"", ""duration_ms"": 594.7}, {""state"": ""PLAN_PICK"", ""success"": true, ""message"": ""selected preferred_00 direction=0deg margin=0.116rad"", ""reason"": ""OK"", ""duration_ms"": 489.7}, {""state"": ""EXECUTE_PICK"", ""success"": true, ""message"": ""validated motion plan executed"", ""reason"": ""OK"", ""duration_ms"": 157.4}, {""state"": ""VERIFY_GRASP"", ""success"": true, ""message"": ""object lifted 146 mm"", ""reason"": ""OK"", ""duration_ms"": 0.0}]"
x03-y04-r02,yolo,bottle,0.38,-0.025,0.3823418358409831,-0.024097522518143406,166.88126680619177,2,IN_DOMAIN,True,,,,,145.9,1107.4,584.6,156.6,55.1,0.0,lateral_band,upper,0.0,0.195,0.07500000000000001,0.009658007213487278,0.03152637958976734,"{""candidate_id"": ""preferred_00"", ""direction_deg"": 0.0, ""pre_close_object_xy_shift_mm"": 0.0, ""close_object_xy_shift_mm"": 0.358, ""lift_horizontal_drift_mm"": 2.603, ""lift_height_mm"": 145.917, ""target_contact_geoms"": [""link7/geom:18"", ""link8/geom:20"", ""table/table_top""], ""bilateral_finger_contact"": true, ""failure_class"": ""NONE""}",0.0,[],"[{""state"": ""DETECT_SOURCE"", ""success"": true, ""message"": ""selected bottle_0 conf=0.81 base=[ 0.379 -0.023  0.175] (1122 ROI pts)"", ""reason"": ""OK"", ""duration_ms"": 584.6}, {""state"": ""PLAN_PICK"", ""success"": true, ""message"": ""selected preferred_00 direction=0deg margin=0.116rad"", ""reason"": ""OK"", ""duration_ms"": 366.2}, {""state"": ""EXECUTE_PICK"", ""success"": true, ""message"": ""validated motion plan executed"", ""reason"": ""OK"", ""duration_ms"": 156.6}, {""state"": ""VERIFY_GRASP"", ""success"": true, ""message"": ""object lifted 146 mm"", ""reason"": ""OK"", ""duration_ms"": 0.0}]"
x03-y04-r03,yolo,bottle,0.38,-0.025,0.3791854331403055,-0.025260599307083912,327.54808357770656,3,IN_DOMAIN,True,,,,,145.9,1270.9,599.2,158.7,53.0,0.0,lateral_band,upper,0.0,0.195,0.07500000000000001,0.010264519869841345,0.033462864489572475,"{""candidate_id"": ""preferred_00"", ""direction_deg"": 0.0, ""pre_close_object_xy_shift_mm"": 0.0, ""close_object_xy_shift_mm"": 0.15, ""lift_horizontal_drift_mm"": 1.767, ""lift_height_mm"": 145.943, ""target_contact_geoms"": [""link7/geom:18"", ""link8/geom:20"", ""table/table_top""], ""bilateral_finger_contact"": true, ""failure_class"": ""NONE""}",0.0,[],"[{""state"": ""DETECT_SOURCE"", ""success"": true, ""message"": ""selected bottle_0 conf=0.89 base=[ 0.38  -0.025  0.173] (1326 ROI pts)"", ""reason"": ""OK"", ""duration_ms"": 599.2}, {""state"": ""PLAN_PICK"", ""success"": true, ""message"": ""selected preferred_00 direction=0deg margin=0.115rad"", ""reason"": ""OK"", ""duration_ms"": 512.9}, {""state"": ""EXECUTE_PICK"", ""success"": true, ""message"": ""validated motion plan executed"", ""reason"": ""OK"", ""duration_ms"": 158.7}, {""state"": ""VERIFY_GRASP"", ""success"": true, ""message"": ""object lifted 146 mm"", ""reason"": ""OK"", ""duration_ms"": 0.0}]"
x03-y04-r04,yolo,bottle,0.38,-0.025,0.38215723945379737,-0.022928983420354487,359.2347935867728,4,IN_DOMAIN,True,,,,,145.4,1115.0,607.7,146.7,58.3,0.0,lateral_band,upper,0.0,0.195,0.07500000000000001,0.009245824106055242,0.03020949802309551,"{""candidate_id"": ""preferred_00"", ""direction_deg"": 0.0, ""pre_close_object_xy_shift_mm"": 0.0, ""close_object_xy_shift_mm"": 0.369, ""lift_horizontal_drift_mm"": 4.643, ""lift_height_mm"": 145.378, ""target_contact_geoms"": [""link7/geom:18"", ""link8/geom:20"", ""table/table_top""], ""bilateral_finger_contact"": true, ""failure_class"": ""NONE""}",0.0,[],"[{""state"": ""DETECT_SOURCE"", ""success"": true, ""message"": ""selected bottle_0 conf=0.45 base=[ 0.376 -0.022  0.178] (1020 ROI pts)"", ""reason"": ""OK"", ""duration_ms"": 607.7}, {""state"": ""PLAN_PICK"", ""success"": true, ""message"": ""selected preferred_00 direction=0deg margin=0.117rad"", ""reason"": ""OK"", ""duration_ms"": 360.6}, {""state"": ""EXECUTE_PICK"", ""success"": true, ""message"": ""validated motion plan executed"", ""reason"": ""OK"", ""duration_ms"": 146.7}, {""state"": ""VERIFY_GRASP"", ""success"": true, ""message"": ""object lifted 145 mm"", ""reason"": ""OK"", ""duration_ms"": 0.0}]"
x03-y04-r05,yolo,bottle,0.38,-0.025,0.38078342747435767,-0.026328072605392466,313.69437805156946,5,IN_DOMAIN,True,,,,,145.9,1252.2,602.2,159.9,52.7,0.0,lateral_band,upper,0.0,0.195,0.07500000000000001,0.010551964366258533,0.034307791930700174,"{""candidate_id"": ""preferred_00"", ""direction_deg"": 0.0, ""pre_close_object_xy_shift_mm"": 0.0, ""close_object_xy_shift_mm"": 0.04, ""lift_horizontal_drift_mm"": 1.781, ""lift_height_mm"": 145.899, ""target_contact_geoms"": [""link7/geom:18"", ""link8/geom:20"", ""table/table_top""], ""bilateral_finger_contact"": true, ""failure_class"": ""NONE""}",0.0,[],"[{""state"": ""DETECT_SOURCE"", ""success"": true, ""message"": ""selected bottle_0 conf=0.89 base=[ 0.383 -0.027  0.173] (1350 ROI pts)"", ""reason"": ""OK"", ""duration_ms"": 602.2}, {""state"": ""PLAN_PICK"", ""success"": true, ""message"": ""selected preferred_00 direction=0deg margin=0.114rad"", ""reason"": ""OK"", ""duration_ms"": 490.1}, {""state"": ""EXECUTE_PICK"", ""success"": true, ""message"": ""validated motion plan executed"", ""reason"": ""OK"", ""duration_ms"": 159.9}, {""state"": ""VERIFY_GRASP"", ""success"": true, ""message"": ""object lifted 146 mm"", ""reason"": ""OK"", ""duration_ms"": 0.0}]"
x03-y04-r06,yolo,bottle,0.38,-0.025,0.37753752301314736,-0.023525958451620182,294.16207998725565,6,IN_DOMAIN,True,,,,,145.6,1245.5,602.4,156.0,52.6,0.0,lateral_band,upper,0.0,0.195,0.07500000000000001,0.009774361025453275,0.031874710811151834,"{""candidate_id"": ""preferred_00"", ""direction_deg"": 0.0, ""pre_close_object_xy_shift_mm"": 0.0, ""close_object_xy_shift_mm"": 0.045, ""lift_horizontal_drift_mm"": 3.555, ""lift_height_mm"": 145.642, ""target_contact_geoms"": [""link7/geom:18"", ""link8/geom:20"", ""table/table_top""], ""bilateral_finger_contact"": true, ""failure_class"": ""NONE""}",0.0,[],"[{""state"": ""DETECT_SOURCE"", ""success"": true, ""message"": ""selected bottle_0 conf=0.92 base=[ 0.38  -0.024  0.172] (1400 ROI pts)"", ""reason"": ""OK"", ""duration_ms"": 602.4}, {""state"": ""PLAN_PICK"", ""success"": true, ""message"": ""selected preferred_00 direction=0deg margin=0.116rad"", ""reason"": ""OK"", ""duration_ms"": 487.1}, {""state"": ""EXECUTE_PICK"", ""success"": true, ""message"": ""validated motion plan executed"", ""reason"": ""OK"", ""duration_ms"": 156.0}, {""state"": ""VERIFY_GRASP"", ""success"": true, ""message"": ""object lifted 146 mm"", ""reason"": ""OK"", ""duration_ms"": 0.0}]"
x03-y04-r07,yolo,bottle,0.38,-0.025,0.3822081589664662,-0.022247374509739896,171.57551782584224,7,IN_DOMAIN,True,,,,,145.9,1097.8,572.5,156.9,55.9,0.0,lateral_band,upper,0.0,0.195,0.07500000000000001,0.009096439344696757,0.029679862040462763,"{""candidate_id"": ""preferred_00"", ""direction_deg"": 0.0, ""pre_close_object_xy_shift_mm"": 0.0, ""close_object_xy_shift_mm"": 0.333, ""lift_horizontal_drift_mm"": 2.568, ""lift_height_mm"": 145.915, ""target_contact_geoms"": [""link7/geom:18"", ""link8/geom:20"", ""table/table_top""], ""bilateral_finger_contact"": true, ""failure_class"": ""NONE""}",0.0,[],"[{""state"": ""DETECT_SOURCE"", ""success"": true, ""message"": ""selected bottle_0 conf=0.79 base=[ 0.377 -0.021  0.176] (1071 ROI pts)"", ""reason"": ""OK"", ""duration_ms"": 572.5}, {""state"": ""PLAN_PICK"", ""success"": true, ""message"": ""selected preferred_00 direction=0deg margin=0.117rad"", ""reason"": ""OK"", ""duration_ms"": 368.4}, {""state"": ""EXECUTE_PICK"", ""success"": true, ""message"": ""validated motion plan executed"", ""reason"": ""OK"", ""duration_ms"": 156.9}, {""state"": ""VERIFY_GRASP"", ""success"": true, ""message"": ""object lifted 146 mm"", ""reason"": ""OK"", ""duration_ms"": 0.0}]"
x03-y04-r08,yolo,bottle,0.38,-0.025,0.38039738378560223,-0.02501076711535907,162.06399255700242,8,IN_DOMAIN,True,,,,,145.9,1134.0,579.7,155.7,54.8,0.0,lateral_band,upper,0.0,0.195,0.07500000000000001,0.010132168582932113,0.03308461223248018,"{""candidate_id"": ""preferred_00"", ""direction_deg"": 0.0, ""pre_close_object_xy_shift_mm"": 0.0, ""close_object_xy_shift_mm"": 0.282, ""lift_horizontal_drift_mm"": 1.946, ""lift_height_mm"": 145.882, ""target_contact_geoms"": [""link7/geom:18"", ""link8/geom:20"", ""table/table_top""], ""bilateral_finger_contact"": true, ""failure_class"": ""NONE""}",0.0,[],"[{""state"": ""DETECT_SOURCE"", ""success"": true, ""message"": ""selected bottle_0 conf=0.87 base=[ 0.378 -0.024  0.175] (1224 ROI pts)"", ""reason"": ""OK"", ""duration_ms"": 579.7}, {""state"": ""PLAN_PICK"", ""success"": true, ""message"": ""selected preferred_00 direction=0deg margin=0.115rad"", ""reason"": ""OK"", ""duration_ms"": 398.6}, {""state"": ""EXECUTE_PICK"", ""success"": true, ""message"": ""validated motion plan executed"", ""reason"": ""OK"", ""duration_ms"": 155.7}, {""state"": ""VERIFY_GRASP"", ""success"": true, ""message"": ""object lifted 146 mm"", ""reason"": ""OK"", ""duration_ms"": 0.0}]"
x03-y04-r09,yolo,bottle,0.38,-0.025,0.3776795838351954,-0.023289725042311298,86.72562991073298,9,IN_DOMAIN,True,,,,,146.0,1234.2,574.7,162.2,51.9,0.0,lateral_band,upper,0.0,0.195,0.07500000000000001,0.009688485956937942,0.03161267041779378,"{""candidate_id"": ""preferred_00"", ""direction_deg"": 0.0, ""pre_close_object_xy_shift_mm"": 0.0, ""close_object_xy_shift_mm"": 0.117, ""lift_horizontal_drift_mm"": 1.906, ""lift_height_mm"": 145.958, ""target_contact_geoms"": [""link7/geom:18"", ""link8/geom:20"", ""table/table_top""], ""bilateral_finger_contact"": true, ""failure_class"": ""NONE""}",0.0,[],"[{""state"": ""DETECT_SOURCE"", ""success"": true, ""message"": ""selected bottle_0 conf=0.90 base=[ 0.379 -0.023  0.172] (1377 ROI pts)"", ""reason"": ""OK"", ""duration_ms"": 574.7}, {""state"": ""PLAN_PICK"", ""success"": true, ""message"": ""selected preferred_00 direction=0deg margin=0.116rad"", ""reason"": ""OK"", ""duration_ms"": 497.3}, {""state"": ""EXECUTE_PICK"", ""success"": true, ""message"": ""validated motion plan executed"", ""reason"": ""OK"", ""duration_ms"": 162.2}, {""state"": ""VERIFY_GRASP"", ""success"": true, ""message"": ""object lifted 146 mm"", ""reason"": ""OK"", ""duration_ms"": 0.0}]"
x03-y04-r10,yolo,bottle,0.38,-0.025,0.38096895074739234,-0.02647382310530522,263.28231331826123,10,IN_DOMAIN,True,,,,,145.8,1239.0,583.7,158.3,51.8,0.0,lateral_band,upper,0.0,0.195,0.07500000000000001,0.010631291383544674,0.034557993721079434,"{""candidate_id"": ""preferred_00"", ""direction_deg"": 0.0, ""pre_close_object_xy_shift_mm"": 0.0, ""close_object_xy_shift_mm"": 0.018, ""lift_horizontal_drift_mm"": 1.793, ""lift_height_mm"": 145.823, ""target_contact_geoms"": [""link7/geom:18"", ""link8/geom:20"", ""table/table_top""], ""bilateral_finger_contact"": true, ""failure_class"": ""NONE""}",0.0,[],"[{""state"": ""DETECT_SOURCE"", ""success"": true, ""message"": ""selected bottle_0 conf=0.92 base=[ 0.383 -0.027  0.172] (1377 ROI pts)"", ""reason"": ""OK"", ""duration_ms"": 583.7}, {""state"": ""PLAN_PICK"", ""success"": true, ""message"": ""selected preferred_00 direction=0deg margin=0.114rad"", ""reason"": ""OK"", ""duration_ms"": 496.9}, {""state"": ""EXECUTE_PICK"", ""success"": true, ""message"": ""validated motion plan executed"", ""reason"": ""OK"", ""duration_ms"": 158.3}, {""state"": ""VERIFY_GRASP"", ""success"": true, ""message"": ""object lifted 146 mm"", ""reason"": ""OK"", ""duration_ms"": 0.0}]"
x03-y05-r01,yolo,bottle,0.38,0.02,0.3789962670549988,0.019999,137.21796906569918,1,IN_DOMAIN,False,DETECT_SOURCE,OBJECT_OUT_OF_ODD,DETECT_SOURCE,OBJECT_OUT_OF_ODD,,567.1,567.1,0,,,,,,,,,,null,0.0,[],"[{""state"": ""DETECT_SOURCE"", ""success"": false, ""message"": ""object center [0.38  0.02  0.173] is outside the tabletop operating domain"", ""reason"": ""OBJECT_OUT_OF_ODD"", ""duration_ms"": 567.1}]"
x03-y05-r02,yolo,bottle,0.38,0.02,0.38210886950791123,0.019999,257.3740264986291,2,IN_DOMAIN,True,,,,,146.2,1114.4,572.8,155.2,52.4,0.0,lateral_band,upper,0.0,0.195,0.07500000000000001,0.0070641849783317475,0.02576223136091282,"{""candidate_id"": ""preferred_00"", ""direction_deg"": 0.0, ""pre_close_object_xy_shift_mm"": 0.0, ""close_object_xy_shift_mm"": 0.127, ""lift_horizontal_drift_mm"": 1.652, ""lift_height_mm"": 146.163, ""target_contact_geoms"": [""link7/geom:18"", ""link8/geom:20"", ""table/table_top""], ""bilateral_finger_contact"": true, ""failure_class"": ""NONE""}",0.0,[],"[{""state"": ""DETECT_SOURCE"", ""success"": true, ""message"": ""selected bottle_0 conf=0.88 base=[0.382 0.02  0.172] (1150 ROI pts)"", ""reason"": ""OK"", ""duration_ms"": 572.8}, {""state"": ""PLAN_PICK"", ""success"": true, ""message"": ""selected preferred_00 direction=0deg margin=0.118rad"", ""reason"": ""OK"", ""duration_ms"": 386.5}, {""state"": ""EXECUTE_PICK"", ""success"": true, ""message"": ""validated motion plan executed"", ""reason"": ""OK"", ""duration_ms"": 155.2}, {""state"": ""VERIFY_GRASP"", ""success"": true, ""message"": ""object lifted 146 mm"", ""reason"": ""OK"", ""duration_ms"": 0.0}]"
x03-y05-r03,yolo,bottle,0.38,0.02,0.3801328956866587,0.017643798808276556,63.87888269606649,3,IN_DOMAIN,True,,,,,146.0,1094.2,580.6,153.7,54.5,0.0,lateral_band,upper,0.0,0.195,0.07500000000000001,0.006543170326484768,0.023812212328570587,"{""candidate_id"": ""preferred_00"", ""direction_deg"": 0.0, ""pre_close_object_xy_shift_mm"": 0.0, ""close_object_xy_shift_mm"": 0.114, ""lift_horizontal_drift_mm"": 1.723, ""lift_height_mm"": 145.955, ""target_contact_geoms"": [""link7/geom:18"", ""link8/geom:20"", ""table/table_top""], ""bilateral_finger_contact"": true, ""failure_class"": ""NONE""}",0.0,[],"[{""state"": ""DETECT_SOURCE"", ""success"": true, ""message"": ""selected bottle_0 conf=0.66 base=[0.376 0.017 0.174] (1071 ROI pts)"", ""reason"": ""OK"", ""duration_ms"": 580.6}, {""state"": ""PLAN_PICK"", ""success"": true, ""message"": ""selected preferred_00 direction=0deg margin=0.120rad"", ""reason"": ""OK"", ""duration_ms"": 359.8}, {""state"": ""EXECUTE_PICK"", ""success"": true, ""message"": ""validated motion plan executed"", ""reason"": ""OK"", ""duration_ms"": 153.7}, {""state"": ""VERIFY_GRASP"", ""success"": true, ""message"": ""object lifted 146 mm"", ""reason"": ""OK"", ""duration_ms"": 0.0}]"
x03-y05-r04,yolo,bottle,0.38,0.02,0.38006144757157845,0.019999,26.646106015098564,4,IN_DOMAIN,False,DETECT_SOURCE,STATE_FAILED,DETECT_SOURCE,STATE_FAILED,,347.3,347.3,0,,,,,,,,,,null,0.0,[],"[{""state"": ""DETECT_SOURCE"", ""success"": false, ""message"": ""no 'bottle' detected (saw 0 objects)"", ""reason"": ""STATE_FAILED"", ""duration_ms"": 347.3}]"
x03-y05-r05,yolo,bottle,0.38,0.02,0.3824130651418214,0.01850666851428267,151.36452544801466,5,IN_DOMAIN,True,,,,,146.0,1115.7,578.2,154.2,52.8,0.0,lateral_band,upper,0.0,0.195,0.07500000000000001,0.006786250055900719,0.024771090326546195,"{""candidate_id"": ""preferred_00"", ""direction_deg"": 0.0, ""pre_close_object_xy_shift_mm"": 0.0, ""close_object_xy_shift_mm"": 0.274, ""lift_horizontal_drift_mm"": 1.983, ""lift_height_mm"": 145.985, ""target_contact_geoms"": [""link7/geom:18"", ""link8/geom:20"", ""table/table_top""], ""bilateral_finger_contact"": true, ""failure_class"": ""NONE""}",0.0,[],"[{""state"": ""DETECT_SOURCE"", ""success"": true, ""message"": ""selected bottle_0 conf=0.77 base=[0.382 0.019 0.173] (1200 ROI pts)"", ""reason"": ""OK"", ""duration_ms"": 578.2}, {""state"": ""PLAN_PICK"", ""success"": true, ""message"": ""selected preferred_00 direction=0deg margin=0.119rad"", ""reason"": ""OK"", ""duration_ms"": 383.3}, {""state"": ""EXECUTE_PICK"", ""success"": true, ""message"": ""validated motion plan executed"", ""reason"": ""OK"", ""duration_ms"": 154.2}, {""state"": ""VERIFY_GRASP"", ""success"": true, ""message"": ""object lifted 146 mm"", ""reason"": ""OK"", ""duration_ms"": 0.0}]"
x03-y05-r06,yolo,bottle,0.38,0.02,0.38033022622479323,0.01721610969182405,112.78824512721994,6,IN_DOMAIN,True,,,,,146.2,1133.4,569.6,159.3,53.2,0.0,lateral_band,upper,0.0,0.195,0.07500000000000001,0.006369710815001279,0.023244592495490383,"{""candidate_id"": ""preferred_00"", ""direction_deg"": 0.0, ""pre_close_object_xy_shift_mm"": 0.0, ""close_object_xy_shift_mm"": 0.267, ""lift_horizontal_drift_mm"": 2.103, ""lift_height_mm"": 146.155, ""target_contact_geoms"": [""link7/geom:18"", ""link8/geom:20"", ""table/table_top""], ""bilateral_finger_contact"": true, ""failure_class"": ""NONE""}",0.0,[],"[{""state"": ""DETECT_SOURCE"", ""success"": true, ""message"": ""selected bottle_0 conf=0.84 base=[0.382 0.018 0.173] (1225 ROI pts)"", ""reason"": ""OK"", ""duration_ms"": 569.6}, {""state"": ""PLAN_PICK"", ""success"": true, ""message"": ""selected preferred_00 direction=0deg margin=0.120rad"", ""reason"": ""OK"", ""duration_ms"": 404.5}, {""state"": ""EXECUTE_PICK"", ""success"": true, ""message"": ""validated motion plan executed"", ""reason"": ""OK"", ""duration_ms"": 159.3}, {""state"": ""VERIFY_GRASP"", ""success"": true, ""message"": ""object lifted 146 mm"", ""reason"": ""OK"", ""duration_ms"": 0.0}]"
x03-y05-r07,yolo,bottle,0.38,0.02,0.3775276388778647,0.01952185346873413,113.84442993115097,7,IN_DOMAIN,True,,,,,145.8,1105.7,565.3,154.0,52.5,0.0,lateral_band,upper,0.0,0.195,0.07500000000000001,0.007236536197517825,0.026334377870005126,"{""candidate_id"": ""preferred_00"", ""direction_deg"": 0.0, ""pre_close_object_xy_shift_mm"": 0.0, ""close_object_xy_shift_mm"": 0.207, ""lift_horizontal_drift_mm"": 1.981, ""lift_height_mm"": 145.839, ""target_contact_geoms"": [""link7/geom:18"", ""link8/geom:20"", ""table/table_top""], ""bilateral_finger_contact"": true, ""failure_class"": ""NONE""}",0.0,[],"[{""state"": ""DETECT_SOURCE"", ""success"": true, ""message"": ""selected bottle_0 conf=0.81 base=[0.379 0.02  0.172] (1250 ROI pts)"", ""reason"": ""OK"", ""duration_ms"": 565.3}, {""state"": ""PLAN_PICK"", ""success"": true, ""message"": ""selected preferred_00 direction=0deg margin=0.119rad"", ""reason"": ""OK"", ""duration_ms"": 386.4}, {""state"": ""EXECUTE_PICK"", ""success"": true, ""message"": ""validated motion plan executed"", ""reason"": ""OK"", ""duration_ms"": 154.0}, {""state"": ""VERIFY_GRASP"", ""success"": true, ""message"": ""object lifted 146 mm"", ""reason"": ""OK"", ""duration_ms"": 0.0}]"
x03-y05-r08,yolo,bottle,0.38,0.02,0.3827421028866235,0.017963311411726884,242.6633669827121,8,IN_DOMAIN,True,,,,,146.1,1136.6,592.3,155.2,54.0,0.0,lateral_band,upper,0.0,0.195,0.07500000000000001,0.0064075533543314685,0.02335777189039183,"{""candidate_id"": ""preferred_00"", ""direction_deg"": 0.0, ""pre_close_object_xy_shift_mm"": 0.0, ""close_object_xy_shift_mm"": 0.057, ""lift_horizontal_drift_mm"": 1.724, ""lift_height_mm"": 146.072, ""target_contact_geoms"": [""link7/geom:18"", ""link8/geom:20"", ""table/table_top""], ""bilateral_finger_contact"": true, ""failure_class"": ""NONE""}",0.0,[],"[{""state"": ""DETECT_SOURCE"", ""success"": true, ""message"": ""selected bottle_0 conf=0.64 base=[0.38  0.017 0.174] (1071 ROI pts)"", ""reason"": ""OK"", ""duration_ms"": 592.3}, {""state"": ""PLAN_PICK"", ""success"": true, ""message"": ""selected preferred_00 direction=0deg margin=0.120rad"", ""reason"": ""OK"", ""duration_ms"": 389.0}, {""state"": ""EXECUTE_PICK"", ""success"": true, ""message"": ""validated motion plan executed"", ""reason"": ""OK"", ""duration_ms"": 155.2}, {""state"": ""VERIFY_GRASP"", ""success"": true, ""message"": ""object lifted 146 mm"", ""reason"": ""OK"", ""duration_ms"": 0.0}]"
x03-y05-r09,yolo,bottle,0.38,0.02,0.38086318778726036,0.019999,84.16436616986952,9,IN_DOMAIN,False,DETECT_SOURCE,OBJECT_OUT_OF_ODD,DETECT_SOURCE,OBJECT_OUT_OF_ODD,,595.9,595.9,0,,,,,,,,,,null,0.0,[],"[{""state"": ""DETECT_SOURCE"", ""success"": false, ""message"": ""object center [0.381 0.02  0.172] is outside the tabletop operating domain"", ""reason"": ""OBJECT_OUT_OF_ODD"", ""duration_ms"": 595.9}]"
x03-y05-r10,yolo,bottle,0.38,0.02,0.37958300484692026,0.019999,175.47539178806596,10,IN_DOMAIN,False,DETECT_SOURCE,OBJECT_OUT_OF_ODD,DETECT_SOURCE,OBJECT_OUT_OF_ODD,,601.3,601.3,0,,,,,,,,,,null,0.0,[],"[{""state"": ""DETECT_SOURCE"", ""success"": false, ""message"": ""object center [0.374 0.02  0.175] is outside the tabletop operating domain"", ""reason"": ""OBJECT_OUT_OF_ODD"", ""duration_ms"": 601.3}]"
x04-y01-r01,yolo,bottle,0.4,-0.16,0.40163700238842526,-0.15711090205588113,7.0126734917834765,1,IN_DOMAIN,False,DETECT_SOURCE,STATE_FAILED,DETECT_SOURCE,STATE_FAILED,,358.6,358.6,0,,,,,,,,,,null,0.0,[],"[{""state"": ""DETECT_SOURCE"", ""success"": false, ""message"": ""no 'bottle' detected (saw 0 objects)"", ""reason"": ""STATE_FAILED"", ""duration_ms"": 358.6}]"
x04-y01-r02,yolo,bottle,0.4,-0.16,0.40274451747079126,-0.1590416873667915,207.18467086533872,2,IN_DOMAIN,True,,,,,146.5,991.0,482.6,159.0,54.0,323.4144985333927,lateral_band,lower,338.4144985333927,0.195,0.07500000000000001,0.02809721161625049,0.06863884724074536,"{""candidate_id"": ""preferred_00"", ""direction_deg"": 323.4144985333927, ""pre_close_object_xy_shift_mm"": 0.0, ""close_object_xy_shift_mm"": 0.136, ""lift_horizontal_drift_mm"": 0.895, ""lift_height_mm"": 146.504, ""target_contact_geoms"": [""link7/geom:18"", ""link8/geom:20"", ""table/table_top""], ""bilateral_finger_contact"": true, ""failure_class"": ""NONE""}",0.0,[],"[{""state"": ""DETECT_SOURCE"", ""success"": true, ""message"": ""selected bottle_0 conf=0.80 base=[ 0.403 -0.159  0.174] (1508 ROI pts)"", ""reason"": ""OK"", ""duration_ms"": 482.6}, {""state"": ""PLAN_PICK"", ""success"": true, ""message"": ""selected preferred_00 direction=323deg margin=0.073rad"", ""reason"": ""OK"", ""duration_ms"": 349.4}, {""state"": ""EXECUTE_PICK"", ""success"": true, ""message"": ""validated motion plan executed"", ""reason"": ""OK"", ""duration_ms"": 159.0}, {""state"": ""VERIFY_GRASP"", ""success"": true, ""message"": ""object lifted 147 mm"", ""reason"": ""OK"", ""duration_ms"": 0.0}]"
x04-y01-r03,yolo,bottle,0.4,-0.16,0.3994938636946717,-0.16125101323474844,95.9618871853087,3,IN_DOMAIN,True,,,,,146.0,982.7,464.0,165.7,50.7,322.9491999307562,lateral_band,lower,337.9491999307562,0.195,0.07500000000000001,0.028058691041572947,0.06848967086538606,"{""candidate_id"": ""preferred_00"", ""direction_deg"": 322.9491999307562, ""pre_close_object_xy_shift_mm"": 0.0, ""close_object_xy_shift_mm"": 0.382, ""lift_horizontal_drift_mm"": 2.393, ""lift_height_mm"": 146.008, ""target_contact_geoms"": [""link7/geom:18"", ""link8/geom:20"", ""table/table_top""], ""bilateral_finger_contact"": true, ""failure_class"": ""NONE""}",0.0,[],"[{""state"": ""DETECT_SOURCE"", ""success"": true, ""message"": ""selected bottle_0 conf=0.91 base=[ 0.405 -0.164  0.17 ] (1836 ROI pts)"", ""reason"": ""OK"", ""duration_ms"": 464.0}, {""state"": ""PLAN_PICK"", ""success"": true, ""message"": ""selected preferred_00 direction=323deg margin=0.079rad"", ""reason"": ""OK"", ""duration_ms"": 353.0}, {""state"": ""EXECUTE_PICK"", ""success"": true, ""message"": ""validated motion plan executed"", ""reason"": ""OK"", ""duration_ms"": 165.7}, {""state"": ""VERIFY_GRASP"", ""success"": true, ""message"": ""object lifted 146 mm"", ""reason"": ""OK"", ""duration_ms"": 0.0}]"
x04-y01-r04,yolo,bottle,0.4,-0.16,0.3986143592919312,-0.16241174657784346,238.56657179805484,4,IN_DOMAIN,True,,,,,146.0,995.2,477.5,165.5,49.3,322.78289882053355,lateral_band,lower,337.78289882053355,0.195,0.07500000000000001,0.028068703421297716,0.06853242231861928,"{""candidate_id"": ""preferred_00"", ""direction_deg"": 322.78289882053355, ""pre_close_object_xy_shift_mm"": 0.0, ""close_object_xy_shift_mm"": 0.372, ""lift_horizontal_drift_mm"": 2.367, ""lift_height_mm"": 145.988, ""target_contact_geoms"": [""link7/geom:18"", ""link8/geom:20"", ""table/table_top""], ""bilateral_finger_contact"": true, ""failure_class"": ""NONE""}",0.0,[],"[{""state"": ""DETECT_SOURCE"", ""success"": true, ""message"": ""selected bottle_0 conf=0.95 base=[ 0.404 -0.165  0.169] (1802 ROI pts)"", ""reason"": ""OK"", ""duration_ms"": 477.5}, {""state"": ""PLAN_PICK"", ""success"": true, ""message"": ""selected preferred_00 direction=323deg margin=0.077rad"", ""reason"": ""OK"", ""duration_ms"": 352.1}, {""state"": ""EXECUTE_PICK"", ""success"": true, ""message"": ""validated motion plan executed"", ""reason"": ""OK"", ""duration_ms"": 165.5}, {""state"": ""VERIFY_GRASP"", ""success"": true, ""message"": ""object lifted 146 mm"", ""reason"": ""OK"", ""duration_ms"": 0.0}]"
x04-y01-r05,yolo,bottle,0.4,-0.16,0.39948151586866776,-0.1629193890336681,56.617503368979506,5,IN_DOMAIN,True,,,,,146.0,992.5,476.5,163.8,49.7,322.8048579285511,lateral_band,lower,337.8048579285511,0.195,0.07500000000000001,0.028065854956918348,0.06852065393775665,"{""candidate_id"": ""preferred_00"", ""direction_deg"": 322.8048579285511, ""pre_close_object_xy_shift_mm"": 0.0, ""close_object_xy_shift_mm"": 0.381, ""lift_horizontal_drift_mm"": 2.431, ""lift_height_mm"": 146.003, ""target_contact_geoms"": [""link7/geom:18"", ""link8/geom:20"", ""table/table_top""], ""bilateral_finger_contact"": true, ""failure_class"": ""NONE""}",0.0,[],"[{""state"": ""DETECT_SOURCE"", ""success"": true, ""message"": ""selected bottle_0 conf=0.92 base=[ 0.404 -0.165  0.169] (1768 ROI pts)"", ""reason"": ""OK"", ""duration_ms"": 476.5}, {""state"": ""PLAN_PICK"", ""success"": true, ""message"": ""selected preferred_00 direction=323deg margin=0.078rad"", ""reason"": ""OK"", ""duration_ms"": 352.1}, {""state"": ""EXECUTE_PICK"", ""success"": true, ""message"": ""validated motion plan executed"", ""reason"": ""OK"", ""duration_ms"": 163.8}, {""state"": ""VERIFY_GRASP"", ""success"": true, ""message"": ""object lifted 146 mm"", ""reason"": ""OK"", ""duration_ms"": 0.0}]"
x04-y01-r06,yolo,bottle,0.4,-0.16,0.3997109357012795,-0.15953860508863393,179.81922526795566,6,IN_DOMAIN,False,DETECT_SOURCE,STATE_FAILED,DETECT_SOURCE,STATE_FAILED,,352.5,352.5,0,,,,,,,,,,null,0.0,[],"[{""state"": ""DETECT_SOURCE"", ""success"": false, ""message"": ""no 'bottle' detected (saw 0 objects)"", ""reason"": ""STATE_FAILED"", ""duration_ms"": 352.5}]"
x04-y01-r07,yolo,bottle,0.4,-0.16,0.3986508158163461,-0.15844611855213678,102.29781499879556,7,IN_DOMAIN,True,,,,,146.1,979.0,468.4,164.2,51.6,323.2142889612337,lateral_band,lower,338.2142889612337,0.195,0.07500000000000001,0.02806944056292325,0.0685354236812447,"{""candidate_id"": ""preferred_00"", ""direction_deg"": 323.2142889612337, ""pre_close_object_xy_shift_mm"": 0.0, ""close_object_xy_shift_mm"": 0.369, ""lift_horizontal_drift_mm"": 2.218, ""lift_height_mm"": 146.063, ""target_contact_geoms"": [""link7/geom:18"", ""link8/geom:20"", ""table/table_top""], ""bilateral_finger_contact"": true, ""failure_class"": ""NONE""}",0.0,[],"[{""state"": ""DETECT_SOURCE"", ""success"": true, ""message"": ""selected bottle_0 conf=0.87 base=[ 0.405 -0.162  0.171] (1800 ROI pts)"", ""reason"": ""OK"", ""duration_ms"": 468.4}, {""state"": ""PLAN_PICK"", ""success"": true, ""message"": ""selected preferred_00 direction=323deg margin=0.077rad"", ""reason"": ""OK"", ""duration_ms"": 346.3}, {""state"": ""EXECUTE_PICK"", ""success"": true, ""message"": ""validated motion plan executed"", ""reason"": ""OK"", ""duration_ms"": 164.2}, {""state"": ""VERIFY_GRASP"", ""success"": true, ""message"": ""object lifted 146 mm"", ""reason"": ""OK"", ""duration_ms"": 0.0}]"
x04-y01-r08,yolo,bottle,0.4,-0.16,0.398515744406877,-0.1595488418728353,186.68364331917758,8,IN_DOMAIN,True,,,,,145.9,994.9,472.5,162.3,43.9,323.4700043253801,lateral_band,lower,338.4700043253801,0.195,0.07500000000000001,0.028176479312118752,0.06888215071958972,"{""candidate_id"": ""preferred_00"", ""direction_deg"": 323.4700043253801, ""pre_close_object_xy_shift_mm"": 0.0, ""close_object_xy_shift_mm"": 0.38, ""lift_horizontal_drift_mm"": 2.772, ""lift_height_mm"": 145.867, ""target_contact_geoms"": [""link7/geom:18"", ""link8/geom:20"", ""table/table_top""], ""bilateral_finger_contact"": true, ""failure_class"": ""NONE""}",0.0,[],"[{""state"": ""DETECT_SOURCE"", ""success"": true, ""message"": ""selected bottle_0 conf=0.40 base=[ 0.398 -0.157  0.164] (1590 ROI pts)"", ""reason"": ""OK"", ""duration_ms"": 472.5}, {""state"": ""PLAN_PICK"", ""success"": true, ""message"": ""selected preferred_00 direction=323deg margin=0.066rad"", ""reason"": ""OK"", ""duration_ms"": 360.1}, {""state"": ""EXECUTE_PICK"", ""success"": true, ""message"": ""validated motion plan executed"", ""reason"": ""OK"", ""duration_ms"": 162.3}, {""state"": ""VERIFY_GRASP"", ""success"": true, ""message"": ""object lifted 146 mm"", ""reason"": ""OK"", ""duration_ms"": 0.0}]"
x04-y01-r09,yolo,bottle,0.4,-0.16,0.3999458229548447,-0.1593678561718609,174.24538044899865,9,IN_DOMAIN,False,DETECT_SOURCE,STATE_FAILED,DETECT_SOURCE,STATE_FAILED,,362.6,362.6,0,,,,,,,,,,null,0.0,[],"[{""state"": ""DETECT_SOURCE"", ""success"": false, ""message"": ""no 'bottle' detected (saw 0 objects)"", ""reason"": ""STATE_FAILED"", ""duration_ms"": 362.6}]"
x04-y01-r10,yolo,bottle,0.4,-0.16,0.39988509657225685,-0.16033053869754801,155.37188249754777,10,IN_DOMAIN,True,,,,,146.3,969.6,459.2,157.6,55.4,323.1217265830123,lateral_band,lower,338.1217265830123,0.195,0.07500000000000001,0.028128873586403962,0.06874233929198924,"{""candidate_id"": ""preferred_00"", ""direction_deg"": 323.1217265830123, ""pre_close_object_xy_shift_mm"": 0.0, ""close_object_xy_shift_mm"": 0.12, ""lift_horizontal_drift_mm"": 0.786, ""lift_height_mm"": 146.305, ""target_contact_geoms"": [""link7/geom:18"", ""link8/geom:20"", ""table/table_top""], ""bilateral_finger_contact"": true, ""failure_class"": ""NONE""}",0.0,[],"[{""state"": ""DETECT_SOURCE"", ""success"": true, ""message"": ""selected bottle_0 conf=0.37 base=[ 0.4   -0.16   0.175] (1581 ROI pts)"", ""reason"": ""OK"", ""duration_ms"": 459.2}, {""state"": ""PLAN_PICK"", ""success"": true, ""message"": ""selected preferred_00 direction=323deg margin=0.070rad"", ""reason"": ""OK"", ""duration_ms"": 352.7}, {""state"": ""EXECUTE_PICK"", ""success"": true, ""message"": ""validated motion plan executed"", ""reason"": ""OK"", ""duration_ms"": 157.6}, {""state"": ""VERIFY_GRASP"", ""success"": true, ""message"": ""object lifted 146 mm"", ""reason"": ""OK"", ""duration_ms"": 0.0}]"
x04-y02-r01,yolo,bottle,0.4,-0.115,0.39905301183848646,-0.11388492637422502,229.36130716955986,1,IN_DOMAIN,True,,,,,146.2,1083.6,575.3,155.8,51.2,329.03547860872914,lateral_band,lower,344.03547860872914,0.195,0.07500000000000001,0.028399337647746416,0.06942749443464773,"{""candidate_id"": ""preferred_00"", ""direction_deg"": 329.03547860872914, ""pre_close_object_xy_shift_mm"": 0.0, ""close_object_xy_shift_mm"": 0.223, ""lift_horizontal_drift_mm"": 1.155, ""lift_height_mm"": 146.229, ""target_contact_geoms"": [""link7/geom:18"", ""link8/geom:20"", ""table/table_top""], ""bilateral_finger_contact"": true, ""failure_class"": ""NONE""}",0.0,[],"[{""state"": ""DETECT_SOURCE"", ""success"": true, ""message"": ""selected bottle_0 conf=0.91 base=[ 0.401 -0.115  0.171] (1508 ROI pts)"", ""reason"": ""OK"", ""duration_ms"": 575.3}, {""state"": ""PLAN_PICK"", ""success"": true, ""message"": ""selected preferred_00 direction=329deg margin=0.052rad"", ""reason"": ""OK"", ""duration_ms"": 352.4}, {""state"": ""EXECUTE_PICK"", ""success"": true, ""message"": ""validated motion plan executed"", ""reason"": ""OK"", ""duration_ms"": 155.8}, {""state"": ""VERIFY_GRASP"", ""success"": true, ""message"": ""object lifted 146 mm"", ""reason"": ""OK"", ""duration_ms"": 0.0}]"
x04-y02-r02,yolo,bottle,0.4,-0.115,0.40025001075220307,-0.11630191358747627,272.46611766806956,2,IN_DOMAIN,True,,,,,146.0,1078.9,570.8,157.6,51.0,328.8620600164737,lateral_band,lower,343.8620600164737,0.195,0.07500000000000001,0.0282934027336554,0.06918337184518018,"{""candidate_id"": ""preferred_00"", ""direction_deg"": 328.8620600164737, ""pre_close_object_xy_shift_mm"": 0.0, ""close_object_xy_shift_mm"": 0.396, ""lift_horizontal_drift_mm"": 2.966, ""lift_height_mm"": 146.027, ""target_contact_geoms"": [""link7/geom:18"", ""link8/geom:20"", ""table/table_top""], ""bilateral_finger_contact"": true, ""failure_class"": ""NONE""}",0.0,[],"[{""state"": ""DETECT_SOURCE"", ""success"": true, ""message"": ""selected bottle_0 conf=0.91 base=[ 0.405 -0.117  0.171] (1519 ROI pts)"", ""reason"": ""OK"", ""duration_ms"": 570.8}, {""state"": ""PLAN_PICK"", ""success"": true, ""message"": ""selected preferred_00 direction=329deg margin=0.058rad"", ""reason"": ""OK"", ""duration_ms"": 350.5}, {""state"": ""EXECUTE_PICK"", ""success"": true, ""message"": ""validated motion plan executed"", ""reason"": ""OK"", ""duration_ms"": 157.6}, {""state"": ""VERIFY_GRASP"", ""success"": true, ""message"": ""object lifted 146 mm"", ""reason"": ""OK"", ""duration_ms"": 0.0}]"
x04-y02-r03,yolo,bottle,0.4,-0.115,0.3989680834708736,-0.11493408316469803,105.16631906765258,3,IN_DOMAIN,True,,,,,146.1,1112.2,575.6,159.2,51.5,328.99507211740337,lateral_band,lower,343.99507211740337,0.195,0.07500000000000001,0.028342268499331236,0.0692985096984139,"{""candidate_id"": ""preferred_00"", ""direction_deg"": 328.99507211740337, ""pre_close_object_xy_shift_mm"": 0.0, ""close_object_xy_shift_mm"": 0.383, ""lift_horizontal_drift_mm"": 2.591, ""lift_height_mm"": 146.144, ""target_contact_geoms"": [""link7/geom:18"", ""link8/geom:20"", ""table/table_top""], ""bilateral_finger_contact"": true, ""failure_class"": ""NONE""}",0.0,[],"[{""state"": ""DETECT_SOURCE"", ""success"": true, ""message"": ""selected bottle_0 conf=0.89 base=[ 0.403 -0.116  0.171] (1519 ROI pts)"", ""reason"": ""OK"", ""duration_ms"": 575.6}, {""state"": ""PLAN_PICK"", ""success"": true, ""message"": ""selected preferred_00 direction=329deg margin=0.055rad"", ""reason"": ""OK"", ""duration_ms"": 377.3}, {""state"": ""EXECUTE_PICK"", ""success"": true, ""message"": ""validated motion plan executed"", ""reason"": ""OK"", ""duration_ms"": 159.2}, {""state"": ""VERIFY_GRASP"", ""success"": true, ""message"": ""object lifted 146 mm"", ""reason"": ""OK"", ""duration_ms"": 0.0}]"
x04-y02-r04,yolo,bottle,0.4,-0.115,0.40218622825486555,-0.116593582127188,98.65468047444354,4,IN_DOMAIN,True,,,,,146.0,1107.0,587.1,160.1,51.2,328.8952668073647,lateral_band,lower,343.8952668073647,0.195,0.07500000000000001,0.02826345995348639,0.06911020800312724,"{""candidate_id"": ""preferred_00"", ""direction_deg"": 328.8952668073647, ""pre_close_object_xy_shift_mm"": 0.0, ""close_object_xy_shift_mm"": 0.378, ""lift_horizontal_drift_mm"": 2.898, ""lift_height_mm"": 145.957, ""target_contact_geoms"": [""link7/geom:18"", ""link8/geom:20"", ""table/table_top""], ""bilateral_finger_contact"": true, ""failure_class"": ""NONE""}",0.0,[],"[{""state"": ""DETECT_SOURCE"", ""success"": true, ""message"": ""selected bottle_0 conf=0.89 base=[ 0.406 -0.117  0.171] (1519 ROI pts)"", ""reason"": ""OK"", ""duration_ms"": 587.1}, {""state"": ""PLAN_PICK"", ""success"": true, ""message"": ""selected preferred_00 direction=329deg margin=0.060rad"", ""reason"": ""OK"", ""duration_ms"": 359.8}, {""state"": ""EXECUTE_PICK"", ""success"": true, ""message"": ""validated motion plan executed"", ""reason"": ""OK"", ""duration_ms"": 160.1}, {""state"": ""VERIFY_GRASP"", ""success"": true, ""message"": ""object lifted 146 mm"", ""reason"": ""OK"", ""duration_ms"": 0.0}]"
x04-y02-r05,yolo,bottle,0.4,-0.115,0.4025335786628323,-0.11484678049008146,83.83313966036627,5,IN_DOMAIN,True,,,,,146.2,1107.9,583.9,164.3,50.6,329.0379106850171,lateral_band,lower,344.0379106850171,0.195,0.07500000000000001,0.02824531844047445,0.06906474096267833,"{""candidate_id"": ""preferred_00"", ""direction_deg"": 329.0379106850171, ""pre_close_object_xy_shift_mm"": 0.0, ""close_object_xy_shift_mm"": 0.359, ""lift_horizontal_drift_mm"": 1.884, ""lift_height_mm"": 146.199, ""target_contact_geoms"": [""link7/geom:18"", ""link8/geom:20"", ""table/table_top""], ""bilateral_finger_contact"": true, ""failure_class"": ""NONE""}",0.0,[],"[{""state"": ""DETECT_SOURCE"", ""success"": true, ""message"": ""selected bottle_0 conf=0.91 base=[ 0.407 -0.116  0.17 ] (1600 ROI pts)"", ""reason"": ""OK"", ""duration_ms"": 583.9}, {""state"": ""PLAN_PICK"", ""success"": true, ""message"": ""selected preferred_00 direction=329deg margin=0.061rad"", ""reason"": ""OK"", ""duration_ms"": 359.7}, {""state"": ""EXECUTE_PICK"", ""success"": true, ""message"": ""validated motion plan executed"", ""reason"": ""OK"", ""duration_ms"": 164.3}, {""state"": ""VERIFY_GRASP"", ""success"": true, ""message"": ""object lifted 146 mm"", ""reason"": ""OK"", ""duration_ms"": 0.0}]"
x04-y02-r06,yolo,bottle,0.4,-0.115,0.4013071304087181,-0.11736064022296047,231.3428588529171,6,IN_DOMAIN,True,,,,,146.2,1081.9,574.9,157.7,51.3,328.643980153874,lateral_band,lower,343.643980153874,0.195,0.07500000000000001,0.028307547892881185,0.06921720629646763,"{""candidate_id"": ""preferred_00"", ""direction_deg"": 328.643980153874, ""pre_close_object_xy_shift_mm"": 0.0, ""close_object_xy_shift_mm"": 0.225, ""lift_horizontal_drift_mm"": 1.787, ""lift_height_mm"": 146.193, ""target_contact_geoms"": [""link7/geom:18"", ""link8/geom:20"", ""table/table_top""], ""bilateral_finger_contact"": true, ""failure_class"": ""NONE""}",0.0,[],"[{""state"": ""DETECT_SOURCE"", ""success"": true, ""message"": ""selected bottle_0 conf=0.87 base=[ 0.404 -0.118  0.171] (1508 ROI pts)"", ""reason"": ""OK"", ""duration_ms"": 574.9}, {""state"": ""PLAN_PICK"", ""success"": true, ""message"": ""selected preferred_00 direction=329deg margin=0.057rad"", ""reason"": ""OK"", ""duration_ms"": 349.2}, {""state"": ""EXECUTE_PICK"", ""success"": true, ""message"": ""validated motion plan executed"", ""reason"": ""OK"", ""duration_ms"": 157.7}, {""state"": ""VERIFY_GRASP"", ""success"": true, ""message"": ""object lifted 146 mm"", ""reason"": ""OK"", ""duration_ms"": 0.0}]"
x04-y02-r07,yolo,bottle,0.4,-0.115,0.39778197692598594,-0.11751296507744198,177.35477759834058,7,IN_DOMAIN,True,,,,,145.8,966.3,464.9,148.7,58.5,328.5369053757131,lateral_band,lower,343.5369053757131,0.195,0.07500000000000001,0.028641715371207677,0.06992987577025227,"{""candidate_id"": ""preferred_00"", ""direction_deg"": 328.5369053757131, ""pre_close_object_xy_shift_mm"": 0.0, ""close_object_xy_shift_mm"": 0.167, ""lift_horizontal_drift_mm"": 2.317, ""lift_height_mm"": 145.804, ""target_contact_geoms"": [""link7/geom:18"", ""link8/geom:20"", ""table/table_top""], ""bilateral_finger_contact"": true, ""failure_class"": ""NONE""}",0.0,[],"[{""state"": ""DETECT_SOURCE"", ""success"": true, ""message"": ""selected bottle_0 conf=0.33 base=[ 0.392 -0.116  0.178] (1326 ROI pts)"", ""reason"": ""OK"", ""duration_ms"": 464.9}, {""state"": ""PLAN_PICK"", ""success"": true, ""message"": ""selected preferred_00 direction=329deg margin=0.043rad"", ""reason"": ""OK"", ""duration_ms"": 352.7}, {""state"": ""EXECUTE_PICK"", ""success"": true, ""message"": ""validated motion plan executed"", ""reason"": ""OK"", ""duration_ms"": 148.7}, {""state"": ""VERIFY_GRASP"", ""success"": true, ""message"": ""object lifted 146 mm"", ""reason"": ""OK"", ""duration_ms"": 0.0}]"
x04-y02-r08,yolo,bottle,0.4,-0.115,0.4013861705584855,-0.11668607104935798,181.3528542277181,8,IN_DOMAIN,True,,,,,146.0,969.5,466.5,151.5,57.5,328.76667988041436,lateral_band,lower,343.76667988041436,0.195,0.07500000000000001,0.028533743621491574,0.06971362418753042,"{""candidate_id"": ""preferred_00"", ""direction_deg"": 328.76667988041436, ""pre_close_object_xy_shift_mm"": 0.0, ""close_object_xy_shift_mm"": 0.206, ""lift_horizontal_drift_mm"": 1.242, ""lift_height_mm"": 146.005, ""target_contact_geoms"": [""link7/geom:18"", ""link8/geom:20"", ""table/table_top""], ""bilateral_finger_contact"": true, ""failure_class"": ""NONE""}",0.0,[],"[{""state"": ""DETECT_SOURCE"", ""success"": true, ""message"": ""selected bottle_0 conf=0.38 base=[ 0.396 -0.115  0.177] (1326 ROI pts)"", ""reason"": ""OK"", ""duration_ms"": 466.5}, {""state"": ""PLAN_PICK"", ""success"": true, ""message"": ""selected preferred_00 direction=329deg margin=0.047rad"", ""reason"": ""OK"", ""duration_ms"": 351.5}, {""state"": ""EXECUTE_PICK"", ""success"": true, ""message"": ""validated motion plan executed"", ""reason"": ""OK"", ""duration_ms"": 151.5}, {""state"": ""VERIFY_GRASP"", ""success"": true, ""message"": ""object lifted 146 mm"", ""reason"": ""OK"", ""duration_ms"": 0.0}]"
x04-y02-r09,yolo,bottle,0.4,-0.115,0.4026315328655189,-0.11420304616995192,126.70611212363936,9,IN_DOMAIN,True,,,,,146.2,1105.3,587.3,162.5,51.5,329.11987517550455,lateral_band,lower,344.11987517550455,0.195,0.07500000000000001,0.028259679948919498,0.06910080982132491,"{""candidate_id"": ""preferred_00"", ""direction_deg"": 329.11987517550455, ""pre_close_object_xy_shift_mm"": 0.0, ""close_object_xy_shift_mm"": 0.356, ""lift_horizontal_drift_mm"": 2.215, ""lift_height_mm"": 146.154, ""target_contact_geoms"": [""link7/geom:18"", ""link8/geom:20"", ""table/table_top""], ""bilateral_finger_contact"": true, ""failure_class"": ""NONE""}",0.0,[],"[{""state"": ""DETECT_SOURCE"", ""success"": true, ""message"": ""selected bottle_0 conf=0.88 base=[ 0.407 -0.116  0.171] (1536 ROI pts)"", ""reason"": ""OK"", ""duration_ms"": 587.3}, {""state"": ""PLAN_PICK"", ""success"": true, ""message"": ""selected preferred_00 direction=329deg margin=0.060rad"", ""reason"": ""OK"", ""duration_ms"": 355.5}, {""state"": ""EXECUTE_PICK"", ""success"": true, ""message"": ""validated motion plan executed"", ""reason"": ""OK"", ""duration_ms"": 162.5}, {""state"": ""VERIFY_GRASP"", ""success"": true, ""message"": ""object lifted 146 mm"", ""reason"": ""OK"", ""duration_ms"": 0.0}]"
x04-y02-r10,yolo,bottle,0.4,-0.115,0.40133027369170704,-0.11703151285199917,260.0471874460494,10,IN_DOMAIN,True,,,,,146.0,1156.3,568.0,163.8,50.6,328.6980829305211,lateral_band,lower,343.6980829305211,0.195,0.07500000000000001,0.02824132568225335,0.06905460674039499,"{""candidate_id"": ""preferred_00"", ""direction_deg"": 328.6980829305211, ""pre_close_object_xy_shift_mm"": 0.0, ""close_object_xy_shift_mm"": 0.37, ""lift_horizontal_drift_mm"": 2.371, ""lift_height_mm"": 146.005, ""target_contact_geoms"": [""link7/geom:18"", ""link8/geom:20"", ""table/table_top""], ""bilateral_finger_contact"": true, ""failure_class"": ""NONE""}",0.0,[],"[{""state"": ""DETECT_SOURCE"", ""success"": true, ""message"": ""selected bottle_0 conf=0.93 base=[ 0.407 -0.119  0.17 ] (1632 ROI pts)"", ""reason"": ""OK"", ""duration_ms"": 568.0}, {""state"": ""PLAN_PICK"", ""success"": true, ""message"": ""selected preferred_00 direction=329deg margin=0.061rad"", ""reason"": ""OK"", ""duration_ms"": 424.5}, {""state"": ""EXECUTE_PICK"", ""success"": true, ""message"": ""validated motion plan executed"", ""reason"": ""OK"", ""duration_ms"": 163.8}, {""state"": ""VERIFY_GRASP"", ""success"": true, ""message"": ""object lifted 146 mm"", ""reason"": ""OK"", ""duration_ms"": 0.0}]"
x04-y03-r01,yolo,bottle,0.4,-0.07,0.4001538523452169,-0.06852346415883573,340.402515950933,1,IN_DOMAIN,True,,,,,145.8,1151.5,575.2,154.4,55.2,0.0,lateral_band,upper,0.0,0.195,0.07500000000000001,0.02132782534174904,0.059771313310804305,"{""candidate_id"": ""preferred_00"", ""direction_deg"": 0.0, ""pre_close_object_xy_shift_mm"": 0.0, ""close_object_xy_shift_mm"": 0.236, ""lift_horizontal_drift_mm"": 1.501, ""lift_height_mm"": 145.845, ""target_contact_geoms"": [""link7/geom:18"", ""link8/geom:20"", ""table/table_top""], ""bilateral_finger_contact"": true, ""failure_class"": ""NONE""}",0.0,[],"[{""state"": ""DETECT_SOURCE"", ""success"": true, ""message"": ""selected bottle_0 conf=0.66 base=[ 0.4   -0.068  0.175] (1248 ROI pts)"", ""reason"": ""OK"", ""duration_ms"": 575.2}, {""state"": ""PLAN_PICK"", ""success"": true, ""message"": ""selected preferred_00 direction=0deg margin=0.087rad"", ""reason"": ""OK"", ""duration_ms"": 421.9}, {""state"": ""EXECUTE_PICK"", ""success"": true, ""message"": ""validated motion plan executed"", ""reason"": ""OK"", ""duration_ms"": 154.4}, {""state"": ""VERIFY_GRASP"", ""success"": true, ""message"": ""object lifted 146 mm"", ""reason"": ""OK"", ""duration_ms"": 0.0}]"
x04-y03-r02,yolo,bottle,0.4,-0.07,0.39882029298312077,-0.07205715817979638,246.8791296477546,2,IN_DOMAIN,True,,,,,145.9,1170.1,578.5,156.9,50.6,0.0,lateral_band,upper,0.0,0.195,0.07500000000000001,0.022416331577775308,0.06154796505573434,"{""candidate_id"": ""preferred_00"", ""direction_deg"": 0.0, ""pre_close_object_xy_shift_mm"": 0.0, ""close_object_xy_shift_mm"": 0.075, ""lift_horizontal_drift_mm"": 1.449, ""lift_height_mm"": 145.923, ""target_contact_geoms"": [""link7/geom:18"", ""link8/geom:20"", ""table/table_top""], ""bilateral_finger_contact"": true, ""failure_class"": ""NONE""}",0.0,[],"[{""state"": ""DETECT_SOURCE"", ""success"": true, ""message"": ""selected bottle_0 conf=0.91 base=[ 0.401 -0.073  0.17 ] (1428 ROI pts)"", ""reason"": ""OK"", ""duration_ms"": 578.5}, {""state"": ""PLAN_PICK"", ""success"": true, ""message"": ""selected preferred_00 direction=0deg margin=0.084rad"", ""reason"": ""OK"", ""duration_ms"": 434.7}, {""state"": ""EXECUTE_PICK"", ""success"": true, ""message"": ""validated motion plan executed"", ""reason"": ""OK"", ""duration_ms"": 156.9}, {""state"": ""VERIFY_GRASP"", ""success"": true, ""message"": ""object lifted 146 mm"", ""reason"": ""OK"", ""duration_ms"": 0.0}]"
x04-y03-r03,yolo,bottle,0.4,-0.07,0.39833038431111745,-0.0691863146222312,296.73539906837266,3,IN_DOMAIN,True,,,,,145.8,1181.2,577.5,158.2,53.4,0.0,lateral_band,upper,0.0,0.195,0.07500000000000001,0.02170113992622673,0.06031529228826046,"{""candidate_id"": ""preferred_00"", ""direction_deg"": 0.0, ""pre_close_object_xy_shift_mm"": 0.0, ""close_object_xy_shift_mm"": 0.167, ""lift_horizontal_drift_mm"": 2.4, ""lift_height_mm"": 145.764, ""target_contact_geoms"": [""link7/geom:18"", ""link8/geom:20"", ""table/table_top""], ""bilateral_finger_contact"": true, ""failure_class"": ""NONE""}",0.0,[],"[{""state"": ""DETECT_SOURCE"", ""success"": true, ""message"": ""selected bottle_0 conf=0.87 base=[ 0.403 -0.07   0.173] (1421 ROI pts)"", ""reason"": ""OK"", ""duration_ms"": 577.5}, {""state"": ""PLAN_PICK"", ""success"": true, ""message"": ""selected preferred_00 direction=0deg margin=0.088rad"", ""reason"": ""OK"", ""duration_ms"": 445.6}, {""state"": ""EXECUTE_PICK"", ""success"": true, ""message"": ""validated motion plan executed"", ""reason"": ""OK"", ""duration_ms"": 158.2}, {""state"": ""VERIFY_GRASP"", ""success"": true, ""message"": ""object lifted 146 mm"", ""reason"": ""OK"", ""duration_ms"": 0.0}]"
x04-y03-r04,yolo,bottle,0.4,-0.07,0.40253621912242155,-0.07158050906986804,177.32687928708364,4,IN_DOMAIN,False,DETECT_SOURCE,STATE_FAILED,DETECT_SOURCE,STATE_FAILED,,352.4,352.4,0,,,,,,,,,,null,0.0,[],"[{""state"": ""DETECT_SOURCE"", ""success"": false, ""message"": ""no 'bottle' detected (saw 0 objects)"", ""reason"": ""STATE_FAILED"", ""duration_ms"": 352.4}]"
x04-y03-r05,yolo,bottle,0.4,-0.07,0.40144590902643856,-0.07089254891286373,239.5720384160289,5,IN_DOMAIN,True,,,,,145.9,1185.1,576.8,157.3,52.0,0.0,lateral_band,upper,0.0,0.195,0.07500000000000001,0.021965352413455472,0.060758081150409926,"{""candidate_id"": ""preferred_00"", ""direction_deg"": 0.0, ""pre_close_object_xy_shift_mm"": 0.0, ""close_object_xy_shift_mm"": 0.015, ""lift_horizontal_drift_mm"": 1.418, ""lift_height_mm"": 145.939, ""target_contact_geoms"": [""link7/geom:18"", ""link8/geom:20"", ""table/table_top""], ""bilateral_finger_contact"": true, ""failure_class"": ""NONE""}",0.0,[],"[{""state"": ""DETECT_SOURCE"", ""success"": true, ""message"": ""selected bottle_0 conf=0.80 base=[ 0.403 -0.071  0.172] (1326 ROI pts)"", ""reason"": ""OK"", ""duration_ms"": 576.8}, {""state"": ""PLAN_PICK"", ""success"": true, ""message"": ""selected preferred_00 direction=0deg margin=0.087rad"", ""reason"": ""OK"", ""duration_ms"": 451.0}, {""state"": ""EXECUTE_PICK"", ""success"": true, ""message"": ""validated motion plan executed"", ""reason"": ""OK"", ""duration_ms"": 157.3}, {""state"": ""VERIFY_GRASP"", ""success"": true, ""message"": ""object lifted 146 mm"", ""reason"": ""OK"", ""duration_ms"": 0.0}]"
x04-y03-r06,yolo,bottle,0.4,-0.07,0.39926576430805216,-0.07098779851559021,22.645849499312046,6,IN_DOMAIN,False,DETECT_SOURCE,STATE_FAILED,DETECT_SOURCE,STATE_FAILED,,352.3,352.3,0,,,,,,,,,,null,0.0,[],"[{""state"": ""DETECT_SOURCE"", ""success"": false, ""message"": ""no 'bottle' detected (saw 0 objects)"", ""reason"": ""STATE_FAILED"", ""duration_ms"": 352.3}]"
x04-y03-r07,yolo,bottle,0.4,-0.07,0.3988469144953712,-0.07030789601710975,28.212781505745568,7,IN_DOMAIN,False,DETECT_SOURCE,STATE_FAILED,DETECT_SOURCE,STATE_FAILED,,356.6,356.6,0,,,,,,,,,,null,0.0,[],"[{""state"": ""DETECT_SOURCE"", ""success"": false, ""message"": ""no 'bottle' detected (saw 0 objects)"", ""reason"": ""STATE_FAILED"", ""duration_ms"": 356.6}]"
x04-y03-r08,yolo,bottle,0.4,-0.07,0.3976290357646015,-0.0724326214216043,344.6675390418237,8,IN_DOMAIN,True,,,,,145.9,1164.2,584.3,155.4,55.4,0.0,lateral_band,upper,0.0,0.195,0.07500000000000001,0.022498118557444977,0.06187751884944943,"{""candidate_id"": ""preferred_00"", ""direction_deg"": 0.0, ""pre_close_object_xy_shift_mm"": 0.0, ""close_object_xy_shift_mm"": 0.354, ""lift_horizontal_drift_mm"": 2.525, ""lift_height_mm"": 145.861, ""target_contact_geoms"": [""link7/geom:18"", ""link8/geom:20"", ""table/table_top""], ""bilateral_finger_contact"": true, ""failure_class"": ""NONE""}",0.0,[],"[{""state"": ""DETECT_SOURCE"", ""success"": true, ""message"": ""selected bottle_0 conf=0.80 base=[ 0.396 -0.071  0.175] (1200 ROI pts)"", ""reason"": ""OK"", ""duration_ms"": 584.3}, {""state"": ""PLAN_PICK"", ""success"": true, ""message"": ""selected preferred_00 direction=0deg margin=0.079rad"", ""reason"": ""OK"", ""duration_ms"": 424.4}, {""state"": ""EXECUTE_PICK"", ""success"": true, ""message"": ""validated motion plan executed"", ""reason"": ""OK"", ""duration_ms"": 155.4}, {""state"": ""VERIFY_GRASP"", ""success"": true, ""message"": ""object lifted 146 mm"", ""reason"": ""OK"", ""duration_ms"": 0.0}]"
x04-y03-r09,yolo,bottle,0.4,-0.07,0.399259516136987,-0.06745630947819681,220.28526176221632,9,IN_DOMAIN,True,,,,,146.0,974.6,466.0,151.0,53.7,0.0,lateral_band,upper,0.0,0.195,0.07500000000000001,0.02153050461398291,0.06025514581401969,"{""candidate_id"": ""preferred_00"", ""direction_deg"": 0.0, ""pre_close_object_xy_shift_mm"": 0.0, ""close_object_xy_shift_mm"": 0.086, ""lift_horizontal_drift_mm"": 1.357, ""lift_height_mm"": 146.035, ""target_contact_geoms"": [""link7/geom:18"", ""link8/geom:20"", ""table/table_top""], ""bilateral_finger_contact"": true, ""failure_class"": ""NONE""}",0.0,[],"[{""state"": ""DETECT_SOURCE"", ""success"": true, ""message"": ""selected bottle_0 conf=0.31 base=[ 0.396 -0.068  0.174] (1200 ROI pts)"", ""reason"": ""OK"", ""duration_ms"": 466.0}, {""state"": ""PLAN_PICK"", ""success"": true, ""message"": ""selected preferred_00 direction=0deg margin=0.084rad"", ""reason"": ""OK"", ""duration_ms"": 357.5}, {""state"": ""EXECUTE_PICK"", ""success"": true, ""message"": ""validated motion plan executed"", ""reason"": ""OK"", ""duration_ms"": 151.0}, {""state"": ""VERIFY_GRASP"", ""success"": true, ""message"": ""object lifted 146 mm"", ""reason"": ""OK"", ""duration_ms"": 0.0}]"
x04-y03-r10,yolo,bottle,0.4,-0.07,0.3978094630170861,-0.06823322177324398,11.271675915942234,10,IN_DOMAIN,False,DETECT_SOURCE,STATE_FAILED,DETECT_SOURCE,STATE_FAILED,,359.7,359.7,0,,,,,,,,,,null,0.0,[],"[{""state"": ""DETECT_SOURCE"", ""success"": false, ""message"": ""no 'bottle' detected (saw 0 objects)"", ""reason"": ""STATE_FAILED"", ""duration_ms"": 359.7}]"
x04-y04-r01,yolo,bottle,0.4,-0.025,0.3985127280618933,-0.022806829588538365,176.55478921579652,1,IN_DOMAIN,True,,,,,145.7,930.7,465.9,151.8,55.6,0.0,lateral_band,upper,0.0,0.195,0.07500000000000001,0.008607482362102828,0.02764212155531207,"{""candidate_id"": ""preferred_00"", ""direction_deg"": 0.0, ""pre_close_object_xy_shift_mm"": 0.0, ""close_object_xy_shift_mm"": 0.292, ""lift_horizontal_drift_mm"": 2.214, ""lift_height_mm"": 145.683, ""target_contact_geoms"": [""link7/geom:18"", ""link8/geom:20"", ""table/table_top""], ""bilateral_finger_contact"": true, ""failure_class"": ""NONE""}",0.0,[],"[{""state"": ""DETECT_SOURCE"", ""success"": true, ""message"": ""selected bottle_0 conf=0.45 base=[ 0.393 -0.022  0.175] (987 ROI pts)"", ""reason"": ""OK"", ""duration_ms"": 465.9}, {""state"": ""PLAN_PICK"", ""success"": true, ""message"": ""selected preferred_00 direction=0deg margin=0.119rad"", ""reason"": ""OK"", ""duration_ms"": 313.0}, {""state"": ""EXECUTE_PICK"", ""success"": true, ""message"": ""validated motion plan executed"", ""reason"": ""OK"", ""duration_ms"": 151.8}, {""state"": ""VERIFY_GRASP"", ""success"": true, ""message"": ""object lifted 146 mm"", ""reason"": ""OK"", ""duration_ms"": 0.0}]"
x04-y04-r02,yolo,bottle,0.4,-0.025,0.39888550697701036,-0.022260385198475983,65.49608067684662,2,IN_DOMAIN,True,,,,,145.9,1108.8,571.2,156.2,51.9,0.0,lateral_band,upper,0.0,0.195,0.07500000000000001,0.008396933489100599,0.02678270176653219,"{""candidate_id"": ""preferred_00"", ""direction_deg"": 0.0, ""pre_close_object_xy_shift_mm"": 0.0, ""close_object_xy_shift_mm"": 0.193, ""lift_horizontal_drift_mm"": 2.727, ""lift_height_mm"": 145.918, ""target_contact_geoms"": [""link7/geom:18"", ""link8/geom:20"", ""table/table_top""], ""bilateral_finger_contact"": true, ""failure_class"": ""NONE""}",0.0,[],"[{""state"": ""DETECT_SOURCE"", ""success"": true, ""message"": ""selected bottle_0 conf=0.80 base=[ 0.398 -0.022  0.172] (1150 ROI pts)"", ""reason"": ""OK"", ""duration_ms"": 571.2}, {""state"": ""PLAN_PICK"", ""success"": true, ""message"": ""selected preferred_00 direction=0deg margin=0.121rad"", ""reason"": ""OK"", ""duration_ms"": 381.4}, {""state"": ""EXECUTE_PICK"", ""success"": true, ""message"": ""validated motion plan executed"", ""reason"": ""OK"", ""duration_ms"": 156.2}, {""state"": ""VERIFY_GRASP"", ""success"": true, ""message"": ""object lifted 146 mm"", ""reason"": ""OK"", ""duration_ms"": 0.0}]"
x04-y04-r03,yolo,bottle,0.4,-0.025,0.4022139176334503,-0.02681482118152955,347.8287808096355,3,IN_DOMAIN,True,,,,,145.7,932.1,462.3,152.8,55.6,0.0,lateral_band,upper,0.0,0.195,0.07500000000000001,0.009549208824023485,0.03061062727701527,"{""candidate_id"": ""preferred_00"", ""direction_deg"": 0.0, ""pre_close_object_xy_shift_mm"": 0.0, ""close_object_xy_shift_mm"": 0.307, ""lift_horizontal_drift_mm"": 2.161, ""lift_height_mm"": 145.688, ""target_contact_geoms"": [""link7/geom:18"", ""link8/geom:20"", ""table/table_top""], ""bilateral_finger_contact"": true, ""failure_class"": ""NONE""}",0.0,[],"[{""state"": ""DETECT_SOURCE"", ""success"": true, ""message"": ""selected bottle_0 conf=0.60 base=[ 0.4   -0.026  0.175] (1058 ROI pts)"", ""reason"": ""OK"", ""duration_ms"": 462.3}, {""state"": ""PLAN_PICK"", ""success"": true, ""message"": ""selected preferred_00 direction=0deg margin=0.120rad"", ""reason"": ""OK"", ""duration_ms"": 317.1}, {""state"": ""EXECUTE_PICK"", ""success"": true, ""message"": ""validated motion plan executed"", ""reason"": ""OK"", ""duration_ms"": 152.8}, {""state"": ""VERIFY_GRASP"", ""success"": true, ""message"": ""object lifted 146 mm"", ""reason"": ""OK"", ""duration_ms"": 0.0}]"
x04-y04-r04,yolo,bottle,0.4,-0.025,0.39960257214137535,-0.024803999964147748,239.65538836346153,4,IN_DOMAIN,True,,,,,145.6,1006.0,465.3,150.9,52.4,0.0,lateral_band,upper,0.0,0.195,0.07500000000000001,0.00943458094577283,0.03027766012019302,"{""candidate_id"": ""preferred_00"", ""direction_deg"": 0.0, ""pre_close_object_xy_shift_mm"": 0.0, ""close_object_xy_shift_mm"": 0.04, ""lift_horizontal_drift_mm"": 2.178, ""lift_height_mm"": 145.599, ""target_contact_geoms"": [""link7/geom:18"", ""link8/geom:20"", ""table/table_top""], ""bilateral_finger_contact"": true, ""failure_class"": ""NONE""}",0.0,[],"[{""state"": ""DETECT_SOURCE"", ""success"": true, ""message"": ""selected bottle_0 conf=0.50 base=[ 0.399 -0.026  0.172] (1128 ROI pts)"", ""reason"": ""OK"", ""duration_ms"": 465.3}, {""state"": ""PLAN_PICK"", ""success"": true, ""message"": ""selected preferred_00 direction=0deg margin=0.120rad"", ""reason"": ""OK"", ""duration_ms"": 389.8}, {""state"": ""EXECUTE_PICK"", ""success"": true, ""message"": ""validated motion plan executed"", ""reason"": ""OK"", ""duration_ms"": 150.9}, {""state"": ""VERIFY_GRASP"", ""success"": true, ""message"": ""object lifted 146 mm"", ""reason"": ""OK"", ""duration_ms"": 0.0}]"
x04-y04-r05,yolo,bottle,0.4,-0.025,0.4021315544657583,-0.024372369850191974,340.41137660949636,5,IN_DOMAIN,True,,,,,146.1,1117.3,581.4,152.5,54.6,0.0,lateral_band,upper,0.0,0.195,0.07500000000000001,0.008746296562859456,0.027910405328604292,"{""candidate_id"": ""preferred_00"", ""direction_deg"": 0.0, ""pre_close_object_xy_shift_mm"": 0.0, ""close_object_xy_shift_mm"": 0.333, ""lift_horizontal_drift_mm"": 2.26, ""lift_height_mm"": 146.112, ""target_contact_geoms"": [""link7/geom:18"", ""link8/geom:20"", ""table/table_top""], ""bilateral_finger_contact"": true, ""failure_class"": ""NONE""}",0.0,[],"[{""state"": ""DETECT_SOURCE"", ""success"": true, ""message"": ""selected bottle_0 conf=0.73 base=[ 0.401 -0.024  0.174] (1078 ROI pts)"", ""reason"": ""OK"", ""duration_ms"": 581.4}, {""state"": ""PLAN_PICK"", ""success"": true, ""message"": ""selected preferred_00 direction=0deg margin=0.121rad"", ""reason"": ""OK"", ""duration_ms"": 383.4}, {""state"": ""EXECUTE_PICK"", ""success"": true, ""message"": ""validated motion plan executed"", ""reason"": ""OK"", ""duration_ms"": 152.5}, {""state"": ""VERIFY_GRASP"", ""success"": true, ""message"": ""object lifted 146 mm"", ""reason"": ""OK"", ""duration_ms"": 0.0}]"
x04-y04-r06,yolo,bottle,0.4,-0.025,0.4011912433684899,-0.022377514115770186,193.2369919502159,6,IN_DOMAIN,False,DETECT_SOURCE,STATE_FAILED,DETECT_SOURCE,STATE_FAILED,,352.1,352.1,0,,,,,,,,,,null,0.0,[],"[{""state"": ""DETECT_SOURCE"", ""success"": false, ""message"": ""no 'bottle' detected (saw 0 objects)"", ""reason"": ""STATE_FAILED"", ""duration_ms"": 352.1}]"
x04-y04-r07,yolo,bottle,0.4,-0.025,0.39933277243827436,-0.02534770583310323,53.573822242604415,7,IN_DOMAIN,True,,,,,145.9,1055.2,587.0,152.8,54.7,0.0,lateral_band,upper,0.0,0.195,0.07500000000000001,0.00949114506330833,0.030524047864497625,"{""candidate_id"": ""preferred_00"", ""direction_deg"": 0.0, ""pre_close_object_xy_shift_mm"": 0.0, ""close_object_xy_shift_mm"": 0.119, ""lift_horizontal_drift_mm"": 2.366, ""lift_height_mm"": 145.894, ""target_contact_geoms"": [""link7/geom:18"", ""link8/geom:20"", ""table/table_top""], ""bilateral_finger_contact"": true, ""failure_class"": ""NONE""}",0.0,[],"[{""state"": ""DETECT_SOURCE"", ""success"": true, ""message"": ""selected bottle_0 conf=0.41 base=[ 0.397 -0.025  0.175] (1012 ROI pts)"", ""reason"": ""OK"", ""duration_ms"": 587.0}, {""state"": ""PLAN_PICK"", ""success"": true, ""message"": ""selected preferred_00 direction=0deg margin=0.119rad"", ""reason"": ""OK"", ""duration_ms"": 315.4}, {""state"": ""EXECUTE_PICK"", ""success"": true, ""message"": ""validated motion plan executed"", ""reason"": ""OK"", ""duration_ms"": 152.8}, {""state"": ""VERIFY_GRASP"", ""success"": true, ""message"": ""object lifted 146 mm"", ""reason"": ""OK"", ""duration_ms"": 0.0}]"
x04-y04-r08,yolo,bottle,0.4,-0.025,0.4026506540604424,-0.026059985000452746,322.64401454402656,8,IN_DOMAIN,True,,,,,145.9,1190.8,584.3,158.5,53.4,0.0,lateral_band,upper,0.0,0.195,0.07500000000000001,0.009403049638653788,0.029976133984287938,"{""candidate_id"": ""preferred_00"", ""direction_deg"": 0.0, ""pre_close_object_xy_shift_mm"": 0.0, ""close_object_xy_shift_mm"": 0.096, ""lift_horizontal_drift_mm"": 2.166, ""lift_height_mm"": 145.872, ""target_contact_geoms"": [""link7/geom:18"", ""link8/geom:20"", ""table/table_top""], ""bilateral_finger_contact"": true, ""failure_class"": ""NONE""}",0.0,[],"[{""state"": ""DETECT_SOURCE"", ""success"": true, ""message"": ""selected bottle_0 conf=0.78 base=[ 0.406 -0.026  0.173] (1170 ROI pts)"", ""reason"": ""OK"", ""duration_ms"": 584.3}, {""state"": ""PLAN_PICK"", ""success"": true, ""message"": ""selected preferred_00 direction=0deg margin=0.123rad"", ""reason"": ""OK"", ""duration_ms"": 448.0}, {""state"": ""EXECUTE_PICK"", ""success"": true, ""message"": ""validated motion plan executed"", ""reason"": ""OK"", ""duration_ms"": 158.5}, {""state"": ""VERIFY_GRASP"", ""success"": true, ""message"": ""object lifted 146 mm"", ""reason"": ""OK"", ""duration_ms"": 0.0}]"
x04-y04-r09,yolo,bottle,0.4,-0.025,0.40140127681214116,-0.02296063030158184,359.8458550779539,9,IN_DOMAIN,True,,,,,145.7,938.8,473.9,150.7,55.9,0.0,lateral_band,upper,0.0,0.195,0.07500000000000001,0.008362580465898281,0.02672761873556599,"{""candidate_id"": ""preferred_00"", ""direction_deg"": 0.0, ""pre_close_object_xy_shift_mm"": 0.0, ""close_object_xy_shift_mm"": 0.351, ""lift_horizontal_drift_mm"": 3.794, ""lift_height_mm"": 145.657, ""target_contact_geoms"": [""link7/geom:18"", ""link8/geom:20"", ""table/table_top""], ""bilateral_finger_contact"": true, ""failure_class"": ""NONE""}",0.0,[],"[{""state"": ""DETECT_SOURCE"", ""success"": true, ""message"": ""selected bottle_0 conf=0.63 base=[ 0.396 -0.022  0.175] (940 ROI pts)"", ""reason"": ""OK"", ""duration_ms"": 473.9}, {""state"": ""PLAN_PICK"", ""success"": true, ""message"": ""selected preferred_00 direction=0deg margin=0.120rad"", ""reason"": ""OK"", ""duration_ms"": 314.2}, {""state"": ""EXECUTE_PICK"", ""success"": true, ""message"": ""validated motion plan executed"", ""reason"": ""OK"", ""duration_ms"": 150.7}, {""state"": ""VERIFY_GRASP"", ""success"": true, ""message"": ""object lifted 146 mm"", ""reason"": ""OK"", ""duration_ms"": 0.0}]"
x04-y04-r10,yolo,bottle,0.4,-0.025,0.3994073634406143,-0.023853797156442227,75.07209485919758,10,IN_DOMAIN,True,,,,,145.9,1112.9,577.7,151.6,51.8,0.0,lateral_band,upper,0.0,0.195,0.07500000000000001,0.00894033412690833,0.028587213396690576,"{""candidate_id"": ""preferred_00"", ""direction_deg"": 0.0, ""pre_close_object_xy_shift_mm"": 0.0, ""close_object_xy_shift_mm"": 0.09, ""lift_horizontal_drift_mm"": 2.605, ""lift_height_mm"": 145.904, ""target_contact_geoms"": [""link7/geom:18"", ""link8/geom:20"", ""table/table_top""], ""bilateral_finger_contact"": true, ""failure_class"": ""NONE""}",0.0,[],"[{""state"": ""DETECT_SOURCE"", ""success"": true, ""message"": ""selected bottle_0 conf=0.71 base=[ 0.4   -0.024  0.172] (1225 ROI pts)"", ""reason"": ""OK"", ""duration_ms"": 577.7}, {""state"": ""PLAN_PICK"", ""success"": true, ""message"": ""selected preferred_00 direction=0deg margin=0.121rad"", ""reason"": ""OK"", ""duration_ms"": 383.6}, {""state"": ""EXECUTE_PICK"", ""success"": true, ""message"": ""validated motion plan executed"", ""reason"": ""OK"", ""duration_ms"": 151.6}, {""state"": ""VERIFY_GRASP"", ""success"": true, ""message"": ""object lifted 146 mm"", ""reason"": ""OK"", ""duration_ms"": 0.0}]"
x04-y05-r01,yolo,bottle,0.4,0.02,0.40255896685927767,0.019999,336.26355719744237,1,IN_DOMAIN,False,DETECT_SOURCE,OBJECT_OUT_OF_ODD,DETECT_SOURCE,OBJECT_OUT_OF_ODD,,604.7,604.7,0,,,,,,,,,,null,0.0,[],"[{""state"": ""DETECT_SOURCE"", ""success"": false, ""message"": ""object center [0.402 0.021 0.174] is outside the tabletop operating domain"", ""reason"": ""OBJECT_OUT_OF_ODD"", ""duration_ms"": 604.7}]"
x04-y05-r02,yolo,bottle,0.4,0.02,0.40280495916044096,0.017636661466429726,278.7106985522391,2,IN_DOMAIN,True,,,,,146.0,1125.6,583.8,154.9,52.6,0.0,lateral_band,upper,0.0,0.195,0.07500000000000001,0.0053797005071958654,0.019721640014811775,"{""candidate_id"": ""preferred_00"", ""direction_deg"": 0.0, ""pre_close_object_xy_shift_mm"": 0.0, ""close_object_xy_shift_mm"": 0.165, ""lift_horizontal_drift_mm"": 1.862, ""lift_height_mm"": 146.027, ""target_contact_geoms"": [""link7/geom:18"", ""link8/geom:20"", ""table/table_top""], ""bilateral_finger_contact"": true, ""failure_class"": ""NONE""}",0.0,[],"[{""state"": ""DETECT_SOURCE"", ""success"": true, ""message"": ""selected bottle_0 conf=0.69 base=[0.405 0.018 0.172] (1200 ROI pts)"", ""reason"": ""OK"", ""duration_ms"": 583.8}, {""state"": ""PLAN_PICK"", ""success"": true, ""message"": ""selected preferred_00 direction=0deg margin=0.126rad"", ""reason"": ""OK"", ""duration_ms"": 386.9}, {""state"": ""EXECUTE_PICK"", ""success"": true, ""message"": ""validated motion plan executed"", ""reason"": ""OK"", ""duration_ms"": 154.9}, {""state"": ""VERIFY_GRASP"", ""success"": true, ""message"": ""object lifted 146 mm"", ""reason"": ""OK"", ""duration_ms"": 0.0}]"
x04-y05-r03,yolo,bottle,0.4,0.02,0.4005101160313545,0.019999,303.99176179194336,3,IN_DOMAIN,True,,,,,146.0,1127.0,579.6,158.8,52.3,0.0,lateral_band,upper,0.0,0.195,0.07500000000000001,0.006079831596214089,0.02236223484200493,"{""candidate_id"": ""preferred_00"", ""direction_deg"": 0.0, ""pre_close_object_xy_shift_mm"": 0.0, ""close_object_xy_shift_mm"": 0.157, ""lift_horizontal_drift_mm"": 1.954, ""lift_height_mm"": 146.041, ""target_contact_geoms"": [""link7/geom:18"", ""link8/geom:20"", ""table/table_top""], ""bilateral_finger_contact"": true, ""failure_class"": ""NONE""}",0.0,[],"[{""state"": ""DETECT_SOURCE"", ""success"": true, ""message"": ""selected bottle_0 conf=0.68 base=[0.404 0.02  0.172] (1100 ROI pts)"", ""reason"": ""OK"", ""duration_ms"": 579.6}, {""state"": ""PLAN_PICK"", ""success"": true, ""message"": ""selected preferred_00 direction=0deg margin=0.124rad"", ""reason"": ""OK"", ""duration_ms"": 388.5}, {""state"": ""EXECUTE_PICK"", ""success"": true, ""message"": ""validated motion plan executed"", ""reason"": ""OK"", ""duration_ms"": 158.8}, {""state"": ""VERIFY_GRASP"", ""success"": true, ""message"": ""object lifted 146 mm"", ""reason"": ""OK"", ""duration_ms"": 0.0}]"
x04-y05-r04,yolo,bottle,0.4,0.02,0.39774039453265164,0.01975543575659724,171.9992412883415,4,IN_DOMAIN,False,DETECT_SOURCE,OBJECT_OUT_OF_ODD,DETECT_SOURCE,OBJECT_OUT_OF_ODD,,584.8,584.8,0,,,,,,,,,,null,0.0,[],"[{""state"": ""DETECT_SOURCE"", ""success"": false, ""message"": ""object center [0.394 0.02  0.175] is outside the tabletop operating domain"", ""reason"": ""OBJECT_OUT_OF_ODD"", ""duration_ms"": 584.8}]"
x04-y05-r05,yolo,bottle,0.4,0.02,0.4003961171940543,0.019999,350.89656812250547,5,IN_DOMAIN,False,DETECT_SOURCE,OBJECT_OUT_OF_ODD,DETECT_SOURCE,OBJECT_OUT_OF_ODD,,578.5,578.5,0,,,,,,,,,,null,0.0,[],"[{""state"": ""DETECT_SOURCE"", ""success"": false, ""message"": ""object center [0.398 0.021 0.174] is outside the tabletop operating domain"", ""reason"": ""OBJECT_OUT_OF_ODD"", ""duration_ms"": 578.5}]"
x04-y05-r06,yolo,bottle,0.4,0.02,0.39821493831869914,0.019999,321.89732644183437,6,IN_DOMAIN,False,DETECT_SOURCE,OBJECT_OUT_OF_ODD,DETECT_SOURCE,OBJECT_OUT_OF_ODD,,574.9,574.9,0,,,,,,,,,,null,0.0,[],"[{""state"": ""DETECT_SOURCE"", ""success"": false, ""message"": ""object center [0.4   0.021 0.173] is outside the tabletop operating domain"", ""reason"": ""OBJECT_OUT_OF_ODD"", ""duration_ms"": 574.9}]"
x04-y05-r07,yolo,bottle,0.4,0.02,0.4013633530463228,0.019999,247.20635998234525,7,IN_DOMAIN,True,,,,,146.3,1099.8,588.1,150.7,51.7,0.0,lateral_band,upper,0.0,0.195,0.07500000000000001,0.006125291614933864,0.022506509232837958,"{""candidate_id"": ""preferred_00"", ""direction_deg"": 0.0, ""pre_close_object_xy_shift_mm"": 0.0, ""close_object_xy_shift_mm"": 0.09, ""lift_horizontal_drift_mm"": 1.855, ""lift_height_mm"": 146.334, ""target_contact_geoms"": [""link7/geom:18"", ""link8/geom:20"", ""table/table_top""], ""bilateral_finger_contact"": true, ""failure_class"": ""NONE""}",0.0,[],"[{""state"": ""DETECT_SOURCE"", ""success"": true, ""message"": ""selected bottle_0 conf=0.67 base=[0.4   0.02  0.172] (966 ROI pts)"", ""reason"": ""OK"", ""duration_ms"": 588.1}, {""state"": ""PLAN_PICK"", ""success"": true, ""message"": ""selected preferred_00 direction=0deg margin=0.123rad"", ""reason"": ""OK"", ""duration_ms"": 361.0}, {""state"": ""EXECUTE_PICK"", ""success"": true, ""message"": ""validated motion plan executed"", ""reason"": ""OK"", ""duration_ms"": 150.7}, {""state"": ""VERIFY_GRASP"", ""success"": true, ""message"": ""object lifted 146 mm"", ""reason"": ""OK"", ""duration_ms"": 0.0}]"
x04-y05-r08,yolo,bottle,0.4,0.02,0.39903275720225284,0.019999,296.11333269747684,8,IN_DOMAIN,True,,,,,146.0,1125.4,577.0,155.7,52.3,0.0,lateral_band,upper,0.0,0.195,0.07500000000000001,0.006161130496075612,0.02265183134097977,"{""candidate_id"": ""preferred_00"", ""direction_deg"": 0.0, ""pre_close_object_xy_shift_mm"": 0.0, ""close_object_xy_shift_mm"": 0.161, ""lift_horizontal_drift_mm"": 1.906, ""lift_height_mm"": 146.031, ""target_contact_geoms"": [""link7/geom:18"", ""link8/geom:20"", ""table/table_top""], ""bilateral_finger_contact"": true, ""failure_class"": ""NONE""}",0.0,[],"[{""state"": ""DETECT_SOURCE"", ""success"": true, ""message"": ""selected bottle_0 conf=0.77 base=[0.402 0.02  0.172] (1100 ROI pts)"", ""reason"": ""OK"", ""duration_ms"": 577.0}, {""state"": ""PLAN_PICK"", ""success"": true, ""message"": ""selected preferred_00 direction=0deg margin=0.124rad"", ""reason"": ""OK"", ""duration_ms"": 392.6}, {""state"": ""EXECUTE_PICK"", ""success"": true, ""message"": ""validated motion plan executed"", ""reason"": ""OK"", ""duration_ms"": 155.7}, {""state"": ""VERIFY_GRASP"", ""success"": true, ""message"": ""object lifted 146 mm"", ""reason"": ""OK"", ""duration_ms"": 0.0}]"
x04-y05-r09,yolo,bottle,0.4,0.02,0.39713001762346023,0.019999,158.93545724747636,9,IN_DOMAIN,False,DETECT_SOURCE,OBJECT_OUT_OF_ODD,DETECT_SOURCE,OBJECT_OUT_OF_ODD,,579.6,579.6,0,,,,,,,,,,null,0.0,[],"[{""state"": ""DETECT_SOURCE"", ""success"": false, ""message"": ""object center [0.396 0.021 0.173] is outside the tabletop operating domain"", ""reason"": ""OBJECT_OUT_OF_ODD"", ""duration_ms"": 579.6}]"
x04-y05-r10,yolo,bottle,0.4,0.02,0.40145222469752606,0.019279477256882976,255.17189361570905,10,IN_DOMAIN,True,,,,,146.1,1154.0,584.5,157.2,52.0,0.0,lateral_band,upper,0.0,0.195,0.07500000000000001,0.005903197355519818,0.021690936719032227,"{""candidate_id"": ""preferred_00"", ""direction_deg"": 0.0, ""pre_close_object_xy_shift_mm"": 0.0, ""close_object_xy_shift_mm"": 0.128, ""lift_horizontal_drift_mm"": 2.457, ""lift_height_mm"": 146.06, ""target_contact_geoms"": [""link7/geom:18"", ""link8/geom:20"", ""table/table_top""], ""bilateral_finger_contact"": true, ""failure_class"": ""NONE""}",0.0,[],"[{""state"": ""DETECT_SOURCE"", ""success"": true, ""message"": ""selected bottle_0 conf=0.79 base=[0.402 0.019 0.172] (990 ROI pts)"", ""reason"": ""OK"", ""duration_ms"": 584.5}, {""state"": ""PLAN_PICK"", ""success"": true, ""message"": ""selected preferred_00 direction=0deg margin=0.124rad"", ""reason"": ""OK"", ""duration_ms"": 412.3}, {""state"": ""EXECUTE_PICK"", ""success"": true, ""message"": ""validated motion plan executed"", ""reason"": ""OK"", ""duration_ms"": 157.2}, {""state"": ""VERIFY_GRASP"", ""success"": true, ""message"": ""object lifted 146 mm"", ""reason"": ""OK"", ""duration_ms"": 0.0}]"
x05-y01-r01,yolo,bottle,0.42,-0.16,0.42082537025285044,-0.16069630652972064,206.4522572645752,1,IN_DOMAIN,True,,,,,146.4,994.7,471.3,164.2,53.8,324.08554742710925,lateral_band,lower,339.08554742710925,0.195,0.07500000000000001,0.02803495010385042,0.06819636919122159,"{""candidate_id"": ""preferred_00"", ""direction_deg"": 324.08554742710925, ""pre_close_object_xy_shift_mm"": 0.0, ""close_object_xy_shift_mm"": 0.134, ""lift_horizontal_drift_mm"": 0.955, ""lift_height_mm"": 146.439, ""target_contact_geoms"": [""link7/geom:18"", ""link8/geom:20"", ""table/table_top""], ""bilateral_finger_contact"": true, ""failure_class"": ""NONE""}",0.0,[],"[{""state"": ""DETECT_SOURCE"", ""success"": true, ""message"": ""selected bottle_0 conf=0.40 base=[ 0.421 -0.161  0.174] (1350 ROI pts)"", ""reason"": ""OK"", ""duration_ms"": 471.3}, {""state"": ""PLAN_PICK"", ""success"": true, ""message"": ""selected preferred_00 direction=324deg margin=0.096rad"", ""reason"": ""OK"", ""duration_ms"": 359.1}, {""state"": ""EXECUTE_PICK"", ""success"": true, ""message"": ""validated motion plan executed"", ""reason"": ""OK"", ""duration_ms"": 164.2}, {""state"": ""VERIFY_GRASP"", ""success"": true, ""message"": ""object lifted 146 mm"", ""reason"": ""OK"", ""duration_ms"": 0.0}]"
x05-y01-r02,yolo,bottle,0.42,-0.16,0.4176045880048985,-0.15903295896408942,156.8581687235533,2,IN_DOMAIN,True,,,,,146.4,984.8,459.8,168.0,56.1,324.1534036830259,lateral_band,lower,339.1534036830259,0.195,0.07500000000000001,0.0280286511666043,0.06825848601570148,"{""candidate_id"": ""preferred_00"", ""direction_deg"": 324.1534036830259, ""pre_close_object_xy_shift_mm"": 0.0, ""close_object_xy_shift_mm"": 0.15, ""lift_horizontal_drift_mm"": 1.04, ""lift_height_mm"": 146.392, ""target_contact_geoms"": [""link7/geom:18"", ""link8/geom:20"", ""table/table_top""], ""bilateral_finger_contact"": true, ""failure_class"": ""NONE""}",0.0,[],"[{""state"": ""DETECT_SOURCE"", ""success"": true, ""message"": ""selected bottle_0 conf=0.31 base=[ 0.417 -0.159  0.176] (1421 ROI pts)"", ""reason"": ""OK"", ""duration_ms"": 459.8}, {""state"": ""PLAN_PICK"", ""success"": true, ""message"": ""selected preferred_00 direction=324deg margin=0.091rad"", ""reason"": ""OK"", ""duration_ms"": 357.0}, {""state"": ""EXECUTE_PICK"", ""success"": true, ""message"": ""validated motion plan executed"", ""reason"": ""OK"", ""duration_ms"": 168.0}, {""state"": ""VERIFY_GRASP"", ""success"": true, ""message"": ""object lifted 146 mm"", ""reason"": ""OK"", ""duration_ms"": 0.0}]"
x05-y01-r03,yolo,bottle,0.42,-0.16,0.4204243886638861,-0.16009457551175135,64.92005445699468,3,IN_DOMAIN,True,,,,,146.0,993.0,465.6,167.2,50.1,324.13633425423325,lateral_band,lower,339.13633425423325,0.195,0.07500000000000001,0.02806499393151427,0.06813553354956689,"{""candidate_id"": ""preferred_00"", ""direction_deg"": 324.13633425423325, ""pre_close_object_xy_shift_mm"": 0.0, ""close_object_xy_shift_mm"": 0.4, ""lift_horizontal_drift_mm"": 2.588, ""lift_height_mm"": 146.026, ""target_contact_geoms"": [""link7/geom:18"", ""link8/geom:20"", ""table/table_top""], ""bilateral_finger_contact"": true, ""failure_class"": ""NONE""}",0.0,[],"[{""state"": ""DETECT_SOURCE"", ""success"": true, ""message"": ""selected bottle_0 conf=0.92 base=[ 0.426 -0.162  0.17 ] (1650 ROI pts)"", ""reason"": ""OK"", ""duration_ms"": 465.6}, {""state"": ""PLAN_PICK"", ""success"": true, ""message"": ""selected preferred_00 direction=324deg margin=0.105rad"", ""reason"": ""OK"", ""duration_ms"": 360.1}, {""state"": ""EXECUTE_PICK"", ""success"": true, ""message"": ""validated motion plan executed"", ""reason"": ""OK"", ""duration_ms"": 167.2}, {""state"": ""VERIFY_GRASP"", ""success"": true, ""message"": ""object lifted 146 mm"", ""reason"": ""OK"", ""duration_ms"": 0.0}]"
x05-y01-r04,yolo,bottle,0.42,-0.16,0.4211382073519547,-0.15981583621999354,177.8931164252233,4,IN_DOMAIN,False,DETECT_SOURCE,STATE_FAILED,DETECT_SOURCE,STATE_FAILED,,360.8,360.8,0,,,,,,,,,,null,0.0,[],"[{""state"": ""DETECT_SOURCE"", ""success"": false, ""message"": ""no 'bottle' detected (saw 0 objects)"", ""reason"": ""STATE_FAILED"", ""duration_ms"": 360.8}]"
x05-y01-r05,yolo,bottle,0.42,-0.16,0.4202909791609216,-0.15812556532708236,5.120988647635767,5,IN_DOMAIN,False,DETECT_SOURCE,STATE_FAILED,DETECT_SOURCE,STATE_FAILED,,347.5,347.5,0,,,,,,,,,,null,0.0,[],"[{""state"": ""DETECT_SOURCE"", ""success"": false, ""message"": ""no 'bottle' detected (saw 0 objects)"", ""reason"": ""STATE_FAILED"", ""duration_ms"": 347.5}]"
x05-y01-r06,yolo,bottle,0.42,-0.16,0.41866249151692786,-0.15823523046642496,61.861418986711115,6,IN_DOMAIN,True,,,,,146.0,1066.1,479.8,163.7,50.1,324.3082519645905,lateral_band,lower,339.3082519645905,0.195,0.07500000000000001,0.028046656560561312,0.06816099095039525,"{""candidate_id"": ""preferred_00"", ""direction_deg"": 324.3082519645905, ""pre_close_object_xy_shift_mm"": 0.0, ""close_object_xy_shift_mm"": 0.396, ""lift_horizontal_drift_mm"": 2.639, ""lift_height_mm"": 146.029, ""target_contact_geoms"": [""link7/geom:18"", ""link8/geom:20"", ""table/table_top""], ""bilateral_finger_contact"": true, ""failure_class"": ""NONE""}",0.0,[],"[{""state"": ""DETECT_SOURCE"", ""success"": true, ""message"": ""selected bottle_0 conf=0.90 base=[ 0.424 -0.16   0.17 ] (1600 ROI pts)"", ""reason"": ""OK"", ""duration_ms"": 479.8}, {""state"": ""PLAN_PICK"", ""success"": true, ""message"": ""selected preferred_00 direction=324deg margin=0.100rad"", ""reason"": ""OK"", ""duration_ms"": 422.6}, {""state"": ""EXECUTE_PICK"", ""success"": true, ""message"": ""validated motion plan executed"", ""reason"": ""OK"", ""duration_ms"": 163.7}, {""state"": ""VERIFY_GRASP"", ""success"": true, ""message"": ""object lifted 146 mm"", ""reason"": ""OK"", ""duration_ms"": 0.0}]"
x05-y01-r07,yolo,bottle,0.42,-0.16,0.42032447572232823,-0.16040230188577076,189.2697591906535,7,IN_DOMAIN,False,DETECT_SOURCE,STATE_FAILED,DETECT_SOURCE,STATE_FAILED,,369.5,369.5,0,,,,,,,,,,null,0.0,[],"[{""state"": ""DETECT_SOURCE"", ""success"": false, ""message"": ""no 'bottle' detected (saw 0 objects)"", ""reason"": ""STATE_FAILED"", ""duration_ms"": 369.5}]"
x05-y01-r08,yolo,bottle,0.42,-0.16,0.418366894261699,-0.1603139850118002,329.5553479908792,8,IN_DOMAIN,True,,,,,146.2,1018.2,488.6,169.5,54.6,324.0263435062759,lateral_band,lower,339.0263435062759,0.195,0.07500000000000001,0.02803498077074893,0.06819622679073543,"{""candidate_id"": ""preferred_00"", ""direction_deg"": 324.0263435062759, ""pre_close_object_xy_shift_mm"": 0.0, ""close_object_xy_shift_mm"": 0.276, ""lift_horizontal_drift_mm"": 1.466, ""lift_height_mm"": 146.165, ""target_contact_geoms"": [""link7/geom:18"", ""link8/geom:20"", ""table/table_top""], ""bilateral_finger_contact"": true, ""failure_class"": ""NONE""}",0.0,[],"[{""state"": ""DETECT_SOURCE"", ""success"": true, ""message"": ""selected bottle_0 conf=0.61 base=[ 0.42  -0.161  0.174] (1470 ROI pts)"", ""reason"": ""OK"", ""duration_ms"": 488.6}, {""state"": ""PLAN_PICK"", ""success"": true, ""message"": ""selected preferred_00 direction=324deg margin=0.096rad"", ""reason"": ""OK"", ""duration_ms"": 360.0}, {""state"": ""EXECUTE_PICK"", ""success"": true, ""message"": ""validated motion plan executed"", ""reason"": ""OK"", ""duration_ms"": 169.5}, {""state"": ""VERIFY_GRASP"", ""success"": true, ""message"": ""object lifted 146 mm"", ""reason"": ""OK"", ""duration_ms"": 0.0}]"
x05-y01-r09,yolo,bottle,0.42,-0.16,0.41895617786341643,-0.15789663170829252,303.0238323399745,9,IN_DOMAIN,True,,,,,146.0,1010.4,488.5,163.0,53.6,324.25257443175286,lateral_band,lower,339.25257443175286,0.195,0.07500000000000001,0.028055600669580384,0.06814606020888596,"{""candidate_id"": ""preferred_00"", ""direction_deg"": 324.25257443175286, ""pre_close_object_xy_shift_mm"": 0.0, ""close_object_xy_shift_mm"": 0.368, ""lift_horizontal_drift_mm"": 2.258, ""lift_height_mm"": 146.013, ""target_contact_geoms"": [""link7/geom:18"", ""link8/geom:20"", ""table/table_top""], ""bilateral_finger_contact"": true, ""failure_class"": ""NONE""}",0.0,[],"[{""state"": ""DETECT_SOURCE"", ""success"": true, ""message"": ""selected bottle_0 conf=0.82 base=[ 0.425 -0.161  0.173] (1584 ROI pts)"", ""reason"": ""OK"", ""duration_ms"": 488.5}, {""state"": ""PLAN_PICK"", ""success"": true, ""message"": ""selected preferred_00 direction=324deg margin=0.103rad"", ""reason"": ""OK"", ""duration_ms"": 358.9}, {""state"": ""EXECUTE_PICK"", ""success"": true, ""message"": ""validated motion plan executed"", ""reason"": ""OK"", ""duration_ms"": 163.0}, {""state"": ""VERIFY_GRASP"", ""success"": true, ""message"": ""object lifted 146 mm"", ""reason"": ""OK"", ""duration_ms"": 0.0}]"
x05-y01-r10,yolo,bottle,0.42,-0.16,0.41837991352130366,-0.15863217270070426,299.91704218379255,10,IN_DOMAIN,True,,,,,146.0,1015.9,482.4,165.0,53.3,324.1407843847486,lateral_band,lower,339.1407843847486,0.195,0.07500000000000001,0.02805540189738337,0.06814633075079618,"{""candidate_id"": ""preferred_00"", ""direction_deg"": 324.1407843847486, ""pre_close_object_xy_shift_mm"": 0.0, ""close_object_xy_shift_mm"": 0.374, ""lift_horizontal_drift_mm"": 2.329, ""lift_height_mm"": 146.022, ""target_contact_geoms"": [""link7/geom:18"", ""link8/geom:20"", ""table/table_top""], ""bilateral_finger_contact"": true, ""failure_class"": ""NONE""}",0.0,[],"[{""state"": ""DETECT_SOURCE"", ""success"": true, ""message"": ""selected bottle_0 conf=0.81 base=[ 0.425 -0.162  0.173] (1584 ROI pts)"", ""reason"": ""OK"", ""duration_ms"": 482.4}, {""state"": ""PLAN_PICK"", ""success"": true, ""message"": ""selected preferred_00 direction=324deg margin=0.103rad"", ""reason"": ""OK"", ""duration_ms"": 368.5}, {""state"": ""EXECUTE_PICK"", ""success"": true, ""message"": ""validated motion plan executed"", ""reason"": ""OK"", ""duration_ms"": 165.0}, {""state"": ""VERIFY_GRASP"", ""success"": true, ""message"": ""object lifted 146 mm"", ""reason"": ""OK"", ""duration_ms"": 0.0}]"
x05-y02-r01,yolo,bottle,0.42,-0.115,0.4198109450748106,-0.1136427873207986,199.84199664937216,1,IN_DOMAIN,True,,,,,145.8,985.7,470.1,166.2,57.6,329.80187220775224,lateral_band,lower,344.80187220775224,0.195,0.07500000000000001,0.028130688381569634,0.06874796266024795,"{""candidate_id"": ""preferred_00"", ""direction_deg"": 329.80187220775224, ""pre_close_object_xy_shift_mm"": 0.0, ""close_object_xy_shift_mm"": 0.171, ""lift_horizontal_drift_mm"": 2.206, ""lift_height_mm"": 145.78, ""target_contact_geoms"": [""link7/geom:18"", ""link8/geom:20"", ""table/table_top""], ""bilateral_finger_contact"": true, ""failure_class"": ""NONE""}",0.0,[],"[{""state"": ""DETECT_SOURCE"", ""success"": true, ""message"": ""selected bottle_0 conf=0.39 base=[ 0.415 -0.113  0.177] (1200 ROI pts)"", ""reason"": ""OK"", ""duration_ms"": 470.1}, {""state"": ""PLAN_PICK"", ""success"": true, ""message"": ""selected preferred_00 direction=330deg margin=0.070rad"", ""reason"": ""OK"", ""duration_ms"": 349.3}, {""state"": ""EXECUTE_PICK"", ""success"": true, ""message"": ""validated motion plan executed"", ""reason"": ""OK"", ""duration_ms"": 166.2}, {""state"": ""VERIFY_GRASP"", ""success"": true, ""message"": ""object lifted 146 mm"", ""reason"": ""OK"", ""duration_ms"": 0.0}]"
x05-y02-r02,yolo,bottle,0.42,-0.115,0.42115472266029097,-0.11431600045717637,175.96728417410606,2,IN_DOMAIN,True,,,,,146.0,1087.3,570.8,158.7,57.9,329.80394492369317,lateral_band,lower,344.80394492369317,0.195,0.07500000000000001,0.02811304217721406,0.068691988999869,"{""candidate_id"": ""preferred_00"", ""direction_deg"": 329.80394492369317, ""pre_close_object_xy_shift_mm"": 0.0, ""close_object_xy_shift_mm"": 0.092, ""lift_horizontal_drift_mm"": 1.297, ""lift_height_mm"": 146.029, ""target_contact_geoms"": [""link7/geom:18"", ""link8/geom:20"", ""table/table_top""], ""bilateral_finger_contact"": true, ""failure_class"": ""NONE""}",0.0,[],"[{""state"": ""DETECT_SOURCE"", ""success"": true, ""message"": ""selected bottle_0 conf=0.48 base=[ 0.417 -0.113  0.178] (1200 ROI pts)"", ""reason"": ""OK"", ""duration_ms"": 570.8}, {""state"": ""PLAN_PICK"", ""success"": true, ""message"": ""selected preferred_00 direction=330deg margin=0.072rad"", ""reason"": ""OK"", ""duration_ms"": 357.7}, {""state"": ""EXECUTE_PICK"", ""success"": true, ""message"": ""validated motion plan executed"", ""reason"": ""OK"", ""duration_ms"": 158.7}, {""state"": ""VERIFY_GRASP"", ""success"": true, ""message"": ""object lifted 146 mm"", ""reason"": ""OK"", ""duration_ms"": 0.0}]"
x05-y02-r03,yolo,bottle,0.42,-0.115,0.4182607368938745,-0.1177540100729318,42.67255402255485,3,IN_DOMAIN,True,,,,,146.5,1141.5,587.7,178.8,52.0,329.23633605160455,lateral_band,lower,344.23633605160455,0.195,0.07500000000000001,0.02808080509401453,0.06857975550960808,"{""candidate_id"": ""preferred_00"", ""direction_deg"": 329.23633605160455, ""pre_close_object_xy_shift_mm"": 0.0, ""close_object_xy_shift_mm"": 0.136, ""lift_horizontal_drift_mm"": 0.911, ""lift_height_mm"": 146.497, ""target_contact_geoms"": [""link7/geom:18"", ""link8/geom:20"", ""table/table_top""], ""bilateral_finger_contact"": true, ""failure_class"": ""NONE""}",0.0,[],"[{""state"": ""DETECT_SOURCE"", ""success"": true, ""message"": ""selected bottle_0 conf=0.84 base=[ 0.418 -0.118  0.172] (1344 ROI pts)"", ""reason"": ""OK"", ""duration_ms"": 587.7}, {""state"": ""PLAN_PICK"", ""success"": true, ""message"": ""selected preferred_00 direction=329deg margin=0.076rad"", ""reason"": ""OK"", ""duration_ms"": 375.0}, {""state"": ""EXECUTE_PICK"", ""success"": true, ""message"": ""validated motion plan executed"", ""reason"": ""OK"", ""duration_ms"": 178.8}, {""state"": ""VERIFY_GRASP"", ""success"": true, ""message"": ""object lifted 146 mm"", ""reason"": ""OK"", ""duration_ms"": 0.0}]"
x05-y02-r04,yolo,bottle,0.42,-0.115,0.4218694824983247,-0.11421882966787919,178.09745645247278,4,IN_DOMAIN,True,,,,,145.8,993.2,487.3,155.4,58.2,329.8319682189831,lateral_band,lower,344.8319682189831,0.195,0.07500000000000001,0.028110633238358062,0.06868410166753701,"{""candidate_id"": ""preferred_00"", ""direction_deg"": 329.8319682189831, ""pre_close_object_xy_shift_mm"": 0.0, ""close_object_xy_shift_mm"": 0.14, ""lift_horizontal_drift_mm"": 2.183, ""lift_height_mm"": 145.805, ""target_contact_geoms"": [""link7/geom:18"", ""link8/geom:20"", ""table/table_top""], ""bilateral_finger_contact"": true, ""failure_class"": ""NONE""}",0.0,[],"[{""state"": ""DETECT_SOURCE"", ""success"": true, ""message"": ""selected bottle_0 conf=0.51 base=[ 0.417 -0.113  0.178] (1200 ROI pts)"", ""reason"": ""OK"", ""duration_ms"": 487.3}, {""state"": ""PLAN_PICK"", ""success"": true, ""message"": ""selected preferred_00 direction=330deg margin=0.072rad"", ""reason"": ""OK"", ""duration_ms"": 350.5}, {""state"": ""EXECUTE_PICK"", ""success"": true, ""message"": ""validated motion plan executed"", ""reason"": ""OK"", ""duration_ms"": 155.4}, {""state"": ""VERIFY_GRASP"", ""success"": true, ""message"": ""object lifted 146 mm"", ""reason"": ""OK"", ""duration_ms"": 0.0}]"
x05-y02-r05,yolo,bottle,0.42,-0.115,0.42126264662446716,-0.11744065422551432,89.8845145306421,5,IN_DOMAIN,True,,,,,146.0,1135.4,606.3,170.3,51.8,329.38639364222746,lateral_band,lower,344.38639364222746,0.195,0.07500000000000001,0.028034004376713703,0.06834944562667558,"{""candidate_id"": ""preferred_00"", ""direction_deg"": 329.38639364222746, ""pre_close_object_xy_shift_mm"": 0.0, ""close_object_xy_shift_mm"": 0.362, ""lift_horizontal_drift_mm"": 2.255, ""lift_height_mm"": 146.049, ""target_contact_geoms"": [""link7/geom:18"", ""link8/geom:20"", ""table/table_top""], ""bilateral_finger_contact"": true, ""failure_class"": ""NONE""}",0.0,[],"[{""state"": ""DETECT_SOURCE"", ""success"": true, ""message"": ""selected bottle_0 conf=0.88 base=[ 0.426 -0.119  0.171] (1488 ROI pts)"", ""reason"": ""OK"", ""duration_ms"": 606.3}, {""state"": ""PLAN_PICK"", ""success"": true, ""message"": ""selected preferred_00 direction=329deg margin=0.086rad"", ""reason"": ""OK"", ""duration_ms"": 358.7}, {""state"": ""EXECUTE_PICK"", ""success"": true, ""message"": ""validated motion plan executed"", ""reason"": ""OK"", ""duration_ms"": 170.3}, {""state"": ""VERIFY_GRASP"", ""success"": true, ""message"": ""object lifted 146 mm"", ""reason"": ""OK"", ""duration_ms"": 0.0}]"
x05-y02-r06,yolo,bottle,0.42,-0.115,0.42267583127753783,-0.11617330588077866,152.24251676875375,6,IN_DOMAIN,True,,,,,146.3,1112.0,587.7,163.3,54.6,329.6174843140206,lateral_band,lower,344.6174843140206,0.195,0.07500000000000001,0.028045892491279773,0.06842704183222145,"{""candidate_id"": ""preferred_00"", ""direction_deg"": 329.6174843140206, ""pre_close_object_xy_shift_mm"": 0.0, ""close_object_xy_shift_mm"": 0.21, ""lift_horizontal_drift_mm"": 1.224, ""lift_height_mm"": 146.271, ""target_contact_geoms"": [""link7/geom:18"", ""link8/geom:20"", ""table/table_top""], ""bilateral_finger_contact"": true, ""failure_class"": ""NONE""}",0.0,[],"[{""state"": ""DETECT_SOURCE"", ""success"": true, ""message"": ""selected bottle_0 conf=0.93 base=[ 0.424 -0.117  0.175] (1288 ROI pts)"", ""reason"": ""OK"", ""duration_ms"": 587.7}, {""state"": ""PLAN_PICK"", ""success"": true, ""message"": ""selected preferred_00 direction=330deg margin=0.082rad"", ""reason"": ""OK"", ""duration_ms"": 360.9}, {""state"": ""EXECUTE_PICK"", ""success"": true, ""message"": ""validated motion plan executed"", ""reason"": ""OK"", ""duration_ms"": 163.3}, {""state"": ""VERIFY_GRASP"", ""success"": true, ""message"": ""object lifted 146 mm"", ""reason"": ""OK"", ""duration_ms"": 0.0}]"
x05-y02-r07,yolo,bottle,0.42,-0.115,0.41985158969639064,-0.1172968947604322,338.32358827571,7,IN_DOMAIN,True,,,,,146.5,992.5,472.3,159.5,55.3,329.4370474641453,lateral_band,lower,344.4370474641453,0.195,0.07500000000000001,0.02806827694496584,0.06853067783106818,"{""candidate_id"": ""preferred_00"", ""direction_deg"": 329.4370474641453, ""pre_close_object_xy_shift_mm"": 0.0, ""close_object_xy_shift_mm"": 0.256, ""lift_horizontal_drift_mm"": 1.303, ""lift_height_mm"": 146.491, ""target_contact_geoms"": [""link7/geom:18"", ""link8/geom:20"", ""table/table_top""], ""bilateral_finger_contact"": true, ""failure_class"": ""NONE""}",0.0,[],"[{""state"": ""DETECT_SOURCE"", ""success"": true, ""message"": ""selected bottle_0 conf=0.71 base=[ 0.42  -0.117  0.175] (1269 ROI pts)"", ""reason"": ""OK"", ""duration_ms"": 472.3}, {""state"": ""PLAN_PICK"", ""success"": true, ""message"": ""selected preferred_00 direction=329deg margin=0.077rad"", ""reason"": ""OK"", ""duration_ms"": 360.6}, {""state"": ""EXECUTE_PICK"", ""success"": true, ""message"": ""validated motion plan executed"", ""reason"": ""OK"", ""duration_ms"": 159.5}, {""state"": ""VERIFY_GRASP"", ""success"": true, ""message"": ""object lifted 146 mm"", ""reason"": ""OK"", ""duration_ms"": 0.0}]"
x05-y02-r08,yolo,bottle,0.42,-0.115,0.41827997959583085,-0.11213594477238599,145.67195885637406,8,IN_DOMAIN,True,,,,,146.0,1096.0,585.7,161.7,53.6,329.97516756166584,lateral_band,lower,344.97516756166584,0.195,0.07500000000000001,0.028072861153585347,0.0685491327990683,"{""candidate_id"": ""preferred_00"", ""direction_deg"": 329.97516756166584, ""pre_close_object_xy_shift_mm"": 0.0, ""close_object_xy_shift_mm"": 0.282, ""lift_horizontal_drift_mm"": 1.925, ""lift_height_mm"": 146.044, ""target_contact_geoms"": [""link7/geom:18"", ""link8/geom:20"", ""table/table_top""], ""bilateral_finger_contact"": true, ""failure_class"": ""NONE""}",0.0,[],"[{""state"": ""DETECT_SOURCE"", ""success"": true, ""message"": ""selected bottle_0 conf=0.90 base=[ 0.421 -0.113  0.173] (1334 ROI pts)"", ""reason"": ""OK"", ""duration_ms"": 585.7}, {""state"": ""PLAN_PICK"", ""success"": true, ""message"": ""selected preferred_00 direction=330deg margin=0.077rad"", ""reason"": ""OK"", ""duration_ms"": 348.5}, {""state"": ""EXECUTE_PICK"", ""success"": true, ""message"": ""validated motion plan executed"", ""reason"": ""OK"", ""duration_ms"": 161.7}, {""state"": ""VERIFY_GRASP"", ""success"": true, ""message"": ""object lifted 146 mm"", ""reason"": ""OK"", ""duration_ms"": 0.0}]"
x05-y02-r09,yolo,bottle,0.42,-0.115,0.41926645319861,-0.11414927972694329,93.04374620201445,9,IN_DOMAIN,True,,,,,146.1,1105.2,597.1,163.4,50.6,329.70278630596664,lateral_band,lower,344.70278630596664,0.195,0.07500000000000001,0.028041144950111334,0.0683997797979158,"{""candidate_id"": ""preferred_00"", ""direction_deg"": 329.70278630596664, ""pre_close_object_xy_shift_mm"": 0.0, ""close_object_xy_shift_mm"": 0.372, ""lift_horizontal_drift_mm"": 2.315, ""lift_height_mm"": 146.072, ""target_contact_geoms"": [""link7/geom:18"", ""link8/geom:20"", ""table/table_top""], ""bilateral_finger_contact"": true, ""failure_class"": ""NONE""}",0.0,[],"[{""state"": ""DETECT_SOURCE"", ""success"": true, ""message"": ""selected bottle_0 conf=0.87 base=[ 0.425 -0.116  0.17 ] (1536 ROI pts)"", ""reason"": ""OK"", ""duration_ms"": 597.1}, {""state"": ""PLAN_PICK"", ""success"": true, ""message"": ""selected preferred_00 direction=330deg margin=0.083rad"", ""reason"": ""OK"", ""duration_ms"": 344.6}, {""state"": ""EXECUTE_PICK"", ""success"": true, ""message"": ""validated motion plan executed"", ""reason"": ""OK"", ""duration_ms"": 163.4}, {""state"": ""VERIFY_GRASP"", ""success"": true, ""message"": ""object lifted 146 mm"", ""reason"": ""OK"", ""duration_ms"": 0.0}]"
x05-y02-r10,yolo,bottle,0.42,-0.115,0.4229822528315481,-0.11390487010890178,248.3582680062089,10,IN_DOMAIN,True,,,,,146.0,1118.4,597.3,166.6,50.1,329.84205281608445,lateral_band,lower,344.84205281608445,0.195,0.07500000000000001,0.02803063017580056,0.06831527180417969,"{""candidate_id"": ""preferred_00"", ""direction_deg"": 329.84205281608445, ""pre_close_object_xy_shift_mm"": 0.0, ""close_object_xy_shift_mm"": 0.346, ""lift_horizontal_drift_mm"": 2.293, ""lift_height_mm"": 146.042, ""target_contact_geoms"": [""link7/geom:18"", ""link8/geom:20"", ""table/table_top""], ""bilateral_finger_contact"": true, ""failure_class"": ""NONE""}",0.0,[],"[{""state"": ""DETECT_SOURCE"", ""success"": true, ""message"": ""selected bottle_0 conf=0.89 base=[ 0.428 -0.116  0.17 ] (1536 ROI pts)"", ""reason"": ""OK"", ""duration_ms"": 597.3}, {""state"": ""PLAN_PICK"", ""success"": true, ""message"": ""selected preferred_00 direction=330deg margin=0.088rad"", ""reason"": ""OK"", ""duration_ms"": 354.4}, {""state"": ""EXECUTE_PICK"", ""success"": true, ""message"": ""validated motion plan executed"", ""reason"": ""OK"", ""duration_ms"": 166.6}, {""state"": ""VERIFY_GRASP"", ""success"": true, ""message"": ""object lifted 146 mm"", ""reason"": ""OK"", ""duration_ms"": 0.0}]"
x05-y03-r01,yolo,bottle,0.42,-0.07,0.41949317937315567,-0.07297535859583695,14.69434648370135,1,IN_DOMAIN,False,DETECT_SOURCE,STATE_FAILED,DETECT_SOURCE,STATE_FAILED,,369.8,369.8,0,,,,,,,,,,null,0.0,[],"[{""state"": ""DETECT_SOURCE"", ""success"": false, ""message"": ""no 'bottle' detected (saw 0 objects)"", ""reason"": ""STATE_FAILED"", ""duration_ms"": 369.8}]"
x05-y03-r02,yolo,bottle,0.42,-0.07,0.41711901966368947,-0.06896276917190469,243.07145579631145,2,IN_DOMAIN,True,,,,,145.8,1178.1,597.4,158.8,51.4,0.0,lateral_band,upper,0.0,0.195,0.07500000000000001,0.02043315479700174,0.057493628585261775,"{""candidate_id"": ""preferred_00"", ""direction_deg"": 0.0, ""pre_close_object_xy_shift_mm"": 0.0, ""close_object_xy_shift_mm"": 0.009, ""lift_horizontal_drift_mm"": 1.439, ""lift_height_mm"": 145.849, ""target_contact_geoms"": [""link7/geom:18"", ""link8/geom:20"", ""table/table_top""], ""bilateral_finger_contact"": true, ""failure_class"": ""NONE""}",0.0,[],"[{""state"": ""DETECT_SOURCE"", ""success"": true, ""message"": ""selected bottle_0 conf=0.69 base=[ 0.419 -0.069  0.171] (1225 ROI pts)"", ""reason"": ""OK"", ""duration_ms"": 597.4}, {""state"": ""PLAN_PICK"", ""success"": true, ""message"": ""selected preferred_00 direction=0deg margin=0.106rad"", ""reason"": ""OK"", ""duration_ms"": 421.8}, {""state"": ""EXECUTE_PICK"", ""success"": true, ""message"": ""validated motion plan executed"", ""reason"": ""OK"", ""duration_ms"": 158.8}, {""state"": ""VERIFY_GRASP"", ""success"": true, ""message"": ""object lifted 146 mm"", ""reason"": ""OK"", ""duration_ms"": 0.0}]"
x05-y03-r03,yolo,bottle,0.42,-0.07,0.4189583519098392,-0.06964347142326469,148.14108826036474,3,IN_DOMAIN,True,,,,,145.9,1162.9,591.3,159.5,53.0,0.0,lateral_band,upper,0.0,0.195,0.07500000000000001,0.02048434320159104,0.0575050730172665,"{""candidate_id"": ""preferred_00"", ""direction_deg"": 0.0, ""pre_close_object_xy_shift_mm"": 0.0, ""close_object_xy_shift_mm"": 0.014, ""lift_horizontal_drift_mm"": 1.449, ""lift_height_mm"": 145.863, ""target_contact_geoms"": [""link7/geom:18"", ""link8/geom:20"", ""table/table_top""], ""bilateral_finger_contact"": true, ""failure_class"": ""NONE""}",0.0,[],"[{""state"": ""DETECT_SOURCE"", ""success"": true, ""message"": ""selected bottle_0 conf=0.84 base=[ 0.421 -0.07   0.173] (1215 ROI pts)"", ""reason"": ""OK"", ""duration_ms"": 591.3}, {""state"": ""PLAN_PICK"", ""success"": true, ""message"": ""selected preferred_00 direction=0deg margin=0.108rad"", ""reason"": ""OK"", ""duration_ms"": 412.0}, {""state"": ""EXECUTE_PICK"", ""success"": true, ""message"": ""validated motion plan executed"", ""reason"": ""OK"", ""duration_ms"": 159.5}, {""state"": ""VERIFY_GRASP"", ""success"": true, ""message"": ""object lifted 146 mm"", ""reason"": ""OK"", ""duration_ms"": 0.0}]"
x05-y03-r04,yolo,bottle,0.42,-0.07,0.419485830837517,-0.07242273374836522,329.39362194359353,4,IN_DOMAIN,True,,,,,145.8,1169.2,599.2,159.8,53.5,0.0,lateral_band,upper,0.0,0.195,0.07500000000000001,0.02113635145330065,0.05863780352799131,"{""candidate_id"": ""preferred_00"", ""direction_deg"": 0.0, ""pre_close_object_xy_shift_mm"": 0.0, ""close_object_xy_shift_mm"": 0.046, ""lift_horizontal_drift_mm"": 1.45, ""lift_height_mm"": 145.837, ""target_contact_geoms"": [""link7/geom:18"", ""link8/geom:20"", ""table/table_top""], ""bilateral_finger_contact"": true, ""failure_class"": ""NONE""}",0.0,[],"[{""state"": ""DETECT_SOURCE"", ""success"": true, ""message"": ""selected bottle_0 conf=0.74 base=[ 0.422 -0.073  0.173] (1215 ROI pts)"", ""reason"": ""OK"", ""duration_ms"": 599.2}, {""state"": ""PLAN_PICK"", ""success"": true, ""message"": ""selected preferred_00 direction=0deg margin=0.108rad"", ""reason"": ""OK"", ""duration_ms"": 410.1}, {""state"": ""EXECUTE_PICK"", ""success"": true, ""message"": ""validated motion plan executed"", ""reason"": ""OK"", ""duration_ms"": 159.8}, {""state"": ""VERIFY_GRASP"", ""success"": true, ""message"": ""object lifted 146 mm"", ""reason"": ""OK"", ""duration_ms"": 0.0}]"
x05-y03-r05,yolo,bottle,0.42,-0.07,0.4211047159862124,-0.07006227117387091,12.628847218831766,5,IN_DOMAIN,False,DETECT_SOURCE,STATE_FAILED,DETECT_SOURCE,STATE_FAILED,,364.6,364.6,0,,,,,,,,,,null,0.0,[],"[{""state"": ""DETECT_SOURCE"", ""success"": false, ""message"": ""no 'bottle' detected (saw 0 objects)"", ""reason"": ""STATE_FAILED"", ""duration_ms"": 364.6}]"
x05-y03-r06,yolo,bottle,0.42,-0.07,0.4222464007878895,-0.06910128936169675,177.76445614351317,6,IN_DOMAIN,False,DETECT_SOURCE,STATE_FAILED,DETECT_SOURCE,STATE_FAILED,,362.7,362.7,0,,,,,,,,,,null,0.0,[],"[{""state"": ""DETECT_SOURCE"", ""success"": false, ""message"": ""no 'bottle' detected (saw 0 objects)"", ""reason"": ""STATE_FAILED"", ""duration_ms"": 362.7}]"
x05-y03-r07,yolo,bottle,0.42,-0.07,0.41818925570691734,-0.07104987730876496,34.97078119342606,7,IN_DOMAIN,True,,,,,145.6,988.2,469.5,155.0,55.2,0.0,lateral_band,upper,0.0,0.195,0.07500000000000001,0.020949521089003696,0.058596289933189036,"{""candidate_id"": ""preferred_00"", ""direction_deg"": 0.0, ""pre_close_object_xy_shift_mm"": 0.0, ""close_object_xy_shift_mm"": 0.268, ""lift_horizontal_drift_mm"": 1.674, ""lift_height_mm"": 145.635, ""target_contact_geoms"": [""link7/geom:18"", ""link8/geom:20"", ""table/table_top""], ""bilateral_finger_contact"": true, ""failure_class"": ""NONE""}",0.0,[],"[{""state"": ""DETECT_SOURCE"", ""success"": true, ""message"": ""selected bottle_0 conf=0.40 base=[ 0.414 -0.07   0.175] (1034 ROI pts)"", ""reason"": ""OK"", ""duration_ms"": 469.5}, {""state"": ""PLAN_PICK"", ""success"": true, ""message"": ""selected preferred_00 direction=0deg margin=0.100rad"", ""reason"": ""OK"", ""duration_ms"": 363.6}, {""state"": ""EXECUTE_PICK"", ""success"": true, ""message"": ""validated motion plan executed"", ""reason"": ""OK"", ""duration_ms"": 155.0}, {""state"": ""VERIFY_GRASP"", ""success"": true, ""message"": ""object lifted 146 mm"", ""reason"": ""OK"", ""duration_ms"": 0.0}]"
x05-y03-r08,yolo,bottle,0.42,-0.07,0.41956854839227475,-0.07005347776916833,103.68861857972495,8,IN_DOMAIN,True,,,,,145.9,1245.4,597.5,161.2,51.9,0.0,lateral_band,upper,0.0,0.195,0.07500000000000001,0.020548270566224217,0.05751592354085522,"{""candidate_id"": ""preferred_00"", ""direction_deg"": 0.0, ""pre_close_object_xy_shift_mm"": 0.0, ""close_object_xy_shift_mm"": 0.137, ""lift_horizontal_drift_mm"": 1.545, ""lift_height_mm"": 145.868, ""target_contact_geoms"": [""link7/geom:18"", ""link8/geom:20"", ""table/table_top""], ""bilateral_finger_contact"": true, ""failure_class"": ""NONE""}",0.0,[],"[{""state"": ""DETECT_SOURCE"", ""success"": true, ""message"": ""selected bottle_0 conf=0.73 base=[ 0.424 -0.071  0.172] (1305 ROI pts)"", ""reason"": ""OK"", ""duration_ms"": 597.5}, {""state"": ""PLAN_PICK"", ""success"": true, ""message"": ""selected preferred_00 direction=0deg margin=0.112rad"", ""reason"": ""OK"", ""duration_ms"": 486.6}, {""state"": ""EXECUTE_PICK"", ""success"": true, ""message"": ""validated motion plan executed"", ""reason"": ""OK"", ""duration_ms"": 161.2}, {""state"": ""VERIFY_GRASP"", ""success"": true, ""message"": ""object lifted 146 mm"", ""reason"": ""OK"", ""duration_ms"": 0.0}]"
x05-y03-r09,yolo,bottle,0.42,-0.07,0.42053291393134634,-0.06807362293449727,157.94510404684985,9,IN_DOMAIN,True,,,,,145.8,1169.2,589.8,158.4,53.9,0.0,lateral_band,upper,0.0,0.195,0.07500000000000001,0.019989039224650344,0.05661064834155099,"{""candidate_id"": ""preferred_00"", ""direction_deg"": 0.0, ""pre_close_object_xy_shift_mm"": 0.0, ""close_object_xy_shift_mm"": 0.148, ""lift_horizontal_drift_mm"": 1.424, ""lift_height_mm"": 145.849, ""target_contact_geoms"": [""link7/geom:18"", ""link8/geom:20"", ""table/table_top""], ""bilateral_finger_contact"": true, ""failure_class"": ""NONE""}",0.0,[],"[{""state"": ""DETECT_SOURCE"", ""success"": true, ""message"": ""selected bottle_0 conf=0.89 base=[ 0.42  -0.068  0.174] (1125 ROI pts)"", ""reason"": ""OK"", ""duration_ms"": 589.8}, {""state"": ""PLAN_PICK"", ""success"": true, ""message"": ""selected preferred_00 direction=0deg margin=0.109rad"", ""reason"": ""OK"", ""duration_ms"": 420.9}, {""state"": ""EXECUTE_PICK"", ""success"": true, ""message"": ""validated motion plan executed"", ""reason"": ""OK"", ""duration_ms"": 158.4}, {""state"": ""VERIFY_GRASP"", ""success"": true, ""message"": ""object lifted 146 mm"", ""reason"": ""OK"", ""duration_ms"": 0.0}]"
x05-y03-r10,yolo,bottle,0.42,-0.07,0.42281205719881315,-0.06861328571870774,258.9620580354817,10,IN_DOMAIN,True,,,,,145.8,1201.4,600.5,164.1,51.4,0.0,lateral_band,upper,0.0,0.195,0.07500000000000001,0.02008613877149196,0.05655300598725844,"{""candidate_id"": ""preferred_00"", ""direction_deg"": 0.0, ""pre_close_object_xy_shift_mm"": 0.0, ""close_object_xy_shift_mm"": 0.196, ""lift_horizontal_drift_mm"": 1.722, ""lift_height_mm"": 145.763, ""target_contact_geoms"": [""link7/geom:18"", ""link8/geom:20"", ""table/table_top""], ""bilateral_finger_contact"": true, ""failure_class"": ""NONE""}",0.0,[],"[{""state"": ""DETECT_SOURCE"", ""success"": true, ""message"": ""selected bottle_0 conf=0.80 base=[ 0.427 -0.07   0.171] (1288 ROI pts)"", ""reason"": ""OK"", ""duration_ms"": 600.5}, {""state"": ""PLAN_PICK"", ""success"": true, ""message"": ""selected preferred_00 direction=0deg margin=0.116rad"", ""reason"": ""OK"", ""duration_ms"": 436.7}, {""state"": ""EXECUTE_PICK"", ""success"": true, ""message"": ""validated motion plan executed"", ""reason"": ""OK"", ""duration_ms"": 164.1}, {""state"": ""VERIFY_GRASP"", ""success"": true, ""message"": ""object lifted 146 mm"", ""reason"": ""OK"", ""duration_ms"": 0.0}]"
x05-y04-r01,yolo,bottle,0.42,-0.025,0.41799614283999253,-0.0242870328913873,211.16156976480534,1,IN_DOMAIN,True,,,,,145.9,936.6,473.6,152.7,57.2,0.0,lateral_band,upper,0.0,0.195,0.07500000000000001,0.008662437702025468,0.027348755113484034,"{""candidate_id"": ""preferred_00"", ""direction_deg"": 0.0, ""pre_close_object_xy_shift_mm"": 0.0, ""close_object_xy_shift_mm"": 0.138, ""lift_horizontal_drift_mm"": 1.961, ""lift_height_mm"": 145.923, ""target_contact_geoms"": [""link7/geom:18"", ""link8/geom:20"", ""table/table_top""], ""bilateral_finger_contact"": true, ""failure_class"": ""NONE""}",0.0,[],"[{""state"": ""DETECT_SOURCE"", ""success"": true, ""message"": ""selected bottle_0 conf=0.30 base=[ 0.41  -0.024  0.177] (874 ROI pts)"", ""reason"": ""OK"", ""duration_ms"": 473.6}, {""state"": ""PLAN_PICK"", ""success"": true, ""message"": ""selected preferred_00 direction=0deg margin=0.126rad"", ""reason"": ""OK"", ""duration_ms"": 310.3}, {""state"": ""EXECUTE_PICK"", ""success"": true, ""message"": ""validated motion plan executed"", ""reason"": ""OK"", ""duration_ms"": 152.7}, {""state"": ""VERIFY_GRASP"", ""success"": true, ""message"": ""object lifted 146 mm"", ""reason"": ""OK"", ""duration_ms"": 0.0}]"
x05-y04-r02,yolo,bottle,0.42,-0.025,0.4224348324525561,-0.026494582279776344,153.39507386613383,2,IN_DOMAIN,True,,,,,146.0,1127.1,582.7,157.2,52.2,0.0,lateral_band,upper,0.0,0.195,0.07500000000000001,0.008872467742413232,0.02768987912361333,"{""candidate_id"": ""preferred_00"", ""direction_deg"": 0.0, ""pre_close_object_xy_shift_mm"": 0.0, ""close_object_xy_shift_mm"": 0.209, ""lift_horizontal_drift_mm"": 1.829, ""lift_height_mm"": 145.999, ""target_contact_geoms"": [""link7/geom:18"", ""link8/geom:20"", ""table/table_top""], ""bilateral_finger_contact"": true, ""failure_class"": ""NONE""}",0.0,[],"[{""state"": ""DETECT_SOURCE"", ""success"": true, ""message"": ""selected bottle_0 conf=0.84 base=[ 0.423 -0.026  0.172] (1012 ROI pts)"", ""reason"": ""OK"", ""duration_ms"": 582.7}, {""state"": ""PLAN_PICK"", ""success"": true, ""message"": ""selected preferred_00 direction=0deg margin=0.135rad"", ""reason"": ""OK"", ""duration_ms"": 387.2}, {""state"": ""EXECUTE_PICK"", ""success"": true, ""message"": ""validated motion plan executed"", ""reason"": ""OK"", ""duration_ms"": 157.2}, {""state"": ""VERIFY_GRASP"", ""success"": true, ""message"": ""object lifted 146 mm"", ""reason"": ""OK"", ""duration_ms"": 0.0}]"
x05-y04-r03,yolo,bottle,0.42,-0.025,0.420557490504823,-0.0253862509733536,166.0635130629314,3,IN_DOMAIN,True,,,,,145.7,1074.0,598.7,156.8,53.9,0.0,lateral_band,upper,0.0,0.195,0.07500000000000001,0.008623116529513667,0.02697330347004799,"{""candidate_id"": ""preferred_00"", ""direction_deg"": 0.0, ""pre_close_object_xy_shift_mm"": 0.0, ""close_object_xy_shift_mm"": 0.243, ""lift_horizontal_drift_mm"": 2.089, ""lift_height_mm"": 145.678, ""target_contact_geoms"": [""link7/geom:18"", ""link8/geom:20"", ""table/table_top""], ""bilateral_finger_contact"": true, ""failure_class"": ""NONE""}",0.0,[],"[{""state"": ""DETECT_SOURCE"", ""success"": true, ""message"": ""selected bottle_0 conf=0.82 base=[ 0.418 -0.025  0.174] (990 ROI pts)"", ""reason"": ""OK"", ""duration_ms"": 598.7}, {""state"": ""PLAN_PICK"", ""success"": true, ""message"": ""selected preferred_00 direction=0deg margin=0.132rad"", ""reason"": ""OK"", ""duration_ms"": 318.5}, {""state"": ""EXECUTE_PICK"", ""success"": true, ""message"": ""validated motion plan executed"", ""reason"": ""OK"", ""duration_ms"": 156.8}, {""state"": ""VERIFY_GRASP"", ""success"": true, ""message"": ""object lifted 146 mm"", ""reason"": ""OK"", ""duration_ms"": 0.0}]"
x05-y04-r04,yolo,bottle,0.42,-0.025,0.42238220804721555,-0.026958906325038785,66.80212354631573,4,IN_DOMAIN,True,,,,,146.0,1136.9,590.7,156.5,52.3,0.0,lateral_band,upper,0.0,0.195,0.07500000000000001,0.009090492321276927,0.02843750367923386,"{""candidate_id"": ""preferred_00"", ""direction_deg"": 0.0, ""pre_close_object_xy_shift_mm"": 0.0, ""close_object_xy_shift_mm"": 0.147, ""lift_horizontal_drift_mm"": 2.116, ""lift_height_mm"": 145.985, ""target_contact_geoms"": [""link7/geom:18"", ""link8/geom:20"", ""table/table_top""], ""bilateral_finger_contact"": true, ""failure_class"": ""NONE""}",0.0,[],"[{""state"": ""DETECT_SOURCE"", ""success"": true, ""message"": ""selected bottle_0 conf=0.84 base=[ 0.422 -0.027  0.172] (1104 ROI pts)"", ""reason"": ""OK"", ""duration_ms"": 590.7}, {""state"": ""PLAN_PICK"", ""success"": true, ""message"": ""selected preferred_00 direction=0deg margin=0.134rad"", ""reason"": ""OK"", ""duration_ms"": 389.7}, {""state"": ""EXECUTE_PICK"", ""success"": true, ""message"": ""validated motion plan executed"", ""reason"": ""OK"", ""duration_ms"": 156.5}, {""state"": ""VERIFY_GRASP"", ""success"": true, ""message"": ""object lifted 146 mm"", ""reason"": ""OK"", ""duration_ms"": 0.0}]"
x05-y04-r05,yolo,bottle,0.42,-0.025,0.4170355032232572,-0.026782866705505146,238.331218457327,5,IN_DOMAIN,True,,,,,145.6,1128.3,592.3,154.2,52.2,0.0,lateral_band,upper,0.0,0.195,0.07500000000000001,0.009349991822772439,0.02947979038527383,"{""candidate_id"": ""preferred_00"", ""direction_deg"": 0.0, ""pre_close_object_xy_shift_mm"": 0.0, ""close_object_xy_shift_mm"": 0.007, ""lift_horizontal_drift_mm"": 4.266, ""lift_height_mm"": 145.608, ""target_contact_geoms"": [""link7/geom:18"", ""link8/geom:20"", ""table/table_top""], ""bilateral_finger_contact"": true, ""failure_class"": ""NONE""}",0.0,[],"[{""state"": ""DETECT_SOURCE"", ""success"": true, ""message"": ""selected bottle_0 conf=0.66 base=[ 0.416 -0.027  0.172] (1012 ROI pts)"", ""reason"": ""OK"", ""duration_ms"": 592.3}, {""state"": ""PLAN_PICK"", ""success"": true, ""message"": ""selected preferred_00 direction=0deg margin=0.129rad"", ""reason"": ""OK"", ""duration_ms"": 381.8}, {""state"": ""EXECUTE_PICK"", ""success"": true, ""message"": ""validated motion plan executed"", ""reason"": ""OK"", ""duration_ms"": 154.2}, {""state"": ""VERIFY_GRASP"", ""success"": true, ""message"": ""object lifted 146 mm"", ""reason"": ""OK"", ""duration_ms"": 0.0}]"
x05-y04-r06,yolo,bottle,0.42,-0.025,0.42133280764035663,-0.02582038570275738,24.401762119453927,6,IN_DOMAIN,True,,,,,145.6,953.6,489.5,150.0,58.7,0.0,lateral_band,upper,0.0,0.195,0.07500000000000001,0.00869014010349553,0.027365237869304837,"{""candidate_id"": ""preferred_00"", ""direction_deg"": 0.0, ""pre_close_object_xy_shift_mm"": 0.0, ""close_object_xy_shift_mm"": 0.365, ""lift_horizontal_drift_mm"": 4.346, ""lift_height_mm"": 145.564, ""target_contact_geoms"": [""link7/geom:18"", ""link8/geom:20"", ""table/table_top""], ""bilateral_finger_contact"": true, ""failure_class"": ""NONE""}",0.0,[],"[{""state"": ""DETECT_SOURCE"", ""success"": true, ""message"": ""selected bottle_0 conf=0.35 base=[ 0.413 -0.025  0.178] (810 ROI pts)"", ""reason"": ""OK"", ""duration_ms"": 489.5}, {""state"": ""PLAN_PICK"", ""success"": true, ""message"": ""selected preferred_00 direction=0deg margin=0.128rad"", ""reason"": ""OK"", ""duration_ms"": 314.1}, {""state"": ""EXECUTE_PICK"", ""success"": true, ""message"": ""validated motion plan executed"", ""reason"": ""OK"", ""duration_ms"": 150.0}, {""state"": ""VERIFY_GRASP"", ""success"": true, ""message"": ""object lifted 146 mm"", ""reason"": ""OK"", ""duration_ms"": 0.0}]"
x05-y04-r07,yolo,bottle,0.42,-0.025,0.4207724740729632,-0.024473137947827732,122.68384900352162,7,IN_DOMAIN,True,,,,,145.8,1205.9,589.7,159.2,52.6,0.0,lateral_band,upper,0.0,0.195,0.07500000000000001,0.008534952725008371,0.026516201198535823,"{""candidate_id"": ""preferred_00"", ""direction_deg"": 0.0, ""pre_close_object_xy_shift_mm"": 0.0, ""close_object_xy_shift_mm"": 0.016, ""lift_horizontal_drift_mm"": 2.816, ""lift_height_mm"": 145.848, ""target_contact_geoms"": [""link7/geom:18"", ""link8/geom:20"", ""table/table_top""], ""bilateral_finger_contact"": true, ""failure_class"": ""NONE""}",0.0,[],"[{""state"": ""DETECT_SOURCE"", ""success"": true, ""message"": ""selected bottle_0 conf=0.75 base=[ 0.424 -0.025  0.172] (1118 ROI pts)"", ""reason"": ""OK"", ""duration_ms"": 589.7}, {""state"": ""PLAN_PICK"", ""success"": true, ""message"": ""selected preferred_00 direction=0deg margin=0.136rad"", ""reason"": ""OK"", ""duration_ms"": 457.0}, {""state"": ""EXECUTE_PICK"", ""success"": true, ""message"": ""validated motion plan executed"", ""reason"": ""OK"", ""duration_ms"": 159.2}, {""state"": ""VERIFY_GRASP"", ""success"": true, ""message"": ""object lifted 146 mm"", ""reason"": ""OK"", ""duration_ms"": 0.0}]"
x05-y04-r08,yolo,bottle,0.42,-0.025,0.4187425689773792,-0.02461842993005653,169.17095577897072,8,IN_DOMAIN,True,,,,,145.7,1060.5,592.1,153.9,55.1,0.0,lateral_band,upper,0.0,0.195,0.07500000000000001,0.00846293752272063,0.02649966299671259,"{""candidate_id"": ""preferred_00"", ""direction_deg"": 0.0, ""pre_close_object_xy_shift_mm"": 0.0, ""close_object_xy_shift_mm"": 0.253, ""lift_horizontal_drift_mm"": 2.198, ""lift_height_mm"": 145.656, ""target_contact_geoms"": [""link7/geom:18"", ""link8/geom:20"", ""table/table_top""], ""bilateral_finger_contact"": true, ""failure_class"": ""NONE""}",0.0,[],"[{""state"": ""DETECT_SOURCE"", ""success"": true, ""message"": ""selected bottle_0 conf=0.74 base=[ 0.416 -0.024  0.175] (924 ROI pts)"", ""reason"": ""OK"", ""duration_ms"": 592.1}, {""state"": ""PLAN_PICK"", ""success"": true, ""message"": ""selected preferred_00 direction=0deg margin=0.130rad"", ""reason"": ""OK"", ""duration_ms"": 314.4}, {""state"": ""EXECUTE_PICK"", ""success"": true, ""message"": ""validated motion plan executed"", ""reason"": ""OK"", ""duration_ms"": 153.9}, {""state"": ""VERIFY_GRASP"", ""success"": true, ""message"": ""object lifted 146 mm"", ""reason"": ""OK"", ""duration_ms"": 0.0}]"
x05-y04-r09,yolo,bottle,0.42,-0.025,0.4209314911686149,-0.023142089784841852,249.6459139145711,9,IN_DOMAIN,True,,,,,145.8,1130.6,588.2,157.4,52.8,0.0,lateral_band,upper,0.0,0.195,0.07500000000000001,0.008158143558947489,0.025293229641707198,"{""candidate_id"": ""preferred_00"", ""direction_deg"": 0.0, ""pre_close_object_xy_shift_mm"": 0.0, ""close_object_xy_shift_mm"": 0.034, ""lift_horizontal_drift_mm"": 1.966, ""lift_height_mm"": 145.784, ""target_contact_geoms"": [""link7/geom:18"", ""link8/geom:20"", ""table/table_top""], ""bilateral_finger_contact"": true, ""failure_class"": ""NONE""}",0.0,[],"[{""state"": ""DETECT_SOURCE"", ""success"": true, ""message"": ""selected bottle_0 conf=0.79 base=[ 0.421 -0.023  0.173] (1104 ROI pts)"", ""reason"": ""OK"", ""duration_ms"": 588.2}, {""state"": ""PLAN_PICK"", ""success"": true, ""message"": ""selected preferred_00 direction=0deg margin=0.135rad"", ""reason"": ""OK"", ""duration_ms"": 385.1}, {""state"": ""EXECUTE_PICK"", ""success"": true, ""message"": ""validated motion plan executed"", ""reason"": ""OK"", ""duration_ms"": 157.4}, {""state"": ""VERIFY_GRASP"", ""success"": true, ""message"": ""object lifted 146 mm"", ""reason"": ""OK"", ""duration_ms"": 0.0}]"
x05-y04-r10,yolo,bottle,0.42,-0.025,0.4216336438273316,-0.026798006632488325,10.304221996068485,10,IN_DOMAIN,True,,,,,145.4,940.9,476.3,149.8,57.9,0.0,lateral_band,upper,0.0,0.195,0.07500000000000001,0.008871862673529856,0.02795214551248424,"{""candidate_id"": ""preferred_00"", ""direction_deg"": 0.0, ""pre_close_object_xy_shift_mm"": 0.0, ""close_object_xy_shift_mm"": 0.358, ""lift_horizontal_drift_mm"": 5.014, ""lift_height_mm"": 145.383, ""target_contact_geoms"": [""link7/geom:18"", ""link8/geom:20"", ""table/table_top""], ""bilateral_finger_contact"": true, ""failure_class"": ""NONE""}",0.0,[],"[{""state"": ""DETECT_SOURCE"", ""success"": true, ""message"": ""selected bottle_0 conf=0.52 base=[ 0.414 -0.025  0.177] (855 ROI pts)"", ""reason"": ""OK"", ""duration_ms"": 476.3}, {""state"": ""PLAN_PICK"", ""success"": true, ""message"": ""selected preferred_00 direction=0deg margin=0.128rad"", ""reason"": ""OK"", ""duration_ms"": 314.8}, {""state"": ""EXECUTE_PICK"", ""success"": true, ""message"": ""validated motion plan executed"", ""reason"": ""OK"", ""duration_ms"": 149.8}, {""state"": ""VERIFY_GRASP"", ""success"": true, ""message"": ""object lifted 145 mm"", ""reason"": ""OK"", ""duration_ms"": 0.0}]"
x05-y05-r01,yolo,bottle,0.42,0.02,0.4180751922648642,0.019999,24.207336700722735,1,IN_DOMAIN,False,DETECT_SOURCE,STATE_FAILED,DETECT_SOURCE,STATE_FAILED,,362.2,362.2,0,,,,,,,,,,null,0.0,[],"[{""state"": ""DETECT_SOURCE"", ""success"": false, ""message"": ""no 'bottle' detected (saw 0 objects)"", ""reason"": ""STATE_FAILED"", ""duration_ms"": 362.2}]"
x05-y05-r02,yolo,bottle,0.42,0.02,0.4178505812549996,0.019999,105.77629296564949,2,IN_DOMAIN,False,DETECT_SOURCE,OBJECT_OUT_OF_ODD,DETECT_SOURCE,OBJECT_OUT_OF_ODD,,597.4,597.4,0,,,,,,,,,,null,0.0,[],"[{""state"": ""DETECT_SOURCE"", ""success"": false, ""message"": ""object center [0.42  0.02  0.171] is outside the tabletop operating domain"", ""reason"": ""OBJECT_OUT_OF_ODD"", ""duration_ms"": 597.4}]"
x05-y05-r03,yolo,bottle,0.42,0.02,0.42292822562865273,0.017734753749641195,79.52259635686727,3,IN_DOMAIN,True,,,,,146.0,1127.0,588.1,155.8,51.7,0.0,lateral_band,upper,0.0,0.195,0.07500000000000001,0.004967621219810682,0.018197746763937747,"{""candidate_id"": ""preferred_00"", ""direction_deg"": 0.0, ""pre_close_object_xy_shift_mm"": 0.0, ""close_object_xy_shift_mm"": 0.205, ""lift_horizontal_drift_mm"": 2.025, ""lift_height_mm"": 145.953, ""target_contact_geoms"": [""link7/geom:18"", ""link8/geom:20"", ""table/table_top""], ""bilateral_finger_contact"": true, ""failure_class"": ""NONE""}",0.0,[],"[{""state"": ""DETECT_SOURCE"", ""success"": true, ""message"": ""selected bottle_0 conf=0.82 base=[0.423 0.018 0.172] (987 ROI pts)"", ""reason"": ""OK"", ""duration_ms"": 588.1}, {""state"": ""PLAN_PICK"", ""success"": true, ""message"": ""selected preferred_00 direction=0deg margin=0.137rad"", ""reason"": ""OK"", ""duration_ms"": 383.0}, {""state"": ""EXECUTE_PICK"", ""success"": true, ""message"": ""validated motion plan executed"", ""reason"": ""OK"", ""duration_ms"": 155.8}, {""state"": ""VERIFY_GRASP"", ""success"": true, ""message"": ""object lifted 146 mm"", ""reason"": ""OK"", ""duration_ms"": 0.0}]"
x05-y05-r04,yolo,bottle,0.42,0.02,0.4214014387805669,0.01771541715592596,157.42040992370937,4,IN_DOMAIN,True,,,,,146.0,1135.9,586.5,156.1,53.2,0.0,lateral_band,upper,0.0,0.195,0.07500000000000001,0.004962547570097624,0.018179227217160497,"{""candidate_id"": ""preferred_00"", ""direction_deg"": 0.0, ""pre_close_object_xy_shift_mm"": 0.0, ""close_object_xy_shift_mm"": 0.192, ""lift_horizontal_drift_mm"": 1.911, ""lift_height_mm"": 145.952, ""target_contact_geoms"": [""link7/geom:18"", ""link8/geom:20"", ""table/table_top""], ""bilateral_finger_contact"": true, ""failure_class"": ""NONE""}",0.0,[],"[{""state"": ""DETECT_SOURCE"", ""success"": true, ""message"": ""selected bottle_0 conf=0.84 base=[0.422 0.018 0.173] (946 ROI pts)"", ""reason"": ""OK"", ""duration_ms"": 586.5}, {""state"": ""PLAN_PICK"", ""success"": true, ""message"": ""selected preferred_00 direction=0deg margin=0.136rad"", ""reason"": ""OK"", ""duration_ms"": 393.3}, {""state"": ""EXECUTE_PICK"", ""success"": true, ""message"": ""validated motion plan executed"", ""reason"": ""OK"", ""duration_ms"": 156.1}, {""state"": ""VERIFY_GRASP"", ""success"": true, ""message"": ""object lifted 146 mm"", ""reason"": ""OK"", ""duration_ms"": 0.0}]"
x05-y05-r05,yolo,bottle,0.42,0.02,0.42294904519060705,0.01954396334367934,24.015293377200628,5,IN_DOMAIN,False,DETECT_SOURCE,STATE_FAILED,DETECT_SOURCE,STATE_FAILED,,363.5,363.4,0,,,,,,,,,,null,0.0,[],"[{""state"": ""DETECT_SOURCE"", ""success"": false, ""message"": ""no 'bottle' detected (saw 0 objects)"", ""reason"": ""STATE_FAILED"", ""duration_ms"": 363.4}]"
x05-y05-r06,yolo,bottle,0.42,0.02,0.4177502254417967,0.019999,5.248645144760942,6,IN_DOMAIN,False,DETECT_SOURCE,OBJECT_OUT_OF_ODD,DETECT_SOURCE,OBJECT_OUT_OF_ODD,,471.5,471.5,0,,,,,,,,,,null,0.0,[],"[{""state"": ""DETECT_SOURCE"", ""success"": false, ""message"": ""object center [0.411 0.021 0.175] is outside the tabletop operating domain"", ""reason"": ""OBJECT_OUT_OF_ODD"", ""duration_ms"": 471.5}]"
x05-y05-r07,yolo,bottle,0.42,0.02,0.4204306504777117,0.019999,312.63528810570557,7,IN_DOMAIN,True,,,,,146.0,1146.4,596.5,161.0,52.7,0.0,lateral_band,upper,0.0,0.195,0.07500000000000001,0.005458212990728529,0.020167435650909695,"{""candidate_id"": ""preferred_00"", ""direction_deg"": 0.0, ""pre_close_object_xy_shift_mm"": 0.0, ""close_object_xy_shift_mm"": 0.168, ""lift_horizontal_drift_mm"": 1.934, ""lift_height_mm"": 145.974, ""target_contact_geoms"": [""link7/geom:18"", ""link8/geom:20"", ""table/table_top""], ""bilateral_finger_contact"": true, ""failure_class"": ""NONE""}",0.0,[],"[{""state"": ""DETECT_SOURCE"", ""success"": true, ""message"": ""selected bottle_0 conf=0.75 base=[0.423 0.02  0.173] (966 ROI pts)"", ""reason"": ""OK"", ""duration_ms"": 596.5}, {""state"": ""PLAN_PICK"", ""success"": true, ""message"": ""selected preferred_00 direction=0deg margin=0.137rad"", ""reason"": ""OK"", ""duration_ms"": 388.8}, {""state"": ""EXECUTE_PICK"", ""success"": true, ""message"": ""validated motion plan executed"", ""reason"": ""OK"", ""duration_ms"": 161.0}, {""state"": ""VERIFY_GRASP"", ""success"": true, ""message"": ""object lifted 146 mm"", ""reason"": ""OK"", ""duration_ms"": 0.0}]"
x05-y05-r08,yolo,bottle,0.42,0.02,0.42055355670405625,0.018079048111083823,192.39808026882346,8,IN_DOMAIN,False,DETECT_SOURCE,STATE_FAILED,DETECT_SOURCE,STATE_FAILED,,354.1,354.1,0,,,,,,,,,,null,0.0,[],"[{""state"": ""DETECT_SOURCE"", ""success"": false, ""message"": ""no 'bottle' detected (saw 0 objects)"", ""reason"": ""STATE_FAILED"", ""duration_ms"": 354.1}]"
x05-y05-r09,yolo,bottle,0.42,0.02,0.41999770512555723,0.019999,91.57324759395829,9,IN_DOMAIN,False,DETECT_SOURCE,OBJECT_OUT_OF_ODD,DETECT_SOURCE,OBJECT_OUT_OF_ODD,,592.2,592.2,0,,,,,,,,,,null,0.0,[],"[{""state"": ""DETECT_SOURCE"", ""success"": false, ""message"": ""object center [0.422 0.02  0.171] is outside the tabletop operating domain"", ""reason"": ""OBJECT_OUT_OF_ODD"", ""duration_ms"": 592.2}]"
x05-y05-r10,yolo,bottle,0.42,0.02,0.41929625970562956,0.019999,261.00966162199234,10,IN_DOMAIN,True,,,,,145.9,1138.7,599.5,156.0,52.4,0.0,lateral_band,upper,0.0,0.195,0.07500000000000001,0.005552120514346196,0.02049539174465653,"{""candidate_id"": ""preferred_00"", ""direction_deg"": 0.0, ""pre_close_object_xy_shift_mm"": 0.0, ""close_object_xy_shift_mm"": 0.161, ""lift_horizontal_drift_mm"": 2.058, ""lift_height_mm"": 145.944, ""target_contact_geoms"": [""link7/geom:18"", ""link8/geom:20"", ""table/table_top""], ""bilateral_finger_contact"": true, ""failure_class"": ""NONE""}",0.0,[],"[{""state"": ""DETECT_SOURCE"", ""success"": true, ""message"": ""selected bottle_0 conf=0.79 base=[0.42  0.02  0.172] (1034 ROI pts)"", ""reason"": ""OK"", ""duration_ms"": 599.5}, {""state"": ""PLAN_PICK"", ""success"": true, ""message"": ""selected preferred_00 direction=0deg margin=0.134rad"", ""reason"": ""OK"", ""duration_ms"": 383.2}, {""state"": ""EXECUTE_PICK"", ""success"": true, ""message"": ""validated motion plan executed"", ""reason"": ""OK"", ""duration_ms"": 156.0}, {""state"": ""VERIFY_GRASP"", ""success"": true, ""message"": ""object lifted 146 mm"", ""reason"": ""OK"", ""duration_ms"": 0.0}]"
ood-x01-y01,sim_gt,bottle,0.34,0.05,0.34,0.05,0.0,1,OUT_OF_DOMAIN_DIAGNOSTIC,False,DETECT_SOURCE,OBJECT_OUT_OF_ODD,DETECT_SOURCE,OBJECT_OUT_OF_ODD,,0.3,0.3,0,,,,,,,,,,null,0.0,[],"[{""state"": ""DETECT_SOURCE"", ""success"": false, ""message"": ""object center [0.34 0.05 0.12] is outside the tabletop operating domain"", ""reason"": ""OBJECT_OUT_OF_ODD"", ""duration_ms"": 0.3}]"
ood-x01-y02,sim_gt,bottle,0.34,0.12,0.34,0.12,0.0,1,OUT_OF_DOMAIN_DIAGNOSTIC,False,DETECT_SOURCE,OBJECT_OUT_OF_ODD,DETECT_SOURCE,OBJECT_OUT_OF_ODD,,0.3,0.3,0,,,,,,,,,,null,0.0,[],"[{""state"": ""DETECT_SOURCE"", ""success"": false, ""message"": ""object center [0.34 0.12 0.12] is outside the tabletop operating domain"", ""reason"": ""OBJECT_OUT_OF_ODD"", ""duration_ms"": 0.3}]"
ood-x02-y01,sim_gt,bottle,0.36,0.05,0.36,0.05,0.0,1,OUT_OF_DOMAIN_DIAGNOSTIC,False,DETECT_SOURCE,OBJECT_OUT_OF_ODD,DETECT_SOURCE,OBJECT_OUT_OF_ODD,,0.2,0.2,0,,,,,,,,,,null,0.0,[],"[{""state"": ""DETECT_SOURCE"", ""success"": false, ""message"": ""object center [0.36 0.05 0.12] is outside the tabletop operating domain"", ""reason"": ""OBJECT_OUT_OF_ODD"", ""duration_ms"": 0.2}]"
ood-x02-y02,sim_gt,bottle,0.36,0.12,0.36,0.12,0.0,1,OUT_OF_DOMAIN_DIAGNOSTIC,False,DETECT_SOURCE,OBJECT_OUT_OF_ODD,DETECT_SOURCE,OBJECT_OUT_OF_ODD,,0.2,0.2,0,,,,,,,,,,null,0.0,[],"[{""state"": ""DETECT_SOURCE"", ""success"": false, ""message"": ""object center [0.36 0.12 0.12] is outside the tabletop operating domain"", ""reason"": ""OBJECT_OUT_OF_ODD"", ""duration_ms"": 0.2}]"
ood-x03-y01,sim_gt,bottle,0.38,0.05,0.38,0.05,0.0,1,OUT_OF_DOMAIN_DIAGNOSTIC,False,DETECT_SOURCE,OBJECT_OUT_OF_ODD,DETECT_SOURCE,OBJECT_OUT_OF_ODD,,0.2,0.2,0,,,,,,,,,,null,0.0,[],"[{""state"": ""DETECT_SOURCE"", ""success"": false, ""message"": ""object center [0.38 0.05 0.12] is outside the tabletop operating domain"", ""reason"": ""OBJECT_OUT_OF_ODD"", ""duration_ms"": 0.2}]"
ood-x03-y02,sim_gt,bottle,0.38,0.12,0.38,0.12,0.0,1,OUT_OF_DOMAIN_DIAGNOSTIC,False,DETECT_SOURCE,OBJECT_OUT_OF_ODD,DETECT_SOURCE,OBJECT_OUT_OF_ODD,,0.2,0.2,0,,,,,,,,,,null,0.0,[],"[{""state"": ""DETECT_SOURCE"", ""success"": false, ""message"": ""object center [0.38 0.12 0.12] is outside the tabletop operating domain"", ""reason"": ""OBJECT_OUT_OF_ODD"", ""duration_ms"": 0.2}]"
ood-x04-y01,sim_gt,bottle,0.4,0.05,0.4,0.05,0.0,1,OUT_OF_DOMAIN_DIAGNOSTIC,False,DETECT_SOURCE,OBJECT_OUT_OF_ODD,DETECT_SOURCE,OBJECT_OUT_OF_ODD,,0.2,0.2,0,,,,,,,,,,null,0.0,[],"[{""state"": ""DETECT_SOURCE"", ""success"": false, ""message"": ""object center [0.4  0.05 0.12] is outside the tabletop operating domain"", ""reason"": ""OBJECT_OUT_OF_ODD"", ""duration_ms"": 0.2}]"
ood-x04-y02,sim_gt,bottle,0.4,0.12,0.4,0.12,0.0,1,OUT_OF_DOMAIN_DIAGNOSTIC,False,DETECT_SOURCE,OBJECT_OUT_OF_ODD,DETECT_SOURCE,OBJECT_OUT_OF_ODD,,0.2,0.2,0,,,,,,,,,,null,0.0,[],"[{""state"": ""DETECT_SOURCE"", ""success"": false, ""message"": ""object center [0.4  0.12 0.12] is outside the tabletop operating domain"", ""reason"": ""OBJECT_OUT_OF_ODD"", ""duration_ms"": 0.2}]"
ood-x05-y01,sim_gt,bottle,0.42,0.05,0.42,0.05,0.0,1,OUT_OF_DOMAIN_DIAGNOSTIC,False,DETECT_SOURCE,OBJECT_OUT_OF_ODD,DETECT_SOURCE,OBJECT_OUT_OF_ODD,,0.2,0.2,0,,,,,,,,,,null,0.0,[],"[{""state"": ""DETECT_SOURCE"", ""success"": false, ""message"": ""object center [0.42 0.05 0.12] is outside the tabletop operating domain"", ""reason"": ""OBJECT_OUT_OF_ODD"", ""duration_ms"": 0.2}]"
ood-x05-y02,sim_gt,bottle,0.42,0.12,0.42,0.12,0.0,1,OUT_OF_DOMAIN_DIAGNOSTIC,False,DETECT_SOURCE,OBJECT_OUT_OF_ODD,DETECT_SOURCE,OBJECT_OUT_OF_ODD,,0.2,0.2,0,,,,,,,,,,null,0.0,[],"[{""state"": ""DETECT_SOURCE"", ""success"": false, ""message"": ""object center [0.42 0.12 0.12] is outside the tabletop operating domain"", ""reason"": ""OBJECT_OUT_OF_ODD"", ""duration_ms"": 0.2}]"
