case_id,case_class,scan_pose_index,target_present,actual_center_base,predicted_label,confidence,predicted_center_base,render_detect_ms
x01-y01-r01,INTERIOR,0,True,"(0.33824138060761266, -0.15728244917370482, 0.11991227288122176)",bottle,0.2538197338581085,"(0.33080517713465063, -0.15096652816804457, 0.16903900364257057)",398.53
x01-y01-r01,INTERIOR,1,True,"(0.33824138060761266, -0.15728244917370482, 0.11991227288122176)",,,,151.62
x01-y01-r02,INTERIOR,0,True,"(0.3373960906004573, -0.16178136818547612, 0.11991236552778582)",,,,151.62
x01-y01-r02,INTERIOR,1,True,"(0.3373960906004573, -0.16178136818547612, 0.11991236552778582)",,,,152.5
x01-y01-r03,INTERIOR,0,True,"(0.33978651592367803, -0.1616564604715997, 0.11991231860662288)",bottle,0.192098468542099,"(0.3316294035132987, -0.15363815623424615, 0.16391902782204457)",284.07
x01-y01-r03,INTERIOR,1,True,"(0.33978651592367803, -0.1616564604715997, 0.11991231860662288)",,,,155.57
x01-y01-r04,INTERIOR,0,True,"(0.34144150676162266, -0.16019855148018555, 0.1199123007860847)",,,,158.4
x01-y01-r04,INTERIOR,1,True,"(0.34144150676162266, -0.16019855148018555, 0.1199123007860847)",,,,152.19
x01-y01-r05,INTERIOR,0,True,"(0.33876538100335146, -0.15720536529865878, 0.11991228002295215)",,,,154.28
x01-y01-r05,INTERIOR,1,True,"(0.33876538100335146, -0.15720536529865878, 0.11991228002295215)",,,,156.71
x01-y01-r06,INTERIOR,0,True,"(0.3376777569012807, -0.1598322282277574, 0.11991233033012988)",,,,152.93
x01-y01-r06,INTERIOR,1,True,"(0.3376777569012807, -0.1598322282277574, 0.11991233033012988)",,,,154.56
x01-y01-r07,INTERIOR,0,True,"(0.34072412243803635, -0.16038625153645267, 0.11991240823231693)",bottle,0.1378050297498703,"(0.3336957300522587, -0.15401150318557488, 0.16630056434254706)",266.35
x01-y01-r07,INTERIOR,1,True,"(0.34072412243803635, -0.16038625153645267, 0.11991240823231693)",,,,150.02
x01-y01-r08,INTERIOR,0,True,"(0.3384616203764226, -0.1623827612110811, 0.11991232262503175)",,,,156.45
x01-y01-r08,INTERIOR,1,True,"(0.3384616203764226, -0.1623827612110811, 0.11991232262503175)",,,,156.7
x01-y01-r09,INTERIOR,0,True,"(0.34094845054755285, -0.1623858618747311, 0.11991230702770167)",,,,157.47
x01-y01-r09,INTERIOR,1,True,"(0.34094845054755285, -0.1623858618747311, 0.11991230702770167)",,,,152.19
x01-y01-r10,INTERIOR,0,True,"(0.3421612730016861, -0.16108742389157488, 0.11991232530703574)",bottle,0.6019156575202942,"(0.3460740346276926, -0.1559448544707659, 0.16103704314686407)",263.65
x01-y01-r10,INTERIOR,1,True,"(0.3421612730016861, -0.16108742389157488, 0.11991232530703574)",,,,154.4
x01-y02-r01,INTERIOR,0,True,"(0.3394107806451219, -0.11755190110021108, 0.11991097785874469)",bottle,0.8132070302963257,"(0.3411903613961075, -0.11892658760520042, 0.1702084049793347)",270.51
x01-y02-r01,INTERIOR,1,True,"(0.3394107806451219, -0.11755190110021108, 0.11991097785874469)",bottle,0.12093258649110794,"(0.33943573747804406, -0.11036981043578359, 0.15829170427409978)",269.17
x01-y02-r02,INTERIOR,0,True,"(0.34012966897222424, -0.11368226166029957, 0.11991115222550126)",bottle,0.7091085314750671,"(0.33711739638052884, -0.11309161014043784, 0.1737944148997022)",262.84
x01-y02-r02,INTERIOR,1,True,"(0.34012966897222424, -0.11368226166029957, 0.11991115222550126)",,,,151.32
x01-y02-r03,INTERIOR,0,True,"(0.3392022512801155, -0.11206639913451555, 0.11991127802167072)",bottle,0.42544111609458923,"(0.335440883985627, -0.11069324379513976, 0.17469214764083746)",265.77
x01-y02-r03,INTERIOR,1,True,"(0.3392022512801155, -0.11206639913451555, 0.11991127802167072)",bottle,0.4233289957046509,"(0.33201982349868553, -0.10687686590351503, 0.16904714515058106)",260.03
x01-y02-r04,INTERIOR,0,True,"(0.33701963552876807, -0.1146118858136344, 0.11991122876271273)",bottle,0.8987144827842712,"(0.33901262615679284, -0.11563501888535205, 0.17343943884396928)",262.14
x01-y02-r04,INTERIOR,1,True,"(0.33701963552876807, -0.1146118858136344, 0.11991122876271273)",bottle,0.628899097442627,"(0.3323918632064765, -0.10642322450120129, 0.1651353444978243)",266.37
x01-y02-r05,INTERIOR,0,True,"(0.3372178571965041, -0.11683417668746089, 0.119911247885682)",bottle,0.2115299105644226,"(0.3327345522291315, -0.11517078336513574, 0.17382473277930044)",268.32
x01-y02-r05,INTERIOR,1,True,"(0.3372178571965041, -0.11683417668746089, 0.119911247885682)",bottle,0.06156765669584274,"(0.32851452367055156, -0.10972190296828022, 0.1638042721661953)",263.08
x01-y02-r06,INTERIOR,0,True,"(0.34134407503012776, -0.11766507562552195, 0.11991263266666324)",bottle,0.9127883315086365,"(0.3460684522327063, -0.11983440575791798, 0.16956325814671483)",262.37
x01-y02-r06,INTERIOR,1,True,"(0.34134407503012776, -0.11766507562552195, 0.11991263266666324)",bottle,0.4167598485946655,"(0.34254645669971245, -0.10908031322987313, 0.16068931545534657)",263.04
x01-y02-r07,INTERIOR,0,True,"(0.33870770591730787, -0.11418062707884202, 0.119911275923865)",bottle,0.07119977474212646,"(0.3355909713745471, -0.11302129911525319, 0.17618698336976496)",268.09
x01-y02-r07,INTERIOR,1,True,"(0.33870770591730787, -0.11418062707884202, 0.119911275923865)",bottle,0.721907377243042,"(0.32972774010360056, -0.10688269878062526, 0.1671874493336507)",264.95
x01-y02-r08,INTERIOR,0,True,"(0.3404586928328312, -0.11615442469631228, 0.1199110152587455)",bottle,0.21358545124530792,"(0.33494654464245976, -0.11337862540349226, 0.17752325395789653)",266.6
x01-y02-r08,INTERIOR,1,True,"(0.3404586928328312, -0.11615442469631228, 0.1199110152587455)",bottle,0.3935421109199524,"(0.33042580146519573, -0.10889014985774634, 0.16622750233836625)",264.83
x01-y02-r09,INTERIOR,0,True,"(0.3413881853753382, -0.1121740269618533, 0.11991118149237022)",bottle,0.7045727372169495,"(0.3382022992726751, -0.11118977264574159, 0.1739141497891647)",268.92
x01-y02-r09,INTERIOR,1,True,"(0.3413881853753382, -0.1121740269618533, 0.11991118149237022)",bottle,0.4566960632801056,"(0.3353537016742946, -0.1071561873574968, 0.16768275824650408)",274.28
x01-y02-r10,INTERIOR,0,True,"(0.33704551229142804, -0.11445410691517427, 0.11991125366715866)",bottle,0.9344364404678345,"(0.34140321966177456, -0.11664540384787477, 0.16896709917901975)",260.39
x01-y02-r10,INTERIOR,1,True,"(0.33704551229142804, -0.11445410691517427, 0.11991125366715866)",bottle,0.06412853300571442,"(0.33943649211669813, -0.1076525590755742, 0.16099879304700268)",263.91
x01-y03-r01,INTERIOR,0,True,"(0.3424473351024581, -0.06762293357069665, 0.11991244394462829)",bottle,0.9058310389518738,"(0.3454173072341862, -0.06882044643580724, 0.17000354513746785)",267.98
x01-y03-r01,INTERIOR,1,True,"(0.3424473351024581, -0.06762293357069665, 0.11991244394462829)",bottle,0.9142223596572876,"(0.3461186696456037, -0.06943389440485495, 0.16898715753179344)",264.24
x01-y03-r02,INTERIOR,0,True,"(0.3385446729590232, -0.07232898679176705, 0.11991259973575398)",bottle,0.898327112197876,"(0.34140815937891345, -0.0734029993300637, 0.1707370383190304)",269.08
x01-y03-r02,INTERIOR,1,True,"(0.3385446729590232, -0.07232898679176705, 0.11991259973575398)",bottle,0.9114790558815002,"(0.34210716049757056, -0.0737935112771482, 0.1683731283805983)",273.04
x01-y03-r03,INTERIOR,0,True,"(0.33740001107858286, -0.07044532478097681, 0.11991258045140903)",bottle,0.9021812081336975,"(0.34106390619859284, -0.07165023890310143, 0.1726310377026815)",264.56
x01-y03-r03,INTERIOR,1,True,"(0.33740001107858286, -0.07044532478097681, 0.11991258045140903)",bottle,0.9001045227050781,"(0.3422134803722922, -0.07205342067439632, 0.17169604496661983)",269.16
x01-y03-r04,INTERIOR,0,True,"(0.3423916713983984, -0.07087828200474403, 0.1199124963098662)",bottle,0.90224689245224,"(0.34558667536680343, -0.07173243561858639, 0.16929420231811138)",267.49
x01-y03-r04,INTERIOR,1,True,"(0.3423916713983984, -0.07087828200474403, 0.1199124963098662)",bottle,0.8909845352172852,"(0.34645868223809684, -0.07246028451370534, 0.16922293611642897)",271.61
x01-y03-r05,INTERIOR,0,True,"(0.34056646816199654, -0.06925031345474868, 0.11991252408362557)",bottle,0.9327248334884644,"(0.34471252467301505, -0.07082692658363468, 0.17129448016909155)",275.89
x01-y03-r05,INTERIOR,1,True,"(0.34056646816199654, -0.06925031345474868, 0.11991252408362557)",bottle,0.912514328956604,"(0.3455941668743721, -0.07126184669254843, 0.170746563967291)",269.15
x01-y03-r06,INTERIOR,0,True,"(0.3371831643295122, -0.07225899937838602, 0.1199125856819959)",bottle,0.713570237159729,"(0.3348275268753429, -0.07246980874213318, 0.17338034396033186)",264.48
x01-y03-r06,INTERIOR,1,True,"(0.3371831643295122, -0.07225899937838602, 0.1199125856819959)",bottle,0.6712367534637451,"(0.33520316228326136, -0.07294559040711993, 0.17208095839762588)",267.12
x01-y03-r07,INTERIOR,0,True,"(0.34290077703784233, -0.07057713294639277, 0.11991255104587817)",,,,159.37
x01-y03-r07,INTERIOR,1,True,"(0.34290077703784233, -0.07057713294639277, 0.11991255104587817)",bottle,0.3262927234172821,"(0.3357736297520063, -0.06880514706786606, 0.1752678754693742)",264.41
x01-y03-r08,INTERIOR,0,True,"(0.3390576925567004, -0.06743211244886099, 0.11991244721160832)",bottle,0.8731532692909241,"(0.34215071646277195, -0.06840993841628604, 0.17164691199018842)",267.75
x01-y03-r08,INTERIOR,1,True,"(0.3390576925567004, -0.06743211244886099, 0.11991244721160832)",bottle,0.8956126570701599,"(0.34306788794018805, -0.06892779205907323, 0.16906803621893068)",273.2
x01-y03-r09,INTERIOR,0,True,"(0.33897430045937366, -0.06708933951267962, 0.11991243247541832)",bottle,0.8715131878852844,"(0.34209625204773986, -0.06802982923263175, 0.17178712985152084)",266.15
x01-y03-r09,INTERIOR,1,True,"(0.33897430045937366, -0.06708933951267962, 0.11991243247541832)",bottle,0.8928431868553162,"(0.3430798039367369, -0.06852236351851865, 0.16932005114855075)",268.41
x01-y03-r10,INTERIOR,0,True,"(0.33799618545876764, -0.06813808371695122, 0.11991249841518747)",bottle,0.9059147238731384,"(0.3386057518100274, -0.06798641692237742, 0.1747890879947515)",267.43
x01-y03-r10,INTERIOR,1,True,"(0.33799618545876764, -0.06813808371695122, 0.11991249841518747)",bottle,0.9076943397521973,"(0.33959860086495985, -0.06820880170468896, 0.17292788010967952)",264.55
x01-y04-r01,INTERIOR,0,True,"(0.3390111618743352, -0.024988272958398967, 0.11991183988275095)",bottle,0.8949659466743469,"(0.3402347672574133, -0.0255569624660371, 0.17149389232082363)",267.64
x01-y04-r01,INTERIOR,1,True,"(0.3390111618743352, -0.024988272958398967, 0.11991183988275095)",bottle,0.8454841375350952,"(0.3407290460661576, -0.026005624408593546, 0.1699383948350805)",265.86
x01-y04-r02,INTERIOR,0,True,"(0.34259223446740755, -0.02202497952780919, 0.11991174600659585)",bottle,0.8655399680137634,"(0.34208032524801923, -0.022343275689917258, 0.17236134952048465)",271.66
x01-y04-r02,INTERIOR,1,True,"(0.34259223446740755, -0.02202497952780919, 0.11991174600659585)",bottle,0.7784232497215271,"(0.34260813757078884, -0.02257672725068382, 0.17083771530031455)",265.23
x01-y04-r03,INTERIOR,0,True,"(0.33796507329639025, -0.027170178551511735, 0.11991187967514182)",bottle,0.2408384084701538,"(0.3299616258284208, -0.02677692569083928, 0.17888648966392556)",265.62
x01-y04-r03,INTERIOR,1,True,"(0.33796507329639025, -0.027170178551511735, 0.11991187967514182)",,,,150.87
x01-y04-r04,INTERIOR,0,True,"(0.3381560146860562, -0.0241675954477428, 0.11991178904834701)",bottle,0.885906994342804,"(0.3407904891598228, -0.024713253042986313, 0.1726805720406037)",267.43
x01-y04-r04,INTERIOR,1,True,"(0.3381560146860562, -0.0241675954477428, 0.11991178904834701)",bottle,0.8097831606864929,"(0.34175277217759437, -0.025030591874104342, 0.1718152547214119)",268.42
x01-y04-r05,INTERIOR,0,True,"(0.3428297778817076, -0.025142451152365075, 0.11991178339774251)",bottle,0.5925066471099854,"(0.33653644599742016, -0.024826132134346014, 0.17592067249328644)",272.55
x01-y04-r05,INTERIOR,1,True,"(0.3428297778817076, -0.025142451152365075, 0.11991178339774251)",bottle,0.46315768361091614,"(0.3370343039658355, -0.025226787850635958, 0.17385631028760565)",277.05
x01-y04-r06,INTERIOR,0,True,"(0.3416067907681971, -0.026000471104516174, 0.1199115893228597)",bottle,0.6445096731185913,"(0.33596259360699887, -0.024930611914012815, 0.1768296979671229)",274.66
x01-y04-r06,INTERIOR,1,True,"(0.3416067907681971, -0.026000471104516174, 0.1199115893228597)",bottle,0.792159378528595,"(0.3368039316309511, -0.025191431601427443, 0.17493933132675185)",267.2
x01-y04-r07,INTERIOR,0,True,"(0.34276192774243414, -0.02634182119424883, 0.11991157023987102)",bottle,0.8856686353683472,"(0.34532939496298876, -0.02658001920707851, 0.17229257073951387)",276.61
x01-y04-r07,INTERIOR,1,True,"(0.34276192774243414, -0.02634182119424883, 0.11991157023987102)",bottle,0.8154169321060181,"(0.3461645798961212, -0.027067459804442175, 0.17166110534849155)",273.12
x01-y04-r08,INTERIOR,0,True,"(0.33884086975516886, -0.02655405150583617, 0.11991184371049078)",bottle,0.8912776112556458,"(0.34142941500041923, -0.027147490115147187, 0.17182907121852298)",266.91
x01-y04-r08,INTERIOR,1,True,"(0.33884086975516886, -0.02655405150583617, 0.11991184371049078)",bottle,0.8561131954193115,"(0.3420256133168603, -0.027548411653543832, 0.17039293051755836)",260.86
x01-y04-r09,INTERIOR,0,True,"(0.34207341711687117, -0.026865100263011404, 0.11991179859212553)",bottle,0.8648198246955872,"(0.3436430348062235, -0.027114958696059878, 0.17273638320457496)",273.14
x01-y04-r09,INTERIOR,1,True,"(0.34207341711687117, -0.026865100263011404, 0.11991179859212553)",bottle,0.7286168336868286,"(0.34466914885251354, -0.02737233445830734, 0.171881375256772)",270.41
x01-y04-r10,INTERIOR,0,True,"(0.34033006244929487, -0.024379140411293642, 0.11991183749545571)",bottle,0.8910816311836243,"(0.34296076224592253, -0.024967576885169845, 0.17246356378982447)",265.52
x01-y04-r10,INTERIOR,1,True,"(0.34033006244929487, -0.024379140411293642, 0.11991183749545571)",bottle,0.8223897218704224,"(0.34389557538203974, -0.02541426017942238, 0.1720103445306343)",266.13
x01-y05-r01,INTERIOR,0,True,"(0.3414465946810984, 0.010546426204228774, 0.11991205187018623)",bottle,0.9175424575805664,"(0.3412219252402503, 0.010425053690381941, 0.17129800077168517)",287.09
x01-y05-r01,INTERIOR,1,True,"(0.3414465946810984, 0.010546426204228774, 0.11991205187018623)",bottle,0.6994903683662415,"(0.3423252489419662, 0.010169280461532558, 0.17367236006319012)",264.44
x01-y05-r02,INTERIOR,0,True,"(0.3408333317291756, 0.01084435189863123, 0.11991204275095713)",bottle,0.903078556060791,"(0.3397714284167491, 0.011309365234328702, 0.17250160046578475)",271.46
x01-y05-r02,INTERIOR,1,True,"(0.3408333317291756, 0.01084435189863123, 0.11991204275095713)",bottle,0.6483578681945801,"(0.3410963341095554, 0.011175586396728783, 0.1745526295851694)",264.4
x01-y05-r03,INTERIOR,0,True,"(0.33840553374096605, 0.007543136438081377, 0.11991199714320759)",bottle,0.8888964056968689,"(0.3401707316048095, 0.007437430000827498, 0.1723963411151896)",262.43
x01-y05-r03,INTERIOR,1,True,"(0.33840553374096605, 0.007543136438081377, 0.11991199714320759)",bottle,0.740049421787262,"(0.34118094484891887, 0.007050428903902596, 0.17212307388292009)",255.97
x01-y05-r04,INTERIOR,0,True,"(0.3416830725600381, 0.00874686608615241, 0.11991202266922205)",bottle,0.8845099210739136,"(0.3409939228642238, 0.009248179823343748, 0.17286190941352828)",264.92
x01-y05-r04,INTERIOR,1,True,"(0.3416830725600381, 0.00874686608615241, 0.11991202266922205)",bottle,0.7651119232177734,"(0.3422351733777639, 0.008967640671103928, 0.17432941920517764)",267.33
x01-y05-r05,INTERIOR,0,True,"(0.34196320574018624, 0.012242683292620725, 0.11991207132831984)",bottle,0.3469734191894531,"(0.33581527453728344, 0.01153192396923154, 0.1751080531119384)",267.73
x01-y05-r05,INTERIOR,1,True,"(0.34196320574018624, 0.012242683292620725, 0.11991207132831984)",,,,161.8
x01-y05-r06,INTERIOR,0,True,"(0.33907223565020433, 0.008834735893623068, 0.11991200607727787)",bottle,0.592355489730835,"(0.3317770122604009, 0.008348029995727422, 0.17563139108851122)",271.67
x01-y05-r06,INTERIOR,1,True,"(0.33907223565020433, 0.008834735893623068, 0.11991200607727787)",bottle,0.0554380863904953,"(0.3329460299758836, 0.008199636051084876, 0.17799959556785067)",263.91
x01-y05-r07,INTERIOR,0,True,"(0.33862621835626555, 0.011799235372849952, 0.11991204751935872)",bottle,0.902665913105011,"(0.339011163876782, 0.011830162037058277, 0.17202455108770326)",267.16
x01-y05-r07,INTERIOR,1,True,"(0.33862621835626555, 0.011799235372849952, 0.11991204751935872)",bottle,0.7229240536689758,"(0.3400345148933479, 0.011531444548346766, 0.17259390665156432)",258.11
x01-y05-r08,INTERIOR,0,True,"(0.33817538384481277, 0.009357289884473414, 0.11991200738832371)",bottle,0.5900185704231262,"(0.32864237168756494, 0.009111370114153116, 0.17821904180953296)",260.68
x01-y05-r08,INTERIOR,1,True,"(0.33817538384481277, 0.009357289884473414, 0.11991200738832371)",,,,159.65
x01-y05-r09,INTERIOR,0,True,"(0.33936651506405846, 0.010384994228183338, 0.11991203648477901)",bottle,0.9107354283332825,"(0.3408022125564083, 0.010518981355406706, 0.1727454194130654)",265.41
x01-y05-r09,INTERIOR,1,True,"(0.33936651506405846, 0.010384994228183338, 0.11991203648477901)",bottle,0.6289478540420532,"(0.3420803748935066, 0.010285875706929341, 0.172505817077099)",264.8
x01-y05-r10,INTERIOR,0,True,"(0.3414613851450092, 0.011591452245739774, 0.11991207336254397)",bottle,0.9169527292251587,"(0.34311138444357214, 0.011613867210420152, 0.17251714517545377)",262.08
x01-y05-r10,INTERIOR,1,True,"(0.3414613851450092, 0.011591452245739774, 0.11991207336254397)",bottle,0.6448206305503845,"(0.3442137714463671, 0.011182707371412838, 0.17239230518783624)",264.43
x02-y01-r01,INTERIOR,0,True,"(0.36175308951461943, -0.15741704840177442, 0.11991244507737014)",bottle,0.7817092537879944,"(0.3663634889474866, -0.15694367475289034, 0.16846037529000407)",269.52
x02-y01-r01,INTERIOR,1,True,"(0.36175308951461943, -0.15741704840177442, 0.11991244507737014)",,,,164.18
x02-y01-r02,INTERIOR,0,True,"(0.3604046913079725, -0.16258670918858398, 0.11991235968097301)",bottle,0.7070893049240112,"(0.3631646036496269, -0.1599582302667482, 0.1669418008901527)",323.34
x02-y01-r02,INTERIOR,1,True,"(0.3604046913079725, -0.16258670918858398, 0.11991235968097301)",,,,162.53
x02-y01-r03,INTERIOR,0,True,"(0.35774980513072524, -0.1600455298421131, 0.11991229057311022)",,,,153.32
x02-y01-r03,INTERIOR,1,True,"(0.35774980513072524, -0.1600455298421131, 0.11991229057311022)",,,,153.71
x02-y01-r04,INTERIOR,0,True,"(0.3612547906411431, -0.1600250859853158, 0.11991239830749545)",bottle,0.3421265482902527,"(0.3560684502008249, -0.15592644454365168, 0.17391932277310182)",367.18
x02-y01-r04,INTERIOR,1,True,"(0.3612547906411431, -0.1600250859853158, 0.11991239830749545)",,,,155.85
x02-y01-r05,INTERIOR,0,True,"(0.3628566633447971, -0.16199657585988142, 0.11991239737269722)",bottle,0.6457686424255371,"(0.36577745705901965, -0.15981213991161825, 0.16713306867445815)",282.85
x02-y01-r05,INTERIOR,1,True,"(0.3628566633447971, -0.16199657585988142, 0.11991239737269722)",,,,155.25
x02-y01-r06,INTERIOR,0,True,"(0.36012518187817805, -0.15722439671875157, 0.1199124607830341)",bottle,0.5214358568191528,"(0.3603255557495172, -0.15564356533491736, 0.1705385001991005)",272.2
x02-y01-r06,INTERIOR,1,True,"(0.36012518187817805, -0.15722439671875157, 0.1199124607830341)",,,,155.75
x02-y01-r07,INTERIOR,0,True,"(0.3629715262798431, -0.15718188270445713, 0.1199124599979361)",bottle,0.8162409663200378,"(0.3657264482983733, -0.15692241448293195, 0.16783164432966402)",270.9
x02-y01-r07,INTERIOR,1,True,"(0.3629715262798431, -0.15718188270445713, 0.1199124599979361)",,,,159.14
x02-y01-r08,INTERIOR,0,True,"(0.3616281549948855, -0.1572961728420848, 0.11991245405718809)",bottle,0.07155261188745499,"(0.3615012291670294, -0.15627956472937807, 0.1694949900952769)",283.89
x02-y01-r08,INTERIOR,1,True,"(0.3616281549948855, -0.1572961728420848, 0.11991245405718809)",,,,151.33
x02-y01-r09,INTERIOR,0,True,"(0.3628455418349519, -0.16182060173048626, 0.11991226936761606)",,,,147.9
x02-y01-r09,INTERIOR,1,True,"(0.3628455418349519, -0.16182060173048626, 0.11991226936761606)",,,,157.29
x02-y01-r10,INTERIOR,0,True,"(0.3584220564811519, -0.15752002575630847, 0.11991243228276832)",bottle,0.4716155529022217,"(0.36041397129901853, -0.1557583663489176, 0.16868342855633767)",261.81
x02-y01-r10,INTERIOR,1,True,"(0.3584220564811519, -0.15752002575630847, 0.11991243228276832)",,,,153.24
x02-y02-r01,INTERIOR,0,True,"(0.35877186409907535, -0.11356986839932216, 0.1199127533591684)",bottle,0.9324538111686707,"(0.3639814166422831, -0.1155900091432274, 0.16968204615230886)",290.84
x02-y02-r01,INTERIOR,1,True,"(0.35877186409907535, -0.11356986839932216, 0.1199127533591684)",bottle,0.5545777678489685,"(0.3615184274779326, -0.10975878241095946, 0.1658476021478697)",262.29
x02-y02-r02,INTERIOR,0,True,"(0.3622657433188517, -0.11444243740597887, 0.11991266489865193)",bottle,0.9061774611473083,"(0.36776643646761187, -0.1172446155700673, 0.1715025868077425)",269.96
x02-y02-r02,INTERIOR,1,True,"(0.3622657433188517, -0.11444243740597887, 0.11991266489865193)",bottle,0.7484280467033386,"(0.363934093038021, -0.11084880766799307, 0.16892422880369318)",264.47
x02-y02-r03,INTERIOR,0,True,"(0.3614253704625677, -0.11300955348783343, 0.119912687139465)",bottle,0.8787057399749756,"(0.36584565407251357, -0.11467960313401732, 0.1696307140457672)",266.42
x02-y02-r03,INTERIOR,1,True,"(0.3614253704625677, -0.11300955348783343, 0.119912687139465)",bottle,0.8131290078163147,"(0.36392420319178864, -0.10953691039017283, 0.1664581624061395)",266.61
x02-y02-r04,INTERIOR,0,True,"(0.3601377569307582, -0.11231675603425882, 0.11991272705297873)",bottle,0.8732963800430298,"(0.36464998951980454, -0.11423402913896144, 0.16918735852391537)",267.97
x02-y02-r04,INTERIOR,1,True,"(0.3601377569307582, -0.11231675603425882, 0.11991272705297873)",bottle,0.6257266402244568,"(0.36217531961132615, -0.10950882429530095, 0.16852555301118793)",257.36
x02-y02-r05,INTERIOR,0,True,"(0.35786091262504566, -0.11522138318793462, 0.11991276638193592)",bottle,0.8405739665031433,"(0.36100318624867034, -0.1166449490348253, 0.17234982847343772)",268.84
x02-y02-r05,INTERIOR,1,True,"(0.35786091262504566, -0.11522138318793462, 0.11991276638193592)",bottle,0.6600319743156433,"(0.3562720042811519, -0.1096594577879107, 0.16922116695352576)",268.38
x02-y02-r06,INTERIOR,0,True,"(0.3573491989492935, -0.11515819797315725, 0.11991278091768487)",bottle,0.8654239773750305,"(0.36299455885967147, -0.1180381294742088, 0.17134130187737703)",268.7
x02-y02-r06,INTERIOR,1,True,"(0.3573491989492935, -0.11515819797315725, 0.11991278091768487)",bottle,0.7976136207580566,"(0.35852841267968866, -0.10994337761991407, 0.1678025482242223)",267.76
x02-y02-r07,INTERIOR,0,True,"(0.36073978887285607, -0.11310359602447471, 0.11991270341577544)",,,,152.59
x02-y02-r07,INTERIOR,1,True,"(0.36073978887285607, -0.11310359602447471, 0.11991270341577544)",bottle,0.5104001760482788,"(0.352182602698988, -0.1097236558196758, 0.17220934202103594)",264.73
x02-y02-r08,INTERIOR,0,True,"(0.35827150470570196, -0.11661485708066391, 0.11991274817802754)",bottle,0.16738779842853546,"(0.35528676309264406, -0.11546384122826239, 0.17643218879097958)",261.17
x02-y02-r08,INTERIOR,1,True,"(0.35827150470570196, -0.11661485708066391, 0.11991274817802754)",bottle,0.4012891352176666,"(0.35121909307011734, -0.11131926508000387, 0.17035767696739013)",264.66
x02-y02-r09,INTERIOR,0,True,"(0.35932838736536243, -0.11733643097713146, 0.1199127195797902)",bottle,0.8632724285125732,"(0.3642328917107648, -0.11970692712376824, 0.1693630181787148)",274.58
x02-y02-r09,INTERIOR,1,True,"(0.35932838736536243, -0.11733643097713146, 0.1199127195797902)",bottle,0.48420223593711853,"(0.36058068982346114, -0.11084131497252, 0.1673517015250629)",271.95
x02-y02-r10,INTERIOR,0,True,"(0.3604756099458608, -0.1135934408009962, 0.11991270294119619)",bottle,0.8743249177932739,"(0.36341897517171484, -0.11506769347387713, 0.1699113925988996)",265.9
x02-y02-r10,INTERIOR,1,True,"(0.3604756099458608, -0.1135934408009962, 0.11991270294119619)",bottle,0.5685440897941589,"(0.36159078303698927, -0.11043497010851033, 0.16647859353615743)",272.59
x02-y03-r01,INTERIOR,0,True,"(0.35858992854480365, -0.07277393304463606, 0.11991173246106802)",bottle,0.8804683089256287,"(0.3621390766033895, -0.07407694970919546, 0.17168870377637196)",267.09
x02-y03-r01,INTERIOR,1,True,"(0.35858992854480365, -0.07277393304463606, 0.11991173246106802)",bottle,0.7327901721000671,"(0.36324666248669685, -0.07463206332795133, 0.170718841728705)",267.39
x02-y03-r02,INTERIOR,0,True,"(0.35840503507312493, -0.06705680503414392, 0.11991206418753363)",,,,155.61
x02-y03-r02,INTERIOR,1,True,"(0.35840503507312493, -0.06705680503414392, 0.11991206418753363)",bottle,0.2494906783103943,"(0.35458859798350073, -0.06553917987394209, 0.1755667438296779)",276.43
x02-y03-r03,INTERIOR,0,True,"(0.3614965505434706, -0.07264859149166784, 0.11991163132613836)",bottle,0.8848586678504944,"(0.3650210148158175, -0.07382240132534956, 0.1708344252064485)",271.54
x02-y03-r03,INTERIOR,1,True,"(0.3614965505434706, -0.07264859149166784, 0.11991163132613836)",bottle,0.8419784903526306,"(0.3660231215862175, -0.0743178098974017, 0.16988566357838314)",262.17
x02-y03-r04,INTERIOR,0,True,"(0.3596351660427434, -0.06897528337211868, 0.1199120505662452)",,,,156.38
x02-y03-r04,INTERIOR,1,True,"(0.3596351660427434, -0.06897528337211868, 0.1199120505662452)",bottle,0.19599924981594086,"(0.3538595763940831, -0.06701231470881366, 0.1766969367996141)",270.11
x02-y03-r05,INTERIOR,0,True,"(0.35963434517581755, -0.06937113561690245, 0.1199120180982401)",bottle,0.8928619623184204,"(0.3616631355645651, -0.06994313058916415, 0.16935663880490368)",271.26
x02-y03-r05,INTERIOR,1,True,"(0.35963434517581755, -0.06937113561690245, 0.1199120180982401)",bottle,0.8601011037826538,"(0.3625715201781571, -0.07057127437159183, 0.1692815526442104)",270.99
x02-y03-r06,INTERIOR,0,True,"(0.36160341114297107, -0.07141389686544056, 0.11991146062557134)",bottle,0.8861870765686035,"(0.3649607600809357, -0.07220177578327786, 0.1702638929881634)",270.38
x02-y03-r06,INTERIOR,1,True,"(0.36160341114297107, -0.07141389686544056, 0.11991146062557134)",bottle,0.8854150176048279,"(0.36592404438894116, -0.07292806683331785, 0.16978438561937614)",257.31
x02-y03-r07,INTERIOR,0,True,"(0.3608820804450082, -0.07027340511496065, 0.11991166147307387)",bottle,0.8897555470466614,"(0.3650451966415581, -0.0715858012349138, 0.17289404992180946)",269.95
x02-y03-r07,INTERIOR,1,True,"(0.3608820804450082, -0.07027340511496065, 0.11991166147307387)",bottle,0.8888686299324036,"(0.36607410040074645, -0.07227497083302639, 0.17050894945844755)",266.31
x02-y03-r08,INTERIOR,0,True,"(0.3572140727917493, -0.07126199944187109, 0.11991206411470867)",,,,159.88
x02-y03-r08,INTERIOR,1,True,"(0.3572140727917493, -0.07126199944187109, 0.11991206411470867)",bottle,0.15339630842208862,"(0.35065780533705654, -0.07061423118992458, 0.17550481157279085)",262.63
x02-y03-r09,INTERIOR,0,True,"(0.36047406458557196, -0.06815764401837943, 0.1199120512892181)",bottle,0.8570996522903442,"(0.36359583439190724, -0.06893800097864125, 0.17096691938491243)",267.38
x02-y03-r09,INTERIOR,1,True,"(0.36047406458557196, -0.06815764401837943, 0.1199120512892181)",bottle,0.8284991979598999,"(0.36461167380745746, -0.06950331709342902, 0.16937897078160072)",274.29
x02-y03-r10,INTERIOR,0,True,"(0.36144941294525046, -0.06908433896581491, 0.11991105286202738)",bottle,0.886167049407959,"(0.3623184338906187, -0.06938194251675447, 0.17159881242315805)",273.77
x02-y03-r10,INTERIOR,1,True,"(0.36144941294525046, -0.06908433896581491, 0.11991105286202738)",bottle,0.8274246454238892,"(0.3628329660976841, -0.06999793032108259, 0.17027754080700863)",274.48
x02-y04-r01,INTERIOR,0,True,"(0.3590906641047282, -0.023884176574891974, 0.11991162395640897)",bottle,0.21952515840530396,"(0.35108069671136644, -0.022354134257168798, 0.17908280584936445)",268.35
x02-y04-r01,INTERIOR,1,True,"(0.3590906641047282, -0.023884176574891974, 0.11991162395640897)",,,,152.51
x02-y04-r02,INTERIOR,0,True,"(0.3624136715096988, -0.02425494979346638, 0.119911474945262)",bottle,0.5929341912269592,"(0.3557434636060194, -0.022685984821878252, 0.17718754303374346)",260.64
x02-y04-r02,INTERIOR,1,True,"(0.3624136715096988, -0.02425494979346638, 0.119911474945262)",bottle,0.19061943888664246,"(0.35666484994857944, -0.022878807084215018, 0.17455677791346602)",266.72
x02-y04-r03,INTERIOR,0,True,"(0.361976318843565, -0.023780068520746454, 0.11991150411461565)",bottle,0.9277856349945068,"(0.36282202686661047, -0.024134759546535905, 0.1720209436643158)",260.84
x02-y04-r03,INTERIOR,1,True,"(0.361976318843565, -0.023780068520746454, 0.11991150411461565)",bottle,0.7206836938858032,"(0.36321488484358616, -0.024847100279910515, 0.1709627110016945)",261.83
x02-y04-r04,INTERIOR,0,True,"(0.3619085528682305, -0.026632691981754733, 0.11991142712626673)",bottle,0.9042927026748657,"(0.3648029116009347, -0.02731173095722344, 0.17263855242121573)",273.93
x02-y04-r04,INTERIOR,1,True,"(0.3619085528682305, -0.026632691981754733, 0.11991142712626673)",bottle,0.8064153790473938,"(0.36579542236677604, -0.027628220501943836, 0.17168987125948781)",269.44
x02-y04-r05,INTERIOR,0,True,"(0.36114195063949284, -0.025635440950603917, 0.11991147623040879)",bottle,0.8669218420982361,"(0.36318787613598036, -0.025955730233124336, 0.17257362313449162)",269.16
x02-y04-r05,INTERIOR,1,True,"(0.36114195063949284, -0.025635440950603917, 0.11991147623040879)",bottle,0.5747650861740112,"(0.364251500381274, -0.02634830551842513, 0.1711554423296947)",262.89
x02-y04-r06,INTERIOR,0,True,"(0.35931975065820715, -0.02614642146967996, 0.11991153079144917)",bottle,0.9035359025001526,"(0.3608239388945378, -0.026063018373486888, 0.17310147162112094)",266.55
x02-y04-r06,INTERIOR,1,True,"(0.35931975065820715, -0.02614642146967996, 0.11991153079144917)",bottle,0.7877839803695679,"(0.3614482089217375, -0.02615909405684471, 0.17200873981991732)",268.88
x02-y04-r07,INTERIOR,0,True,"(0.3572423621606907, -0.027206492932537206, 0.11991160323840602)",bottle,0.20643092691898346,"(0.34935043290011525, -0.02702779416110327, 0.1772679959629278)",273.73
x02-y04-r07,INTERIOR,1,True,"(0.3572423621606907, -0.027206492932537206, 0.11991160323840602)",,,,156.06
x02-y04-r08,INTERIOR,0,True,"(0.36096968097148363, -0.02578310399639202, 0.11991146867148242)",bottle,0.9064012169837952,"(0.3613223182816563, -0.025502749272443677, 0.17332355997421664)",262.61
x02-y04-r08,INTERIOR,1,True,"(0.36096968097148363, -0.02578310399639202, 0.11991146867148242)",bottle,0.7816758751869202,"(0.36202356195308627, -0.0258624450325984, 0.1728491615467329)",254.97
x02-y04-r09,INTERIOR,0,True,"(0.36128458899777227, -0.02672786954517671, 0.11991144762240256)",bottle,0.15643614530563354,"(0.35223079683569125, -0.025894238510321486, 0.17947626104187148)",258.92
x02-y04-r09,INTERIOR,1,True,"(0.36128458899777227, -0.02672786954517671, 0.11991144762240256)",,,,151.41
x02-y04-r10,INTERIOR,0,True,"(0.3620866082702125, -0.02344464523783801, 0.11991141359519167)",bottle,0.9001858830451965,"(0.36458554226364936, -0.023796521002947657, 0.17268324954892195)",270.43
x02-y04-r10,INTERIOR,1,True,"(0.3620866082702125, -0.02344464523783801, 0.11991141359519167)",bottle,0.8187315464019775,"(0.36538536306732877, -0.02404626288972677, 0.17188327863605002)",265.95
x02-y05-r01,INTERIOR,0,True,"(0.358122202843008, 0.009542969582135973, 0.11991194648702402)",bottle,0.9008330702781677,"(0.3558587554319983, 0.010120236972636051, 0.1744497971041412)",260.4
x02-y05-r01,INTERIOR,1,True,"(0.358122202843008, 0.009542969582135973, 0.11991194648702402)",bottle,0.7268871665000916,"(0.35712351658127234, 0.009888932588414133, 0.17275989330969785)",263.21
x02-y05-r02,INTERIOR,0,True,"(0.3606274551266103, 0.01104846389384304, 0.11991200533285741)",bottle,0.9064803123474121,"(0.3624369101777515, 0.011179456239569422, 0.17285429060340124)",277.99
x02-y05-r02,INTERIOR,1,True,"(0.3606274551266103, 0.01104846389384304, 0.11991200533285741)",bottle,0.6580520272254944,"(0.3634554061751875, 0.010842649736984768, 0.1720300950400386)",273.34
x02-y05-r03,INTERIOR,0,True,"(0.3593854202230872, 0.012597143983592985, 0.1199119748429521)",bottle,0.8788476586341858,"(0.35749010900849054, 0.012135138117092879, 0.17311051765458657)",268.01
x02-y05-r03,INTERIOR,1,True,"(0.3593854202230872, 0.012597143983592985, 0.1199119748429521)",bottle,0.4798344671726227,"(0.35828927053185455, 0.012003905329450608, 0.17232553017633578)",265.45
x02-y05-r04,INTERIOR,0,True,"(0.35928748178173997, 0.011142580293006653, 0.11991200933424376)",bottle,0.7648857831954956,"(0.3544733928050037, 0.010769489905149384, 0.174922196924797)",265.83
x02-y05-r04,INTERIOR,1,True,"(0.35928748178173997, 0.011142580293006653, 0.11991200933424376)",bottle,0.33419352769851685,"(0.3553424957836523, 0.010759696504088485, 0.17536361787126659)",291.81
x02-y05-r05,INTERIOR,0,True,"(0.3608555787230983, 0.0103421327140796, 0.11991195977583126)",bottle,0.914009690284729,"(0.3616322225218016, 0.010414645572459557, 0.17177411562202988)",270.86
x02-y05-r05,INTERIOR,1,True,"(0.3608555787230983, 0.0103421327140796, 0.11991195977583126)",bottle,0.3336687386035919,"(0.36245838029959454, 0.010089067298314554, 0.17086004364086507)",262.9
x02-y05-r06,INTERIOR,0,True,"(0.3610318016450554, 0.008316153033887318, 0.11991188528113365)",bottle,0.545458972454071,"(0.35458797479669235, 0.007628232292987596, 0.17611266469642717)",266.76
x02-y05-r06,INTERIOR,1,True,"(0.3610318016450554, 0.008316153033887318, 0.11991188528113365)",bottle,0.063656747341156,"(0.3555651848225297, 0.007454247570282395, 0.1757960531528759)",267.5
x02-y05-r07,INTERIOR,0,True,"(0.3572987323420184, 0.007525014029247544, 0.11991188945923244)",bottle,0.8911336064338684,"(0.35928286628638173, 0.007262078607537565, 0.17195887234712565)",267.63
x02-y05-r07,INTERIOR,1,True,"(0.3572987323420184, 0.007525014029247544, 0.11991188945923244)",bottle,0.7514970898628235,"(0.3602065011787767, 0.007067117042488004, 0.17126264356459225)",264.21
x02-y05-r08,INTERIOR,0,True,"(0.35796972913244224, 0.012305080709060785, 0.11991197633145864)",bottle,0.8946070075035095,"(0.3599162046129646, 0.0123194619936861, 0.17320058342865763)",261.39
x02-y05-r08,INTERIOR,1,True,"(0.35796972913244224, 0.012305080709060785, 0.11991197633145864)",bottle,0.607239305973053,"(0.36079377876505814, 0.012014760421275923, 0.171113076218876)",261.2
x02-y05-r09,INTERIOR,0,True,"(0.35723408450301636, 0.008080835574733877, 0.11991189252155773)",bottle,0.8741639256477356,"(0.35847940030166914, 0.00814646906347581, 0.1729461399574323)",265.13
x02-y05-r09,INTERIOR,1,True,"(0.35723408450301636, 0.008080835574733877, 0.11991189252155773)",bottle,0.5892487168312073,"(0.3591556625001178, 0.007932664695115894, 0.1717620881593523)",264.12
x02-y05-r10,INTERIOR,0,True,"(0.36138465704720996, 0.012879831974506735, 0.11991183231036867)",bottle,0.9309216737747192,"(0.3626199040937613, 0.013144247958839948, 0.17331488697678168)",269.54
x02-y05-r10,INTERIOR,1,True,"(0.36138465704720996, 0.012879831974506735, 0.11991183231036867)",bottle,0.7145200371742249,"(0.36355909361510524, 0.012799328767351674, 0.17176516641187117)",263.01
x03-y01-r01,INTERIOR,0,True,"(0.38296993590675926, -0.1572004116615455, 0.1199123548073972)",bottle,0.8324388861656189,"(0.3820502928517361, -0.15697769618003907, 0.17374827822385724)",267.69
x03-y01-r01,INTERIOR,1,True,"(0.38296993590675926, -0.1572004116615455, 0.1199123548073972)",,,,154.62
x03-y01-r02,INTERIOR,0,True,"(0.37751107431599706, -0.15991448382480505, 0.11991233277761545)",bottle,0.31133773922920227,"(0.38000760376618203, -0.16014820142760683, 0.17017050750644025)",270.92
x03-y01-r02,INTERIOR,1,True,"(0.37751107431599706, -0.15991448382480505, 0.11991233277761545)",,,,157.79
x03-y01-r03,INTERIOR,0,True,"(0.37892732109642574, -0.16062739846325688, 0.11991234697989328)",bottle,0.3419579267501831,"(0.3746842874778531, -0.15806655797590868, 0.17599868563628107)",269.27
x03-y01-r03,INTERIOR,1,True,"(0.37892732109642574, -0.16062739846325688, 0.11991234697989328)",,,,163.41
x03-y01-r04,INTERIOR,0,True,"(0.37747607683367396, -0.16030798537504404, 0.11991231812250046)",bottle,0.8735358715057373,"(0.3815602983164297, -0.1606614163606783, 0.16882378997252245)",260.6
x03-y01-r04,INTERIOR,1,True,"(0.37747607683367396, -0.16030798537504404, 0.11991231812250046)",,,,157.05
x03-y01-r05,INTERIOR,0,True,"(0.3792076096192065, -0.161350441876476, 0.11991223516738136)",bottle,0.24066580832004547,"(0.3825000836424587, -0.16220159491519623, 0.17175539391589012)",262.92
x03-y01-r05,INTERIOR,1,True,"(0.3792076096192065, -0.161350441876476, 0.11991223516738136)",,,,156.1
x03-y01-r06,INTERIOR,0,True,"(0.37768728446230887, -0.15971748630763102, 0.11991232869048074)",bottle,0.7060662508010864,"(0.3810041818028074, -0.16004497645777963, 0.16951731430252906)",264.03
x03-y01-r06,INTERIOR,1,True,"(0.37768728446230887, -0.15971748630763102, 0.11991232869048074)",,,,153.16
x03-y01-r07,INTERIOR,0,True,"(0.378375111214773, -0.1573624058490829, 0.11991234198839094)",bottle,0.9077122211456299,"(0.3821872542181808, -0.15917927006646243, 0.17110647533792528)",278.5
x03-y01-r07,INTERIOR,1,True,"(0.378375111214773, -0.1573624058490829, 0.11991234198839094)",,,,179.72
x03-y01-r08,INTERIOR,0,True,"(0.37850815729594456, -0.16120888786709592, 0.11991233635327862)",bottle,0.29663196206092834,"(0.37432224943203496, -0.1590245406448516, 0.17545690590651936)",272.6
x03-y01-r08,INTERIOR,1,True,"(0.37850815729594456, -0.16120888786709592, 0.11991233635327862)",,,,158.91
x03-y01-r09,INTERIOR,0,True,"(0.38090974005702327, -0.162734476076511, 0.11991231680322516)",bottle,0.799197793006897,"(0.3853486361450692, -0.1627415047836101, 0.16901418513120903)",272.32
x03-y01-r09,INTERIOR,1,True,"(0.38090974005702327, -0.162734476076511, 0.11991231680322516)",,,,155.47
x03-y01-r10,INTERIOR,0,True,"(0.38031653704333634, -0.1574846334943264, 0.11991231435280825)",bottle,0.9205849170684814,"(0.3852160022198807, -0.1594224176817716, 0.1691196713879946)",273.14
x03-y01-r10,INTERIOR,1,True,"(0.38031653704333634, -0.1574846334943264, 0.11991231435280825)",,,,157.0
x03-y02-r01,INTERIOR,0,True,"(0.37987130273723363, -0.11764366089077913, 0.11991237826343526)",bottle,0.1453220397233963,"(0.37698446149622156, -0.11652296571595001, 0.17518303399205393)",274.56
x03-y02-r01,INTERIOR,1,True,"(0.37987130273723363, -0.11764366089077913, 0.11991237826343526)",bottle,0.5766588449478149,"(0.37468824012051716, -0.11493634048197277, 0.1714933618796484)",276.47
x03-y02-r02,INTERIOR,0,True,"(0.38296136087064836, -0.11475182177353871, 0.11991232700201943)",bottle,0.9341027736663818,"(0.3864833725725765, -0.1161689456132553, 0.17046272075641689)",264.34
x03-y02-r02,INTERIOR,1,True,"(0.38296136087064836, -0.11475182177353871, 0.11991232700201943)",bottle,0.7999998331069946,"(0.3847117327332494, -0.11439869750436515, 0.16910657180256053)",273.45
x03-y02-r03,INTERIOR,0,True,"(0.37934792638405296, -0.11230417908578681, 0.1199123963179678)",bottle,0.8671073317527771,"(0.3845486491148302, -0.11483758065376298, 0.171119783388619)",264.3
x03-y02-r03,INTERIOR,1,True,"(0.37934792638405296, -0.11230417908578681, 0.1199123963179678)",bottle,0.8705452680587769,"(0.38276510100592975, -0.1121489107756529, 0.1707909053079344)",292.45
x03-y02-r04,INTERIOR,0,True,"(0.38057906587027246, -0.11314543384412697, 0.11991237823130284)",bottle,0.1560502052307129,"(0.3769891204012814, -0.11229105553738444, 0.17646901014105965)",267.92
x03-y02-r04,INTERIOR,1,True,"(0.38057906587027246, -0.11314543384412697, 0.11991237823130284)",bottle,0.29451894760131836,"(0.3757968271729649, -0.11207677329211366, 0.17367003011992171)",268.48
x03-y02-r05,INTERIOR,0,True,"(0.37746230310683937, -0.1161848696685403, 0.11991241944784953)",bottle,0.20666833221912384,"(0.37475611440313494, -0.11521134611512679, 0.17508375987763425)",263.07
x03-y02-r05,INTERIOR,1,True,"(0.37746230310683937, -0.1161848696685403, 0.11991241944784953)",bottle,0.5532030463218689,"(0.37253876749598397, -0.11406178448411683, 0.17204610083792438)",275.39
x03-y02-r06,INTERIOR,0,True,"(0.38271510086482763, -0.11716257335150561, 0.11991235140519352)",bottle,0.11814067512750626,"(0.3784621317721649, -0.1154177906088788, 0.1773213444772731)",273.82
x03-y02-r06,INTERIOR,1,True,"(0.38271510086482763, -0.11716257335150561, 0.11991235140519352)",bottle,0.43539488315582275,"(0.3765377018198759, -0.11475582500136916, 0.1735586552391576)",267.33
x03-y02-r07,INTERIOR,0,True,"(0.38087043193998343, -0.11671912117434945, 0.11991236221266441)",,,,154.92
x03-y02-r07,INTERIOR,1,True,"(0.38087043193998343, -0.11671912117434945, 0.11991236221266441)",bottle,0.5023583173751831,"(0.3732490560423663, -0.11393847256449008, 0.17416857289222792)",268.27
x03-y02-r08,INTERIOR,0,True,"(0.3781367179600763, -0.1125305991258522, 0.11991240975432835)",bottle,0.9408881664276123,"(0.38358248065805467, -0.11492451677129337, 0.1713045043248697)",267.91
x03-y02-r08,INTERIOR,1,True,"(0.3781367179600763, -0.1125305991258522, 0.11991240975432835)",bottle,0.905114471912384,"(0.3817503738777442, -0.11228429515267474, 0.17023285971571217)",271.48
x03-y02-r09,INTERIOR,0,True,"(0.3799363674953111, -0.11518532012494509, 0.11991238430067741)",bottle,0.8505343794822693,"(0.38500668399649396, -0.11744089643082957, 0.1712542517520172)",271.53
x03-y02-r09,INTERIOR,1,True,"(0.3799363674953111, -0.11518532012494509, 0.11991238430067741)",bottle,0.8915674090385437,"(0.38248966323064404, -0.11408692443109622, 0.17126313329445347)",268.66
x03-y02-r10,INTERIOR,0,True,"(0.38213813406735725, -0.11450235455902863, 0.11991235358570454)",bottle,0.21127820014953613,"(0.3794477271570734, -0.11402415316986875, 0.17595867249216765)",288.27
x03-y02-r10,INTERIOR,1,True,"(0.38213813406735725, -0.11450235455902863, 0.11991235358570454)",bottle,0.4077205955982208,"(0.3779625781775257, -0.11349683496851548, 0.17282074727462488)",273.99
x03-y03-r01,INTERIOR,0,True,"(0.38183522162856176, -0.07062781125635352, 0.1199112043547257)",bottle,0.09542939811944962,"(0.37425768979370766, -0.06915827717505421, 0.18024982029048367)",266.6
x03-y03-r01,INTERIOR,1,True,"(0.38183522162856176, -0.07062781125635352, 0.1199112043547257)",,,,156.87
x03-y03-r02,INTERIOR,0,True,"(0.3808539207413116, -0.07069104082722379, 0.11991127913801773)",bottle,0.9179021716117859,"(0.38276977565040293, -0.07134719331390428, 0.17140531243988666)",270.61
x03-y03-r02,INTERIOR,1,True,"(0.3808539207413116, -0.07069104082722379, 0.11991127913801773)",bottle,0.7937175035476685,"(0.3833337689162252, -0.07204796211141196, 0.17043447693459254)",270.74
x03-y03-r03,INTERIOR,0,True,"(0.3823045569008452, -0.07048500116327011, 0.11991118686062835)",bottle,0.6773632764816284,"(0.3779636547666638, -0.06965070607727905, 0.17583281558004465)",277.17
x03-y03-r03,INTERIOR,1,True,"(0.3823045569008452, -0.07048500116327011, 0.11991118686062835)",bottle,0.2803950607776642,"(0.3783521510458912, -0.06997152210845867, 0.17436439351499536)",276.36
x03-y03-r04,INTERIOR,0,True,"(0.38268889014414914, -0.06916168685140843, 0.11991117911885249)",bottle,0.9194213151931763,"(0.38602812391454666, -0.07013214231514135, 0.17099486773949668)",270.48
x03-y03-r04,INTERIOR,1,True,"(0.38268889014414914, -0.06916168685140843, 0.11991117911885249)",bottle,0.8767143487930298,"(0.3867421096509404, -0.07075000221041539, 0.1701974787976821)",265.19
x03-y03-r05,INTERIOR,0,True,"(0.3782934418849563, -0.07108793740475346, 0.11991254850524989)",bottle,0.3098483383655548,"(0.37090656688160384, -0.0688802831533635, 0.1795920232275952)",270.63
x03-y03-r05,INTERIOR,1,True,"(0.3782934418849563, -0.07108793740475346, 0.11991254850524989)",,,,152.24
x03-y03-r06,INTERIOR,0,True,"(0.38069637177716614, -0.06959935361779437, 0.11991274368792477)",bottle,0.6601554155349731,"(0.37878964819335115, -0.06868704938629336, 0.1752726584414599)",264.96
x03-y03-r06,INTERIOR,1,True,"(0.38069637177716614, -0.06959935361779437, 0.11991274368792477)",bottle,0.6386862397193909,"(0.37964332117843663, -0.06872776267727049, 0.1742008455915514)",268.79
x03-y03-r07,INTERIOR,0,True,"(0.3779764603440093, -0.06751769343738835, 0.11991123713106862)",,,,158.55
x03-y03-r07,INTERIOR,1,True,"(0.3779764603440093, -0.06751769343738835, 0.11991123713106862)",bottle,0.10265403985977173,"(0.3718485960031873, -0.06566553712000037, 0.17699155619941548)",272.46
x03-y03-r08,INTERIOR,0,True,"(0.3813497860238272, -0.07092206488481591, 0.11991134791988803)",bottle,0.9042083024978638,"(0.38484522688276734, -0.07208694910920499, 0.1714499858238896)",266.44
x03-y03-r08,INTERIOR,1,True,"(0.3813497860238272, -0.07092206488481591, 0.11991134791988803)",bottle,0.8124932050704956,"(0.3857685606043168, -0.07245947030377872, 0.17133836754555348)",265.61
x03-y03-r09,INTERIOR,0,True,"(0.37884791605472495, -0.06716419610916655, 0.11991142641658879)",bottle,0.37836793065071106,"(0.37353408105295405, -0.06655627381623011, 0.17830691491589162)",269.19
x03-y03-r09,INTERIOR,1,True,"(0.37884791605472495, -0.06716419610916655, 0.11991142641658879)",,,,157.38
x03-y03-r10,INTERIOR,0,True,"(0.3773223784005966, -0.06885159395879736, 0.11991143401874163)",bottle,0.9119555950164795,"(0.38024081019541534, -0.06968227048327948, 0.17281566211738614)",271.28
x03-y03-r10,INTERIOR,1,True,"(0.3773223784005966, -0.06885159395879736, 0.11991143401874163)",bottle,0.7613993287086487,"(0.3813653170276883, -0.07019041504022142, 0.17053919126960201)",268.38
x03-y04-r01,INTERIOR,0,True,"(0.3782435361103484, -0.023404970288175682, 0.11991141203785395)",bottle,0.9219642877578735,"(0.3795627990331344, -0.024069391091064443, 0.17186557150043102)",270.35
x03-y04-r01,INTERIOR,1,True,"(0.3782435361103484, -0.023404970288175682, 0.11991141203785395)",bottle,0.9098412394523621,"(0.3801168753138828, -0.023995231474065508, 0.17038623735582328)",261.39
x03-y04-r02,INTERIOR,0,True,"(0.3823419069267311, -0.024097444036488804, 0.11991111390545867)",bottle,0.8128505349159241,"(0.3787981360515654, -0.023206596468088515, 0.17490269529684704)",263.9
x03-y04-r02,INTERIOR,1,True,"(0.3823419069267311, -0.024097444036488804, 0.11991111390545867)",bottle,0.6470233798027039,"(0.3795669532719243, -0.02329464175171144, 0.1740915015257948)",267.34
x03-y04-r03,INTERIOR,0,True,"(0.37918549186438644, -0.02526053396888958, 0.11991133697359865)",bottle,0.8948636054992676,"(0.38039404617435957, -0.025235669995578698, 0.17285519647639358)",261.16
x03-y04-r03,INTERIOR,1,True,"(0.37918549186438644, -0.02526053396888958, 0.11991133697359865)",bottle,0.8576447367668152,"(0.38136589042657043, -0.025594491749495067, 0.17207699964317102)",268.13
x03-y04-r04,INTERIOR,0,True,"(0.3821573068472247, -0.022928893127403233, 0.11991122088357146)",bottle,0.4469306766986847,"(0.37600196631150506, -0.02157647863699584, 0.17785217944192205)",273.27
x03-y04-r04,INTERIOR,1,True,"(0.3821573068472247, -0.022928893127403233, 0.11991122088357146)",bottle,0.38977500796318054,"(0.3767681800649232, -0.021632208585701702, 0.1761472110180971)",270.56
x03-y04-r05,INTERIOR,0,True,"(0.38078350194800964, -0.026327929176450396, 0.11991126041965122)",bottle,0.8896581530570984,"(0.383496386735647, -0.026640342081277156, 0.1725443709100113)",268.03
x03-y04-r05,INTERIOR,1,True,"(0.38078350194800964, -0.026327929176450396, 0.11991126041965122)",bottle,0.8247370719909668,"(0.38449311194106883, -0.026927425739773796, 0.17330144955432508)",261.07
x03-y04-r06,INTERIOR,0,True,"(0.37753760148670673, -0.023525879355559075, 0.11991142452493787)",bottle,0.9161861538887024,"(0.38044230673061497, -0.023818874912359442, 0.17248027898123375)",269.53
x03-y04-r06,INTERIOR,1,True,"(0.37753760148670673, -0.023525879355559075, 0.11991142452493787)",bottle,0.8683751225471497,"(0.3814611838998804, -0.024260421695903527, 0.1713533972674462)",265.79
x03-y04-r07,INTERIOR,0,True,"(0.3822082263582755, -0.02224727670513388, 0.11991124740453801)",bottle,0.7894063591957092,"(0.37747871872539407, -0.021394251849544257, 0.1756331673112829)",267.88
x03-y04-r07,INTERIOR,1,True,"(0.3822082263582755, -0.02224727670513388, 0.11991124740453801)",bottle,0.5442490577697754,"(0.37820117113088253, -0.021536184773159377, 0.17473687509160962)",266.97
x03-y04-r08,INTERIOR,0,True,"(0.3803974439203528, -0.025010705828852862, 0.11991128081310745)",bottle,0.8728500008583069,"(0.37808381332629337, -0.024438625245208234, 0.17470404255713168)",284.6
x03-y04-r08,INTERIOR,1,True,"(0.3803974439203528, -0.025010705828852862, 0.11991128081310745)",bottle,0.7859938144683838,"(0.37878829520951357, -0.024495876903540235, 0.17329842861585637)",264.71
x03-y04-r09,INTERIOR,0,True,"(0.37767966234447337, -0.02328964516123896, 0.11991136949336403)",bottle,0.902368426322937,"(0.3794922943333763, -0.023410881517616965, 0.17181973852536073)",273.6
x03-y04-r09,INTERIOR,1,True,"(0.37767966234447337, -0.02328964516123896, 0.11991136949336403)",bottle,0.8400809168815613,"(0.38037781973386603, -0.023751197465253553, 0.17079326434367875)",270.2
x03-y04-r10,INTERIOR,0,True,"(0.3809690314381976, -0.02647367784940107, 0.11991124287904725)",bottle,0.9151360988616943,"(0.3834918935675322, -0.02687663547560122, 0.1716587450863858)",265.52
x03-y04-r10,INTERIOR,1,True,"(0.3809690314381976, -0.02647367784940107, 0.11991124287904725)",bottle,0.8746694922447205,"(0.38406147929966356, -0.027294288139005855, 0.17082591775756498)",272.81
x03-y05-r01,INTERIOR,0,True,"(0.37899629292791753, 0.011615552821803302, 0.11991142918355083)",bottle,0.8257880806922913,"(0.3800078889030938, 0.011697573646528339, 0.172897403162513)",268.48
x03-y05-r01,INTERIOR,1,True,"(0.37899629292791753, 0.011615552821803302, 0.11991142918355083)",bottle,0.7531529068946838,"(0.38108166428063855, 0.011722900516032635, 0.17214911401276972)",266.59
x03-y05-r02,INTERIOR,0,True,"(0.38210890411210985, 0.011666406363003432, 0.11991127616009899)",bottle,0.8754331469535828,"(0.3821270108002136, 0.01115835060004061, 0.17305185462126976)",269.4
x03-y05-r02,INTERIOR,1,True,"(0.38210890411210985, 0.011666406363003432, 0.11991127616009899)",bottle,0.6282291412353516,"(0.38303125371764124, 0.010878353725167177, 0.17071064619038676)",263.37
x03-y05-r03,INTERIOR,0,True,"(0.38013288530841066, 0.007643697587510851, 0.11991160351453241)",bottle,0.8439161777496338,"(0.37743498599580205, 0.007372880106534528, 0.1739618241533536)",269.88
x03-y05-r03,INTERIOR,1,True,"(0.38013288530841066, 0.007643697587510851, 0.11991160351453241)",bottle,0.6548824310302734,"(0.3778010721835095, 0.007114151957793614, 0.17207778984777838)",263.85
x03-y05-r04,INTERIOR,0,True,"(0.3800614844135803, 0.011277944970078564, 0.11991130906005133)",bottle,0.07693737745285034,"(0.3699849529037741, 0.011901109369152165, 0.1803079025010999)",268.48
x03-y05-r04,INTERIOR,1,True,"(0.3800614844135803, 0.011277944970078564, 0.11991130906005133)",bottle,0.1401999294757843,"(0.3702724917773557, 0.011677620903333762, 0.17822448479383662)",272.99
x03-y05-r05,INTERIOR,0,True,"(0.3824130988268196, 0.008506611318316294, 0.11991125259735115)",bottle,0.8693202137947083,"(0.3820144467242107, 0.008760471251461703, 0.17272910901197536)",269.64
x03-y05-r05,INTERIOR,1,True,"(0.3824130988268196, 0.008506611318316294, 0.11991125259735115)",bottle,0.8051261901855469,"(0.38276779923986576, 0.00872560852959512, 0.17245624855923586)",269.46
x03-y05-r06,INTERIOR,0,True,"(0.3803302363829273, 0.00721603762646915, 0.11991168328501912)",bottle,0.7391560673713684,"(0.38164269954210683, 0.00742933028284074, 0.1735288469597237)",260.54
x03-y05-r06,INTERIOR,1,True,"(0.3803302363829273, 0.00721603762646915, 0.11991168328501912)",bottle,0.7429124712944031,"(0.3827009539026464, 0.0071594174187214685, 0.17127466080760995)",281.23
x03-y05-r07,INTERIOR,0,True,"(0.3775276454691649, 0.009521712095633421, 0.1199113776395627)",bottle,0.8306836485862732,"(0.37882615187677027, 0.009618089788700003, 0.1727348336221969)",264.83
x03-y05-r07,INTERIOR,1,True,"(0.3775276454691649, 0.009521712095633421, 0.1199113776395627)",bottle,0.5828040242195129,"(0.3799503954011543, 0.00930120739775827, 0.17192287090224703)",268.54
x03-y05-r08,INTERIOR,0,True,"(0.3827421389558025, 0.007963247480553104, 0.11991141717910121)",bottle,0.6552764177322388,"(0.3804569150485052, 0.007459519958136615, 0.1741550579118926)",272.78
x03-y05-r08,INTERIOR,1,True,"(0.3827421389558025, 0.007963247480553104, 0.11991141717910121)",bottle,0.4437309801578522,"(0.38088656584838926, 0.0071548145377650155, 0.17235607376639658)",263.41
x03-y05-r09,INTERIOR,0,True,"(0.38086321281071905, 0.01236495460019851, 0.11991127689080151)",bottle,0.8541660904884338,"(0.3812644303500996, 0.01234312989297112, 0.17224429991567264)",270.26
x03-y05-r09,INTERIOR,1,True,"(0.38086321281071905, 0.01236495460019851, 0.11991127689080151)",bottle,0.6503317952156067,"(0.38207830094646633, 0.012084399823568855, 0.17104382241360822)",272.18
x03-y05-r10,INTERIOR,0,True,"(0.3795830366625445, 0.011116888798125583, 0.11991133964711291)",bottle,0.4758654236793518,"(0.37410405144632763, 0.011600743219835575, 0.1748398991158977)",267.69
x03-y05-r10,INTERIOR,1,True,"(0.3795830366625445, 0.011116888798125583, 0.11991133964711291)",bottle,0.546172022819519,"(0.37519880566847924, 0.011513791362647331, 0.17468692852678985)",267.52
x04-y01-r01,INTERIOR,0,True,"(0.4016371416184092, -0.15711095539818126, 0.11991209207640861)",bottle,0.0996057540178299,"(0.3976118842757189, -0.15457146552842604, 0.17895854701459235)",267.32
x04-y01-r01,INTERIOR,1,True,"(0.4016371416184092, -0.15711095539818126, 0.11991209207640861)",,,,159.14
x04-y01-r02,INTERIOR,0,True,"(0.4027446186585833, -0.15904176081168928, 0.11991208110811974)",bottle,0.8046215772628784,"(0.40280520520627194, -0.15936396769199734, 0.17386675751544955)",268.8
x04-y01-r02,INTERIOR,1,True,"(0.4027446186585833, -0.15904176081168928, 0.11991208110811974)",,,,148.83
x04-y01-r03,INTERIOR,0,True,"(0.3994939841588276, -0.16125107740035965, 0.11991211252445795)",bottle,0.9055948853492737,"(0.40548983625961943, -0.1642468838088847, 0.17016794420760256)",263.42
x04-y01-r03,INTERIOR,1,True,"(0.3994939841588276, -0.16125107740035965, 0.11991211252445795)",,,,154.85
x04-y01-r04,INTERIOR,0,True,"(0.39861447191570504, -0.16241187521593162, 0.11991212742526906)",bottle,0.9516849517822266,"(0.4037978793215321, -0.1649274733268972, 0.16883814150818968)",265.0
x04-y01-r04,INTERIOR,1,True,"(0.39861447191570504, -0.16241187521593162, 0.11991212742526906)",,,,154.29
x04-y01-r05,INTERIOR,0,True,"(0.3994816397561056, -0.16291946363864948, 0.11991214092577378)",bottle,0.9220049977302551,"(0.4041886749109658, -0.16490636709953232, 0.1693761951554114)",274.95
x04-y01-r05,INTERIOR,1,True,"(0.3994816397561056, -0.16291946363864948, 0.11991214092577378)",,,,160.88
x04-y01-r06,INTERIOR,0,True,"(0.3997110580216669, -0.15953871940556047, 0.1199121126732209)",bottle,0.21450020372867584,"(0.39731502517507766, -0.15892913103727146, 0.16680022700752817)",267.8
x04-y01-r06,INTERIOR,1,True,"(0.3997110580216669, -0.15953871940556047, 0.1199121126732209)",,,,155.0
x04-y01-r07,INTERIOR,0,True,"(0.3986509098722915, -0.15844621317856686, 0.11991212765424461)",bottle,0.8653775453567505,"(0.4049451422481507, -0.16184936812206493, 0.17097562925240478)",270.8
x04-y01-r07,INTERIOR,1,True,"(0.3986509098722915, -0.15844621317856686, 0.11991212765424461)",,,,155.35
x04-y01-r08,INTERIOR,0,True,"(0.39851584370326154, -0.15954894232324535, 0.11991213028728005)",bottle,0.39698630571365356,"(0.3975031719573271, -0.15682110556503345, 0.16372288136385266)",269.21
x04-y01-r08,INTERIOR,1,True,"(0.39851584370326154, -0.15954894232324535, 0.11991213028728005)",,,,159.66
x04-y01-r09,INTERIOR,0,True,"(0.3999459464128362, -0.15936796938960796, 0.1199121016543931)",bottle,0.24789944291114807,"(0.3968970817420382, -0.15933564781645645, 0.16758464419047894)",266.58
x04-y01-r09,INTERIOR,1,True,"(0.3999459464128362, -0.15936796938960796, 0.1199121016543931)",,,,159.36
x04-y01-r10,INTERIOR,0,True,"(0.3998852215812108, -0.16033060042586086, 0.1199121068846489)",bottle,0.37254759669303894,"(0.39954245266165633, -0.16043907253719117, 0.1753521189298633)",265.89
x04-y01-r10,INTERIOR,1,True,"(0.3998852215812108, -0.16033060042586086, 0.1199121068846489)",,,,153.73
x04-y02-r01,INTERIOR,0,True,"(0.3990530889813101, -0.113885008783136, 0.1199121871672054)",bottle,0.9100172519683838,"(0.4008266205973664, -0.11466662465473013, 0.17105870578675936)",261.55
x04-y02-r01,INTERIOR,1,True,"(0.3990530889813101, -0.113885008783136, 0.1199121871672054)",bottle,0.7566549181938171,"(0.40037473022805103, -0.11489127294911944, 0.17060075155983634)",275.01
x04-y02-r02,INTERIOR,0,True,"(0.4002500554163366, -0.11630196292958742, 0.11991215409273319)",bottle,0.910527229309082,"(0.40578665744078724, -0.11831949907070476, 0.17185832682781163)",266.51
x04-y02-r02,INTERIOR,1,True,"(0.4002500554163366, -0.11630196292958742, 0.11991215409273319)",bottle,0.9127198457717896,"(0.4046337866410329, -0.117081858370536, 0.17070418835035583)",274.6
x04-y02-r03,INTERIOR,0,True,"(0.3989681640801102, -0.11493415472618675, 0.1199121748777045)",bottle,0.8092130422592163,"(0.4037493132986728, -0.11699521095410159, 0.17088321288035618)",268.32
x04-y02-r03,INTERIOR,1,True,"(0.3989681640801102, -0.11493415472618675, 0.1199121748777045)",bottle,0.8884119987487793,"(0.4028901464958871, -0.11556439224866624, 0.17124759460853042)",264.35
x04-y02-r04,INTERIOR,0,True,"(0.402186308444312, -0.11659366900342613, 0.11991212056734545)",bottle,0.7101110219955444,"(0.407037844493628, -0.11863102272781506, 0.17102899315790038)",267.47
x04-y02-r04,INTERIOR,1,True,"(0.402186308444312, -0.11659366900342613, 0.11991212056734545)",bottle,0.8898260593414307,"(0.4060373525545396, -0.11723299775507953, 0.17098462088688282)",267.78
x04-y02-r05,INTERIOR,0,True,"(0.40253367689908803, -0.11484688003321512, 0.11991208712826076)",bottle,0.9079180359840393,"(0.40718336947008216, -0.11646643565943635, 0.1702882226361029)",268.67
x04-y02-r05,INTERIOR,1,True,"(0.40253367689908803, -0.11484688003321512, 0.11991208712826076)",bottle,0.8659505248069763,"(0.406848653153168, -0.11576226374908594, 0.17009664256379167)",273.02
x04-y02-r06,INTERIOR,0,True,"(0.4013071943064752, -0.11736070940674063, 0.11991212363934414)",bottle,0.8724962472915649,"(0.40358363739650793, -0.11844457513126204, 0.1711464524525267)",268.9
x04-y02-r06,INTERIOR,1,True,"(0.4013071943064752, -0.11736070940674063, 0.11991212363934414)",bottle,0.72482830286026,"(0.40264957637204735, -0.11771908689333765, 0.17037888103682086)",266.92
x04-y02-r07,INTERIOR,0,True,"(0.3977820587596525, -0.11751304052783368, 0.11991219171602567)",,,,159.42
x04-y02-r07,INTERIOR,1,True,"(0.3977820587596525, -0.11751304052783368, 0.11991219171602567)",bottle,0.33018380403518677,"(0.3923363031130944, -0.11594047461347753, 0.1781846082691465)",266.59
x04-y02-r08,INTERIOR,0,True,"(0.40138623646052496, -0.11668614006131556, 0.11991212329492532)",,,,170.78
x04-y02-r08,INTERIOR,1,True,"(0.40138623646052496, -0.11668614006131556, 0.11991212329492532)",bottle,0.37900957465171814,"(0.395876377346407, -0.11526241395847234, 0.1771437980393315)",263.03
x04-y02-r09,INTERIOR,0,True,"(0.40263163233558996, -0.11420314448325225, 0.11991208597153082)",bottle,0.8472625017166138,"(0.4068152138290163, -0.11592775537277283, 0.17170450408669857)",265.37
x04-y02-r09,INTERIOR,1,True,"(0.40263163233558996, -0.11420314448325225, 0.11991208597153082)",bottle,0.880820631980896,"(0.4066690727928018, -0.11569023262773961, 0.17122948687944334)",274.76
x04-y02-r10,INTERIOR,0,True,"(0.401330338356058, -0.11703158203577646, 0.11991210556248182)",bottle,0.9252259135246277,"(0.406678523858924, -0.1189358934984967, 0.1701730595670149)",269.87
x04-y02-r10,INTERIOR,1,True,"(0.401330338356058, -0.11703158203577646, 0.11991210556248182)",bottle,0.904961347579956,"(0.40553024700301343, -0.11731618569192184, 0.1687909731443869)",260.43
x04-y03-r01,INTERIOR,0,True,"(0.40015394714334507, -0.06852346613355666, 0.11991146213550742)",bottle,0.442672461271286,"(0.3991651016005585, -0.06773659645452484, 0.17539765146686775)",265.6
x04-y03-r01,INTERIOR,1,True,"(0.40015394714334507, -0.06852346613355666, 0.11991146213550742)",bottle,0.6634014844894409,"(0.40000833489519577, -0.06806087886606735, 0.17511772316007557)",263.81
x04-y03-r02,INTERIOR,0,True,"(0.398820414309671, -0.07205716148969543, 0.11991154801431705)",bottle,0.9051969647407532,"(0.40134898220415227, -0.07291805675518978, 0.17041952751866313)",270.45
x04-y03-r02,INTERIOR,1,True,"(0.398820414309671, -0.07205716148969543, 0.11991154801431705)",bottle,0.8618583083152771,"(0.4020638837527743, -0.07315372156451333, 0.17110792588107687)",270.0
x04-y03-r03,INTERIOR,0,True,"(0.3983304713058801, -0.06918631380509967, 0.11991143237248482)",bottle,0.8693479895591736,"(0.4025991374560668, -0.07037486097033682, 0.17308228324043728)",269.12
x04-y03-r03,INTERIOR,1,True,"(0.3983304713058801, -0.06918631380509967, 0.11991143237248482)",bottle,0.8427150249481201,"(0.4036247571216348, -0.07095355048776972, 0.17235807705354483)",269.18
x04-y03-r04,INTERIOR,0,True,"(0.4025362892195838, -0.07158047457092524, 0.11991148728795045)",,,,155.61
x04-y03-r04,INTERIOR,1,True,"(0.4025362892195838, -0.07158047457092524, 0.11991148728795045)",bottle,0.2617247998714447,"(0.39749503130902974, -0.07069924733147126, 0.17777075018409608)",266.91
x04-y03-r05,INTERIOR,0,True,"(0.4014459818964265, -0.07089251455473171, 0.11991148735840644)",bottle,0.7988343238830566,"(0.4026401509394083, -0.07146757912728807, 0.17191872022656235)",276.33
x04-y03-r05,INTERIOR,1,True,"(0.4014459818964265, -0.07089251455473171, 0.11991148735840644)",bottle,0.7904743552207947,"(0.4033480880107185, -0.07197239769289596, 0.17138276165589816)",261.63
x04-y03-r06,INTERIOR,0,True,"(0.39926585494467004, -0.07098780193754355, 0.11991157389924258)",bottle,0.16607841849327087,"(0.3925501956303923, -0.0691749844004172, 0.17930401388595502)",264.27
x04-y03-r06,INTERIOR,1,True,"(0.39926585494467004, -0.07098780193754355, 0.11991157389924258)",bottle,0.21201066672801971,"(0.39269583934895685, -0.0695134535496374, 0.17723258624329838)",261.94
x04-y03-r07,INTERIOR,0,True,"(0.3988470021344804, -0.07030789576928792, 0.1199115100345556)",bottle,0.14656168222427368,"(0.3929602131650767, -0.06886732248252066, 0.17680303821573673)",283.33
x04-y03-r07,INTERIOR,1,True,"(0.3988470021344804, -0.07030789576928792, 0.1199115100345556)",bottle,0.28324902057647705,"(0.39341819251442406, -0.06919545942869007, 0.1768289440058241)",271.24
x04-y03-r08,INTERIOR,0,True,"(0.39762917440696616, -0.0724326127162467, 0.11991159745563883)",bottle,0.4058704972267151,"(0.3954225799079336, -0.07140945729965748, 0.1766717085477177)",270.25
x04-y03-r08,INTERIOR,1,True,"(0.39762917440696616, -0.0724326127162467, 0.11991159745563883)",bottle,0.802722692489624,"(0.3960490820652128, -0.07148829330646825, 0.17526686280727466)",272.39
x04-y03-r09,INTERIOR,0,True,"(0.3992596092539513, -0.0674563005208657, 0.11991167331615069)",bottle,0.16605032980442047,"(0.3962699847475899, -0.06732341099352425, 0.17535964932509618)",271.12
x04-y03-r09,INTERIOR,1,True,"(0.3992596092539513, -0.0674563005208657, 0.11991167331615069)",bottle,0.31375938653945923,"(0.3963771421647812, -0.06769514688908174, 0.17350229879462603)",270.44
x04-y03-r10,INTERIOR,0,True,"(0.3978095835972806, -0.06823322643081349, 0.11991174118827845)",bottle,0.07740989327430725,"(0.3905677944906528, -0.0659945543721951, 0.1802850366292846)",270.22
x04-y03-r10,INTERIOR,1,True,"(0.3978095835972806, -0.06823322643081349, 0.11991174118827845)",bottle,0.05070429667830467,"(0.3905707153749877, -0.06625408579644423, 0.17636530570763354)",262.37
x04-y04-r01,INTERIOR,0,True,"(0.39851267600949297, -0.022806769095654537, 0.119910927292056)",bottle,0.2121925950050354,"(0.3924938680842964, -0.021894583771720273, 0.17614290676398198)",263.74
x04-y04-r01,INTERIOR,1,True,"(0.39851267600949297, -0.022806769095654537, 0.119910927292056)",bottle,0.44610923528671265,"(0.39332689211109656, -0.022160355285165488, 0.17525682608125412)",267.13
x04-y04-r02,INTERIOR,0,True,"(0.398885457049044, -0.022260325980286513, 0.11991094521206805)",bottle,0.7972989082336426,"(0.39817562139618046, -0.022060736885893183, 0.17179070552146497)",258.93
x04-y04-r02,INTERIOR,1,True,"(0.398885457049044, -0.022260325980286513, 0.11991094521206805)",bottle,0.6412575244903564,"(0.3986692272334873, -0.022727085451495703, 0.17160339805219163)",265.46
x04-y04-r03,INTERIOR,0,True,"(0.4022139480699656, -0.02681491303049974, 0.11991254666939907)",bottle,0.24572378396987915,"(0.39899557145023345, -0.025832064912110507, 0.1744527588750332)",265.17
x04-y04-r03,INTERIOR,1,True,"(0.4022139480699656, -0.02681491303049974, 0.11991254666939907)",bottle,0.6008695960044861,"(0.40047957619717395, -0.026109034650406697, 0.17543770543661957)",267.87
x04-y04-r04,INTERIOR,0,True,"(0.3996025263137427, -0.024803827553453735, 0.11991112424872019)",bottle,0.28262001276016235,"(0.39826743452356983, -0.02518522368667847, 0.17305611980888494)",265.6
x04-y04-r04,INTERIOR,1,True,"(0.3996025263137427, -0.024803827553453735, 0.11991112424872019)",bottle,0.4983693063259125,"(0.39893377183951734, -0.0255309063012965, 0.17230699991753687)",271.44
x04-y04-r05,INTERIOR,0,True,"(0.40213156073761563, -0.02437232945533369, 0.11991281372488585)",bottle,0.7271450161933899,"(0.40080341391556495, -0.023503850670093016, 0.17445260903321094)",264.96
x04-y04-r05,INTERIOR,1,True,"(0.40213156073761563, -0.02437232945533369, 0.11991281372488585)",bottle,0.7224165797233582,"(0.4020409204274542, -0.02393928929683998, 0.17354488764281104)",271.37
x04-y04-r06,INTERIOR,0,True,"(0.40119119907652184, -0.02237733828229991, 0.11991111664656269)",,,,154.35
x04-y04-r06,INTERIOR,1,True,"(0.40119119907652184, -0.02237733828229991, 0.11991111664656269)",bottle,0.25985610485076904,"(0.3927307199919855, -0.021800617488965716, 0.17775011070834132)",266.99
x04-y04-r07,INTERIOR,0,True,"(0.3993327269925432, -0.025347537056648932, 0.11991114676310141)",bottle,0.30996084213256836,"(0.39593769905497, -0.025115640208774145, 0.17323472885237384)",267.09
x04-y04-r07,INTERIOR,1,True,"(0.3993327269925432, -0.025347537056648932, 0.11991114676310141)",bottle,0.4139733910560608,"(0.3968832907309832, -0.02544177044009941, 0.17460404195456375)",271.48
x04-y04-r08,INTERIOR,0,True,"(0.4026506898466842, -0.026060071851971824, 0.1199125770989382)",bottle,0.7743208408355713,"(0.40464644178016274, -0.02605874077473863, 0.17291782636395034)",266.08
x04-y04-r08,INTERIOR,1,True,"(0.4026506898466842, -0.026060071851971824, 0.1199125770989382)",bottle,0.7791845798492432,"(0.4055579575997172, -0.02625641771856995, 0.1732623670558651)",258.07
x04-y04-r09,INTERIOR,0,True,"(0.4014012453723747, -0.02296046786986822, 0.11991115835904344)",bottle,0.06063719838857651,"(0.39505146134608704, -0.02150372357293589, 0.1772362746264319)",268.79
x04-y04-r09,INTERIOR,1,True,"(0.4014012453723747, -0.02296046786986822, 0.11991115835904344)",bottle,0.6324804425239563,"(0.3958312367951944, -0.02168190107564886, 0.17549898009176262)",265.6
x04-y04-r10,INTERIOR,0,True,"(0.3994072573955805, -0.023853588044329018, 0.11991106352501509)",bottle,0.705568790435791,"(0.40018929284651616, -0.024069728978335397, 0.17174740719032933)",265.85
x04-y04-r10,INTERIOR,1,True,"(0.3994072573955805, -0.023853588044329018, 0.11991106352501509)",bottle,0.6157779693603516,"(0.4006777918070041, -0.024132279987196602, 0.17087061563411865)",259.28
x04-y05-r01,INTERIOR,0,True,"(0.4025589316731418, 0.011200629943796434, 0.119911761541391)",bottle,0.8002638220787048,"(0.40219871275238406, 0.011628418664542025, 0.17322966613408958)",266.22
x04-y05-r01,INTERIOR,1,True,"(0.4025589316731418, 0.011200629943796434, 0.119911761541391)",bottle,0.7913057208061218,"(0.40339986327780264, 0.011577991221367441, 0.1728240199456847)",272.09
x04-y05-r02,INTERIOR,0,True,"(0.40280488138549414, 0.007636612652235699, 0.11991142074656026)",bottle,0.8137856125831604,"(0.40481584089285816, 0.007657792458467349, 0.1722663526530936)",266.38
x04-y05-r02,INTERIOR,1,True,"(0.40280488138549414, 0.007636612652235699, 0.11991142074656026)",bottle,0.6847422122955322,"(0.4058501177801442, 0.00733644564419237, 0.17163692646762374)",274.45
x04-y05-r03,INTERIOR,0,True,"(0.40050998441289287, 0.012046322582462982, 0.11991160187135583)",bottle,0.6893726587295532,"(0.4029115335814989, 0.011772801519622822, 0.17259659887885379)",267.09
x04-y05-r03,INTERIOR,1,True,"(0.40050998441289287, 0.012046322582462982, 0.11991160187135583)",bottle,0.7817996144294739,"(0.40394650049330505, 0.011689721738394533, 0.17236329887140162)",265.76
x04-y05-r04,INTERIOR,0,True,"(0.39774039571792696, 0.009755448697731794, 0.11991100737348669)",bottle,0.32389193773269653,"(0.3932917310061068, 0.010122220050136478, 0.17424018790704032)",269.39
x04-y05-r04,INTERIOR,1,True,"(0.39774039571792696, 0.009755448697731794, 0.11991100737348669)",bottle,0.7034355998039246,"(0.3945301344907167, 0.010057084509714313, 0.17500944385515108)",262.4
x04-y05-r05,INTERIOR,0,True,"(0.4003960003744039, 0.010099989368258535, 0.11991135218960434)",bottle,0.6096787452697754,"(0.3968894503421495, 0.010855622847786793, 0.1751456649406768)",259.28
x04-y05-r05,INTERIOR,1,True,"(0.4003960003744039, 0.010099989368258535, 0.11991135218960434)",bottle,0.6311390399932861,"(0.397917667693122, 0.010780230617198273, 0.1744177731822657)",276.63
x04-y05-r06,INTERIOR,0,True,"(0.3982147738788007, 0.010824116376723139, 0.1199111503642483)",bottle,0.8382622599601746,"(0.39988776285592464, 0.011006011325281955, 0.1731901487429815)",267.34
x04-y05-r06,INTERIOR,1,True,"(0.3982147738788007, 0.010824116376723139, 0.1199111503642483)",bottle,0.7192243933677673,"(0.40039618816336886, 0.010853897208168518, 0.1727455307879026)",260.21
x04-y05-r07,INTERIOR,0,True,"(0.4013632418701714, 0.010716866235118954, 0.11991155546098525)",bottle,0.7026708126068115,"(0.39987012909023123, 0.01055163228198768, 0.17347719592699096)",263.87
x04-y05-r07,INTERIOR,1,True,"(0.4013632418701714, 0.010716866235118954, 0.11991155546098525)",bottle,0.6329165101051331,"(0.4005041074256196, 0.010303840359450249, 0.17234281528535175)",278.82
x04-y05-r08,INTERIOR,0,True,"(0.39903258767355365, 0.010636332649579205, 0.11991125387508092)",bottle,0.7991584539413452,"(0.40116516750875264, 0.010555228123663876, 0.17348043189362292)",266.64
x04-y05-r08,INTERIOR,1,True,"(0.39903258767355365, 0.010636332649579205, 0.11991125387508092)",bottle,0.73512864112854,"(0.40213923858331857, 0.010575499489729807, 0.17233162814257863)",263.72
x04-y05-r09,INTERIOR,0,True,"(0.39712979500274326, 0.011077029015809583, 0.1199110728397541)",bottle,0.7697142958641052,"(0.3956190209479852, 0.011408057274994205, 0.17343295710564263)",263.9
x04-y05-r09,INTERIOR,1,True,"(0.39712979500274326, 0.011077029015809583, 0.1199110728397541)",bottle,0.7484872341156006,"(0.39695620005001614, 0.011272163145594864, 0.17378430559454722)",267.39
x04-y05-r10,INTERIOR,0,True,"(0.4014520960292675, 0.009279417768508888, 0.11991140636535107)",bottle,0.6082077026367188,"(0.4014397268797564, 0.008892009230684809, 0.17285979778765975)",274.44
x04-y05-r10,INTERIOR,1,True,"(0.4014520960292675, 0.009279417768508888, 0.11991140636535107)",bottle,0.6875334978103638,"(0.4022830333923865, 0.008886804995116758, 0.17172524873214895)",270.88
x05-y01-r01,INTERIOR,0,True,"(0.420825165712436, -0.1606965410456795, 0.11991175327974465)",bottle,0.40290728211402893,"(0.4205022511879387, -0.16069574367502185, 0.17367806897638832)",267.88
x05-y01-r01,INTERIOR,1,True,"(0.420825165712436, -0.1606965410456795, 0.11991175327974465)",,,,155.04
x05-y01-r02,INTERIOR,0,True,"(0.4176047107288097, -0.1590330652150285, 0.11991185402130716)",bottle,0.3051930367946625,"(0.41728346842267805, -0.15889956819963047, 0.17599180815735738)",270.29
x05-y01-r02,INTERIOR,1,True,"(0.4176047107288097, -0.1590330652150285, 0.11991185402130716)",,,,155.99
x05-y01-r03,INTERIOR,0,True,"(0.42042416008411204, -0.16009482151876248, 0.11991170940809126)",bottle,0.9215885996818542,"(0.4259781549027233, -0.16235578863729166, 0.1696729448626642)",266.22
x05-y01-r03,INTERIOR,1,True,"(0.42042416008411204, -0.16009482151876248, 0.11991170940809126)",,,,184.52
x05-y01-r04,INTERIOR,0,True,"(0.42113798872139613, -0.15981608855285132, 0.11991140753435693)",bottle,0.06940284371376038,"(0.4175684177019918, -0.158780878527782, 0.16858164071488155)",265.97
x05-y01-r04,INTERIOR,1,True,"(0.42113798872139613, -0.15981608855285132, 0.11991140753435693)",,,,155.72
x05-y01-r05,INTERIOR,0,True,"(0.4202907718248713, -0.15812579843437413, 0.11991149990407324)",,,,151.08
x05-y01-r05,INTERIOR,1,True,"(0.4202907718248713, -0.15812579843437413, 0.11991149990407324)",,,,159.61
x05-y01-r06,INTERIOR,0,True,"(0.41866262113009206, -0.15823533945917562, 0.11991180000139573)",bottle,0.8993412256240845,"(0.42374154029839417, -0.16004884608154069, 0.16976125256292535)",267.46
x05-y01-r06,INTERIOR,1,True,"(0.41866262113009206, -0.15823533945917562, 0.11991180000139573)",,,,157.66
x05-y01-r07,INTERIOR,0,True,"(0.42032424914549155, -0.16040254736847817, 0.11991190322315165)",bottle,0.22215697169303894,"(0.41682566188234904, -0.15799155741778836, 0.1729360758121601)",272.14
x05-y01-r07,INTERIOR,1,True,"(0.42032424914549155, -0.16040254736847817, 0.11991190322315165)",,,,153.06
x05-y01-r08,INTERIOR,0,True,"(0.4183670179673208, -0.16031417222279007, 0.11991181107686118)",bottle,0.6054843664169312,"(0.42034512293857185, -0.16113366929262327, 0.17444173612512315)",273.88
x05-y01-r08,INTERIOR,1,True,"(0.4183670179673208, -0.16031417222279007, 0.11991181107686118)",,,,155.33
x05-y01-r09,INTERIOR,0,True,"(0.41895631282945783, -0.15789675267995326, 0.11991179359983947)",bottle,0.8175839185714722,"(0.42502772445516734, -0.16100676170309647, 0.17306477268628376)",263.85
x05-y01-r09,INTERIOR,1,True,"(0.41895631282945783, -0.15789675267995326, 0.11991179359983947)",,,,157.3
x05-y01-r10,INTERIOR,0,True,"(0.41838003833976617, -0.15863228207559688, 0.11991181463266329)",bottle,0.8116885423660278,"(0.42468355606822283, -0.16182459450693942, 0.1727733803484237)",271.77
x05-y01-r10,INTERIOR,1,True,"(0.41838003833976617, -0.15863228207559688, 0.11991181463266329)",,,,153.77
x05-y02-r01,INTERIOR,0,True,"(0.41981113040376233, -0.11364282300440418, 0.1199117195662592)",bottle,0.1221098080277443,"(0.4151373136275053, -0.11246563673322588, 0.1782660467940101)",271.56
x05-y02-r01,INTERIOR,1,True,"(0.41981113040376233, -0.11364282300440418, 0.1199117195662592)",bottle,0.3877394199371338,"(0.41536148480923624, -0.11283664355503834, 0.17728489540583636)",273.29
x05-y02-r02,INTERIOR,0,True,"(0.42115444988396833, -0.11431636328605402, 0.11991092373671157)",,,,157.82
x05-y02-r02,INTERIOR,1,True,"(0.42115444988396833, -0.11431636328605402, 0.11991092373671157)",bottle,0.4815406799316406,"(0.4167049362273647, -0.11318541716306202, 0.17761268440690794)",305.06
x05-y02-r03,INTERIOR,0,True,"(0.4182609413056427, -0.11775400746584538, 0.11991171454000296)",bottle,0.8060588240623474,"(0.4180933183162837, -0.11774006245403787, 0.1723378416785256)",284.64
x05-y02-r03,INTERIOR,1,True,"(0.4182609413056427, -0.11775400746584538, 0.11991171454000296)",bottle,0.8365001082420349,"(0.41845314379166865, -0.11812373002924309, 0.17192328507857554)",285.07
x05-y02-r04,INTERIOR,0,True,"(0.42186925636334194, -0.11421916676868067, 0.1199109230166322)",,,,159.08
x05-y02-r04,INTERIOR,1,True,"(0.42186925636334194, -0.11421916676868067, 0.1199109230166322)",bottle,0.510312557220459,"(0.4169541386605937, -0.11303415728888278, 0.17789652716540094)",279.6
x05-y02-r05,INTERIOR,0,True,"(0.4212623856128231, -0.11744104249343262, 0.11991120215466013)",bottle,0.8772625923156738,"(0.426104769741654, -0.11907967443876444, 0.17145972091283684)",284.0
x05-y02-r05,INTERIOR,1,True,"(0.4212623856128231, -0.11744104249343262, 0.11991120215466013)",bottle,0.7914896607398987,"(0.42646110946360927, -0.11917561519153455, 0.17037178653118387)",272.53
x05-y02-r06,INTERIOR,0,True,"(0.4226756471820308, -0.11617361106110952, 0.11991063526961031)",bottle,0.5246917605400085,"(0.42331964448636883, -0.11647248249022904, 0.17491246095771243)",285.84
x05-y02-r06,INTERIOR,1,True,"(0.4226756471820308, -0.11617361106110952, 0.11991063526961031)",bottle,0.9276634454727173,"(0.4238099270834444, -0.11659757298499163, 0.17451968533856566)",281.36
x05-y02-r07,INTERIOR,0,True,"(0.4198517930658607, -0.11729694327918058, 0.11991165478300315)",bottle,0.05246763676404953,"(0.41972169291213535, -0.11694773117816841, 0.17562681160713456)",280.1
x05-y02-r07,INTERIOR,1,True,"(0.4198517930658607, -0.11729694327918058, 0.11991165478300315)",bottle,0.7071107029914856,"(0.42023911574381345, -0.1170400129046259, 0.17516633745606947)",273.73
x05-y02-r08,INTERIOR,0,True,"(0.4182801502235059, -0.1121359271554822, 0.11991173188912722)",bottle,0.7862650156021118,"(0.41998625934223777, -0.11295009569773198, 0.17455695693724063)",271.52
x05-y02-r08,INTERIOR,1,True,"(0.4182801502235059, -0.1121359271554822, 0.11991173188912722)",bottle,0.9037026166915894,"(0.42079240699345105, -0.1129464769810842, 0.17347894870877006)",274.75
x05-y02-r09,INTERIOR,0,True,"(0.419266629566861, -0.11414932821321012, 0.1199117459759662)",bottle,0.8532068729400635,"(0.4240027567214958, -0.11567516346549157, 0.171488144134346)",279.51
x05-y02-r09,INTERIOR,1,True,"(0.419266629566861, -0.11414932821321012, 0.1199117459759662)",bottle,0.8689430952072144,"(0.42491268225535195, -0.11622074611544062, 0.17014676866759912)",274.66
x05-y02-r10,INTERIOR,0,True,"(0.42298209294210287, -0.1139051424868986, 0.11991077543602496)",bottle,0.8802207708358765,"(0.42745132595559576, -0.1155378745990808, 0.17034008517224022)",286.55
x05-y02-r10,INTERIOR,1,True,"(0.42298209294210287, -0.1139051424868986, 0.11991077543602496)",bottle,0.889906644821167,"(0.42840777273074243, -0.11605823797701295, 0.1696487481857452)",286.32
x05-y03-r01,INTERIOR,0,True,"(0.4194933420051122, -0.07297534242388179, 0.11991143430657053)",bottle,0.050736844539642334,"(0.4126551537426194, -0.07080688608543598, 0.18115479900754874)",276.88
x05-y03-r01,INTERIOR,1,True,"(0.4194933420051122, -0.07297534242388179, 0.11991143430657053)",bottle,0.13740096986293793,"(0.4126255636084146, -0.07097651290981538, 0.17780296829498266)",277.03
x05-y03-r02,INTERIOR,0,True,"(0.4171191606183791, -0.06896274266140656, 0.11991143864371885)",bottle,0.6942145824432373,"(0.41856956035635984, -0.06946092659365033, 0.17126337990161283)",283.35
x05-y03-r02,INTERIOR,1,True,"(0.4171191606183791, -0.06896274266140656, 0.11991143864371885)",bottle,0.685850203037262,"(0.41957165106472266, -0.0701360429464726, 0.17113247248611688)",275.23
x05-y03-r03,INTERIOR,0,True,"(0.41895854797411985, -0.06964344529660087, 0.11991135622880598)",bottle,0.7883418202400208,"(0.4198062299117188, -0.0696468710582264, 0.1741048745028851)",271.28
x05-y03-r03,INTERIOR,1,True,"(0.41895854797411985, -0.06964344529660087, 0.11991135622880598)",bottle,0.8427814841270447,"(0.42091960531073785, -0.07020630768088681, 0.17288156451352413)",276.61
x05-y03-r04,INTERIOR,0,True,"(0.4194859981508453, -0.07242271889312815, 0.11991140354647595)",bottle,0.7238225340843201,"(0.4210763748719897, -0.07241419506570784, 0.17419117106562665)",281.86
x05-y03-r04,INTERIOR,1,True,"(0.4194859981508453, -0.07242271889312815, 0.11991140354647595)",bottle,0.7405757308006287,"(0.42200534808761264, -0.07316573620088485, 0.17330685359959339)",275.99
x05-y03-r05,INTERIOR,0,True,"(0.4211045338481585, -0.07006256618213798, 0.11991022114185251)",,,,164.64
x05-y03-r05,INTERIOR,1,True,"(0.4211045338481585, -0.07006256618213798, 0.11991022114185251)",bottle,0.1705542802810669,"(0.41419893959731124, -0.06823438886215438, 0.17831228172842134)",276.19
x05-y03-r06,INTERIOR,0,True,"(0.42224622736597417, -0.06910152908573014, 0.11991024629580312)",,,,161.35
x05-y03-r06,INTERIOR,1,True,"(0.42224622736597417, -0.06910152908573014, 0.11991024629580312)",bottle,0.2309870570898056,"(0.4171228814693879, -0.06810577779135707, 0.17744782826228314)",287.42
x05-y03-r07,INTERIOR,0,True,"(0.41818940849621916, -0.07104982984059968, 0.11991139715564404)",bottle,0.07979337871074677,"(0.4134506305376954, -0.07010282619493222, 0.1756382470304873)",286.47
x05-y03-r07,INTERIOR,1,True,"(0.41818940849621916, -0.07104982984059968, 0.11991139715564404)",bottle,0.400461345911026,"(0.4138174569102243, -0.07043396975253968, 0.1748973642925381)",275.8
x05-y03-r08,INTERIOR,0,True,"(0.41956871319390593, -0.070053450653626, 0.11991126720874382)",bottle,0.7205377221107483,"(0.42294894389694293, -0.07065305410426184, 0.17241821942510177)",266.31
x05-y03-r08,INTERIOR,1,True,"(0.41956871319390593, -0.070053450653626, 0.11991126720874382)",bottle,0.73015958070755,"(0.42401674422244057, -0.07114743705417725, 0.1715926238144527)",267.28
x05-y03-r09,INTERIOR,0,True,"(0.42053271884419463, -0.0680739195670035, 0.119910190806767)",bottle,0.615882396697998,"(0.41948510417830986, -0.06779817678297131, 0.1749230770585613)",269.24
x05-y03-r09,INTERIOR,1,True,"(0.42053271884419463, -0.0680739195670035, 0.119910190806767)",bottle,0.8947990536689758,"(0.4201915950413135, -0.06800590562939113, 0.1737700987032036)",270.16
x05-y03-r10,INTERIOR,0,True,"(0.42281188702935857, -0.06861320147867858, 0.11991130508453945)",bottle,0.7535750865936279,"(0.42635245554247325, -0.06956656735572112, 0.1724182790994686)",277.5
x05-y03-r10,INTERIOR,1,True,"(0.42281188702935857, -0.06861320147867858, 0.11991130508453945)",bottle,0.799178957939148,"(0.4272625805067272, -0.06989274728648581, 0.1711314765570702)",272.34
x05-y04-r01,INTERIOR,0,True,"(0.4179962674906106, -0.024287203271720265, 0.11991076541106256)",bottle,0.09394346922636032,"(0.40991647168820455, -0.02399873287126962, 0.17801821933751585)",300.68
x05-y04-r01,INTERIOR,1,True,"(0.4179962674906106, -0.024287203271720265, 0.11991076541106256)",bottle,0.3035203814506531,"(0.41024560766967794, -0.0242418735790984, 0.17658273933915547)",273.8
x05-y04-r02,INTERIOR,0,True,"(0.42243479345952684, -0.026494651706814656, 0.11991048846140073)",bottle,0.8216788172721863,"(0.4225081482433046, -0.026200902329105207, 0.1738746875690509)",275.11
x05-y04-r02,INTERIOR,1,True,"(0.42243479345952684, -0.026494651706814656, 0.11991048846140073)",bottle,0.8415334224700928,"(0.42277051628783713, -0.026160920651326754, 0.1721490249630541)",264.49
x05-y04-r03,INTERIOR,0,True,"(0.4205574295747837, -0.02538630586864905, 0.11991036023599422)",bottle,0.6997616291046143,"(0.4176774788973474, -0.024759125331628766, 0.17484670069573724)",276.16
x05-y04-r03,INTERIOR,1,True,"(0.4205574295747837, -0.02538630586864905, 0.11991036023599422)",bottle,0.823107898235321,"(0.41845395087089376, -0.02488175445147118, 0.17380800243140002)",273.08
x05-y04-r04,INTERIOR,0,True,"(0.4223821150131675, -0.026959044999828236, 0.11991258754490315)",bottle,0.8412097692489624,"(0.4221299627511187, -0.02689675271738702, 0.17217368097212352)",284.24
x05-y04-r04,INTERIOR,1,True,"(0.4223821150131675, -0.026959044999828236, 0.11991258754490315)",bottle,0.8359339237213135,"(0.42273262757050317, -0.027056712156816036, 0.17140696164599864)",263.93
x05-y04-r05,INTERIOR,0,True,"(0.4170356005136243, -0.026783062716884708, 0.11991074901045119)",bottle,0.30142495036125183,"(0.41574169190682364, -0.027170241001847416, 0.17345833528397536)",267.67
x05-y04-r05,INTERIOR,1,True,"(0.4170356005136243, -0.026783062716884708, 0.11991074901045119)",bottle,0.6629867553710938,"(0.4160725967010212, -0.02724281980032487, 0.1721135649112549)",274.27
x05-y04-r06,INTERIOR,0,True,"(0.42133277035234606, -0.025820427311023478, 0.11991040029691187)",bottle,0.11762072145938873,"(0.41250016708814674, -0.024486396781971814, 0.1797967917870268)",267.59
x05-y04-r06,INTERIOR,1,True,"(0.42133277035234606, -0.025820427311023478, 0.11991040029691187)",bottle,0.3505348563194275,"(0.41288182346947405, -0.024599519160746243, 0.178014638448421)",272.48
x05-y04-r07,INTERIOR,0,True,"(0.42077238414112245, -0.024473208299302107, 0.11991046667486609)",bottle,0.7510677576065063,"(0.42299019936993143, -0.024600391432766863, 0.17352703509376177)",263.93
x05-y04-r07,INTERIOR,1,True,"(0.42077238414112245, -0.024473208299302107, 0.11991046667486609)",bottle,0.7513332366943359,"(0.42389252691832574, -0.025023600040441275, 0.17237677436489093)",264.25
x05-y04-r08,INTERIOR,0,True,"(0.4187427091860239, -0.02461858131325347, 0.11991058920191434)",bottle,0.6822642087936401,"(0.4148034752167977, -0.023787632789549852, 0.17491275001544287)",270.62
x05-y04-r08,INTERIOR,1,True,"(0.4187427091860239, -0.02461858131325347, 0.11991058920191434)",bottle,0.7408061027526855,"(0.41593351231168124, -0.024085800853892204, 0.17492394265995112)",282.47
x05-y04-r09,INTERIOR,0,True,"(0.42093147721401947, -0.02314211032894479, 0.1199105746284687)",bottle,0.7907407283782959,"(0.4213670739766693, -0.023450775242869246, 0.1726854547245611)",265.97
x05-y04-r09,INTERIOR,1,True,"(0.42093147721401947, -0.02314211032894479, 0.1199105746284687)",bottle,0.7575122714042664,"(0.42220295561691323, -0.023817484646978672, 0.1714571797939338)",273.66
x05-y04-r10,INTERIOR,0,True,"(0.4216336149312898, -0.02679806128585783, 0.11991046559804523)",bottle,0.1154237911105156,"(0.4132668423720932, -0.025278680184407237, 0.17922792595353643)",264.63
x05-y04-r10,INTERIOR,1,True,"(0.4216336149312898, -0.02679806128585783, 0.11991046559804523)",bottle,0.5204269886016846,"(0.413843783901962, -0.02533069314882922, 0.17728251493230635)",265.85
x05-y05-r01,INTERIOR,0,True,"(0.41807518464897253, 0.01030299648050928, 0.11991245702606389)",bottle,0.1263975352048874,"(0.4075584714082312, 0.010843260706002741, 0.180215886119166)",266.13
x05-y05-r01,INTERIOR,1,True,"(0.41807518464897253, 0.01030299648050928, 0.11991245702606389)",bottle,0.24375930428504944,"(0.4088686780647701, 0.010871626572073863, 0.1793150083175162)",269.62
x05-y05-r02,INTERIOR,0,True,"(0.4178505416433168, 0.012331994577902435, 0.11991249010253295)",bottle,0.6862003207206726,"(0.4194669943719671, 0.012472293596248967, 0.1729038375889053)",272.16
x05-y05-r02,INTERIOR,1,True,"(0.4178505416433168, 0.012331994577902435, 0.11991249010253295)",bottle,0.8162505030632019,"(0.4205365345899118, 0.012502749718619942, 0.17174598439387845)",272.42
x05-y05-r03,INTERIOR,0,True,"(0.42292829373103774, 0.007734637034616928, 0.11991101962684887)",bottle,0.7703893184661865,"(0.42318656994299875, 0.00787718158857986, 0.17197199637566402)",268.49
x05-y05-r03,INTERIOR,1,True,"(0.42292829373103774, 0.007734637034616928, 0.11991101962684887)",bottle,0.8457769751548767,"(0.42365618401704214, 0.007474925498832184, 0.17195114722401006)",268.75
x05-y05-r04,INTERIOR,0,True,"(0.4214015868037754, 0.007715326622663368, 0.11991081148739856)",bottle,0.8202898502349854,"(0.4202613468975901, 0.008123951022417536, 0.17316938117964148)",276.1
x05-y05-r04,INTERIOR,1,True,"(0.4214015868037754, 0.007715326622663368, 0.11991081148739856)",bottle,0.8294901251792908,"(0.4216471781967469, 0.007668956400706327, 0.17359041498869743)",276.32
x05-y05-r05,INTERIOR,0,True,"(0.4229491183796177, 0.009543869106940231, 0.1199111125264685)",bottle,0.09471500664949417,"(0.41245437418857755, 0.010150334184135355, 0.17946916461647475)",303.44
x05-y05-r05,INTERIOR,1,True,"(0.4229491183796177, 0.009543869106940231, 0.1199111125264685)",bottle,0.266598641872406,"(0.4138757066750577, 0.010019502935750983, 0.17902736134995417)",276.99
x05-y05-r06,INTERIOR,0,True,"(0.4177502025411418, 0.011157437772994305, 0.11991260675914382)",bottle,0.5785962343215942,"(0.41006078574335547, 0.012045739258192049, 0.17646977565357397)",266.97
x05-y05-r06,INTERIOR,1,True,"(0.4177502025411418, 0.011157437772994305, 0.11991260675914382)",bottle,0.22074741125106812,"(0.41110055999995393, 0.011946956018924267, 0.1761238062526598)",267.14
x05-y05-r07,INTERIOR,0,True,"(0.4204307613219707, 0.011008202062122373, 0.11991105697025935)",bottle,0.7695227265357971,"(0.42280367677645336, 0.011027753566811292, 0.1726903411930652)",267.32
x05-y05-r07,INTERIOR,1,True,"(0.4204307613219707, 0.011008202062122373, 0.11991105697025935)",bottle,0.7259230613708496,"(0.42367027915577804, 0.010947336698009687, 0.17374908658898552)",274.74
x05-y05-r08,INTERIOR,0,True,"(0.4205535771961662, 0.008078998361683888, 0.11991075952521732)",bottle,0.08068418502807617,"(0.41122813920818013, 0.008343797426071947, 0.17857897454260188)",263.85
x05-y05-r08,INTERIOR,1,True,"(0.4205535771961662, 0.008078998361683888, 0.11991075952521732)",bottle,0.22741855680942535,"(0.41184693110606524, 0.008165818197829348, 0.1774042001782857)",264.48
x05-y05-r09,INTERIOR,0,True,"(0.41999769248780144, 0.010076033679735478, 0.11991201595381488)",bottle,0.670141339302063,"(0.42124358966273656, 0.010295335527718911, 0.17214404159559693)",263.95
x05-y05-r09,INTERIOR,1,True,"(0.41999769248780144, 0.010076033679735478, 0.11991201595381488)",bottle,0.8415970802307129,"(0.42199639244934856, 0.009983711371347036, 0.1716534535476629)",266.71
x05-y05-r10,INTERIOR,0,True,"(0.41929627433957833, 0.010414768096962873, 0.11991217331586214)",bottle,0.7982084155082703,"(0.4204381068631501, 0.01017814316088207, 0.1725344833056152)",261.17
x05-y05-r10,INTERIOR,1,True,"(0.41929627433957833, 0.010414768096962873, 0.11991217331586214)",bottle,0.8492956757545471,"(0.4210251330075576, 0.009942819885778852, 0.1709747468015685)",264.06
boundary-x01-r01,BOUNDARY,0,True,"(0.34274909591172154, 0.019999921159861548, 0.11991213113288614)",bottle,0.7642693519592285,"(0.33968019515170067, 0.02069951842567981, 0.1746014663548392)",267.64
boundary-x01-r01,BOUNDARY,1,True,"(0.34274909591172154, 0.019999921159861548, 0.11991213113288614)",bottle,0.7241164445877075,"(0.34086465223494133, 0.0207439800858868, 0.175984748154231)",258.36
boundary-x01-r02,BOUNDARY,0,True,"(0.338272690071998, 0.019999910396180983, 0.11991210022018207)",bottle,0.6510554552078247,"(0.3306987409535549, 0.019384481103018464, 0.17653742400437206)",261.59
boundary-x01-r02,BOUNDARY,1,True,"(0.338272690071998, 0.019999910396180983, 0.11991210022018207)",bottle,0.17016936838626862,"(0.33188668361727564, 0.01925265196378647, 0.17855220337997574)",263.31
boundary-x01-r03,BOUNDARY,0,True,"(0.340677109835973, 0.019999912407956396, 0.11991211801709824)",bottle,0.06397097557783127,"(0.3301909662080045, 0.019300436841317097, 0.18057831652347459)",268.89
boundary-x01-r03,BOUNDARY,1,True,"(0.340677109835973, 0.019999912407956396, 0.11991211801709824)",,,,152.67
boundary-x01-r04,BOUNDARY,0,True,"(0.3428600506782396, 0.01999992088792991, 0.1199121314658741)",bottle,0.8682237863540649,"(0.3443194187131263, 0.02036201326633344, 0.17296919988633247)",262.02
boundary-x01-r04,BOUNDARY,1,True,"(0.3428600506782396, 0.01999992088792991, 0.1199121314658741)",bottle,0.298859566450119,"(0.3453006186847599, 0.020023597413484688, 0.17301966391710005)",264.52
boundary-x01-r05,BOUNDARY,0,True,"(0.3372392009118914, 0.019999911906786277, 0.11991209941368619)",bottle,0.08453842997550964,"(0.32706731174996295, 0.019176374435540364, 0.1798099874497514)",262.54
boundary-x01-r05,BOUNDARY,1,True,"(0.3372392009118914, 0.019999911906786277, 0.11991209941368619)",,,,151.8
boundary-x01-r06,BOUNDARY,0,True,"(0.33974530836100664, 0.019999957597863105, 0.11991211208407124)",bottle,0.44166868925094604,"(0.3337260813356452, 0.020603194324352543, 0.17505254856757058)",270.51
boundary-x01-r06,BOUNDARY,1,True,"(0.33974530836100664, 0.019999957597863105, 0.11991211208407124)",bottle,0.5443412065505981,"(0.3349444790768506, 0.020330803363286874, 0.17668325879612945)",267.43
boundary-x01-r07,BOUNDARY,0,True,"(0.3426403703875967, 0.019999918726860588, 0.11991211497989526)",bottle,0.8781008720397949,"(0.3441040436741929, 0.02036769453186022, 0.1728356912931607)",259.34
boundary-x01-r07,BOUNDARY,1,True,"(0.3426403703875967, 0.019999918726860588, 0.11991211497989526)",bottle,0.43963709473609924,"(0.3451212221881583, 0.01992720951059241, 0.17223653980859718)",260.66
boundary-x01-r08,BOUNDARY,0,True,"(0.3402140178695902, 0.019999905146193844, 0.11991212596059433)",bottle,0.8851954936981201,"(0.3404883387686861, 0.020562612021009702, 0.17269091027319816)",264.09
boundary-x01-r08,BOUNDARY,1,True,"(0.3402140178695902, 0.019999905146193844, 0.11991212596059433)",bottle,0.6441947221755981,"(0.3416336430159908, 0.020296005107494276, 0.173665494929811)",258.99
boundary-x01-r09,BOUNDARY,0,True,"(0.3383295055888855, 0.01999991029967363, 0.11991210026988343)",bottle,0.7054719924926758,"(0.3340985216275074, 0.020787011210273383, 0.17538747347060243)",264.33
boundary-x01-r09,BOUNDARY,1,True,"(0.3383295055888855, 0.01999991029967363, 0.11991210026988343)",bottle,0.5742027163505554,"(0.3353110051274392, 0.020736869616414876, 0.17692153407806216)",265.0
boundary-x01-r10,BOUNDARY,0,True,"(0.3411647070512501, 0.01999991524354664, 0.11991211511212957)",bottle,0.8515818119049072,"(0.34031839668464003, 0.020404226348960622, 0.17301719779783692)",263.61
boundary-x01-r10,BOUNDARY,1,True,"(0.3411647070512501, 0.01999991524354664, 0.11991211511212957)",bottle,0.6409175395965576,"(0.3414553857882015, 0.0202954368373826, 0.17375864039113098)",273.6
boundary-x02-r01,BOUNDARY,0,True,"(0.3609475324436283, 0.01999991494799617, 0.11991182655146923)",,,,154.12
boundary-x02-r01,BOUNDARY,1,True,"(0.3609475324436283, 0.01999991494799617, 0.11991182655146923)",,,,153.57
boundary-x02-r02,BOUNDARY,0,True,"(0.3622077146086403, 0.019999938618235572, 0.11991178952541999)",bottle,0.8845329284667969,"(0.36403578098591294, 0.02016587308134859, 0.17356167689615085)",263.04
boundary-x02-r02,BOUNDARY,1,True,"(0.3622077146086403, 0.019999938618235572, 0.11991178952541999)",bottle,0.5874497890472412,"(0.3650242380680809, 0.019756584259967562, 0.17184272557719493)",266.1
boundary-x02-r03,BOUNDARY,0,True,"(0.35900999358183683, 0.019999915840289383, 0.11991194246756708)",bottle,0.7110262513160706,"(0.3549371791330367, 0.01949429403249149, 0.1728450481487826)",265.61
boundary-x02-r03,BOUNDARY,1,True,"(0.35900999358183683, 0.019999915840289383, 0.11991194246756708)",bottle,0.3701956570148468,"(0.35625833911325766, 0.019770700716872446, 0.17468841062564489)",269.01
boundary-x02-r04,BOUNDARY,0,True,"(0.35956046542803133, 0.019999898145217243, 0.11991194011696352)",bottle,0.6842159032821655,"(0.354502917217978, 0.020480398870128945, 0.17426741180037542)",263.2
boundary-x02-r04,BOUNDARY,1,True,"(0.35956046542803133, 0.019999898145217243, 0.11991194011696352)",bottle,0.4242284297943115,"(0.3556203446165776, 0.02027977188873504, 0.17499096595792663)",260.61
boundary-x02-r05,BOUNDARY,0,True,"(0.3577752987531066, 0.019999927908466185, 0.11991178046779893)",bottle,0.9022359251976013,"(0.3577075507653743, 0.0201103214055173, 0.17152095908670079)",259.57
boundary-x02-r05,BOUNDARY,1,True,"(0.3577752987531066, 0.019999927908466185, 0.11991178046779893)",bottle,0.39243030548095703,"(0.3583449977780454, 0.019694481033037288, 0.1710846212621454)",261.82
boundary-x02-r06,BOUNDARY,0,True,"(0.3605903792803212, 0.019999914038083974, 0.11991183774952675)",bottle,0.9078636169433594,"(0.361268809073383, 0.019767288423705696, 0.17152816476073024)",261.13
boundary-x02-r06,BOUNDARY,1,True,"(0.3605903792803212, 0.019999914038083974, 0.11991183774952675)",bottle,0.7384592294692993,"(0.36191909088671376, 0.01940977789451994, 0.17046947949916752)",273.18
boundary-x02-r07,BOUNDARY,0,True,"(0.36081731661159394, 0.01999991793870227, 0.11991193400052952)",,,,151.38
boundary-x02-r07,BOUNDARY,1,True,"(0.36081731661159394, 0.01999991793870227, 0.11991193400052952)",,,,158.82
boundary-x02-r08,BOUNDARY,0,True,"(0.3570337831342213, 0.019999928481446223, 0.11991189872397032)",bottle,0.8379958868026733,"(0.3582737284450642, 0.020355539940059383, 0.1725850865751825)",272.49
boundary-x02-r08,BOUNDARY,1,True,"(0.3570337831342213, 0.019999928481446223, 0.11991189872397032)",bottle,0.45980334281921387,"(0.35911950225903083, 0.01992169391052536, 0.17094949611090096)",260.38
boundary-x02-r09,BOUNDARY,0,True,"(0.35731651172557055, 0.01999992662079725, 0.1199119600089959)",bottle,0.8804535865783691,"(0.3591581748482504, 0.02005433186726236, 0.17197969510664352)",265.34
boundary-x02-r09,BOUNDARY,1,True,"(0.35731651172557055, 0.01999992662079725, 0.1199119600089959)",bottle,0.558662474155426,"(0.36006081435419957, 0.01962909217083745, 0.17055100285706207)",255.54
boundary-x02-r10,BOUNDARY,0,True,"(0.36060620504655416, 0.019999915608926548, 0.11991190874128826)",bottle,0.8813588619232178,"(0.3615666686818887, 0.020513828449443383, 0.17223098962694072)",261.11
boundary-x02-r10,BOUNDARY,1,True,"(0.36060620504655416, 0.019999915608926548, 0.11991190874128826)",bottle,0.5745687484741211,"(0.3624110658108749, 0.02009341674646898, 0.17200598271261153)",264.24
boundary-x03-r01,BOUNDARY,0,True,"(0.37714493538642974, 0.019999813220504925, 0.11991158227617331)",bottle,0.9104636907577515,"(0.37819365112131875, 0.01980757415189116, 0.17202190890231436)",268.46
boundary-x03-r01,BOUNDARY,1,True,"(0.37714493538642974, 0.019999813220504925, 0.11991158227617331)",bottle,0.7377822399139404,"(0.378870536715489, 0.019477847588370185, 0.17122186285327148)",269.36
boundary-x03-r02,BOUNDARY,0,True,"(0.3821475327097754, 0.01999986799591606, 0.11991146559782105)",bottle,0.7787773013114929,"(0.38336722124727196, 0.02033644397321597, 0.17268893733764318)",267.46
boundary-x03-r02,BOUNDARY,1,True,"(0.3821475327097754, 0.01999986799591606, 0.11991146559782105)",bottle,0.5085855722427368,"(0.3841728926260323, 0.02020670779518178, 0.17178423871918236)",263.46
boundary-x03-r03,BOUNDARY,0,True,"(0.38041960680474385, 0.019999856930671762, 0.11991156319199923)",bottle,0.8272600769996643,"(0.3823636789993282, 0.020235081293464567, 0.17343141933476927)",263.76
boundary-x03-r03,BOUNDARY,1,True,"(0.38041960680474385, 0.019999856930671762, 0.11991156319199923)",bottle,0.6015884876251221,"(0.3831903206109245, 0.01978595768431996, 0.1717435161196317)",263.55
boundary-x03-r04,BOUNDARY,0,True,"(0.3820244302775911, 0.01999986473055539, 0.11991139020357831)",bottle,0.7900147438049316,"(0.3825242413697556, 0.020087709160301753, 0.1719487113154185)",277.2
boundary-x03-r04,BOUNDARY,1,True,"(0.3820244302775911, 0.01999986473055539, 0.11991139020357831)",bottle,0.6595190167427063,"(0.38335260083422296, 0.01985233597266787, 0.17095777156427708)",268.32
boundary-x03-r05,BOUNDARY,0,True,"(0.37918744511978525, 0.019999833618689206, 0.11991159257329395)",bottle,0.39299845695495605,"(0.3719769328265111, 0.01949316077014753, 0.17431242833487376)",267.49
boundary-x03-r05,BOUNDARY,1,True,"(0.37918744511978525, 0.019999833618689206, 0.11991159257329395)",bottle,0.0814480409026146,"(0.3729822302710712, 0.019400764213208695, 0.1754997115779221)",262.13
boundary-x03-r06,BOUNDARY,0,True,"(0.37707567146198595, 0.019999832005931462, 0.11991141010569002)",bottle,0.7834267020225525,"(0.3780139489346399, 0.02047518828651545, 0.1721793000493168)",262.94
boundary-x03-r06,BOUNDARY,1,True,"(0.37707567146198595, 0.019999832005931462, 0.11991141010569002)",bottle,0.5859265923500061,"(0.3791238106551573, 0.019963013178824117, 0.17215373776045426)",263.67
boundary-x03-r07,BOUNDARY,0,True,"(0.3810778759945291, 0.019999890684373415, 0.11991129895808773)",,,,150.98
boundary-x03-r07,BOUNDARY,1,True,"(0.3810778759945291, 0.019999890684373415, 0.11991129895808773)",,,,152.57
boundary-x03-r08,BOUNDARY,0,True,"(0.37897398810682936, 0.01999983170270176, 0.11991157467259496)",bottle,0.7548121809959412,"(0.3773034049671192, 0.020402162204554555, 0.17301930898263007)",265.15
boundary-x03-r08,BOUNDARY,1,True,"(0.37897398810682936, 0.01999983170270176, 0.11991157467259496)",bottle,0.7470792531967163,"(0.37853629540904965, 0.020152237179553605, 0.17275318716858934)",266.33
boundary-x03-r09,BOUNDARY,0,True,"(0.3784440154502896, 0.019999829994505433, 0.11991155621063909)",bottle,0.7820327281951904,"(0.37966615865173625, 0.02047381097700019, 0.17320999433661868)",261.54
boundary-x03-r09,BOUNDARY,1,True,"(0.3784440154502896, 0.019999829994505433, 0.11991155621063909)",bottle,0.5744040608406067,"(0.3806663148109292, 0.020062608314908963, 0.1719844285665939)",265.64
boundary-x03-r10,BOUNDARY,0,True,"(0.3805752344068015, 0.019999858138157228, 0.11991154509208674)",bottle,0.6013063788414001,"(0.3759388116556054, 0.019688124077293978, 0.17439344842931576)",265.34
boundary-x03-r10,BOUNDARY,1,True,"(0.3805752344068015, 0.019999858138157228, 0.11991154509208674)",bottle,0.5259066224098206,"(0.37666443693359075, 0.019658938720824963, 0.17287479042393222)",265.61
boundary-x04-r01,BOUNDARY,0,True,"(0.4022199602396391, 0.020000034831841505, 0.11991260491435587)",bottle,0.6298259496688843,"(0.40429848046212447, 0.020209108654970165, 0.17343227315270487)",268.06
boundary-x04-r01,BOUNDARY,1,True,"(0.4022199602396391, 0.020000034831841505, 0.11991260491435587)",bottle,0.7694333791732788,"(0.4054510515598174, 0.020025033301109225, 0.17224565364997294)",271.3
boundary-x04-r02,BOUNDARY,0,True,"(0.39849175315926655, 0.01999999631360729, 0.11991228653523098)",bottle,0.3185122609138489,"(0.3924363893617475, 0.02032608218351855, 0.17552516172597737)",262.64
boundary-x04-r02,BOUNDARY,1,True,"(0.39849175315926655, 0.01999999631360729, 0.11991228653523098)",bottle,0.7064812183380127,"(0.3931928322290216, 0.02043627594803763, 0.17485795598247306)",277.58
boundary-x04-r03,BOUNDARY,0,True,"(0.40085402807975434, 0.02000005497308927, 0.11991244355206195)",bottle,0.42523935437202454,"(0.3971500956840417, 0.019523532917716517, 0.1741773967236569)",262.39
boundary-x04-r03,BOUNDARY,1,True,"(0.40085402807975434, 0.02000005497308927, 0.11991244355206195)",bottle,0.33404791355133057,"(0.39780943589876766, 0.019210738321320635, 0.17286565786429325)",281.47
boundary-x04-r04,BOUNDARY,0,True,"(0.39767566957633194, 0.019999998569051897, 0.11991213197735233)",bottle,0.8004473447799683,"(0.3985431429365176, 0.01972961979746414, 0.17180916437715954)",261.52
boundary-x04-r04,BOUNDARY,1,True,"(0.39767566957633194, 0.019999998569051897, 0.11991213197735233)",bottle,0.728980302810669,"(0.3992436820797461, 0.019550807573806554, 0.1715521867060862)",263.8
boundary-x04-r05,BOUNDARY,0,True,"(0.4022673728311489, 0.02000003357934023, 0.1199125919661262)",bottle,0.06052347645163536,"(0.3927384668992313, 0.01987164133888699, 0.17873666763663676)",257.94
boundary-x04-r05,BOUNDARY,1,True,"(0.4022673728311489, 0.02000003357934023, 0.1199125919661262)",bottle,0.24070017039775848,"(0.3938584715661814, 0.01985030261546942, 0.17800687356346268)",261.3
boundary-x04-r06,BOUNDARY,0,True,"(0.40205072130403374, 0.0200000127668175, 0.11991262566739429)",bottle,0.38745731115341187,"(0.39817594167271, 0.020465490701368688, 0.17491338773261236)",262.01
boundary-x04-r06,BOUNDARY,1,True,"(0.40205072130403374, 0.0200000127668175, 0.11991262566739429)",bottle,0.6940130591392517,"(0.3983390232665988, 0.020972689550984976, 0.1736992204372531)",259.89
boundary-x04-r07,BOUNDARY,0,True,"(0.3992532075819805, 0.02000007044287936, 0.11991237813421111)",bottle,0.6639560461044312,"(0.4005494464711471, 0.01990502296799649, 0.17223144050244169)",265.12
boundary-x04-r07,BOUNDARY,1,True,"(0.3992532075819805, 0.02000007044287936, 0.11991237813421111)",bottle,0.7201880216598511,"(0.4013357078138073, 0.019639076715678418, 0.1716828599980341)",263.84
boundary-x04-r08,BOUNDARY,0,True,"(0.4014950871911712, 0.02000002232390886, 0.1199125047429097)",bottle,0.7397362589836121,"(0.4024612053878587, 0.019911839506940837, 0.17222556821869858)",266.6
boundary-x04-r08,BOUNDARY,1,True,"(0.4014950871911712, 0.02000002232390886, 0.1199125047429097)",bottle,0.79231858253479,"(0.40315463399665, 0.019657705783508082, 0.17174468899879555)",264.19
boundary-x04-r09,BOUNDARY,0,True,"(0.39734203700452164, 0.019999967360244324, 0.11991211183960049)",bottle,0.6697677969932556,"(0.399369866070324, 0.020323768319254552, 0.17297876353353464)",266.03
boundary-x04-r09,BOUNDARY,1,True,"(0.39734203700452164, 0.019999967360244324, 0.11991211183960049)",bottle,0.6662353277206421,"(0.4003412198319738, 0.019803736244323918, 0.17240182807482804)",262.67
boundary-x04-r10,BOUNDARY,0,True,"(0.40030193272693504, 0.020000042761080385, 0.11991234644991547)",bottle,0.6863071322441101,"(0.39958086946324745, 0.01995573240352945, 0.17273931714173463)",259.87
boundary-x04-r10,BOUNDARY,1,True,"(0.40030193272693504, 0.020000042761080385, 0.11991234644991547)",bottle,0.7235995531082153,"(0.4004979981096726, 0.019773280222682092, 0.17158661610190404)",258.67
boundary-x05-r01,BOUNDARY,0,True,"(0.42275480299526325, 0.020000021161944985, 0.11991131344007064)",bottle,0.11840909719467163,"(0.4161400103169356, 0.02081768762023692, 0.17572609074540824)",269.19
boundary-x05-r01,BOUNDARY,1,True,"(0.42275480299526325, 0.020000021161944985, 0.11991131344007064)",bottle,0.6125273704528809,"(0.4171150375457208, 0.020713610256213454, 0.17494735680090168)",264.56
boundary-x05-r02,BOUNDARY,0,True,"(0.41926006681971417, 0.020000117299913633, 0.11991082908385087)",bottle,0.6370583176612854,"(0.4203776577282572, 0.020145892191102667, 0.1719458758359235)",262.9
boundary-x05-r02,BOUNDARY,1,True,"(0.41926006681971417, 0.020000117299913633, 0.11991082908385087)",bottle,0.7950167655944824,"(0.4213548071953054, 0.020044697079327066, 0.17264534737102122)",265.0
boundary-x05-r03,BOUNDARY,0,True,"(0.4190582679902053, 0.02000012473789269, 0.11991081148353064)",bottle,0.5287758708000183,"(0.41719203913759373, 0.0198856980820094, 0.172560489956388)",257.6
boundary-x05-r03,BOUNDARY,1,True,"(0.4190582679902053, 0.02000012473789269, 0.11991081148353064)",bottle,0.6857715845108032,"(0.4179248409168982, 0.019841114516447093, 0.1716155197818824)",267.68
boundary-x05-r04,BOUNDARY,0,True,"(0.41765717545430675, 0.0199999849641699, 0.1199107442923044)",bottle,0.7566862106323242,"(0.41710416967190045, 0.020595183392491542, 0.1737463303372625)",262.8
boundary-x05-r04,BOUNDARY,1,True,"(0.41765717545430675, 0.0199999849641699, 0.1199107442923044)",bottle,0.8194687366485596,"(0.4179331774920569, 0.02051305161462782, 0.17305403845581496)",269.03
boundary-x05-r05,BOUNDARY,0,True,"(0.4196980619171567, 0.020000075971418868, 0.11991076779384727)",bottle,0.10849863290786743,"(0.4098862449502173, 0.020577134058283084, 0.17861991376427722)",262.85
boundary-x05-r05,BOUNDARY,1,True,"(0.4196980619171567, 0.020000075971418868, 0.11991076779384727)",bottle,0.25637561082839966,"(0.4107398050804234, 0.020617499968255175, 0.17721180588578872)",263.36
boundary-x05-r06,BOUNDARY,0,True,"(0.41890077965695516, 0.020000124675287872, 0.11991087120201874)",bottle,0.6172166466712952,"(0.4208435101932483, 0.020083517305289775, 0.1736601492980719)",260.66
boundary-x05-r06,BOUNDARY,1,True,"(0.41890077965695516, 0.020000124675287872, 0.11991087120201874)",bottle,0.6885846257209778,"(0.4219974248912826, 0.01990394701236916, 0.17339692320277655)",261.09
boundary-x05-r07,BOUNDARY,0,True,"(0.4200922880234806, 0.02000009325126729, 0.11991074707315032)",bottle,0.6203358769416809,"(0.42134120333978964, 0.020541648185749536, 0.17351283583056354)",262.16
boundary-x05-r07,BOUNDARY,1,True,"(0.4200922880234806, 0.02000009325126729, 0.11991074707315032)",bottle,0.8131933808326721,"(0.42237531961048586, 0.020039223149960213, 0.17285490255650296)",261.84
boundary-x05-r08,BOUNDARY,0,True,"(0.42257551944267446, 0.020000043733101675, 0.11991125569053192)",bottle,0.7499128580093384,"(0.4227073136476389, 0.020415844580935642, 0.17378596486531397)",263.36
boundary-x05-r08,BOUNDARY,1,True,"(0.42257551944267446, 0.020000043733101675, 0.11991125569053192)",bottle,0.838820219039917,"(0.4237201631828447, 0.020200791585775084, 0.1726398221961674)",264.84
boundary-x05-r09,BOUNDARY,0,True,"(0.42119732752903766, 0.020000076105015557, 0.11991097967274057)",bottle,0.3089766800403595,"(0.4158340582010599, 0.019870753076132952, 0.1756172731676861)",258.44
boundary-x05-r09,BOUNDARY,1,True,"(0.42119732752903766, 0.020000076105015557, 0.11991097967274057)",bottle,0.6810970902442932,"(0.41682302982226704, 0.019669823274790617, 0.1738248181454845)",264.97
boundary-x05-r10,BOUNDARY,0,True,"(0.4195236516519027, 0.02000014062406696, 0.11991077996570924)",,,,151.94
boundary-x05-r10,BOUNDARY,1,True,"(0.4195236516519027, 0.02000014062406696, 0.11991077996570924)",bottle,0.10965465009212494,"(0.4099343204925243, 0.019468547094186793, 0.17877293009611486)",264.25
negative-001,NEGATIVE,0,False,,,,,153.64
negative-001,NEGATIVE,1,False,,,,,154.75
negative-002,NEGATIVE,0,False,,,,,155.42
negative-002,NEGATIVE,1,False,,,,,146.01
negative-003,NEGATIVE,0,False,,,,,155.3
negative-003,NEGATIVE,1,False,,,,,156.09
negative-004,NEGATIVE,0,False,,,,,149.34
negative-004,NEGATIVE,1,False,,,,,155.65
negative-005,NEGATIVE,0,False,,,,,155.32
negative-005,NEGATIVE,1,False,,,,,155.29
negative-006,NEGATIVE,0,False,,,,,151.28
negative-006,NEGATIVE,1,False,,,,,156.64
negative-007,NEGATIVE,0,False,,,,,155.71
negative-007,NEGATIVE,1,False,,,,,152.82
negative-008,NEGATIVE,0,False,,,,,152.06
negative-008,NEGATIVE,1,False,,,,,153.88
negative-009,NEGATIVE,0,False,,,,,149.49
negative-009,NEGATIVE,1,False,,,,,149.31
negative-010,NEGATIVE,0,False,,,,,150.67
negative-010,NEGATIVE,1,False,,,,,149.78
negative-011,NEGATIVE,0,False,,,,,150.16
negative-011,NEGATIVE,1,False,,,,,148.17
negative-012,NEGATIVE,0,False,,,,,152.94
negative-012,NEGATIVE,1,False,,,,,152.43
negative-013,NEGATIVE,0,False,,,,,150.75
negative-013,NEGATIVE,1,False,,,,,150.16
negative-014,NEGATIVE,0,False,,,,,149.66
negative-014,NEGATIVE,1,False,,,,,155.41
negative-015,NEGATIVE,0,False,,,,,156.76
negative-015,NEGATIVE,1,False,,,,,153.96
negative-016,NEGATIVE,0,False,,,,,151.17
negative-016,NEGATIVE,1,False,,,,,151.17
negative-017,NEGATIVE,0,False,,,,,154.55
negative-017,NEGATIVE,1,False,,,,,154.28
negative-018,NEGATIVE,0,False,,,,,155.45
negative-018,NEGATIVE,1,False,,,,,150.66
negative-019,NEGATIVE,0,False,,,,,158.66
negative-019,NEGATIVE,1,False,,,,,152.3
negative-020,NEGATIVE,0,False,,,,,148.67
negative-020,NEGATIVE,1,False,,,,,156.36
negative-021,NEGATIVE,0,False,,,,,148.51
negative-021,NEGATIVE,1,False,,,,,149.66
negative-022,NEGATIVE,0,False,,,,,150.66
negative-022,NEGATIVE,1,False,,,,,154.71
negative-023,NEGATIVE,0,False,,,,,149.83
negative-023,NEGATIVE,1,False,,,,,153.58
negative-024,NEGATIVE,0,False,,,,,153.53
negative-024,NEGATIVE,1,False,,,,,152.07
negative-025,NEGATIVE,0,False,,,,,154.46
negative-025,NEGATIVE,1,False,,,,,151.23
negative-026,NEGATIVE,0,False,,,,,151.45
negative-026,NEGATIVE,1,False,,,,,153.08
negative-027,NEGATIVE,0,False,,,,,149.86
negative-027,NEGATIVE,1,False,,,,,156.04
negative-028,NEGATIVE,0,False,,,,,151.43
negative-028,NEGATIVE,1,False,,,,,158.66
negative-029,NEGATIVE,0,False,,,,,152.33
negative-029,NEGATIVE,1,False,,,,,149.4
negative-030,NEGATIVE,0,False,,,,,153.73
negative-030,NEGATIVE,1,False,,,,,151.88
negative-031,NEGATIVE,0,False,,,,,150.53
negative-031,NEGATIVE,1,False,,,,,153.39
negative-032,NEGATIVE,0,False,,,,,152.84
negative-032,NEGATIVE,1,False,,,,,151.75
negative-033,NEGATIVE,0,False,,,,,156.4
negative-033,NEGATIVE,1,False,,,,,151.83
negative-034,NEGATIVE,0,False,,,,,152.27
negative-034,NEGATIVE,1,False,,,,,149.92
negative-035,NEGATIVE,0,False,,,,,151.27
negative-035,NEGATIVE,1,False,,,,,149.56
negative-036,NEGATIVE,0,False,,,,,152.72
negative-036,NEGATIVE,1,False,,,,,148.4
negative-037,NEGATIVE,0,False,,,,,153.71
negative-037,NEGATIVE,1,False,,,,,153.36
negative-038,NEGATIVE,0,False,,,,,154.44
negative-038,NEGATIVE,1,False,,,,,156.99
negative-039,NEGATIVE,0,False,,,,,155.25
negative-039,NEGATIVE,1,False,,,,,157.8
negative-040,NEGATIVE,0,False,,,,,149.9
negative-040,NEGATIVE,1,False,,,,,152.28
negative-041,NEGATIVE,0,False,,,,,155.71
negative-041,NEGATIVE,1,False,,,,,153.92
negative-042,NEGATIVE,0,False,,,,,155.07
negative-042,NEGATIVE,1,False,,,,,151.24
negative-043,NEGATIVE,0,False,,,,,149.95
negative-043,NEGATIVE,1,False,,,,,154.78
negative-044,NEGATIVE,0,False,,,,,155.01
negative-044,NEGATIVE,1,False,,,,,156.46
negative-045,NEGATIVE,0,False,,,,,155.51
negative-045,NEGATIVE,1,False,,,,,152.41
negative-046,NEGATIVE,0,False,,,,,150.91
negative-046,NEGATIVE,1,False,,,,,153.48
negative-047,NEGATIVE,0,False,,,,,155.36
negative-047,NEGATIVE,1,False,,,,,147.67
negative-048,NEGATIVE,0,False,,,,,156.41
negative-048,NEGATIVE,1,False,,,,,155.73
negative-049,NEGATIVE,0,False,,,,,152.91
negative-049,NEGATIVE,1,False,,,,,158.33
negative-050,NEGATIVE,0,False,,,,,149.84
negative-050,NEGATIVE,1,False,,,,,153.34
