trial,backend,seed,cup_x_m,cup_y_m,success,failed_state,task_duration_ms,detect_source_ms,execute_pick_ms,detect_target_ms,execute_place_ms,source_center_error_mm,target_center_error_mm,lift_height_mm,placement_error_mm,state_log_json
1,sim_gt,20260712,0.3954,-0.13339,1,,280.6,0.4,161.7,0.1,118.0,0.0,0.0,136.0,17.9,"[{""state"": ""DETECT_SOURCE"", ""success"": true, ""message"": ""selected cup_0 conf=1.00 base=[ 0.395 -0.133  0.165] (0 ROI pts)"", ""duration_ms"": 0.4}, {""state"": ""PLAN_PICK"", ""success"": true, ""message"": ""grasp=[ 0.395 -0.133  0.165] pre=[ 0.301 -0.101  0.165]"", ""duration_ms"": 0.2}, {""state"": ""EXECUTE_PICK"", ""success"": true, ""message"": ""grasp executed"", ""duration_ms"": 161.7}, {""state"": ""VERIFY_GRASP"", ""success"": true, ""message"": ""object lifted 136 mm"", ""duration_ms"": 0.0}, {""state"": ""DETECT_TARGET"", ""success"": true, ""message"": ""target container bowl_0 base=[0.5  0.   0.14]"", ""duration_ms"": 0.1}, {""state"": ""PLAN_PLACE"", ""success"": true, ""message"": ""release above [0.5  0.   0.14] +0.07m"", ""duration_ms"": 0.0}, {""state"": ""EXECUTE_PLACE"", ""success"": true, ""message"": ""released"", ""duration_ms"": 118.0}, {""state"": ""VERIFY_DONE"", ""success"": true, ""message"": ""object placed 18 mm from target"", ""duration_ms"": 0.0}]"
2,sim_gt,20260712,0.37859,-0.11278,1,,257.8,0.4,144.8,0.1,112.2,0.0,0.0,134.7,5.2,"[{""state"": ""DETECT_SOURCE"", ""success"": true, ""message"": ""selected cup_0 conf=1.00 base=[ 0.379 -0.113  0.165] (0 ROI pts)"", ""duration_ms"": 0.4}, {""state"": ""PLAN_PICK"", ""success"": true, ""message"": ""grasp=[ 0.379 -0.113  0.165] pre=[ 0.283 -0.084  0.165]"", ""duration_ms"": 0.2}, {""state"": ""EXECUTE_PICK"", ""success"": true, ""message"": ""grasp executed"", ""duration_ms"": 144.8}, {""state"": ""VERIFY_GRASP"", ""success"": true, ""message"": ""object lifted 135 mm"", ""duration_ms"": 0.0}, {""state"": ""DETECT_TARGET"", ""success"": true, ""message"": ""target container bowl_0 base=[0.5  0.   0.14]"", ""duration_ms"": 0.1}, {""state"": ""PLAN_PLACE"", ""success"": true, ""message"": ""release above [0.5  0.   0.14] +0.07m"", ""duration_ms"": 0.0}, {""state"": ""EXECUTE_PLACE"", ""success"": true, ""message"": ""released"", ""duration_ms"": 112.2}, {""state"": ""VERIFY_DONE"", ""success"": true, ""message"": ""object placed 5 mm from target"", ""duration_ms"": 0.0}]"
3,sim_gt,20260712,0.40955,-0.15783,1,,253.3,0.2,144.1,0.1,108.7,0.0,0.0,137.5,18.3,"[{""state"": ""DETECT_SOURCE"", ""success"": true, ""message"": ""selected cup_0 conf=1.00 base=[ 0.41  -0.158  0.165] (0 ROI pts)"", ""duration_ms"": 0.2}, {""state"": ""PLAN_PICK"", ""success"": true, ""message"": ""grasp=[ 0.41  -0.158  0.165] pre=[ 0.316 -0.122  0.165]"", ""duration_ms"": 0.1}, {""state"": ""EXECUTE_PICK"", ""success"": true, ""message"": ""grasp executed"", ""duration_ms"": 144.1}, {""state"": ""VERIFY_GRASP"", ""success"": true, ""message"": ""object lifted 137 mm"", ""duration_ms"": 0.0}, {""state"": ""DETECT_TARGET"", ""success"": true, ""message"": ""target container bowl_0 base=[0.5  0.   0.14]"", ""duration_ms"": 0.1}, {""state"": ""PLAN_PLACE"", ""success"": true, ""message"": ""release above [0.5  0.   0.14] +0.07m"", ""duration_ms"": 0.0}, {""state"": ""EXECUTE_PLACE"", ""success"": true, ""message"": ""released"", ""duration_ms"": 108.7}, {""state"": ""VERIFY_DONE"", ""success"": true, ""message"": ""object placed 18 mm from target"", ""duration_ms"": 0.0}]"
4,sim_gt,20260712,0.37344,-0.1023,1,,258.2,0.3,144.5,0.1,113.1,0.0,0.0,132.0,9.9,"[{""state"": ""DETECT_SOURCE"", ""success"": true, ""message"": ""selected cup_0 conf=1.00 base=[ 0.373 -0.102  0.165] (0 ROI pts)"", ""duration_ms"": 0.3}, {""state"": ""PLAN_PICK"", ""success"": true, ""message"": ""grasp=[ 0.373 -0.102  0.165] pre=[ 0.277 -0.076  0.165]"", ""duration_ms"": 0.1}, {""state"": ""EXECUTE_PICK"", ""success"": true, ""message"": ""grasp executed"", ""duration_ms"": 144.5}, {""state"": ""VERIFY_GRASP"", ""success"": true, ""message"": ""object lifted 132 mm"", ""duration_ms"": 0.0}, {""state"": ""DETECT_TARGET"", ""success"": true, ""message"": ""target container bowl_0 base=[0.5  0.   0.14]"", ""duration_ms"": 0.1}, {""state"": ""PLAN_PLACE"", ""success"": true, ""message"": ""release above [0.5  0.   0.14] +0.07m"", ""duration_ms"": 0.0}, {""state"": ""EXECUTE_PLACE"", ""success"": true, ""message"": ""released"", ""duration_ms"": 113.1}, {""state"": ""VERIFY_DONE"", ""success"": true, ""message"": ""object placed 10 mm from target"", ""duration_ms"": 0.0}]"
5,sim_gt,20260712,0.34271,-0.1095,1,,257.8,0.4,145.0,0.1,112.1,0.0,0.0,132.4,3.6,"[{""state"": ""DETECT_SOURCE"", ""success"": true, ""message"": ""selected cup_0 conf=1.00 base=[ 0.343 -0.11   0.165] (0 ROI pts)"", ""duration_ms"": 0.4}, {""state"": ""PLAN_PICK"", ""success"": true, ""message"": ""grasp=[ 0.343 -0.11   0.165] pre=[ 0.247 -0.079  0.165]"", ""duration_ms"": 0.1}, {""state"": ""EXECUTE_PICK"", ""success"": true, ""message"": ""grasp executed"", ""duration_ms"": 145.0}, {""state"": ""VERIFY_GRASP"", ""success"": true, ""message"": ""object lifted 132 mm"", ""duration_ms"": 0.0}, {""state"": ""DETECT_TARGET"", ""success"": true, ""message"": ""target container bowl_0 base=[0.5  0.   0.14]"", ""duration_ms"": 0.1}, {""state"": ""PLAN_PLACE"", ""success"": true, ""message"": ""release above [0.5  0.   0.14] +0.07m"", ""duration_ms"": 0.0}, {""state"": ""EXECUTE_PLACE"", ""success"": true, ""message"": ""released"", ""duration_ms"": 112.1}, {""state"": ""VERIFY_DONE"", ""success"": true, ""message"": ""object placed 4 mm from target"", ""duration_ms"": 0.0}]"
6,sim_gt,20260712,0.35233,-0.07561,1,,259.7,0.2,143.7,0.1,115.5,0.0,0.0,131.1,10.0,"[{""state"": ""DETECT_SOURCE"", ""success"": true, ""message"": ""selected cup_0 conf=1.00 base=[ 0.352 -0.076  0.165] (0 ROI pts)"", ""duration_ms"": 0.2}, {""state"": ""PLAN_PICK"", ""success"": true, ""message"": ""grasp=[ 0.352 -0.076  0.165] pre=[ 0.255 -0.055  0.165]"", ""duration_ms"": 0.1}, {""state"": ""EXECUTE_PICK"", ""success"": true, ""message"": ""grasp executed"", ""duration_ms"": 143.7}, {""state"": ""VERIFY_GRASP"", ""success"": true, ""message"": ""object lifted 131 mm"", ""duration_ms"": 0.0}, {""state"": ""DETECT_TARGET"", ""success"": true, ""message"": ""target container bowl_0 base=[0.5  0.   0.14]"", ""duration_ms"": 0.1}, {""state"": ""PLAN_PLACE"", ""success"": true, ""message"": ""release above [0.5  0.   0.14] +0.07m"", ""duration_ms"": 0.0}, {""state"": ""EXECUTE_PLACE"", ""success"": true, ""message"": ""released"", ""duration_ms"": 115.5}, {""state"": ""VERIFY_DONE"", ""success"": true, ""message"": ""object placed 10 mm from target"", ""duration_ms"": 0.0}]"
7,sim_gt,20260712,0.41527,-0.10725,0,VERIFY_GRASP,335.8,0.2,335.3,0,0,0.0,,-139.1,,"[{""state"": ""DETECT_SOURCE"", ""success"": true, ""message"": ""selected cup_0 conf=1.00 base=[ 0.415 -0.107  0.165] (0 ROI pts)"", ""duration_ms"": 0.2}, {""state"": ""PLAN_PICK"", ""success"": true, ""message"": ""grasp=[ 0.415 -0.107  0.165] pre=[ 0.318 -0.082  0.165]"", ""duration_ms"": 0.1}, {""state"": ""EXECUTE_PICK"", ""success"": true, ""message"": ""grasp executed"", ""duration_ms"": 133.9}, {""state"": ""VERIFY_GRASP"", ""success"": false, ""message"": ""object only rose -19 mm (< 30 mm)"", ""duration_ms"": 0.0}, {""state"": ""EXECUTE_PICK"", ""success"": true, ""message"": ""grasp executed"", ""duration_ms"": 104.0}, {""state"": ""VERIFY_GRASP"", ""success"": false, ""message"": ""object only rose -19 mm (< 30 mm)"", ""duration_ms"": 0.0}, {""state"": ""EXECUTE_PICK"", ""success"": true, ""message"": ""grasp executed"", ""duration_ms"": 97.4}, {""state"": ""VERIFY_GRASP"", ""success"": false, ""message"": ""object only rose -139 mm (< 30 mm)"", ""duration_ms"": 0.0}]"
8,sim_gt,20260712,0.41299,-0.10158,1,,285.9,0.4,158.1,0.1,127.0,0.0,0.0,95.6,46.6,"[{""state"": ""DETECT_SOURCE"", ""success"": true, ""message"": ""selected cup_0 conf=1.00 base=[ 0.413 -0.102  0.165] (0 ROI pts)"", ""duration_ms"": 0.4}, {""state"": ""PLAN_PICK"", ""success"": true, ""message"": ""grasp=[ 0.413 -0.102  0.165] pre=[ 0.316 -0.078  0.165]"", ""duration_ms"": 0.2}, {""state"": ""EXECUTE_PICK"", ""success"": true, ""message"": ""grasp executed"", ""duration_ms"": 158.1}, {""state"": ""VERIFY_GRASP"", ""success"": true, ""message"": ""object lifted 96 mm"", ""duration_ms"": 0.0}, {""state"": ""DETECT_TARGET"", ""success"": true, ""message"": ""target container bowl_0 base=[0.5  0.   0.14]"", ""duration_ms"": 0.1}, {""state"": ""PLAN_PLACE"", ""success"": true, ""message"": ""release above [0.5  0.   0.14] +0.07m"", ""duration_ms"": 0.1}, {""state"": ""EXECUTE_PLACE"", ""success"": true, ""message"": ""released"", ""duration_ms"": 127.0}, {""state"": ""VERIFY_DONE"", ""success"": true, ""message"": ""object placed 47 mm from target"", ""duration_ms"": 0.0}]"
9,sim_gt,20260712,0.35444,-0.15678,1,,261.4,0.3,148.5,0.1,112.4,0.0,0.0,133.9,14.7,"[{""state"": ""DETECT_SOURCE"", ""success"": true, ""message"": ""selected cup_0 conf=1.00 base=[ 0.354 -0.157  0.165] (0 ROI pts)"", ""duration_ms"": 0.3}, {""state"": ""PLAN_PICK"", ""success"": true, ""message"": ""grasp=[ 0.354 -0.157  0.165] pre=[ 0.263 -0.116  0.165]"", ""duration_ms"": 0.1}, {""state"": ""EXECUTE_PICK"", ""success"": true, ""message"": ""grasp executed"", ""duration_ms"": 148.5}, {""state"": ""VERIFY_GRASP"", ""success"": true, ""message"": ""object lifted 134 mm"", ""duration_ms"": 0.0}, {""state"": ""DETECT_TARGET"", ""success"": true, ""message"": ""target container bowl_0 base=[0.5  0.   0.14]"", ""duration_ms"": 0.1}, {""state"": ""PLAN_PLACE"", ""success"": true, ""message"": ""release above [0.5  0.   0.14] +0.07m"", ""duration_ms"": 0.0}, {""state"": ""EXECUTE_PLACE"", ""success"": true, ""message"": ""released"", ""duration_ms"": 112.4}, {""state"": ""VERIFY_DONE"", ""success"": true, ""message"": ""object placed 15 mm from target"", ""duration_ms"": 0.0}]"
10,sim_gt,20260712,0.37951,-0.12111,1,,272.2,0.2,147.7,0.1,123.9,0.0,0.0,135.2,16.2,"[{""state"": ""DETECT_SOURCE"", ""success"": true, ""message"": ""selected cup_0 conf=1.00 base=[ 0.38  -0.121  0.165] (0 ROI pts)"", ""duration_ms"": 0.2}, {""state"": ""PLAN_PICK"", ""success"": true, ""message"": ""grasp=[ 0.38  -0.121  0.165] pre=[ 0.284 -0.091  0.165]"", ""duration_ms"": 0.1}, {""state"": ""EXECUTE_PICK"", ""success"": true, ""message"": ""grasp executed"", ""duration_ms"": 147.7}, {""state"": ""VERIFY_GRASP"", ""success"": true, ""message"": ""object lifted 135 mm"", ""duration_ms"": 0.0}, {""state"": ""DETECT_TARGET"", ""success"": true, ""message"": ""target container bowl_0 base=[0.5  0.   0.14]"", ""duration_ms"": 0.1}, {""state"": ""PLAN_PLACE"", ""success"": true, ""message"": ""release above [0.5  0.   0.14] +0.07m"", ""duration_ms"": 0.0}, {""state"": ""EXECUTE_PLACE"", ""success"": true, ""message"": ""released"", ""duration_ms"": 123.9}, {""state"": ""VERIFY_DONE"", ""success"": true, ""message"": ""object placed 16 mm from target"", ""duration_ms"": 0.0}]"
11,sim_gt,20260712,0.36361,-0.15511,1,,319.5,0.4,174.7,0.1,144.0,0.0,0.0,134.2,6.3,"[{""state"": ""DETECT_SOURCE"", ""success"": true, ""message"": ""selected cup_0 conf=1.00 base=[ 0.364 -0.155  0.165] (0 ROI pts)"", ""duration_ms"": 0.4}, {""state"": ""PLAN_PICK"", ""success"": true, ""message"": ""grasp=[ 0.364 -0.155  0.165] pre=[ 0.272 -0.116  0.165]"", ""duration_ms"": 0.1}, {""state"": ""EXECUTE_PICK"", ""success"": true, ""message"": ""grasp executed"", ""duration_ms"": 174.7}, {""state"": ""VERIFY_GRASP"", ""success"": true, ""message"": ""object lifted 134 mm"", ""duration_ms"": 0.0}, {""state"": ""DETECT_TARGET"", ""success"": true, ""message"": ""target container bowl_0 base=[0.5  0.   0.14]"", ""duration_ms"": 0.1}, {""state"": ""PLAN_PLACE"", ""success"": true, ""message"": ""release above [0.5  0.   0.14] +0.07m"", ""duration_ms"": 0.0}, {""state"": ""EXECUTE_PLACE"", ""success"": true, ""message"": ""released"", ""duration_ms"": 144.0}, {""state"": ""VERIFY_DONE"", ""success"": true, ""message"": ""object placed 6 mm from target"", ""duration_ms"": 0.0}]"
12,sim_gt,20260712,0.37066,-0.09567,1,,390.1,0.3,224.8,0.2,164.5,0.0,0.0,133.8,11.8,"[{""state"": ""DETECT_SOURCE"", ""success"": true, ""message"": ""selected cup_0 conf=1.00 base=[ 0.371 -0.096  0.165] (0 ROI pts)"", ""duration_ms"": 0.3}, {""state"": ""PLAN_PICK"", ""success"": true, ""message"": ""grasp=[ 0.371 -0.096  0.165] pre=[ 0.274 -0.071  0.165]"", ""duration_ms"": 0.2}, {""state"": ""EXECUTE_PICK"", ""success"": true, ""message"": ""grasp executed"", ""duration_ms"": 224.8}, {""state"": ""VERIFY_GRASP"", ""success"": true, ""message"": ""object lifted 134 mm"", ""duration_ms"": 0.0}, {""state"": ""DETECT_TARGET"", ""success"": true, ""message"": ""target container bowl_0 base=[0.5  0.   0.14]"", ""duration_ms"": 0.2}, {""state"": ""PLAN_PLACE"", ""success"": true, ""message"": ""release above [0.5  0.   0.14] +0.07m"", ""duration_ms"": 0.1}, {""state"": ""EXECUTE_PLACE"", ""success"": true, ""message"": ""released"", ""duration_ms"": 164.5}, {""state"": ""VERIFY_DONE"", ""success"": true, ""message"": ""object placed 12 mm from target"", ""duration_ms"": 0.0}]"
13,sim_gt,20260712,0.34118,-0.08975,1,,323.9,0.4,185.4,0.2,137.7,0.0,0.0,131.7,10.3,"[{""state"": ""DETECT_SOURCE"", ""success"": true, ""message"": ""selected cup_0 conf=1.00 base=[ 0.341 -0.09   0.165] (0 ROI pts)"", ""duration_ms"": 0.4}, {""state"": ""PLAN_PICK"", ""success"": true, ""message"": ""grasp=[ 0.341 -0.09   0.165] pre=[ 0.244 -0.064  0.165]"", ""duration_ms"": 0.2}, {""state"": ""EXECUTE_PICK"", ""success"": true, ""message"": ""grasp executed"", ""duration_ms"": 185.4}, {""state"": ""VERIFY_GRASP"", ""success"": true, ""message"": ""object lifted 132 mm"", ""duration_ms"": 0.0}, {""state"": ""DETECT_TARGET"", ""success"": true, ""message"": ""target container bowl_0 base=[0.5  0.   0.14]"", ""duration_ms"": 0.2}, {""state"": ""PLAN_PLACE"", ""success"": true, ""message"": ""release above [0.5  0.   0.14] +0.07m"", ""duration_ms"": 0.1}, {""state"": ""EXECUTE_PLACE"", ""success"": true, ""message"": ""released"", ""duration_ms"": 137.7}, {""state"": ""VERIFY_DONE"", ""success"": true, ""message"": ""object placed 10 mm from target"", ""duration_ms"": 0.0}]"
14,sim_gt,20260712,0.41654,-0.08353,0,VERIFY_GRASP,263.0,0.3,262.5,0,0,0.0,,-120.1,,"[{""state"": ""DETECT_SOURCE"", ""success"": true, ""message"": ""selected cup_0 conf=1.00 base=[ 0.374 -0.121  0.146] (0 ROI pts)"", ""duration_ms"": 0.3}, {""state"": ""PLAN_PICK"", ""success"": true, ""message"": ""grasp=[ 0.374 -0.121  0.15 ] pre=[ 0.279 -0.09   0.15 ]"", ""duration_ms"": 0.1}, {""state"": ""EXECUTE_PICK"", ""success"": true, ""message"": ""grasp executed"", ""duration_ms"": 94.8}, {""state"": ""VERIFY_GRASP"", ""success"": false, ""message"": ""object only rose -120 mm (< 30 mm)"", ""duration_ms"": 0.0}, {""state"": ""EXECUTE_PICK"", ""success"": true, ""message"": ""grasp executed"", ""duration_ms"": 80.5}, {""state"": ""VERIFY_GRASP"", ""success"": false, ""message"": ""object only rose -120 mm (< 30 mm)"", ""duration_ms"": 0.0}, {""state"": ""EXECUTE_PICK"", ""success"": true, ""message"": ""grasp executed"", ""duration_ms"": 87.2}, {""state"": ""VERIFY_GRASP"", ""success"": false, ""message"": ""object only rose -120 mm (< 30 mm)"", ""duration_ms"": 0.0}]"
15,sim_gt,20260712,0.36074,-0.07307,1,,283.0,0.3,154.5,0.1,127.8,0.0,0.0,131.9,8.5,"[{""state"": ""DETECT_SOURCE"", ""success"": true, ""message"": ""selected cup_0 conf=1.00 base=[ 0.361 -0.073  0.165] (0 ROI pts)"", ""duration_ms"": 0.3}, {""state"": ""PLAN_PICK"", ""success"": true, ""message"": ""grasp=[ 0.361 -0.073  0.165] pre=[ 0.263 -0.053  0.165]"", ""duration_ms"": 0.1}, {""state"": ""EXECUTE_PICK"", ""success"": true, ""message"": ""grasp executed"", ""duration_ms"": 154.5}, {""state"": ""VERIFY_GRASP"", ""success"": true, ""message"": ""object lifted 132 mm"", ""duration_ms"": 0.0}, {""state"": ""DETECT_TARGET"", ""success"": true, ""message"": ""target container bowl_0 base=[0.5  0.   0.14]"", ""duration_ms"": 0.1}, {""state"": ""PLAN_PLACE"", ""success"": true, ""message"": ""release above [0.5  0.   0.14] +0.07m"", ""duration_ms"": 0.0}, {""state"": ""EXECUTE_PLACE"", ""success"": true, ""message"": ""released"", ""duration_ms"": 127.8}, {""state"": ""VERIFY_DONE"", ""success"": true, ""message"": ""object placed 9 mm from target"", ""duration_ms"": 0.0}]"
16,sim_gt,20260712,0.39244,-0.12535,1,,349.7,0.3,184.6,0.2,164.2,0.0,0.0,135.8,17.3,"[{""state"": ""DETECT_SOURCE"", ""success"": true, ""message"": ""selected cup_0 conf=1.00 base=[ 0.392 -0.125  0.165] (0 ROI pts)"", ""duration_ms"": 0.3}, {""state"": ""PLAN_PICK"", ""success"": true, ""message"": ""grasp=[ 0.392 -0.125  0.165] pre=[ 0.297 -0.095  0.165]"", ""duration_ms"": 0.1}, {""state"": ""EXECUTE_PICK"", ""success"": true, ""message"": ""grasp executed"", ""duration_ms"": 184.6}, {""state"": ""VERIFY_GRASP"", ""success"": true, ""message"": ""object lifted 136 mm"", ""duration_ms"": 0.0}, {""state"": ""DETECT_TARGET"", ""success"": true, ""message"": ""target container bowl_0 base=[0.5  0.   0.14]"", ""duration_ms"": 0.2}, {""state"": ""PLAN_PLACE"", ""success"": true, ""message"": ""release above [0.5  0.   0.14] +0.07m"", ""duration_ms"": 0.1}, {""state"": ""EXECUTE_PLACE"", ""success"": true, ""message"": ""released"", ""duration_ms"": 164.2}, {""state"": ""VERIFY_DONE"", ""success"": true, ""message"": ""object placed 17 mm from target"", ""duration_ms"": 0.0}]"
17,sim_gt,20260712,0.37325,-0.09183,1,,332.7,0.4,195.8,0.1,136.1,0.0,0.0,132.0,14.8,"[{""state"": ""DETECT_SOURCE"", ""success"": true, ""message"": ""selected cup_0 conf=1.00 base=[ 0.373 -0.092  0.165] (0 ROI pts)"", ""duration_ms"": 0.4}, {""state"": ""PLAN_PICK"", ""success"": true, ""message"": ""grasp=[ 0.373 -0.092  0.165] pre=[ 0.276 -0.068  0.165]"", ""duration_ms"": 0.2}, {""state"": ""EXECUTE_PICK"", ""success"": true, ""message"": ""grasp executed"", ""duration_ms"": 195.8}, {""state"": ""VERIFY_GRASP"", ""success"": true, ""message"": ""object lifted 132 mm"", ""duration_ms"": 0.0}, {""state"": ""DETECT_TARGET"", ""success"": true, ""message"": ""target container bowl_0 base=[0.5  0.   0.14]"", ""duration_ms"": 0.1}, {""state"": ""PLAN_PLACE"", ""success"": true, ""message"": ""release above [0.5  0.   0.14] +0.07m"", ""duration_ms"": 0.1}, {""state"": ""EXECUTE_PLACE"", ""success"": true, ""message"": ""released"", ""duration_ms"": 136.1}, {""state"": ""VERIFY_DONE"", ""success"": true, ""message"": ""object placed 15 mm from target"", ""duration_ms"": 0.0}]"
18,sim_gt,20260712,0.34637,-0.11667,1,,282.4,0.2,155.8,0.1,126.0,0.0,0.0,132.6,16.0,"[{""state"": ""DETECT_SOURCE"", ""success"": true, ""message"": ""selected cup_0 conf=1.00 base=[ 0.346 -0.117  0.165] (0 ROI pts)"", ""duration_ms"": 0.2}, {""state"": ""PLAN_PICK"", ""success"": true, ""message"": ""grasp=[ 0.346 -0.117  0.165] pre=[ 0.252 -0.085  0.165]"", ""duration_ms"": 0.1}, {""state"": ""EXECUTE_PICK"", ""success"": true, ""message"": ""grasp executed"", ""duration_ms"": 155.8}, {""state"": ""VERIFY_GRASP"", ""success"": true, ""message"": ""object lifted 133 mm"", ""duration_ms"": 0.0}, {""state"": ""DETECT_TARGET"", ""success"": true, ""message"": ""target container bowl_0 base=[0.5  0.   0.14]"", ""duration_ms"": 0.1}, {""state"": ""PLAN_PLACE"", ""success"": true, ""message"": ""release above [0.5  0.   0.14] +0.07m"", ""duration_ms"": 0.0}, {""state"": ""EXECUTE_PLACE"", ""success"": true, ""message"": ""released"", ""duration_ms"": 126.0}, {""state"": ""VERIFY_DONE"", ""success"": true, ""message"": ""object placed 16 mm from target"", ""duration_ms"": 0.0}]"
19,sim_gt,20260712,0.41502,-0.13915,1,,351.8,0.3,190.4,0.2,160.6,0.0,0.0,138.2,17.8,"[{""state"": ""DETECT_SOURCE"", ""success"": true, ""message"": ""selected cup_0 conf=1.00 base=[ 0.415 -0.139  0.165] (0 ROI pts)"", ""duration_ms"": 0.3}, {""state"": ""PLAN_PICK"", ""success"": true, ""message"": ""grasp=[ 0.415 -0.139  0.165] pre=[ 0.32  -0.107  0.165]"", ""duration_ms"": 0.1}, {""state"": ""EXECUTE_PICK"", ""success"": true, ""message"": ""grasp executed"", ""duration_ms"": 190.4}, {""state"": ""VERIFY_GRASP"", ""success"": true, ""message"": ""object lifted 138 mm"", ""duration_ms"": 0.0}, {""state"": ""DETECT_TARGET"", ""success"": true, ""message"": ""target container bowl_0 base=[0.5  0.   0.14]"", ""duration_ms"": 0.2}, {""state"": ""PLAN_PLACE"", ""success"": true, ""message"": ""release above [0.5  0.   0.14] +0.07m"", ""duration_ms"": 0.1}, {""state"": ""EXECUTE_PLACE"", ""success"": true, ""message"": ""released"", ""duration_ms"": 160.6}, {""state"": ""VERIFY_DONE"", ""success"": true, ""message"": ""object placed 18 mm from target"", ""duration_ms"": 0.1}]"
20,sim_gt,20260712,0.40853,-0.10332,0,VERIFY_GRASP,798.0,0.4,797.3,0,0,0.0,,-28.1,,"[{""state"": ""DETECT_SOURCE"", ""success"": true, ""message"": ""selected cup_0 conf=1.00 base=[ 0.409 -0.103  0.165] (0 ROI pts)"", ""duration_ms"": 0.4}, {""state"": ""PLAN_PICK"", ""success"": true, ""message"": ""grasp=[ 0.409 -0.103  0.165] pre=[ 0.312 -0.079  0.165]"", ""duration_ms"": 0.2}, {""state"": ""EXECUTE_PICK"", ""success"": true, ""message"": ""grasp executed"", ""duration_ms"": 267.3}, {""state"": ""VERIFY_GRASP"", ""success"": false, ""message"": ""object only rose -19 mm (< 30 mm)"", ""duration_ms"": 0.0}, {""state"": ""EXECUTE_PICK"", ""success"": true, ""message"": ""grasp executed"", ""duration_ms"": 375.8}, {""state"": ""VERIFY_GRASP"", ""success"": false, ""message"": ""object only rose -19 mm (< 30 mm)"", ""duration_ms"": 0.1}, {""state"": ""EXECUTE_PICK"", ""success"": true, ""message"": ""grasp executed"", ""duration_ms"": 154.2}, {""state"": ""VERIFY_GRASP"", ""success"": false, ""message"": ""object only rose -28 mm (< 30 mm)"", ""duration_ms"": 0.0}]"
21,sim_gt,20260712,0.37841,-0.13925,1,,343.2,0.4,197.4,0.2,144.9,0.0,0.0,135.0,3.7,"[{""state"": ""DETECT_SOURCE"", ""success"": true, ""message"": ""selected cup_0 conf=1.00 base=[ 0.378 -0.139  0.165] (0 ROI pts)"", ""duration_ms"": 0.4}, {""state"": ""PLAN_PICK"", ""success"": true, ""message"": ""grasp=[ 0.378 -0.139  0.165] pre=[ 0.285 -0.105  0.165]"", ""duration_ms"": 0.2}, {""state"": ""EXECUTE_PICK"", ""success"": true, ""message"": ""grasp executed"", ""duration_ms"": 197.4}, {""state"": ""VERIFY_GRASP"", ""success"": true, ""message"": ""object lifted 135 mm"", ""duration_ms"": 0.0}, {""state"": ""DETECT_TARGET"", ""success"": true, ""message"": ""target container bowl_0 base=[0.5  0.   0.14]"", ""duration_ms"": 0.2}, {""state"": ""PLAN_PLACE"", ""success"": true, ""message"": ""release above [0.5  0.   0.14] +0.07m"", ""duration_ms"": 0.1}, {""state"": ""EXECUTE_PLACE"", ""success"": true, ""message"": ""released"", ""duration_ms"": 144.9}, {""state"": ""VERIFY_DONE"", ""success"": true, ""message"": ""object placed 4 mm from target"", ""duration_ms"": 0.0}]"
22,sim_gt,20260712,0.39121,-0.06571,0,VERIFY_GRASP,316.4,0.3,315.8,0,0,0.0,,-139.1,,"[{""state"": ""DETECT_SOURCE"", ""success"": true, ""message"": ""selected cup_0 conf=1.00 base=[ 0.391 -0.066  0.165] (0 ROI pts)"", ""duration_ms"": 0.3}, {""state"": ""PLAN_PICK"", ""success"": true, ""message"": ""grasp=[ 0.391 -0.066  0.165] pre=[ 0.293 -0.049  0.165]"", ""duration_ms"": 0.1}, {""state"": ""EXECUTE_PICK"", ""success"": true, ""message"": ""grasp executed"", ""duration_ms"": 131.3}, {""state"": ""VERIFY_GRASP"", ""success"": false, ""message"": ""object only rose -124 mm (< 30 mm)"", ""duration_ms"": 0.0}, {""state"": ""EXECUTE_PICK"", ""success"": true, ""message"": ""grasp executed"", ""duration_ms"": 95.2}, {""state"": ""VERIFY_GRASP"", ""success"": false, ""message"": ""object only rose -139 mm (< 30 mm)"", ""duration_ms"": 0.0}, {""state"": ""EXECUTE_PICK"", ""success"": true, ""message"": ""grasp executed"", ""duration_ms"": 89.3}, {""state"": ""VERIFY_GRASP"", ""success"": false, ""message"": ""object only rose -139 mm (< 30 mm)"", ""duration_ms"": 0.0}]"
23,sim_gt,20260712,0.40026,-0.08551,0,VERIFY_DONE,216.2,0.3,147.8,0.2,67.7,0.0,0.0,86.8,925.6,"[{""state"": ""DETECT_SOURCE"", ""success"": true, ""message"": ""selected cup_0 conf=1.00 base=[ 0.389 -0.093  0.165] (0 ROI pts)"", ""duration_ms"": 0.3}, {""state"": ""PLAN_PICK"", ""success"": true, ""message"": ""grasp=[ 0.389 -0.093  0.165] pre=[ 0.292 -0.07   0.165]"", ""duration_ms"": 0.1}, {""state"": ""EXECUTE_PICK"", ""success"": true, ""message"": ""grasp executed"", ""duration_ms"": 147.8}, {""state"": ""VERIFY_GRASP"", ""success"": true, ""message"": ""object lifted 87 mm"", ""duration_ms"": 0.0}, {""state"": ""DETECT_TARGET"", ""success"": true, ""message"": ""target container bowl_0 base=[0.5  0.   0.14]"", ""duration_ms"": 0.2}, {""state"": ""PLAN_PLACE"", ""success"": true, ""message"": ""release above [0.5  0.   0.14] +0.07m"", ""duration_ms"": 0.0}, {""state"": ""EXECUTE_PLACE"", ""success"": true, ""message"": ""released"", ""duration_ms"": 67.7}, {""state"": ""VERIFY_DONE"", ""success"": false, ""message"": ""object landed 926 mm from target (> 90 mm)"", ""duration_ms"": 0.0}]"
24,sim_gt,20260712,0.36779,-0.10874,1,,279.3,0.3,156.4,0.1,122.2,0.0,0.0,133.5,12.0,"[{""state"": ""DETECT_SOURCE"", ""success"": true, ""message"": ""selected cup_0 conf=1.00 base=[ 0.368 -0.109  0.165] (0 ROI pts)"", ""duration_ms"": 0.3}, {""state"": ""PLAN_PICK"", ""success"": true, ""message"": ""grasp=[ 0.368 -0.109  0.165] pre=[ 0.272 -0.08   0.165]"", ""duration_ms"": 0.1}, {""state"": ""EXECUTE_PICK"", ""success"": true, ""message"": ""grasp executed"", ""duration_ms"": 156.4}, {""state"": ""VERIFY_GRASP"", ""success"": true, ""message"": ""object lifted 133 mm"", ""duration_ms"": 0.0}, {""state"": ""DETECT_TARGET"", ""success"": true, ""message"": ""target container bowl_0 base=[0.5  0.   0.14]"", ""duration_ms"": 0.1}, {""state"": ""PLAN_PLACE"", ""success"": true, ""message"": ""release above [0.5  0.   0.14] +0.07m"", ""duration_ms"": 0.0}, {""state"": ""EXECUTE_PLACE"", ""success"": true, ""message"": ""released"", ""duration_ms"": 122.2}, {""state"": ""VERIFY_DONE"", ""success"": true, ""message"": ""object placed 12 mm from target"", ""duration_ms"": 0.0}]"
25,sim_gt,20260712,0.40495,-0.0848,0,VERIFY_GRASP,280.2,0.2,279.9,0,0,0.0,,-120.1,,"[{""state"": ""DETECT_SOURCE"", ""success"": true, ""message"": ""selected cup_0 conf=1.00 base=[ 0.393 -0.122  0.146] (0 ROI pts)"", ""duration_ms"": 0.2}, {""state"": ""PLAN_PICK"", ""success"": true, ""message"": ""grasp=[ 0.393 -0.122  0.15 ] pre=[ 0.298 -0.092  0.15 ]"", ""duration_ms"": 0.1}, {""state"": ""EXECUTE_PICK"", ""success"": true, ""message"": ""grasp executed"", ""duration_ms"": 105.9}, {""state"": ""VERIFY_GRASP"", ""success"": false, ""message"": ""object only rose 0 mm (< 30 mm)"", ""duration_ms"": 0.0}, {""state"": ""EXECUTE_PICK"", ""success"": true, ""message"": ""grasp executed"", ""duration_ms"": 85.2}, {""state"": ""VERIFY_GRASP"", ""success"": false, ""message"": ""object only rose -120 mm (< 30 mm)"", ""duration_ms"": 0.0}, {""state"": ""EXECUTE_PICK"", ""success"": true, ""message"": ""grasp executed"", ""duration_ms"": 88.8}, {""state"": ""VERIFY_GRASP"", ""success"": false, ""message"": ""object only rose -120 mm (< 30 mm)"", ""duration_ms"": 0.0}]"
26,sim_gt,20260712,0.38984,-0.12765,1,,322.5,0.3,180.0,0.2,141.8,0.0,0.0,135.6,17.8,"[{""state"": ""DETECT_SOURCE"", ""success"": true, ""message"": ""selected cup_0 conf=1.00 base=[ 0.39  -0.128  0.165] (0 ROI pts)"", ""duration_ms"": 0.3}, {""state"": ""PLAN_PICK"", ""success"": true, ""message"": ""grasp=[ 0.39  -0.128  0.165] pre=[ 0.295 -0.097  0.165]"", ""duration_ms"": 0.1}, {""state"": ""EXECUTE_PICK"", ""success"": true, ""message"": ""grasp executed"", ""duration_ms"": 180.0}, {""state"": ""VERIFY_GRASP"", ""success"": true, ""message"": ""object lifted 136 mm"", ""duration_ms"": 0.0}, {""state"": ""DETECT_TARGET"", ""success"": true, ""message"": ""target container bowl_0 base=[0.5  0.   0.14]"", ""duration_ms"": 0.2}, {""state"": ""PLAN_PLACE"", ""success"": true, ""message"": ""release above [0.5  0.   0.14] +0.07m"", ""duration_ms"": 0.0}, {""state"": ""EXECUTE_PLACE"", ""success"": true, ""message"": ""released"", ""duration_ms"": 141.8}, {""state"": ""VERIFY_DONE"", ""success"": true, ""message"": ""object placed 18 mm from target"", ""duration_ms"": 0.0}]"
27,sim_gt,20260712,0.39333,-0.12524,1,,421.3,0.3,235.0,0.2,185.4,0.0,0.0,135.9,17.5,"[{""state"": ""DETECT_SOURCE"", ""success"": true, ""message"": ""selected cup_0 conf=1.00 base=[ 0.393 -0.125  0.165] (0 ROI pts)"", ""duration_ms"": 0.3}, {""state"": ""PLAN_PICK"", ""success"": true, ""message"": ""grasp=[ 0.393 -0.125  0.165] pre=[ 0.298 -0.095  0.165]"", ""duration_ms"": 0.1}, {""state"": ""EXECUTE_PICK"", ""success"": true, ""message"": ""grasp executed"", ""duration_ms"": 235.0}, {""state"": ""VERIFY_GRASP"", ""success"": true, ""message"": ""object lifted 136 mm"", ""duration_ms"": 0.0}, {""state"": ""DETECT_TARGET"", ""success"": true, ""message"": ""target container bowl_0 base=[0.5  0.   0.14]"", ""duration_ms"": 0.2}, {""state"": ""PLAN_PLACE"", ""success"": true, ""message"": ""release above [0.5  0.   0.14] +0.07m"", ""duration_ms"": 0.1}, {""state"": ""EXECUTE_PLACE"", ""success"": true, ""message"": ""released"", ""duration_ms"": 185.4}, {""state"": ""VERIFY_DONE"", ""success"": true, ""message"": ""object placed 17 mm from target"", ""duration_ms"": 0.0}]"
28,sim_gt,20260712,0.37135,-0.11193,1,,328.5,0.3,188.6,0.1,139.1,0.0,0.0,133.2,8.1,"[{""state"": ""DETECT_SOURCE"", ""success"": true, ""message"": ""selected cup_0 conf=1.00 base=[ 0.371 -0.112  0.165] (0 ROI pts)"", ""duration_ms"": 0.3}, {""state"": ""PLAN_PICK"", ""success"": true, ""message"": ""grasp=[ 0.371 -0.112  0.165] pre=[ 0.276 -0.083  0.165]"", ""duration_ms"": 0.2}, {""state"": ""EXECUTE_PICK"", ""success"": true, ""message"": ""grasp executed"", ""duration_ms"": 188.6}, {""state"": ""VERIFY_GRASP"", ""success"": true, ""message"": ""object lifted 133 mm"", ""duration_ms"": 0.0}, {""state"": ""DETECT_TARGET"", ""success"": true, ""message"": ""target container bowl_0 base=[0.5  0.   0.14]"", ""duration_ms"": 0.1}, {""state"": ""PLAN_PLACE"", ""success"": true, ""message"": ""release above [0.5  0.   0.14] +0.07m"", ""duration_ms"": 0.0}, {""state"": ""EXECUTE_PLACE"", ""success"": true, ""message"": ""released"", ""duration_ms"": 139.1}, {""state"": ""VERIFY_DONE"", ""success"": true, ""message"": ""object placed 8 mm from target"", ""duration_ms"": 0.0}]"
29,sim_gt,20260712,0.40418,-0.09631,0,VERIFY_GRASP,366.2,0.4,365.5,0,0,0.0,,-19.1,,"[{""state"": ""DETECT_SOURCE"", ""success"": true, ""message"": ""selected cup_0 conf=1.00 base=[ 0.404 -0.096  0.165] (0 ROI pts)"", ""duration_ms"": 0.4}, {""state"": ""PLAN_PICK"", ""success"": true, ""message"": ""grasp=[ 0.404 -0.096  0.165] pre=[ 0.307 -0.073  0.165]"", ""duration_ms"": 0.1}, {""state"": ""EXECUTE_PICK"", ""success"": true, ""message"": ""grasp executed"", ""duration_ms"": 129.6}, {""state"": ""VERIFY_GRASP"", ""success"": false, ""message"": ""object only rose -19 mm (< 30 mm)"", ""duration_ms"": 0.0}, {""state"": ""EXECUTE_PICK"", ""success"": true, ""message"": ""grasp executed"", ""duration_ms"": 135.3}, {""state"": ""VERIFY_GRASP"", ""success"": false, ""message"": ""object only rose -19 mm (< 30 mm)"", ""duration_ms"": 0.0}, {""state"": ""EXECUTE_PICK"", ""success"": true, ""message"": ""grasp executed"", ""duration_ms"": 100.6}, {""state"": ""VERIFY_GRASP"", ""success"": false, ""message"": ""object only rose -19 mm (< 30 mm)"", ""duration_ms"": 0.0}]"
30,sim_gt,20260712,0.38908,-0.07451,1,,249.9,0.3,136.1,0.2,113.1,0.0,0.0,125.8,1.9,"[{""state"": ""DETECT_SOURCE"", ""success"": true, ""message"": ""selected cup_0 conf=1.00 base=[ 0.389 -0.075  0.165] (0 ROI pts)"", ""duration_ms"": 0.3}, {""state"": ""PLAN_PICK"", ""success"": true, ""message"": ""grasp=[ 0.389 -0.075  0.165] pre=[ 0.291 -0.056  0.165]"", ""duration_ms"": 0.1}, {""state"": ""EXECUTE_PICK"", ""success"": true, ""message"": ""grasp executed"", ""duration_ms"": 136.1}, {""state"": ""VERIFY_GRASP"", ""success"": true, ""message"": ""object lifted 126 mm"", ""duration_ms"": 0.0}, {""state"": ""DETECT_TARGET"", ""success"": true, ""message"": ""target container bowl_0 base=[0.5  0.   0.14]"", ""duration_ms"": 0.2}, {""state"": ""PLAN_PLACE"", ""success"": true, ""message"": ""release above [0.5  0.   0.14] +0.07m"", ""duration_ms"": 0.1}, {""state"": ""EXECUTE_PLACE"", ""success"": true, ""message"": ""released"", ""duration_ms"": 113.1}, {""state"": ""VERIFY_DONE"", ""success"": true, ""message"": ""object placed 2 mm from target"", ""duration_ms"": 0.0}]"
31,sim_gt,20260712,0.40028,-0.13848,1,,335.2,0.2,184.3,0.2,150.2,0.0,0.0,137.7,5.1,"[{""state"": ""DETECT_SOURCE"", ""success"": true, ""message"": ""selected cup_0 conf=1.00 base=[ 0.4   -0.138  0.165] (0 ROI pts)"", ""duration_ms"": 0.2}, {""state"": ""PLAN_PICK"", ""success"": true, ""message"": ""grasp=[ 0.4   -0.138  0.165] pre=[ 0.306 -0.106  0.165]"", ""duration_ms"": 0.1}, {""state"": ""EXECUTE_PICK"", ""success"": true, ""message"": ""grasp executed"", ""duration_ms"": 184.3}, {""state"": ""VERIFY_GRASP"", ""success"": true, ""message"": ""object lifted 138 mm"", ""duration_ms"": 0.0}, {""state"": ""DETECT_TARGET"", ""success"": true, ""message"": ""target container bowl_0 base=[0.5  0.   0.14]"", ""duration_ms"": 0.2}, {""state"": ""PLAN_PLACE"", ""success"": true, ""message"": ""release above [0.5  0.   0.14] +0.07m"", ""duration_ms"": 0.0}, {""state"": ""EXECUTE_PLACE"", ""success"": true, ""message"": ""released"", ""duration_ms"": 150.2}, {""state"": ""VERIFY_DONE"", ""success"": true, ""message"": ""object placed 5 mm from target"", ""duration_ms"": 0.0}]"
32,sim_gt,20260712,0.3524,-0.12334,1,,603.3,0.3,426.3,0.2,176.2,0.0,0.0,131.8,1.1,"[{""state"": ""DETECT_SOURCE"", ""success"": true, ""message"": ""selected cup_0 conf=1.00 base=[ 0.352 -0.123  0.165] (0 ROI pts)"", ""duration_ms"": 0.3}, {""state"": ""PLAN_PICK"", ""success"": true, ""message"": ""grasp=[ 0.352 -0.123  0.165] pre=[ 0.258 -0.09   0.165]"", ""duration_ms"": 0.2}, {""state"": ""EXECUTE_PICK"", ""success"": true, ""message"": ""grasp executed"", ""duration_ms"": 426.3}, {""state"": ""VERIFY_GRASP"", ""success"": true, ""message"": ""object lifted 132 mm"", ""duration_ms"": 0.0}, {""state"": ""DETECT_TARGET"", ""success"": true, ""message"": ""target container bowl_0 base=[0.5  0.   0.14]"", ""duration_ms"": 0.2}, {""state"": ""PLAN_PLACE"", ""success"": true, ""message"": ""release above [0.5  0.   0.14] +0.07m"", ""duration_ms"": 0.1}, {""state"": ""EXECUTE_PLACE"", ""success"": true, ""message"": ""released"", ""duration_ms"": 176.2}, {""state"": ""VERIFY_DONE"", ""success"": true, ""message"": ""object placed 1 mm from target"", ""duration_ms"": 0.0}]"
33,sim_gt,20260712,0.41981,-0.06623,0,VERIFY_GRASP,281.8,0.2,281.3,0,0,0.0,,-120.0,,"[{""state"": ""DETECT_SOURCE"", ""success"": true, ""message"": ""selected cup_0 conf=1.00 base=[ 0.361 -0.063  0.146] (0 ROI pts)"", ""duration_ms"": 0.2}, {""state"": ""PLAN_PICK"", ""success"": true, ""message"": ""grasp=[ 0.361 -0.063  0.15 ] pre=[ 0.263 -0.046  0.15 ]"", ""duration_ms"": 0.1}, {""state"": ""EXECUTE_PICK"", ""success"": true, ""message"": ""grasp executed"", ""duration_ms"": 118.7}, {""state"": ""VERIFY_GRASP"", ""success"": false, ""message"": ""object only rose 0 mm (< 30 mm)"", ""duration_ms"": 0.0}, {""state"": ""EXECUTE_PICK"", ""success"": true, ""message"": ""grasp executed"", ""duration_ms"": 83.3}, {""state"": ""VERIFY_GRASP"", ""success"": false, ""message"": ""object only rose -120 mm (< 30 mm)"", ""duration_ms"": 0.0}, {""state"": ""EXECUTE_PICK"", ""success"": true, ""message"": ""grasp executed"", ""duration_ms"": 79.3}, {""state"": ""VERIFY_GRASP"", ""success"": false, ""message"": ""object only rose -120 mm (< 30 mm)"", ""duration_ms"": 0.0}]"
34,sim_gt,20260712,0.40035,-0.13815,1,,261.5,0.4,149.4,0.2,111.3,0.0,0.0,137.7,5.2,"[{""state"": ""DETECT_SOURCE"", ""success"": true, ""message"": ""selected cup_0 conf=1.00 base=[ 0.4   -0.138  0.165] (0 ROI pts)"", ""duration_ms"": 0.4}, {""state"": ""PLAN_PICK"", ""success"": true, ""message"": ""grasp=[ 0.4   -0.138  0.165] pre=[ 0.306 -0.106  0.165]"", ""duration_ms"": 0.2}, {""state"": ""EXECUTE_PICK"", ""success"": true, ""message"": ""grasp executed"", ""duration_ms"": 149.4}, {""state"": ""VERIFY_GRASP"", ""success"": true, ""message"": ""object lifted 138 mm"", ""duration_ms"": 0.0}, {""state"": ""DETECT_TARGET"", ""success"": true, ""message"": ""target container bowl_0 base=[0.5  0.   0.14]"", ""duration_ms"": 0.2}, {""state"": ""PLAN_PLACE"", ""success"": true, ""message"": ""release above [0.5  0.   0.14] +0.07m"", ""duration_ms"": 0.0}, {""state"": ""EXECUTE_PLACE"", ""success"": true, ""message"": ""released"", ""duration_ms"": 111.3}, {""state"": ""VERIFY_DONE"", ""success"": true, ""message"": ""object placed 5 mm from target"", ""duration_ms"": 0.0}]"
35,sim_gt,20260712,0.35966,-0.12847,1,,275.9,0.3,146.9,0.1,128.3,0.0,0.0,133.2,5.8,"[{""state"": ""DETECT_SOURCE"", ""success"": true, ""message"": ""selected cup_0 conf=1.00 base=[ 0.36  -0.128  0.165] (0 ROI pts)"", ""duration_ms"": 0.3}, {""state"": ""PLAN_PICK"", ""success"": true, ""message"": ""grasp=[ 0.36  -0.128  0.165] pre=[ 0.265 -0.095  0.165]"", ""duration_ms"": 0.1}, {""state"": ""EXECUTE_PICK"", ""success"": true, ""message"": ""grasp executed"", ""duration_ms"": 146.9}, {""state"": ""VERIFY_GRASP"", ""success"": true, ""message"": ""object lifted 133 mm"", ""duration_ms"": 0.0}, {""state"": ""DETECT_TARGET"", ""success"": true, ""message"": ""target container bowl_0 base=[0.5  0.   0.14]"", ""duration_ms"": 0.1}, {""state"": ""PLAN_PLACE"", ""success"": true, ""message"": ""release above [0.5  0.   0.14] +0.07m"", ""duration_ms"": 0.0}, {""state"": ""EXECUTE_PLACE"", ""success"": true, ""message"": ""released"", ""duration_ms"": 128.3}, {""state"": ""VERIFY_DONE"", ""success"": true, ""message"": ""object placed 6 mm from target"", ""duration_ms"": 0.0}]"
36,sim_gt,20260712,0.36562,-0.1389,1,,288.4,0.2,160.8,0.1,127.1,0.0,0.0,134.5,5.8,"[{""state"": ""DETECT_SOURCE"", ""success"": true, ""message"": ""selected cup_0 conf=1.00 base=[ 0.366 -0.139  0.165] (0 ROI pts)"", ""duration_ms"": 0.2}, {""state"": ""PLAN_PICK"", ""success"": true, ""message"": ""grasp=[ 0.366 -0.139  0.165] pre=[ 0.272 -0.103  0.165]"", ""duration_ms"": 0.1}, {""state"": ""EXECUTE_PICK"", ""success"": true, ""message"": ""grasp executed"", ""duration_ms"": 160.8}, {""state"": ""VERIFY_GRASP"", ""success"": true, ""message"": ""object lifted 134 mm"", ""duration_ms"": 0.0}, {""state"": ""DETECT_TARGET"", ""success"": true, ""message"": ""target container bowl_0 base=[0.5  0.   0.14]"", ""duration_ms"": 0.1}, {""state"": ""PLAN_PLACE"", ""success"": true, ""message"": ""release above [0.5  0.   0.14] +0.07m"", ""duration_ms"": 0.0}, {""state"": ""EXECUTE_PLACE"", ""success"": true, ""message"": ""released"", ""duration_ms"": 127.1}, {""state"": ""VERIFY_DONE"", ""success"": true, ""message"": ""object placed 6 mm from target"", ""duration_ms"": 0.1}]"
37,sim_gt,20260712,0.4121,-0.06719,0,VERIFY_GRASP,301.1,0.2,300.7,0,0,0.0,,-120.0,,"[{""state"": ""DETECT_SOURCE"", ""success"": true, ""message"": ""selected cup_0 conf=1.00 base=[ 0.356 -0.063  0.146] (0 ROI pts)"", ""duration_ms"": 0.2}, {""state"": ""PLAN_PICK"", ""success"": true, ""message"": ""grasp=[ 0.356 -0.063  0.15 ] pre=[ 0.257 -0.046  0.15 ]"", ""duration_ms"": 0.1}, {""state"": ""EXECUTE_PICK"", ""success"": true, ""message"": ""grasp executed"", ""duration_ms"": 128.0}, {""state"": ""VERIFY_GRASP"", ""success"": false, ""message"": ""object only rose -9 mm (< 30 mm)"", ""duration_ms"": 0.0}, {""state"": ""EXECUTE_PICK"", ""success"": true, ""message"": ""grasp executed"", ""duration_ms"": 85.3}, {""state"": ""VERIFY_GRASP"", ""success"": false, ""message"": ""object only rose -120 mm (< 30 mm)"", ""duration_ms"": 0.0}, {""state"": ""EXECUTE_PICK"", ""success"": true, ""message"": ""grasp executed"", ""duration_ms"": 87.4}, {""state"": ""VERIFY_GRASP"", ""success"": false, ""message"": ""object only rose -120 mm (< 30 mm)"", ""duration_ms"": 0.0}]"
38,sim_gt,20260712,0.41525,-0.1075,0,VERIFY_GRASP,328.4,0.3,327.9,0,0,0.0,,-139.1,,"[{""state"": ""DETECT_SOURCE"", ""success"": true, ""message"": ""selected cup_0 conf=1.00 base=[ 0.415 -0.107  0.165] (0 ROI pts)"", ""duration_ms"": 0.3}, {""state"": ""PLAN_PICK"", ""success"": true, ""message"": ""grasp=[ 0.415 -0.107  0.165] pre=[ 0.318 -0.082  0.165]"", ""duration_ms"": 0.1}, {""state"": ""EXECUTE_PICK"", ""success"": true, ""message"": ""grasp executed"", ""duration_ms"": 143.7}, {""state"": ""VERIFY_GRASP"", ""success"": false, ""message"": ""object only rose -19 mm (< 30 mm)"", ""duration_ms"": 0.0}, {""state"": ""EXECUTE_PICK"", ""success"": true, ""message"": ""grasp executed"", ""duration_ms"": 105.7}, {""state"": ""VERIFY_GRASP"", ""success"": false, ""message"": ""object only rose -142 mm (< 30 mm)"", ""duration_ms"": 0.0}, {""state"": ""EXECUTE_PICK"", ""success"": true, ""message"": ""grasp executed"", ""duration_ms"": 78.5}, {""state"": ""VERIFY_GRASP"", ""success"": false, ""message"": ""object only rose -139 mm (< 30 mm)"", ""duration_ms"": 0.0}]"
39,sim_gt,20260712,0.41003,-0.10639,1,,260.3,0.3,152.3,0.2,107.3,0.0,0.0,146.8,11.4,"[{""state"": ""DETECT_SOURCE"", ""success"": true, ""message"": ""selected cup_0 conf=1.00 base=[ 0.41  -0.106  0.165] (0 ROI pts)"", ""duration_ms"": 0.3}, {""state"": ""PLAN_PICK"", ""success"": true, ""message"": ""grasp=[ 0.41  -0.106  0.165] pre=[ 0.313 -0.081  0.165]"", ""duration_ms"": 0.1}, {""state"": ""EXECUTE_PICK"", ""success"": true, ""message"": ""grasp executed"", ""duration_ms"": 152.3}, {""state"": ""VERIFY_GRASP"", ""success"": true, ""message"": ""object lifted 147 mm"", ""duration_ms"": 0.0}, {""state"": ""DETECT_TARGET"", ""success"": true, ""message"": ""target container bowl_0 base=[0.5  0.   0.14]"", ""duration_ms"": 0.2}, {""state"": ""PLAN_PLACE"", ""success"": true, ""message"": ""release above [0.5  0.   0.14] +0.07m"", ""duration_ms"": 0.0}, {""state"": ""EXECUTE_PLACE"", ""success"": true, ""message"": ""released"", ""duration_ms"": 107.3}, {""state"": ""VERIFY_DONE"", ""success"": true, ""message"": ""object placed 11 mm from target"", ""duration_ms"": 0.0}]"
40,sim_gt,20260712,0.38035,-0.12175,1,,310.1,0.3,153.8,0.1,155.7,0.0,0.0,135.2,13.5,"[{""state"": ""DETECT_SOURCE"", ""success"": true, ""message"": ""selected cup_0 conf=1.00 base=[ 0.38  -0.122  0.165] (0 ROI pts)"", ""duration_ms"": 0.3}, {""state"": ""PLAN_PICK"", ""success"": true, ""message"": ""grasp=[ 0.38  -0.122  0.165] pre=[ 0.285 -0.091  0.165]"", ""duration_ms"": 0.1}, {""state"": ""EXECUTE_PICK"", ""success"": true, ""message"": ""grasp executed"", ""duration_ms"": 153.8}, {""state"": ""VERIFY_GRASP"", ""success"": true, ""message"": ""object lifted 135 mm"", ""duration_ms"": 0.0}, {""state"": ""DETECT_TARGET"", ""success"": true, ""message"": ""target container bowl_0 base=[0.5  0.   0.14]"", ""duration_ms"": 0.1}, {""state"": ""PLAN_PLACE"", ""success"": true, ""message"": ""release above [0.5  0.   0.14] +0.07m"", ""duration_ms"": 0.0}, {""state"": ""EXECUTE_PLACE"", ""success"": true, ""message"": ""released"", ""duration_ms"": 155.7}, {""state"": ""VERIFY_DONE"", ""success"": true, ""message"": ""object placed 13 mm from target"", ""duration_ms"": 0.0}]"
41,sim_gt,20260712,0.38328,-0.07157,1,,293.4,0.4,163.3,0.2,129.3,0.0,0.0,136.3,14.3,"[{""state"": ""DETECT_SOURCE"", ""success"": true, ""message"": ""selected cup_0 conf=1.00 base=[ 0.383 -0.072  0.165] (0 ROI pts)"", ""duration_ms"": 0.4}, {""state"": ""PLAN_PICK"", ""success"": true, ""message"": ""grasp=[ 0.383 -0.072  0.165] pre=[ 0.285 -0.053  0.165]"", ""duration_ms"": 0.1}, {""state"": ""EXECUTE_PICK"", ""success"": true, ""message"": ""grasp executed"", ""duration_ms"": 163.3}, {""state"": ""VERIFY_GRASP"", ""success"": true, ""message"": ""object lifted 136 mm"", ""duration_ms"": 0.0}, {""state"": ""DETECT_TARGET"", ""success"": true, ""message"": ""target container bowl_0 base=[0.5  0.   0.14]"", ""duration_ms"": 0.2}, {""state"": ""PLAN_PLACE"", ""success"": true, ""message"": ""release above [0.5  0.   0.14] +0.07m"", ""duration_ms"": 0.0}, {""state"": ""EXECUTE_PLACE"", ""success"": true, ""message"": ""released"", ""duration_ms"": 129.3}, {""state"": ""VERIFY_DONE"", ""success"": true, ""message"": ""object placed 14 mm from target"", ""duration_ms"": 0.0}]"
42,sim_gt,20260712,0.3584,-0.10227,1,,305.6,0.3,164.2,0.1,140.7,0.0,0.0,132.8,2.5,"[{""state"": ""DETECT_SOURCE"", ""success"": true, ""message"": ""selected cup_0 conf=1.00 base=[ 0.358 -0.102  0.165] (0 ROI pts)"", ""duration_ms"": 0.3}, {""state"": ""PLAN_PICK"", ""success"": true, ""message"": ""grasp=[ 0.358 -0.102  0.165] pre=[ 0.262 -0.075  0.165]"", ""duration_ms"": 0.1}, {""state"": ""EXECUTE_PICK"", ""success"": true, ""message"": ""grasp executed"", ""duration_ms"": 164.2}, {""state"": ""VERIFY_GRASP"", ""success"": true, ""message"": ""object lifted 133 mm"", ""duration_ms"": 0.0}, {""state"": ""DETECT_TARGET"", ""success"": true, ""message"": ""target container bowl_0 base=[0.5  0.   0.14]"", ""duration_ms"": 0.1}, {""state"": ""PLAN_PLACE"", ""success"": true, ""message"": ""release above [0.5  0.   0.14] +0.07m"", ""duration_ms"": 0.1}, {""state"": ""EXECUTE_PLACE"", ""success"": true, ""message"": ""released"", ""duration_ms"": 140.7}, {""state"": ""VERIFY_DONE"", ""success"": true, ""message"": ""object placed 3 mm from target"", ""duration_ms"": 0.1}]"
43,sim_gt,20260712,0.39367,-0.08945,1,,247.2,0.3,147.7,0.1,98.8,0.0,0.0,120.3,11.1,"[{""state"": ""DETECT_SOURCE"", ""success"": true, ""message"": ""selected cup_0 conf=1.00 base=[ 0.394 -0.089  0.165] (0 ROI pts)"", ""duration_ms"": 0.3}, {""state"": ""PLAN_PICK"", ""success"": true, ""message"": ""grasp=[ 0.394 -0.089  0.165] pre=[ 0.296 -0.067  0.165]"", ""duration_ms"": 0.2}, {""state"": ""EXECUTE_PICK"", ""success"": true, ""message"": ""grasp executed"", ""duration_ms"": 147.7}, {""state"": ""VERIFY_GRASP"", ""success"": true, ""message"": ""object lifted 120 mm"", ""duration_ms"": 0.0}, {""state"": ""DETECT_TARGET"", ""success"": true, ""message"": ""target container bowl_0 base=[0.5  0.   0.14]"", ""duration_ms"": 0.1}, {""state"": ""PLAN_PLACE"", ""success"": true, ""message"": ""release above [0.5  0.   0.14] +0.07m"", ""duration_ms"": 0.0}, {""state"": ""EXECUTE_PLACE"", ""success"": true, ""message"": ""released"", ""duration_ms"": 98.8}, {""state"": ""VERIFY_DONE"", ""success"": true, ""message"": ""object placed 11 mm from target"", ""duration_ms"": 0.0}]"
44,sim_gt,20260712,0.35126,-0.15008,1,,253.8,0.2,139.6,0.1,113.8,0.0,0.0,132.2,12.8,"[{""state"": ""DETECT_SOURCE"", ""success"": true, ""message"": ""selected cup_0 conf=1.00 base=[ 0.351 -0.15   0.165] (0 ROI pts)"", ""duration_ms"": 0.2}, {""state"": ""PLAN_PICK"", ""success"": true, ""message"": ""grasp=[ 0.351 -0.15   0.165] pre=[ 0.259 -0.111  0.165]"", ""duration_ms"": 0.1}, {""state"": ""EXECUTE_PICK"", ""success"": true, ""message"": ""grasp executed"", ""duration_ms"": 139.6}, {""state"": ""VERIFY_GRASP"", ""success"": true, ""message"": ""object lifted 132 mm"", ""duration_ms"": 0.0}, {""state"": ""DETECT_TARGET"", ""success"": true, ""message"": ""target container bowl_0 base=[0.5  0.   0.14]"", ""duration_ms"": 0.1}, {""state"": ""PLAN_PLACE"", ""success"": true, ""message"": ""release above [0.5  0.   0.14] +0.07m"", ""duration_ms"": 0.0}, {""state"": ""EXECUTE_PLACE"", ""success"": true, ""message"": ""released"", ""duration_ms"": 113.8}, {""state"": ""VERIFY_DONE"", ""success"": true, ""message"": ""object placed 13 mm from target"", ""duration_ms"": 0.0}]"
45,sim_gt,20260712,0.37434,-0.13175,1,,266.1,0.2,143.9,0.2,121.5,0.0,0.0,134.8,5.3,"[{""state"": ""DETECT_SOURCE"", ""success"": true, ""message"": ""selected cup_0 conf=1.00 base=[ 0.374 -0.132  0.165] (0 ROI pts)"", ""duration_ms"": 0.2}, {""state"": ""PLAN_PICK"", ""success"": true, ""message"": ""grasp=[ 0.374 -0.132  0.165] pre=[ 0.28  -0.099  0.165]"", ""duration_ms"": 0.1}, {""state"": ""EXECUTE_PICK"", ""success"": true, ""message"": ""grasp executed"", ""duration_ms"": 143.9}, {""state"": ""VERIFY_GRASP"", ""success"": true, ""message"": ""object lifted 135 mm"", ""duration_ms"": 0.0}, {""state"": ""DETECT_TARGET"", ""success"": true, ""message"": ""target container bowl_0 base=[0.5  0.   0.14]"", ""duration_ms"": 0.2}, {""state"": ""PLAN_PLACE"", ""success"": true, ""message"": ""release above [0.5  0.   0.14] +0.07m"", ""duration_ms"": 0.0}, {""state"": ""EXECUTE_PLACE"", ""success"": true, ""message"": ""released"", ""duration_ms"": 121.5}, {""state"": ""VERIFY_DONE"", ""success"": true, ""message"": ""object placed 5 mm from target"", ""duration_ms"": 0.0}]"
46,sim_gt,20260712,0.39149,-0.13922,1,,258.7,0.3,145.5,0.1,112.6,0.0,0.0,135.2,17.8,"[{""state"": ""DETECT_SOURCE"", ""success"": true, ""message"": ""selected cup_0 conf=1.00 base=[ 0.391 -0.139  0.165] (0 ROI pts)"", ""duration_ms"": 0.3}, {""state"": ""PLAN_PICK"", ""success"": true, ""message"": ""grasp=[ 0.391 -0.139  0.165] pre=[ 0.297 -0.106  0.165]"", ""duration_ms"": 0.1}, {""state"": ""EXECUTE_PICK"", ""success"": true, ""message"": ""grasp executed"", ""duration_ms"": 145.5}, {""state"": ""VERIFY_GRASP"", ""success"": true, ""message"": ""object lifted 135 mm"", ""duration_ms"": 0.0}, {""state"": ""DETECT_TARGET"", ""success"": true, ""message"": ""target container bowl_0 base=[0.5  0.   0.14]"", ""duration_ms"": 0.1}, {""state"": ""PLAN_PLACE"", ""success"": true, ""message"": ""release above [0.5  0.   0.14] +0.07m"", ""duration_ms"": 0.0}, {""state"": ""EXECUTE_PLACE"", ""success"": true, ""message"": ""released"", ""duration_ms"": 112.6}, {""state"": ""VERIFY_DONE"", ""success"": true, ""message"": ""object placed 18 mm from target"", ""duration_ms"": 0.0}]"
47,sim_gt,20260712,0.37534,-0.06839,1,,259.0,0.3,145.3,0.1,112.9,0.0,0.0,132.9,5.0,"[{""state"": ""DETECT_SOURCE"", ""success"": true, ""message"": ""selected cup_0 conf=1.00 base=[ 0.375 -0.068  0.165] (0 ROI pts)"", ""duration_ms"": 0.3}, {""state"": ""PLAN_PICK"", ""success"": true, ""message"": ""grasp=[ 0.375 -0.068  0.165] pre=[ 0.277 -0.05   0.165]"", ""duration_ms"": 0.1}, {""state"": ""EXECUTE_PICK"", ""success"": true, ""message"": ""grasp executed"", ""duration_ms"": 145.3}, {""state"": ""VERIFY_GRASP"", ""success"": true, ""message"": ""object lifted 133 mm"", ""duration_ms"": 0.0}, {""state"": ""DETECT_TARGET"", ""success"": true, ""message"": ""target container bowl_0 base=[0.5  0.   0.14]"", ""duration_ms"": 0.1}, {""state"": ""PLAN_PLACE"", ""success"": true, ""message"": ""release above [0.5  0.   0.14] +0.07m"", ""duration_ms"": 0.0}, {""state"": ""EXECUTE_PLACE"", ""success"": true, ""message"": ""released"", ""duration_ms"": 112.9}, {""state"": ""VERIFY_DONE"", ""success"": true, ""message"": ""object placed 5 mm from target"", ""duration_ms"": 0.0}]"
48,sim_gt,20260712,0.34965,-0.15298,1,,249.5,0.2,136.6,0.1,112.4,0.0,0.0,132.7,4.4,"[{""state"": ""DETECT_SOURCE"", ""success"": true, ""message"": ""selected cup_0 conf=1.00 base=[ 0.35  -0.153  0.165] (0 ROI pts)"", ""duration_ms"": 0.2}, {""state"": ""PLAN_PICK"", ""success"": true, ""message"": ""grasp=[ 0.35  -0.153  0.165] pre=[ 0.258 -0.113  0.165]"", ""duration_ms"": 0.1}, {""state"": ""EXECUTE_PICK"", ""success"": true, ""message"": ""grasp executed"", ""duration_ms"": 136.6}, {""state"": ""VERIFY_GRASP"", ""success"": true, ""message"": ""object lifted 133 mm"", ""duration_ms"": 0.0}, {""state"": ""DETECT_TARGET"", ""success"": true, ""message"": ""target container bowl_0 base=[0.5  0.   0.14]"", ""duration_ms"": 0.1}, {""state"": ""PLAN_PLACE"", ""success"": true, ""message"": ""release above [0.5  0.   0.14] +0.07m"", ""duration_ms"": 0.0}, {""state"": ""EXECUTE_PLACE"", ""success"": true, ""message"": ""released"", ""duration_ms"": 112.4}, {""state"": ""VERIFY_DONE"", ""success"": true, ""message"": ""object placed 4 mm from target"", ""duration_ms"": 0.0}]"
49,sim_gt,20260712,0.41417,-0.09313,0,VERIFY_GRASP,268.7,0.3,268.1,0,0,0.0,,-120.1,,"[{""state"": ""DETECT_SOURCE"", ""success"": true, ""message"": ""selected cup_0 conf=1.00 base=[ 0.368 -0.134  0.146] (0 ROI pts)"", ""duration_ms"": 0.3}, {""state"": ""PLAN_PICK"", ""success"": true, ""message"": ""grasp=[ 0.368 -0.134  0.15 ] pre=[ 0.274 -0.1    0.15 ]"", ""duration_ms"": 0.1}, {""state"": ""EXECUTE_PICK"", ""success"": true, ""message"": ""grasp executed"", ""duration_ms"": 112.6}, {""state"": ""VERIFY_GRASP"", ""success"": false, ""message"": ""object only rose -0 mm (< 30 mm)"", ""duration_ms"": 0.0}, {""state"": ""EXECUTE_PICK"", ""success"": true, ""message"": ""grasp executed"", ""duration_ms"": 77.8}, {""state"": ""VERIFY_GRASP"", ""success"": false, ""message"": ""object only rose -120 mm (< 30 mm)"", ""duration_ms"": 0.0}, {""state"": ""EXECUTE_PICK"", ""success"": true, ""message"": ""grasp executed"", ""duration_ms"": 77.7}, {""state"": ""VERIFY_GRASP"", ""success"": false, ""message"": ""object only rose -120 mm (< 30 mm)"", ""duration_ms"": 0.0}]"
50,sim_gt,20260712,0.40729,-0.07525,0,VERIFY_GRASP,234.8,0.3,234.3,0,0,0.0,,-120.1,,"[{""state"": ""DETECT_SOURCE"", ""success"": true, ""message"": ""selected cup_0 conf=1.00 base=[ 0.353 -0.091  0.146] (0 ROI pts)"", ""duration_ms"": 0.3}, {""state"": ""PLAN_PICK"", ""success"": true, ""message"": ""grasp=[ 0.353 -0.091  0.15 ] pre=[ 0.256 -0.066  0.15 ]"", ""duration_ms"": 0.1}, {""state"": ""EXECUTE_PICK"", ""success"": true, ""message"": ""grasp executed"", ""duration_ms"": 85.5}, {""state"": ""VERIFY_GRASP"", ""success"": false, ""message"": ""object only rose -120 mm (< 30 mm)"", ""duration_ms"": 0.0}, {""state"": ""EXECUTE_PICK"", ""success"": true, ""message"": ""grasp executed"", ""duration_ms"": 73.2}, {""state"": ""VERIFY_GRASP"", ""success"": false, ""message"": ""object only rose -120 mm (< 30 mm)"", ""duration_ms"": 0.0}, {""state"": ""EXECUTE_PICK"", ""success"": true, ""message"": ""grasp executed"", ""duration_ms"": 75.6}, {""state"": ""VERIFY_GRASP"", ""success"": false, ""message"": ""object only rose -120 mm (< 30 mm)"", ""duration_ms"": 0.0}]"
51,sim_gt,20260712,0.41693,-0.09457,0,VERIFY_GRASP,272.9,0.2,272.5,0,0,0.0,,0.0,,"[{""state"": ""DETECT_SOURCE"", ""success"": true, ""message"": ""selected cup_0 conf=1.00 base=[ 0.352 -0.201  0.146] (0 ROI pts)"", ""duration_ms"": 0.2}, {""state"": ""PLAN_PICK"", ""success"": true, ""message"": ""grasp=[ 0.352 -0.201  0.15 ] pre=[ 0.265 -0.151  0.15 ]"", ""duration_ms"": 0.1}, {""state"": ""EXECUTE_PICK"", ""success"": true, ""message"": ""grasp executed"", ""duration_ms"": 94.6}, {""state"": ""VERIFY_GRASP"", ""success"": false, ""message"": ""object only rose 0 mm (< 30 mm)"", ""duration_ms"": 0.0}, {""state"": ""EXECUTE_PICK"", ""success"": true, ""message"": ""grasp executed"", ""duration_ms"": 87.9}, {""state"": ""VERIFY_GRASP"", ""success"": false, ""message"": ""object only rose 0 mm (< 30 mm)"", ""duration_ms"": 0.0}, {""state"": ""EXECUTE_PICK"", ""success"": true, ""message"": ""grasp executed"", ""duration_ms"": 90.0}, {""state"": ""VERIFY_GRASP"", ""success"": false, ""message"": ""object only rose 0 mm (< 30 mm)"", ""duration_ms"": 0.0}]"
52,sim_gt,20260712,0.35528,-0.06533,1,,241.3,0.2,134.9,0.1,106.0,0.0,0.0,131.6,9.3,"[{""state"": ""DETECT_SOURCE"", ""success"": true, ""message"": ""selected cup_0 conf=1.00 base=[ 0.355 -0.065  0.165] (0 ROI pts)"", ""duration_ms"": 0.2}, {""state"": ""PLAN_PICK"", ""success"": true, ""message"": ""grasp=[ 0.355 -0.065  0.165] pre=[ 0.257 -0.047  0.165]"", ""duration_ms"": 0.1}, {""state"": ""EXECUTE_PICK"", ""success"": true, ""message"": ""grasp executed"", ""duration_ms"": 134.9}, {""state"": ""VERIFY_GRASP"", ""success"": true, ""message"": ""object lifted 132 mm"", ""duration_ms"": 0.0}, {""state"": ""DETECT_TARGET"", ""success"": true, ""message"": ""target container bowl_0 base=[0.5  0.   0.14]"", ""duration_ms"": 0.1}, {""state"": ""PLAN_PLACE"", ""success"": true, ""message"": ""release above [0.5  0.   0.14] +0.07m"", ""duration_ms"": 0.0}, {""state"": ""EXECUTE_PLACE"", ""success"": true, ""message"": ""released"", ""duration_ms"": 106.0}, {""state"": ""VERIFY_DONE"", ""success"": true, ""message"": ""object placed 9 mm from target"", ""duration_ms"": 0.0}]"
53,sim_gt,20260712,0.37324,-0.10349,1,,244.2,0.4,134.8,0.2,108.6,0.0,0.0,132.0,9.6,"[{""state"": ""DETECT_SOURCE"", ""success"": true, ""message"": ""selected cup_0 conf=1.00 base=[ 0.373 -0.103  0.165] (0 ROI pts)"", ""duration_ms"": 0.4}, {""state"": ""PLAN_PICK"", ""success"": true, ""message"": ""grasp=[ 0.373 -0.103  0.165] pre=[ 0.277 -0.077  0.165]"", ""duration_ms"": 0.1}, {""state"": ""EXECUTE_PICK"", ""success"": true, ""message"": ""grasp executed"", ""duration_ms"": 134.8}, {""state"": ""VERIFY_GRASP"", ""success"": true, ""message"": ""object lifted 132 mm"", ""duration_ms"": 0.0}, {""state"": ""DETECT_TARGET"", ""success"": true, ""message"": ""target container bowl_0 base=[0.5  0.   0.14]"", ""duration_ms"": 0.2}, {""state"": ""PLAN_PLACE"", ""success"": true, ""message"": ""release above [0.5  0.   0.14] +0.07m"", ""duration_ms"": 0.0}, {""state"": ""EXECUTE_PLACE"", ""success"": true, ""message"": ""released"", ""duration_ms"": 108.6}, {""state"": ""VERIFY_DONE"", ""success"": true, ""message"": ""object placed 10 mm from target"", ""duration_ms"": 0.0}]"
54,sim_gt,20260712,0.37242,-0.10591,1,,252.3,0.2,132.6,0.1,119.2,0.0,0.0,132.4,10.0,"[{""state"": ""DETECT_SOURCE"", ""success"": true, ""message"": ""selected cup_0 conf=1.00 base=[ 0.372 -0.106  0.165] (0 ROI pts)"", ""duration_ms"": 0.2}, {""state"": ""PLAN_PICK"", ""success"": true, ""message"": ""grasp=[ 0.372 -0.106  0.165] pre=[ 0.276 -0.079  0.165]"", ""duration_ms"": 0.1}, {""state"": ""EXECUTE_PICK"", ""success"": true, ""message"": ""grasp executed"", ""duration_ms"": 132.6}, {""state"": ""VERIFY_GRASP"", ""success"": true, ""message"": ""object lifted 132 mm"", ""duration_ms"": 0.0}, {""state"": ""DETECT_TARGET"", ""success"": true, ""message"": ""target container bowl_0 base=[0.5  0.   0.14]"", ""duration_ms"": 0.1}, {""state"": ""PLAN_PLACE"", ""success"": true, ""message"": ""release above [0.5  0.   0.14] +0.07m"", ""duration_ms"": 0.0}, {""state"": ""EXECUTE_PLACE"", ""success"": true, ""message"": ""released"", ""duration_ms"": 119.2}, {""state"": ""VERIFY_DONE"", ""success"": true, ""message"": ""object placed 10 mm from target"", ""duration_ms"": 0.0}]"
55,sim_gt,20260712,0.35178,-0.10078,1,,241.6,0.2,133.4,0.2,107.6,0.0,0.0,133.4,3.1,"[{""state"": ""DETECT_SOURCE"", ""success"": true, ""message"": ""selected cup_0 conf=1.00 base=[ 0.352 -0.101  0.165] (0 ROI pts)"", ""duration_ms"": 0.2}, {""state"": ""PLAN_PICK"", ""success"": true, ""message"": ""grasp=[ 0.352 -0.101  0.165] pre=[ 0.256 -0.073  0.165]"", ""duration_ms"": 0.1}, {""state"": ""EXECUTE_PICK"", ""success"": true, ""message"": ""grasp executed"", ""duration_ms"": 133.4}, {""state"": ""VERIFY_GRASP"", ""success"": true, ""message"": ""object lifted 133 mm"", ""duration_ms"": 0.0}, {""state"": ""DETECT_TARGET"", ""success"": true, ""message"": ""target container bowl_0 base=[0.5  0.   0.14]"", ""duration_ms"": 0.2}, {""state"": ""PLAN_PLACE"", ""success"": true, ""message"": ""release above [0.5  0.   0.14] +0.07m"", ""duration_ms"": 0.0}, {""state"": ""EXECUTE_PLACE"", ""success"": true, ""message"": ""released"", ""duration_ms"": 107.6}, {""state"": ""VERIFY_DONE"", ""success"": true, ""message"": ""object placed 3 mm from target"", ""duration_ms"": 0.0}]"
56,sim_gt,20260712,0.39044,-0.13825,1,,236.1,0.2,132.8,0.1,102.8,0.0,0.0,136.2,17.8,"[{""state"": ""DETECT_SOURCE"", ""success"": true, ""message"": ""selected cup_0 conf=1.00 base=[ 0.39  -0.138  0.165] (0 ROI pts)"", ""duration_ms"": 0.2}, {""state"": ""PLAN_PICK"", ""success"": true, ""message"": ""grasp=[ 0.39  -0.138  0.165] pre=[ 0.296 -0.105  0.165]"", ""duration_ms"": 0.1}, {""state"": ""EXECUTE_PICK"", ""success"": true, ""message"": ""grasp executed"", ""duration_ms"": 132.8}, {""state"": ""VERIFY_GRASP"", ""success"": true, ""message"": ""object lifted 136 mm"", ""duration_ms"": 0.0}, {""state"": ""DETECT_TARGET"", ""success"": true, ""message"": ""target container bowl_0 base=[0.5  0.   0.14]"", ""duration_ms"": 0.1}, {""state"": ""PLAN_PLACE"", ""success"": true, ""message"": ""release above [0.5  0.   0.14] +0.07m"", ""duration_ms"": 0.0}, {""state"": ""EXECUTE_PLACE"", ""success"": true, ""message"": ""released"", ""duration_ms"": 102.8}, {""state"": ""VERIFY_DONE"", ""success"": true, ""message"": ""object placed 18 mm from target"", ""duration_ms"": 0.0}]"
57,sim_gt,20260712,0.3653,-0.15066,1,,236.7,0.2,129.8,0.1,106.3,0.0,0.0,134.2,5.1,"[{""state"": ""DETECT_SOURCE"", ""success"": true, ""message"": ""selected cup_0 conf=1.00 base=[ 0.365 -0.151  0.165] (0 ROI pts)"", ""duration_ms"": 0.2}, {""state"": ""PLAN_PICK"", ""success"": true, ""message"": ""grasp=[ 0.365 -0.151  0.165] pre=[ 0.273 -0.113  0.165]"", ""duration_ms"": 0.1}, {""state"": ""EXECUTE_PICK"", ""success"": true, ""message"": ""grasp executed"", ""duration_ms"": 129.8}, {""state"": ""VERIFY_GRASP"", ""success"": true, ""message"": ""object lifted 134 mm"", ""duration_ms"": 0.0}, {""state"": ""DETECT_TARGET"", ""success"": true, ""message"": ""target container bowl_0 base=[0.5  0.   0.14]"", ""duration_ms"": 0.1}, {""state"": ""PLAN_PLACE"", ""success"": true, ""message"": ""release above [0.5  0.   0.14] +0.07m"", ""duration_ms"": 0.0}, {""state"": ""EXECUTE_PLACE"", ""success"": true, ""message"": ""released"", ""duration_ms"": 106.3}, {""state"": ""VERIFY_DONE"", ""success"": true, ""message"": ""object placed 5 mm from target"", ""duration_ms"": 0.0}]"
58,sim_gt,20260712,0.34047,-0.15745,1,,236.9,0.2,132.0,0.1,104.4,0.0,0.0,132.7,19.7,"[{""state"": ""DETECT_SOURCE"", ""success"": true, ""message"": ""selected cup_0 conf=1.00 base=[ 0.34  -0.157  0.165] (0 ROI pts)"", ""duration_ms"": 0.2}, {""state"": ""PLAN_PICK"", ""success"": true, ""message"": ""grasp=[ 0.34  -0.157  0.165] pre=[ 0.25  -0.115  0.165]"", ""duration_ms"": 0.1}, {""state"": ""EXECUTE_PICK"", ""success"": true, ""message"": ""grasp executed"", ""duration_ms"": 132.0}, {""state"": ""VERIFY_GRASP"", ""success"": true, ""message"": ""object lifted 133 mm"", ""duration_ms"": 0.0}, {""state"": ""DETECT_TARGET"", ""success"": true, ""message"": ""target container bowl_0 base=[0.5  0.   0.14]"", ""duration_ms"": 0.1}, {""state"": ""PLAN_PLACE"", ""success"": true, ""message"": ""release above [0.5  0.   0.14] +0.07m"", ""duration_ms"": 0.0}, {""state"": ""EXECUTE_PLACE"", ""success"": true, ""message"": ""released"", ""duration_ms"": 104.4}, {""state"": ""VERIFY_DONE"", ""success"": true, ""message"": ""object placed 20 mm from target"", ""duration_ms"": 0.1}]"
59,sim_gt,20260712,0.34253,-0.11008,1,,240.9,0.2,134.2,0.1,106.2,0.0,0.0,130.9,4.7,"[{""state"": ""DETECT_SOURCE"", ""success"": true, ""message"": ""selected cup_0 conf=1.00 base=[ 0.343 -0.11   0.165] (0 ROI pts)"", ""duration_ms"": 0.2}, {""state"": ""PLAN_PICK"", ""success"": true, ""message"": ""grasp=[ 0.343 -0.11   0.165] pre=[ 0.247 -0.079  0.165]"", ""duration_ms"": 0.1}, {""state"": ""EXECUTE_PICK"", ""success"": true, ""message"": ""grasp executed"", ""duration_ms"": 134.2}, {""state"": ""VERIFY_GRASP"", ""success"": true, ""message"": ""object lifted 131 mm"", ""duration_ms"": 0.0}, {""state"": ""DETECT_TARGET"", ""success"": true, ""message"": ""target container bowl_0 base=[0.5  0.   0.14]"", ""duration_ms"": 0.1}, {""state"": ""PLAN_PLACE"", ""success"": true, ""message"": ""release above [0.5  0.   0.14] +0.07m"", ""duration_ms"": 0.0}, {""state"": ""EXECUTE_PLACE"", ""success"": true, ""message"": ""released"", ""duration_ms"": 106.2}, {""state"": ""VERIFY_DONE"", ""success"": true, ""message"": ""object placed 5 mm from target"", ""duration_ms"": 0.0}]"
60,sim_gt,20260712,0.38844,-0.13178,1,,271.8,0.2,162.5,0.1,108.8,0.0,0.0,136.2,17.2,"[{""state"": ""DETECT_SOURCE"", ""success"": true, ""message"": ""selected cup_0 conf=1.00 base=[ 0.388 -0.132  0.165] (0 ROI pts)"", ""duration_ms"": 0.2}, {""state"": ""PLAN_PICK"", ""success"": true, ""message"": ""grasp=[ 0.388 -0.132  0.165] pre=[ 0.294 -0.1    0.165]"", ""duration_ms"": 0.1}, {""state"": ""EXECUTE_PICK"", ""success"": true, ""message"": ""grasp executed"", ""duration_ms"": 162.5}, {""state"": ""VERIFY_GRASP"", ""success"": true, ""message"": ""object lifted 136 mm"", ""duration_ms"": 0.0}, {""state"": ""DETECT_TARGET"", ""success"": true, ""message"": ""target container bowl_0 base=[0.5  0.   0.14]"", ""duration_ms"": 0.1}, {""state"": ""PLAN_PLACE"", ""success"": true, ""message"": ""release above [0.5  0.   0.14] +0.07m"", ""duration_ms"": 0.0}, {""state"": ""EXECUTE_PLACE"", ""success"": true, ""message"": ""released"", ""duration_ms"": 108.8}, {""state"": ""VERIFY_DONE"", ""success"": true, ""message"": ""object placed 17 mm from target"", ""duration_ms"": 0.0}]"
61,sim_gt,20260712,0.35128,-0.08856,1,,236.6,0.2,128.0,0.2,108.0,0.0,0.0,131.7,2.1,"[{""state"": ""DETECT_SOURCE"", ""success"": true, ""message"": ""selected cup_0 conf=1.00 base=[ 0.351 -0.089  0.165] (0 ROI pts)"", ""duration_ms"": 0.2}, {""state"": ""PLAN_PICK"", ""success"": true, ""message"": ""grasp=[ 0.351 -0.089  0.165] pre=[ 0.254 -0.064  0.165]"", ""duration_ms"": 0.1}, {""state"": ""EXECUTE_PICK"", ""success"": true, ""message"": ""grasp executed"", ""duration_ms"": 128.0}, {""state"": ""VERIFY_GRASP"", ""success"": true, ""message"": ""object lifted 132 mm"", ""duration_ms"": 0.0}, {""state"": ""DETECT_TARGET"", ""success"": true, ""message"": ""target container bowl_0 base=[0.5  0.   0.14]"", ""duration_ms"": 0.2}, {""state"": ""PLAN_PLACE"", ""success"": true, ""message"": ""release above [0.5  0.   0.14] +0.07m"", ""duration_ms"": 0.0}, {""state"": ""EXECUTE_PLACE"", ""success"": true, ""message"": ""released"", ""duration_ms"": 108.0}, {""state"": ""VERIFY_DONE"", ""success"": true, ""message"": ""object placed 2 mm from target"", ""duration_ms"": 0.0}]"
62,sim_gt,20260712,0.36135,-0.11694,1,,270.3,0.2,134.8,0.1,134.9,0.0,0.0,133.2,5.9,"[{""state"": ""DETECT_SOURCE"", ""success"": true, ""message"": ""selected cup_0 conf=1.00 base=[ 0.361 -0.117  0.165] (0 ROI pts)"", ""duration_ms"": 0.2}, {""state"": ""PLAN_PICK"", ""success"": true, ""message"": ""grasp=[ 0.361 -0.117  0.165] pre=[ 0.266 -0.086  0.165]"", ""duration_ms"": 0.1}, {""state"": ""EXECUTE_PICK"", ""success"": true, ""message"": ""grasp executed"", ""duration_ms"": 134.8}, {""state"": ""VERIFY_GRASP"", ""success"": true, ""message"": ""object lifted 133 mm"", ""duration_ms"": 0.0}, {""state"": ""DETECT_TARGET"", ""success"": true, ""message"": ""target container bowl_0 base=[0.5  0.   0.14]"", ""duration_ms"": 0.1}, {""state"": ""PLAN_PLACE"", ""success"": true, ""message"": ""release above [0.5  0.   0.14] +0.07m"", ""duration_ms"": 0.0}, {""state"": ""EXECUTE_PLACE"", ""success"": true, ""message"": ""released"", ""duration_ms"": 134.9}, {""state"": ""VERIFY_DONE"", ""success"": true, ""message"": ""object placed 6 mm from target"", ""duration_ms"": 0.0}]"
63,sim_gt,20260712,0.4133,-0.14142,1,,244.7,0.3,140.7,0.1,103.4,0.0,0.0,138.3,18.9,"[{""state"": ""DETECT_SOURCE"", ""success"": true, ""message"": ""selected cup_0 conf=1.00 base=[ 0.413 -0.141  0.165] (0 ROI pts)"", ""duration_ms"": 0.3}, {""state"": ""PLAN_PICK"", ""success"": true, ""message"": ""grasp=[ 0.413 -0.141  0.165] pre=[ 0.319 -0.109  0.165]"", ""duration_ms"": 0.1}, {""state"": ""EXECUTE_PICK"", ""success"": true, ""message"": ""grasp executed"", ""duration_ms"": 140.7}, {""state"": ""VERIFY_GRASP"", ""success"": true, ""message"": ""object lifted 138 mm"", ""duration_ms"": 0.0}, {""state"": ""DETECT_TARGET"", ""success"": true, ""message"": ""target container bowl_0 base=[0.5  0.   0.14]"", ""duration_ms"": 0.1}, {""state"": ""PLAN_PLACE"", ""success"": true, ""message"": ""release above [0.5  0.   0.14] +0.07m"", ""duration_ms"": 0.0}, {""state"": ""EXECUTE_PLACE"", ""success"": true, ""message"": ""released"", ""duration_ms"": 103.4}, {""state"": ""VERIFY_DONE"", ""success"": true, ""message"": ""object placed 19 mm from target"", ""duration_ms"": 0.0}]"
64,sim_gt,20260712,0.38915,-0.14516,1,,233.7,0.2,131.7,0.1,101.6,0.0,0.0,136.2,18.3,"[{""state"": ""DETECT_SOURCE"", ""success"": true, ""message"": ""selected cup_0 conf=1.00 base=[ 0.389 -0.145  0.165] (0 ROI pts)"", ""duration_ms"": 0.2}, {""state"": ""PLAN_PICK"", ""success"": true, ""message"": ""grasp=[ 0.389 -0.145  0.165] pre=[ 0.295 -0.11   0.165]"", ""duration_ms"": 0.1}, {""state"": ""EXECUTE_PICK"", ""success"": true, ""message"": ""grasp executed"", ""duration_ms"": 131.7}, {""state"": ""VERIFY_GRASP"", ""success"": true, ""message"": ""object lifted 136 mm"", ""duration_ms"": 0.0}, {""state"": ""DETECT_TARGET"", ""success"": true, ""message"": ""target container bowl_0 base=[0.5  0.   0.14]"", ""duration_ms"": 0.1}, {""state"": ""PLAN_PLACE"", ""success"": true, ""message"": ""release above [0.5  0.   0.14] +0.07m"", ""duration_ms"": 0.0}, {""state"": ""EXECUTE_PLACE"", ""success"": true, ""message"": ""released"", ""duration_ms"": 101.6}, {""state"": ""VERIFY_DONE"", ""success"": true, ""message"": ""object placed 18 mm from target"", ""duration_ms"": 0.0}]"
65,sim_gt,20260712,0.41541,-0.12893,1,,240.2,0.3,136.3,0.1,103.3,0.0,0.0,137.0,12.6,"[{""state"": ""DETECT_SOURCE"", ""success"": true, ""message"": ""selected cup_0 conf=1.00 base=[ 0.415 -0.129  0.165] (0 ROI pts)"", ""duration_ms"": 0.3}, {""state"": ""PLAN_PICK"", ""success"": true, ""message"": ""grasp=[ 0.415 -0.129  0.165] pre=[ 0.32  -0.099  0.165]"", ""duration_ms"": 0.1}, {""state"": ""EXECUTE_PICK"", ""success"": true, ""message"": ""grasp executed"", ""duration_ms"": 136.3}, {""state"": ""VERIFY_GRASP"", ""success"": true, ""message"": ""object lifted 137 mm"", ""duration_ms"": 0.0}, {""state"": ""DETECT_TARGET"", ""success"": true, ""message"": ""target container bowl_0 base=[0.5  0.   0.14]"", ""duration_ms"": 0.1}, {""state"": ""PLAN_PLACE"", ""success"": true, ""message"": ""release above [0.5  0.   0.14] +0.07m"", ""duration_ms"": 0.0}, {""state"": ""EXECUTE_PLACE"", ""success"": true, ""message"": ""released"", ""duration_ms"": 103.3}, {""state"": ""VERIFY_DONE"", ""success"": true, ""message"": ""object placed 13 mm from target"", ""duration_ms"": 0.0}]"
66,sim_gt,20260712,0.34621,-0.06514,1,,232.4,0.2,129.4,0.1,102.4,0.0,0.0,129.2,6.7,"[{""state"": ""DETECT_SOURCE"", ""success"": true, ""message"": ""selected cup_0 conf=1.00 base=[ 0.346 -0.065  0.165] (0 ROI pts)"", ""duration_ms"": 0.2}, {""state"": ""PLAN_PICK"", ""success"": true, ""message"": ""grasp=[ 0.346 -0.065  0.165] pre=[ 0.248 -0.047  0.165]"", ""duration_ms"": 0.1}, {""state"": ""EXECUTE_PICK"", ""success"": true, ""message"": ""grasp executed"", ""duration_ms"": 129.4}, {""state"": ""VERIFY_GRASP"", ""success"": true, ""message"": ""object lifted 129 mm"", ""duration_ms"": 0.0}, {""state"": ""DETECT_TARGET"", ""success"": true, ""message"": ""target container bowl_0 base=[0.5  0.   0.14]"", ""duration_ms"": 0.1}, {""state"": ""PLAN_PLACE"", ""success"": true, ""message"": ""release above [0.5  0.   0.14] +0.07m"", ""duration_ms"": 0.0}, {""state"": ""EXECUTE_PLACE"", ""success"": true, ""message"": ""released"", ""duration_ms"": 102.4}, {""state"": ""VERIFY_DONE"", ""success"": true, ""message"": ""object placed 7 mm from target"", ""duration_ms"": 0.0}]"
67,sim_gt,20260712,0.39613,-0.11075,1,,238.5,0.3,135.8,0.1,102.1,0.0,0.0,136.6,17.6,"[{""state"": ""DETECT_SOURCE"", ""success"": true, ""message"": ""selected cup_0 conf=1.00 base=[ 0.396 -0.111  0.165] (0 ROI pts)"", ""duration_ms"": 0.3}, {""state"": ""PLAN_PICK"", ""success"": true, ""message"": ""grasp=[ 0.396 -0.111  0.165] pre=[ 0.3   -0.084  0.165]"", ""duration_ms"": 0.1}, {""state"": ""EXECUTE_PICK"", ""success"": true, ""message"": ""grasp executed"", ""duration_ms"": 135.8}, {""state"": ""VERIFY_GRASP"", ""success"": true, ""message"": ""object lifted 137 mm"", ""duration_ms"": 0.0}, {""state"": ""DETECT_TARGET"", ""success"": true, ""message"": ""target container bowl_0 base=[0.5  0.   0.14]"", ""duration_ms"": 0.1}, {""state"": ""PLAN_PLACE"", ""success"": true, ""message"": ""release above [0.5  0.   0.14] +0.07m"", ""duration_ms"": 0.0}, {""state"": ""EXECUTE_PLACE"", ""success"": true, ""message"": ""released"", ""duration_ms"": 102.1}, {""state"": ""VERIFY_DONE"", ""success"": true, ""message"": ""object placed 18 mm from target"", ""duration_ms"": 0.0}]"
68,sim_gt,20260712,0.37977,-0.11305,1,,252.7,0.3,138.6,0.1,113.4,0.0,0.0,134.2,6.7,"[{""state"": ""DETECT_SOURCE"", ""success"": true, ""message"": ""selected cup_0 conf=1.00 base=[ 0.38  -0.113  0.165] (0 ROI pts)"", ""duration_ms"": 0.3}, {""state"": ""PLAN_PICK"", ""success"": true, ""message"": ""grasp=[ 0.38  -0.113  0.165] pre=[ 0.284 -0.085  0.165]"", ""duration_ms"": 0.1}, {""state"": ""EXECUTE_PICK"", ""success"": true, ""message"": ""grasp executed"", ""duration_ms"": 138.6}, {""state"": ""VERIFY_GRASP"", ""success"": true, ""message"": ""object lifted 134 mm"", ""duration_ms"": 0.0}, {""state"": ""DETECT_TARGET"", ""success"": true, ""message"": ""target container bowl_0 base=[0.5  0.   0.14]"", ""duration_ms"": 0.1}, {""state"": ""PLAN_PLACE"", ""success"": true, ""message"": ""release above [0.5  0.   0.14] +0.07m"", ""duration_ms"": 0.0}, {""state"": ""EXECUTE_PLACE"", ""success"": true, ""message"": ""released"", ""duration_ms"": 113.4}, {""state"": ""VERIFY_DONE"", ""success"": true, ""message"": ""object placed 7 mm from target"", ""duration_ms"": 0.1}]"
69,sim_gt,20260712,0.36543,-0.07557,1,,257.5,0.3,145.8,0.1,111.0,0.0,0.0,132.8,8.5,"[{""state"": ""DETECT_SOURCE"", ""success"": true, ""message"": ""selected cup_0 conf=1.00 base=[ 0.365 -0.076  0.165] (0 ROI pts)"", ""duration_ms"": 0.3}, {""state"": ""PLAN_PICK"", ""success"": true, ""message"": ""grasp=[ 0.365 -0.076  0.165] pre=[ 0.268 -0.055  0.165]"", ""duration_ms"": 0.1}, {""state"": ""EXECUTE_PICK"", ""success"": true, ""message"": ""grasp executed"", ""duration_ms"": 145.8}, {""state"": ""VERIFY_GRASP"", ""success"": true, ""message"": ""object lifted 133 mm"", ""duration_ms"": 0.0}, {""state"": ""DETECT_TARGET"", ""success"": true, ""message"": ""target container bowl_0 base=[0.5  0.   0.14]"", ""duration_ms"": 0.1}, {""state"": ""PLAN_PLACE"", ""success"": true, ""message"": ""release above [0.5  0.   0.14] +0.07m"", ""duration_ms"": 0.1}, {""state"": ""EXECUTE_PLACE"", ""success"": true, ""message"": ""released"", ""duration_ms"": 111.0}, {""state"": ""VERIFY_DONE"", ""success"": true, ""message"": ""object placed 9 mm from target"", ""duration_ms"": 0.0}]"
70,sim_gt,20260712,0.40445,-0.07428,0,VERIFY_GRASP,346.7,0.3,346.2,0,0,0.0,,-0.1,,"[{""state"": ""DETECT_SOURCE"", ""success"": true, ""message"": ""selected cup_0 conf=1.00 base=[ 0.335 -0.125  0.146] (0 ROI pts)"", ""duration_ms"": 0.3}, {""state"": ""PLAN_PICK"", ""success"": true, ""message"": ""grasp=[ 0.335 -0.125  0.15 ] pre=[ 0.242 -0.09   0.15 ]"", ""duration_ms"": 0.1}, {""state"": ""EXECUTE_PICK"", ""success"": true, ""message"": ""grasp executed"", ""duration_ms"": 120.5}, {""state"": ""VERIFY_GRASP"", ""success"": false, ""message"": ""object only rose -0 mm (< 30 mm)"", ""duration_ms"": 0.0}, {""state"": ""EXECUTE_PICK"", ""success"": true, ""message"": ""grasp executed"", ""duration_ms"": 111.7}, {""state"": ""VERIFY_GRASP"", ""success"": false, ""message"": ""object only rose -0 mm (< 30 mm)"", ""duration_ms"": 0.0}, {""state"": ""EXECUTE_PICK"", ""success"": true, ""message"": ""grasp executed"", ""duration_ms"": 114.0}, {""state"": ""VERIFY_GRASP"", ""success"": false, ""message"": ""object only rose -0 mm (< 30 mm)"", ""duration_ms"": 0.0}]"
71,sim_gt,20260712,0.37286,-0.09326,1,,249.0,0.3,142.1,0.2,106.2,0.0,0.0,132.0,14.5,"[{""state"": ""DETECT_SOURCE"", ""success"": true, ""message"": ""selected cup_0 conf=1.00 base=[ 0.373 -0.093  0.165] (0 ROI pts)"", ""duration_ms"": 0.3}, {""state"": ""PLAN_PICK"", ""success"": true, ""message"": ""grasp=[ 0.373 -0.093  0.165] pre=[ 0.276 -0.069  0.165]"", ""duration_ms"": 0.1}, {""state"": ""EXECUTE_PICK"", ""success"": true, ""message"": ""grasp executed"", ""duration_ms"": 142.1}, {""state"": ""VERIFY_GRASP"", ""success"": true, ""message"": ""object lifted 132 mm"", ""duration_ms"": 0.0}, {""state"": ""DETECT_TARGET"", ""success"": true, ""message"": ""target container bowl_0 base=[0.5  0.   0.14]"", ""duration_ms"": 0.2}, {""state"": ""PLAN_PLACE"", ""success"": true, ""message"": ""release above [0.5  0.   0.14] +0.07m"", ""duration_ms"": 0.0}, {""state"": ""EXECUTE_PLACE"", ""success"": true, ""message"": ""released"", ""duration_ms"": 106.2}, {""state"": ""VERIFY_DONE"", ""success"": true, ""message"": ""object placed 15 mm from target"", ""duration_ms"": 0.0}]"
72,sim_gt,20260712,0.40492,-0.11782,1,,235.3,0.2,133.6,0.1,101.1,0.0,0.0,136.8,5.7,"[{""state"": ""DETECT_SOURCE"", ""success"": true, ""message"": ""selected cup_0 conf=1.00 base=[ 0.405 -0.118  0.165] (0 ROI pts)"", ""duration_ms"": 0.2}, {""state"": ""PLAN_PICK"", ""success"": true, ""message"": ""grasp=[ 0.405 -0.118  0.165] pre=[ 0.309 -0.09   0.165]"", ""duration_ms"": 0.1}, {""state"": ""EXECUTE_PICK"", ""success"": true, ""message"": ""grasp executed"", ""duration_ms"": 133.6}, {""state"": ""VERIFY_GRASP"", ""success"": true, ""message"": ""object lifted 137 mm"", ""duration_ms"": 0.0}, {""state"": ""DETECT_TARGET"", ""success"": true, ""message"": ""target container bowl_0 base=[0.5  0.   0.14]"", ""duration_ms"": 0.1}, {""state"": ""PLAN_PLACE"", ""success"": true, ""message"": ""release above [0.5  0.   0.14] +0.07m"", ""duration_ms"": 0.0}, {""state"": ""EXECUTE_PLACE"", ""success"": true, ""message"": ""released"", ""duration_ms"": 101.1}, {""state"": ""VERIFY_DONE"", ""success"": true, ""message"": ""object placed 6 mm from target"", ""duration_ms"": 0.0}]"
73,sim_gt,20260712,0.41434,-0.06431,0,VERIFY_GRASP,227.1,0.2,226.7,0,0,0.0,,-120.0,,"[{""state"": ""DETECT_SOURCE"", ""success"": true, ""message"": ""selected cup_0 conf=1.00 base=[ 0.357 -0.058  0.146] (0 ROI pts)"", ""duration_ms"": 0.2}, {""state"": ""PLAN_PICK"", ""success"": true, ""message"": ""grasp=[ 0.357 -0.058  0.15 ] pre=[ 0.258 -0.042  0.15 ]"", ""duration_ms"": 0.1}, {""state"": ""EXECUTE_PICK"", ""success"": true, ""message"": ""grasp executed"", ""duration_ms"": 83.2}, {""state"": ""VERIFY_GRASP"", ""success"": false, ""message"": ""object only rose -120 mm (< 30 mm)"", ""duration_ms"": 0.0}, {""state"": ""EXECUTE_PICK"", ""success"": true, ""message"": ""grasp executed"", ""duration_ms"": 69.0}, {""state"": ""VERIFY_GRASP"", ""success"": false, ""message"": ""object only rose -120 mm (< 30 mm)"", ""duration_ms"": 0.0}, {""state"": ""EXECUTE_PICK"", ""success"": true, ""message"": ""grasp executed"", ""duration_ms"": 74.5}, {""state"": ""VERIFY_GRASP"", ""success"": false, ""message"": ""object only rose -120 mm (< 30 mm)"", ""duration_ms"": 0.0}]"
74,sim_gt,20260712,0.34064,-0.14582,1,,241.4,0.3,134.2,0.1,106.6,0.0,0.0,131.5,14.6,"[{""state"": ""DETECT_SOURCE"", ""success"": true, ""message"": ""selected cup_0 conf=1.00 base=[ 0.341 -0.146  0.165] (0 ROI pts)"", ""duration_ms"": 0.3}, {""state"": ""PLAN_PICK"", ""success"": true, ""message"": ""grasp=[ 0.341 -0.146  0.165] pre=[ 0.249 -0.106  0.165]"", ""duration_ms"": 0.1}, {""state"": ""EXECUTE_PICK"", ""success"": true, ""message"": ""grasp executed"", ""duration_ms"": 134.2}, {""state"": ""VERIFY_GRASP"", ""success"": true, ""message"": ""object lifted 131 mm"", ""duration_ms"": 0.0}, {""state"": ""DETECT_TARGET"", ""success"": true, ""message"": ""target container bowl_0 base=[0.5  0.   0.14]"", ""duration_ms"": 0.1}, {""state"": ""PLAN_PLACE"", ""success"": true, ""message"": ""release above [0.5  0.   0.14] +0.07m"", ""duration_ms"": 0.0}, {""state"": ""EXECUTE_PLACE"", ""success"": true, ""message"": ""released"", ""duration_ms"": 106.6}, {""state"": ""VERIFY_DONE"", ""success"": true, ""message"": ""object placed 15 mm from target"", ""duration_ms"": 0.0}]"
75,sim_gt,20260712,0.349,-0.08755,1,,238.9,0.3,131.3,0.1,106.9,0.0,0.0,132.1,2.5,"[{""state"": ""DETECT_SOURCE"", ""success"": true, ""message"": ""selected cup_0 conf=1.00 base=[ 0.349 -0.088  0.165] (0 ROI pts)"", ""duration_ms"": 0.3}, {""state"": ""PLAN_PICK"", ""success"": true, ""message"": ""grasp=[ 0.349 -0.088  0.165] pre=[ 0.252 -0.063  0.165]"", ""duration_ms"": 0.1}, {""state"": ""EXECUTE_PICK"", ""success"": true, ""message"": ""grasp executed"", ""duration_ms"": 131.3}, {""state"": ""VERIFY_GRASP"", ""success"": true, ""message"": ""object lifted 132 mm"", ""duration_ms"": 0.0}, {""state"": ""DETECT_TARGET"", ""success"": true, ""message"": ""target container bowl_0 base=[0.5  0.   0.14]"", ""duration_ms"": 0.1}, {""state"": ""PLAN_PLACE"", ""success"": true, ""message"": ""release above [0.5  0.   0.14] +0.07m"", ""duration_ms"": 0.0}, {""state"": ""EXECUTE_PLACE"", ""success"": true, ""message"": ""released"", ""duration_ms"": 106.9}, {""state"": ""VERIFY_DONE"", ""success"": true, ""message"": ""object placed 3 mm from target"", ""duration_ms"": 0.0}]"
76,sim_gt,20260712,0.39381,-0.09392,0,VERIFY_DONE,189.8,0.3,129.8,0.1,59.3,0.0,0.0,89.6,1168.1,"[{""state"": ""DETECT_SOURCE"", ""success"": true, ""message"": ""selected cup_0 conf=1.00 base=[ 0.394 -0.094  0.165] (0 ROI pts)"", ""duration_ms"": 0.3}, {""state"": ""PLAN_PICK"", ""success"": true, ""message"": ""grasp=[ 0.394 -0.094  0.165] pre=[ 0.297 -0.071  0.165]"", ""duration_ms"": 0.1}, {""state"": ""EXECUTE_PICK"", ""success"": true, ""message"": ""grasp executed"", ""duration_ms"": 129.8}, {""state"": ""VERIFY_GRASP"", ""success"": true, ""message"": ""object lifted 90 mm"", ""duration_ms"": 0.0}, {""state"": ""DETECT_TARGET"", ""success"": true, ""message"": ""target container bowl_0 base=[0.5  0.   0.14]"", ""duration_ms"": 0.1}, {""state"": ""PLAN_PLACE"", ""success"": true, ""message"": ""release above [0.5  0.   0.14] +0.07m"", ""duration_ms"": 0.0}, {""state"": ""EXECUTE_PLACE"", ""success"": true, ""message"": ""released"", ""duration_ms"": 59.3}, {""state"": ""VERIFY_DONE"", ""success"": false, ""message"": ""object landed 1168 mm from target (> 90 mm)"", ""duration_ms"": 0.0}]"
77,sim_gt,20260712,0.34713,-0.14517,1,,243.5,0.2,134.9,0.1,108.1,0.0,0.0,133.4,4.3,"[{""state"": ""DETECT_SOURCE"", ""success"": true, ""message"": ""selected cup_0 conf=1.00 base=[ 0.347 -0.145  0.165] (0 ROI pts)"", ""duration_ms"": 0.2}, {""state"": ""PLAN_PICK"", ""success"": true, ""message"": ""grasp=[ 0.347 -0.145  0.165] pre=[ 0.255 -0.107  0.165]"", ""duration_ms"": 0.1}, {""state"": ""EXECUTE_PICK"", ""success"": true, ""message"": ""grasp executed"", ""duration_ms"": 134.9}, {""state"": ""VERIFY_GRASP"", ""success"": true, ""message"": ""object lifted 133 mm"", ""duration_ms"": 0.0}, {""state"": ""DETECT_TARGET"", ""success"": true, ""message"": ""target container bowl_0 base=[0.5  0.   0.14]"", ""duration_ms"": 0.1}, {""state"": ""PLAN_PLACE"", ""success"": true, ""message"": ""release above [0.5  0.   0.14] +0.07m"", ""duration_ms"": 0.0}, {""state"": ""EXECUTE_PLACE"", ""success"": true, ""message"": ""released"", ""duration_ms"": 108.1}, {""state"": ""VERIFY_DONE"", ""success"": true, ""message"": ""object placed 4 mm from target"", ""duration_ms"": 0.0}]"
78,sim_gt,20260712,0.37354,-0.10079,1,,236.7,0.1,134.2,0.1,102.2,0.0,0.0,133.9,6.4,"[{""state"": ""DETECT_SOURCE"", ""success"": true, ""message"": ""selected cup_0 conf=1.00 base=[ 0.374 -0.101  0.165] (0 ROI pts)"", ""duration_ms"": 0.1}, {""state"": ""PLAN_PICK"", ""success"": true, ""message"": ""grasp=[ 0.374 -0.101  0.165] pre=[ 0.277 -0.075  0.165]"", ""duration_ms"": 0.1}, {""state"": ""EXECUTE_PICK"", ""success"": true, ""message"": ""grasp executed"", ""duration_ms"": 134.2}, {""state"": ""VERIFY_GRASP"", ""success"": true, ""message"": ""object lifted 134 mm"", ""duration_ms"": 0.0}, {""state"": ""DETECT_TARGET"", ""success"": true, ""message"": ""target container bowl_0 base=[0.5  0.   0.14]"", ""duration_ms"": 0.1}, {""state"": ""PLAN_PLACE"", ""success"": true, ""message"": ""release above [0.5  0.   0.14] +0.07m"", ""duration_ms"": 0.0}, {""state"": ""EXECUTE_PLACE"", ""success"": true, ""message"": ""released"", ""duration_ms"": 102.2}, {""state"": ""VERIFY_DONE"", ""success"": true, ""message"": ""object placed 6 mm from target"", ""duration_ms"": 0.0}]"
79,sim_gt,20260712,0.38621,-0.14642,1,,240.7,0.3,134.7,0.1,105.4,0.0,0.0,136.2,18.3,"[{""state"": ""DETECT_SOURCE"", ""success"": true, ""message"": ""selected cup_0 conf=1.00 base=[ 0.386 -0.146  0.165] (0 ROI pts)"", ""duration_ms"": 0.3}, {""state"": ""PLAN_PICK"", ""success"": true, ""message"": ""grasp=[ 0.386 -0.146  0.165] pre=[ 0.293 -0.111  0.165]"", ""duration_ms"": 0.1}, {""state"": ""EXECUTE_PICK"", ""success"": true, ""message"": ""grasp executed"", ""duration_ms"": 134.7}, {""state"": ""VERIFY_GRASP"", ""success"": true, ""message"": ""object lifted 136 mm"", ""duration_ms"": 0.0}, {""state"": ""DETECT_TARGET"", ""success"": true, ""message"": ""target container bowl_0 base=[0.5  0.   0.14]"", ""duration_ms"": 0.1}, {""state"": ""PLAN_PLACE"", ""success"": true, ""message"": ""release above [0.5  0.   0.14] +0.07m"", ""duration_ms"": 0.0}, {""state"": ""EXECUTE_PLACE"", ""success"": true, ""message"": ""released"", ""duration_ms"": 105.4}, {""state"": ""VERIFY_DONE"", ""success"": true, ""message"": ""object placed 18 mm from target"", ""duration_ms"": 0.1}]"
80,sim_gt,20260712,0.34349,-0.13033,1,,237.9,0.3,131.1,0.1,106.1,0.0,0.0,133.4,4.2,"[{""state"": ""DETECT_SOURCE"", ""success"": true, ""message"": ""selected cup_0 conf=1.00 base=[ 0.343 -0.13   0.165] (0 ROI pts)"", ""duration_ms"": 0.3}, {""state"": ""PLAN_PICK"", ""success"": true, ""message"": ""grasp=[ 0.343 -0.13   0.165] pre=[ 0.25  -0.095  0.165]"", ""duration_ms"": 0.1}, {""state"": ""EXECUTE_PICK"", ""success"": true, ""message"": ""grasp executed"", ""duration_ms"": 131.1}, {""state"": ""VERIFY_GRASP"", ""success"": true, ""message"": ""object lifted 133 mm"", ""duration_ms"": 0.0}, {""state"": ""DETECT_TARGET"", ""success"": true, ""message"": ""target container bowl_0 base=[0.5  0.   0.14]"", ""duration_ms"": 0.1}, {""state"": ""PLAN_PLACE"", ""success"": true, ""message"": ""release above [0.5  0.   0.14] +0.07m"", ""duration_ms"": 0.0}, {""state"": ""EXECUTE_PLACE"", ""success"": true, ""message"": ""released"", ""duration_ms"": 106.1}, {""state"": ""VERIFY_DONE"", ""success"": true, ""message"": ""object placed 4 mm from target"", ""duration_ms"": 0.0}]"
81,sim_gt,20260712,0.34693,-0.13741,1,,238.1,0.2,132.5,0.1,105.1,0.0,0.0,131.3,14.0,"[{""state"": ""DETECT_SOURCE"", ""success"": true, ""message"": ""selected cup_0 conf=1.00 base=[ 0.347 -0.137  0.165] (0 ROI pts)"", ""duration_ms"": 0.2}, {""state"": ""PLAN_PICK"", ""success"": true, ""message"": ""grasp=[ 0.347 -0.137  0.165] pre=[ 0.254 -0.101  0.165]"", ""duration_ms"": 0.1}, {""state"": ""EXECUTE_PICK"", ""success"": true, ""message"": ""grasp executed"", ""duration_ms"": 132.5}, {""state"": ""VERIFY_GRASP"", ""success"": true, ""message"": ""object lifted 131 mm"", ""duration_ms"": 0.0}, {""state"": ""DETECT_TARGET"", ""success"": true, ""message"": ""target container bowl_0 base=[0.5  0.   0.14]"", ""duration_ms"": 0.1}, {""state"": ""PLAN_PLACE"", ""success"": true, ""message"": ""release above [0.5  0.   0.14] +0.07m"", ""duration_ms"": 0.0}, {""state"": ""EXECUTE_PLACE"", ""success"": true, ""message"": ""released"", ""duration_ms"": 105.1}, {""state"": ""VERIFY_DONE"", ""success"": true, ""message"": ""object placed 14 mm from target"", ""duration_ms"": 0.0}]"
82,sim_gt,20260712,0.39082,-0.12911,1,,235.6,0.2,133.5,0.0,101.7,0.0,0.0,136.2,17.5,"[{""state"": ""DETECT_SOURCE"", ""success"": true, ""message"": ""selected cup_0 conf=1.00 base=[ 0.391 -0.129  0.165] (0 ROI pts)"", ""duration_ms"": 0.2}, {""state"": ""PLAN_PICK"", ""success"": true, ""message"": ""grasp=[ 0.391 -0.129  0.165] pre=[ 0.296 -0.098  0.165]"", ""duration_ms"": 0.1}, {""state"": ""EXECUTE_PICK"", ""success"": true, ""message"": ""grasp executed"", ""duration_ms"": 133.5}, {""state"": ""VERIFY_GRASP"", ""success"": true, ""message"": ""object lifted 136 mm"", ""duration_ms"": 0.0}, {""state"": ""DETECT_TARGET"", ""success"": true, ""message"": ""target container bowl_0 base=[0.5  0.   0.14]"", ""duration_ms"": 0.0}, {""state"": ""PLAN_PLACE"", ""success"": true, ""message"": ""release above [0.5  0.   0.14] +0.07m"", ""duration_ms"": 0.0}, {""state"": ""EXECUTE_PLACE"", ""success"": true, ""message"": ""released"", ""duration_ms"": 101.7}, {""state"": ""VERIFY_DONE"", ""success"": true, ""message"": ""object placed 17 mm from target"", ""duration_ms"": 0.0}]"
83,sim_gt,20260712,0.36354,-0.11638,1,,239.8,0.3,130.3,0.1,108.9,0.0,0.0,133.6,4.3,"[{""state"": ""DETECT_SOURCE"", ""success"": true, ""message"": ""selected cup_0 conf=1.00 base=[ 0.364 -0.116  0.165] (0 ROI pts)"", ""duration_ms"": 0.3}, {""state"": ""PLAN_PICK"", ""success"": true, ""message"": ""grasp=[ 0.364 -0.116  0.165] pre=[ 0.268 -0.086  0.165]"", ""duration_ms"": 0.1}, {""state"": ""EXECUTE_PICK"", ""success"": true, ""message"": ""grasp executed"", ""duration_ms"": 130.3}, {""state"": ""VERIFY_GRASP"", ""success"": true, ""message"": ""object lifted 134 mm"", ""duration_ms"": 0.0}, {""state"": ""DETECT_TARGET"", ""success"": true, ""message"": ""target container bowl_0 base=[0.5  0.   0.14]"", ""duration_ms"": 0.1}, {""state"": ""PLAN_PLACE"", ""success"": true, ""message"": ""release above [0.5  0.   0.14] +0.07m"", ""duration_ms"": 0.0}, {""state"": ""EXECUTE_PLACE"", ""success"": true, ""message"": ""released"", ""duration_ms"": 108.9}, {""state"": ""VERIFY_DONE"", ""success"": true, ""message"": ""object placed 4 mm from target"", ""duration_ms"": 0.1}]"
84,sim_gt,20260712,0.4131,-0.11406,1,,236.5,0.2,132.3,0.1,103.7,0.0,0.0,138.5,4.2,"[{""state"": ""DETECT_SOURCE"", ""success"": true, ""message"": ""selected cup_0 conf=1.00 base=[ 0.413 -0.114  0.165] (0 ROI pts)"", ""duration_ms"": 0.2}, {""state"": ""PLAN_PICK"", ""success"": true, ""message"": ""grasp=[ 0.413 -0.114  0.165] pre=[ 0.317 -0.087  0.165]"", ""duration_ms"": 0.1}, {""state"": ""EXECUTE_PICK"", ""success"": true, ""message"": ""grasp executed"", ""duration_ms"": 132.3}, {""state"": ""VERIFY_GRASP"", ""success"": true, ""message"": ""object lifted 139 mm"", ""duration_ms"": 0.0}, {""state"": ""DETECT_TARGET"", ""success"": true, ""message"": ""target container bowl_0 base=[0.5  0.   0.14]"", ""duration_ms"": 0.1}, {""state"": ""PLAN_PLACE"", ""success"": true, ""message"": ""release above [0.5  0.   0.14] +0.07m"", ""duration_ms"": 0.0}, {""state"": ""EXECUTE_PLACE"", ""success"": true, ""message"": ""released"", ""duration_ms"": 103.7}, {""state"": ""VERIFY_DONE"", ""success"": true, ""message"": ""object placed 4 mm from target"", ""duration_ms"": 0.0}]"
85,sim_gt,20260712,0.38321,-0.09491,1,,236.3,0.3,133.8,0.1,102.0,0.0,0.0,145.3,2.4,"[{""state"": ""DETECT_SOURCE"", ""success"": true, ""message"": ""selected cup_0 conf=1.00 base=[ 0.383 -0.095  0.165] (0 ROI pts)"", ""duration_ms"": 0.3}, {""state"": ""PLAN_PICK"", ""success"": true, ""message"": ""grasp=[ 0.383 -0.095  0.165] pre=[ 0.286 -0.071  0.165]"", ""duration_ms"": 0.1}, {""state"": ""EXECUTE_PICK"", ""success"": true, ""message"": ""grasp executed"", ""duration_ms"": 133.8}, {""state"": ""VERIFY_GRASP"", ""success"": true, ""message"": ""object lifted 145 mm"", ""duration_ms"": 0.0}, {""state"": ""DETECT_TARGET"", ""success"": true, ""message"": ""target container bowl_0 base=[0.5  0.   0.14]"", ""duration_ms"": 0.1}, {""state"": ""PLAN_PLACE"", ""success"": true, ""message"": ""release above [0.5  0.   0.14] +0.07m"", ""duration_ms"": 0.0}, {""state"": ""EXECUTE_PLACE"", ""success"": true, ""message"": ""released"", ""duration_ms"": 102.0}, {""state"": ""VERIFY_DONE"", ""success"": true, ""message"": ""object placed 2 mm from target"", ""duration_ms"": 0.0}]"
86,sim_gt,20260712,0.3444,-0.07254,1,,235.7,0.3,123.8,0.1,111.2,0.0,0.0,130.6,2.6,"[{""state"": ""DETECT_SOURCE"", ""success"": true, ""message"": ""selected cup_0 conf=1.00 base=[ 0.344 -0.073  0.165] (0 ROI pts)"", ""duration_ms"": 0.3}, {""state"": ""PLAN_PICK"", ""success"": true, ""message"": ""grasp=[ 0.344 -0.073  0.165] pre=[ 0.247 -0.052  0.165]"", ""duration_ms"": 0.1}, {""state"": ""EXECUTE_PICK"", ""success"": true, ""message"": ""grasp executed"", ""duration_ms"": 123.8}, {""state"": ""VERIFY_GRASP"", ""success"": true, ""message"": ""object lifted 131 mm"", ""duration_ms"": 0.0}, {""state"": ""DETECT_TARGET"", ""success"": true, ""message"": ""target container bowl_0 base=[0.5  0.   0.14]"", ""duration_ms"": 0.1}, {""state"": ""PLAN_PLACE"", ""success"": true, ""message"": ""release above [0.5  0.   0.14] +0.07m"", ""duration_ms"": 0.0}, {""state"": ""EXECUTE_PLACE"", ""success"": true, ""message"": ""released"", ""duration_ms"": 111.2}, {""state"": ""VERIFY_DONE"", ""success"": true, ""message"": ""object placed 3 mm from target"", ""duration_ms"": 0.0}]"
87,sim_gt,20260712,0.3853,-0.11111,1,,236.1,0.3,132.8,0.1,102.6,0.0,0.0,135.0,13.6,"[{""state"": ""DETECT_SOURCE"", ""success"": true, ""message"": ""selected cup_0 conf=1.00 base=[ 0.385 -0.111  0.165] (0 ROI pts)"", ""duration_ms"": 0.3}, {""state"": ""PLAN_PICK"", ""success"": true, ""message"": ""grasp=[ 0.385 -0.111  0.165] pre=[ 0.289 -0.083  0.165]"", ""duration_ms"": 0.1}, {""state"": ""EXECUTE_PICK"", ""success"": true, ""message"": ""grasp executed"", ""duration_ms"": 132.8}, {""state"": ""VERIFY_GRASP"", ""success"": true, ""message"": ""object lifted 135 mm"", ""duration_ms"": 0.0}, {""state"": ""DETECT_TARGET"", ""success"": true, ""message"": ""target container bowl_0 base=[0.5  0.   0.14]"", ""duration_ms"": 0.1}, {""state"": ""PLAN_PLACE"", ""success"": true, ""message"": ""release above [0.5  0.   0.14] +0.07m"", ""duration_ms"": 0.0}, {""state"": ""EXECUTE_PLACE"", ""success"": true, ""message"": ""released"", ""duration_ms"": 102.6}, {""state"": ""VERIFY_DONE"", ""success"": true, ""message"": ""object placed 14 mm from target"", ""duration_ms"": 0.0}]"
88,sim_gt,20260712,0.41183,-0.06921,0,VERIFY_GRASP,338.7,0.3,338.2,0,0,0.0,,0.0,,"[{""state"": ""DETECT_SOURCE"", ""success"": true, ""message"": ""selected cup_0 conf=1.00 base=[ 0.355 -0.065  0.146] (0 ROI pts)"", ""duration_ms"": 0.3}, {""state"": ""PLAN_PICK"", ""success"": true, ""message"": ""grasp=[ 0.355 -0.065  0.15 ] pre=[ 0.256 -0.047  0.15 ]"", ""duration_ms"": 0.1}, {""state"": ""EXECUTE_PICK"", ""success"": true, ""message"": ""grasp executed"", ""duration_ms"": 126.4}, {""state"": ""VERIFY_GRASP"", ""success"": false, ""message"": ""object only rose 0 mm (< 30 mm)"", ""duration_ms"": 0.0}, {""state"": ""EXECUTE_PICK"", ""success"": true, ""message"": ""grasp executed"", ""duration_ms"": 104.8}, {""state"": ""VERIFY_GRASP"", ""success"": false, ""message"": ""object only rose 0 mm (< 30 mm)"", ""duration_ms"": 0.0}, {""state"": ""EXECUTE_PICK"", ""success"": true, ""message"": ""grasp executed"", ""duration_ms"": 107.0}, {""state"": ""VERIFY_GRASP"", ""success"": false, ""message"": ""object only rose 0 mm (< 30 mm)"", ""duration_ms"": 0.0}]"
89,sim_gt,20260712,0.35739,-0.12293,1,,236.6,0.2,130.7,0.2,105.4,0.0,0.0,133.1,5.1,"[{""state"": ""DETECT_SOURCE"", ""success"": true, ""message"": ""selected cup_0 conf=1.00 base=[ 0.357 -0.123  0.165] (0 ROI pts)"", ""duration_ms"": 0.2}, {""state"": ""PLAN_PICK"", ""success"": true, ""message"": ""grasp=[ 0.357 -0.123  0.165] pre=[ 0.263 -0.09   0.165]"", ""duration_ms"": 0.1}, {""state"": ""EXECUTE_PICK"", ""success"": true, ""message"": ""grasp executed"", ""duration_ms"": 130.7}, {""state"": ""VERIFY_GRASP"", ""success"": true, ""message"": ""object lifted 133 mm"", ""duration_ms"": 0.0}, {""state"": ""DETECT_TARGET"", ""success"": true, ""message"": ""target container bowl_0 base=[0.5  0.   0.14]"", ""duration_ms"": 0.2}, {""state"": ""PLAN_PLACE"", ""success"": true, ""message"": ""release above [0.5  0.   0.14] +0.07m"", ""duration_ms"": 0.0}, {""state"": ""EXECUTE_PLACE"", ""success"": true, ""message"": ""released"", ""duration_ms"": 105.4}, {""state"": ""VERIFY_DONE"", ""success"": true, ""message"": ""object placed 5 mm from target"", ""duration_ms"": 0.0}]"
90,sim_gt,20260712,0.36082,-0.0935,1,,239.2,0.2,131.4,0.1,107.3,0.0,0.0,132.2,3.5,"[{""state"": ""DETECT_SOURCE"", ""success"": true, ""message"": ""selected cup_0 conf=1.00 base=[ 0.361 -0.094  0.165] (0 ROI pts)"", ""duration_ms"": 0.2}, {""state"": ""PLAN_PICK"", ""success"": true, ""message"": ""grasp=[ 0.361 -0.094  0.165] pre=[ 0.264 -0.068  0.165]"", ""duration_ms"": 0.1}, {""state"": ""EXECUTE_PICK"", ""success"": true, ""message"": ""grasp executed"", ""duration_ms"": 131.4}, {""state"": ""VERIFY_GRASP"", ""success"": true, ""message"": ""object lifted 132 mm"", ""duration_ms"": 0.0}, {""state"": ""DETECT_TARGET"", ""success"": true, ""message"": ""target container bowl_0 base=[0.5  0.   0.14]"", ""duration_ms"": 0.1}, {""state"": ""PLAN_PLACE"", ""success"": true, ""message"": ""release above [0.5  0.   0.14] +0.07m"", ""duration_ms"": 0.0}, {""state"": ""EXECUTE_PLACE"", ""success"": true, ""message"": ""released"", ""duration_ms"": 107.3}, {""state"": ""VERIFY_DONE"", ""success"": true, ""message"": ""object placed 3 mm from target"", ""duration_ms"": 0.0}]"
91,sim_gt,20260712,0.3771,-0.10237,1,,237.8,0.2,130.5,0.1,106.7,0.0,0.0,134.9,4.4,"[{""state"": ""DETECT_SOURCE"", ""success"": true, ""message"": ""selected cup_0 conf=1.00 base=[ 0.377 -0.102  0.165] (0 ROI pts)"", ""duration_ms"": 0.2}, {""state"": ""PLAN_PICK"", ""success"": true, ""message"": ""grasp=[ 0.377 -0.102  0.165] pre=[ 0.281 -0.076  0.165]"", ""duration_ms"": 0.1}, {""state"": ""EXECUTE_PICK"", ""success"": true, ""message"": ""grasp executed"", ""duration_ms"": 130.5}, {""state"": ""VERIFY_GRASP"", ""success"": true, ""message"": ""object lifted 135 mm"", ""duration_ms"": 0.0}, {""state"": ""DETECT_TARGET"", ""success"": true, ""message"": ""target container bowl_0 base=[0.5  0.   0.14]"", ""duration_ms"": 0.1}, {""state"": ""PLAN_PLACE"", ""success"": true, ""message"": ""release above [0.5  0.   0.14] +0.07m"", ""duration_ms"": 0.0}, {""state"": ""EXECUTE_PLACE"", ""success"": true, ""message"": ""released"", ""duration_ms"": 106.7}, {""state"": ""VERIFY_DONE"", ""success"": true, ""message"": ""object placed 4 mm from target"", ""duration_ms"": 0.1}]"
92,sim_gt,20260712,0.36624,-0.06295,1,,238.0,0.2,134.8,0.1,102.6,0.0,0.0,132.0,7.1,"[{""state"": ""DETECT_SOURCE"", ""success"": true, ""message"": ""selected cup_0 conf=1.00 base=[ 0.366 -0.063  0.165] (0 ROI pts)"", ""duration_ms"": 0.2}, {""state"": ""PLAN_PICK"", ""success"": true, ""message"": ""grasp=[ 0.366 -0.063  0.165] pre=[ 0.268 -0.046  0.165]"", ""duration_ms"": 0.2}, {""state"": ""EXECUTE_PICK"", ""success"": true, ""message"": ""grasp executed"", ""duration_ms"": 134.8}, {""state"": ""VERIFY_GRASP"", ""success"": true, ""message"": ""object lifted 132 mm"", ""duration_ms"": 0.0}, {""state"": ""DETECT_TARGET"", ""success"": true, ""message"": ""target container bowl_0 base=[0.5  0.   0.14]"", ""duration_ms"": 0.1}, {""state"": ""PLAN_PLACE"", ""success"": true, ""message"": ""release above [0.5  0.   0.14] +0.07m"", ""duration_ms"": 0.0}, {""state"": ""EXECUTE_PLACE"", ""success"": true, ""message"": ""released"", ""duration_ms"": 102.6}, {""state"": ""VERIFY_DONE"", ""success"": true, ""message"": ""object placed 7 mm from target"", ""duration_ms"": 0.0}]"
93,sim_gt,20260712,0.40695,-0.15468,1,,236.0,0.1,131.9,0.2,103.6,0.0,0.0,137.7,11.3,"[{""state"": ""DETECT_SOURCE"", ""success"": true, ""message"": ""selected cup_0 conf=1.00 base=[ 0.407 -0.155  0.165] (0 ROI pts)"", ""duration_ms"": 0.1}, {""state"": ""PLAN_PICK"", ""success"": true, ""message"": ""grasp=[ 0.407 -0.155  0.165] pre=[ 0.313 -0.119  0.165]"", ""duration_ms"": 0.1}, {""state"": ""EXECUTE_PICK"", ""success"": true, ""message"": ""grasp executed"", ""duration_ms"": 131.9}, {""state"": ""VERIFY_GRASP"", ""success"": true, ""message"": ""object lifted 138 mm"", ""duration_ms"": 0.0}, {""state"": ""DETECT_TARGET"", ""success"": true, ""message"": ""target container bowl_0 base=[0.5  0.   0.14]"", ""duration_ms"": 0.2}, {""state"": ""PLAN_PLACE"", ""success"": true, ""message"": ""release above [0.5  0.   0.14] +0.07m"", ""duration_ms"": 0.0}, {""state"": ""EXECUTE_PLACE"", ""success"": true, ""message"": ""released"", ""duration_ms"": 103.6}, {""state"": ""VERIFY_DONE"", ""success"": true, ""message"": ""object placed 11 mm from target"", ""duration_ms"": 0.0}]"
94,sim_gt,20260712,0.41648,-0.06858,0,VERIFY_GRASP,264.5,0.2,264.1,0,0,0.0,,-120.0,,"[{""state"": ""DETECT_SOURCE"", ""success"": true, ""message"": ""selected cup_0 conf=1.00 base=[ 0.36  -0.067  0.146] (0 ROI pts)"", ""duration_ms"": 0.2}, {""state"": ""PLAN_PICK"", ""success"": true, ""message"": ""grasp=[ 0.36  -0.067  0.15 ] pre=[ 0.262 -0.049  0.15 ]"", ""duration_ms"": 0.1}, {""state"": ""EXECUTE_PICK"", ""success"": true, ""message"": ""grasp executed"", ""duration_ms"": 113.0}, {""state"": ""VERIFY_GRASP"", ""success"": false, ""message"": ""object only rose 0 mm (< 30 mm)"", ""duration_ms"": 0.0}, {""state"": ""EXECUTE_PICK"", ""success"": true, ""message"": ""grasp executed"", ""duration_ms"": 78.8}, {""state"": ""VERIFY_GRASP"", ""success"": false, ""message"": ""object only rose -120 mm (< 30 mm)"", ""duration_ms"": 0.0}, {""state"": ""EXECUTE_PICK"", ""success"": true, ""message"": ""grasp executed"", ""duration_ms"": 72.3}, {""state"": ""VERIFY_GRASP"", ""success"": false, ""message"": ""object only rose -120 mm (< 30 mm)"", ""duration_ms"": 0.0}]"
95,sim_gt,20260712,0.41059,-0.08007,0,VERIFY_GRASP,238.6,0.2,238.3,0,0,0.0,,-120.1,,"[{""state"": ""DETECT_SOURCE"", ""success"": true, ""message"": ""selected cup_0 conf=1.00 base=[ 0.367 -0.115  0.146] (0 ROI pts)"", ""duration_ms"": 0.2}, {""state"": ""PLAN_PICK"", ""success"": true, ""message"": ""grasp=[ 0.367 -0.115  0.15 ] pre=[ 0.272 -0.085  0.15 ]"", ""duration_ms"": 0.1}, {""state"": ""EXECUTE_PICK"", ""success"": true, ""message"": ""grasp executed"", ""duration_ms"": 94.2}, {""state"": ""VERIFY_GRASP"", ""success"": false, ""message"": ""object only rose -120 mm (< 30 mm)"", ""duration_ms"": 0.0}, {""state"": ""EXECUTE_PICK"", ""success"": true, ""message"": ""grasp executed"", ""duration_ms"": 69.7}, {""state"": ""VERIFY_GRASP"", ""success"": false, ""message"": ""object only rose -120 mm (< 30 mm)"", ""duration_ms"": 0.0}, {""state"": ""EXECUTE_PICK"", ""success"": true, ""message"": ""grasp executed"", ""duration_ms"": 74.4}, {""state"": ""VERIFY_GRASP"", ""success"": false, ""message"": ""object only rose -120 mm (< 30 mm)"", ""duration_ms"": 0.0}]"
96,sim_gt,20260712,0.3969,-0.12124,1,,239.2,0.2,135.7,0.1,103.0,0.0,0.0,135.1,18.0,"[{""state"": ""DETECT_SOURCE"", ""success"": true, ""message"": ""selected cup_0 conf=1.00 base=[ 0.397 -0.121  0.165] (0 ROI pts)"", ""duration_ms"": 0.2}, {""state"": ""PLAN_PICK"", ""success"": true, ""message"": ""grasp=[ 0.397 -0.121  0.165] pre=[ 0.301 -0.092  0.165]"", ""duration_ms"": 0.1}, {""state"": ""EXECUTE_PICK"", ""success"": true, ""message"": ""grasp executed"", ""duration_ms"": 135.7}, {""state"": ""VERIFY_GRASP"", ""success"": true, ""message"": ""object lifted 135 mm"", ""duration_ms"": 0.0}, {""state"": ""DETECT_TARGET"", ""success"": true, ""message"": ""target container bowl_0 base=[0.5  0.   0.14]"", ""duration_ms"": 0.1}, {""state"": ""PLAN_PLACE"", ""success"": true, ""message"": ""release above [0.5  0.   0.14] +0.07m"", ""duration_ms"": 0.0}, {""state"": ""EXECUTE_PLACE"", ""success"": true, ""message"": ""released"", ""duration_ms"": 103.0}, {""state"": ""VERIFY_DONE"", ""success"": true, ""message"": ""object placed 18 mm from target"", ""duration_ms"": 0.0}]"
97,sim_gt,20260712,0.35534,-0.11037,1,,237.9,0.2,132.8,0.1,104.6,0.0,0.0,132.6,5.0,"[{""state"": ""DETECT_SOURCE"", ""success"": true, ""message"": ""selected cup_0 conf=1.00 base=[ 0.355 -0.11   0.165] (0 ROI pts)"", ""duration_ms"": 0.2}, {""state"": ""PLAN_PICK"", ""success"": true, ""message"": ""grasp=[ 0.355 -0.11   0.165] pre=[ 0.26  -0.081  0.165]"", ""duration_ms"": 0.1}, {""state"": ""EXECUTE_PICK"", ""success"": true, ""message"": ""grasp executed"", ""duration_ms"": 132.8}, {""state"": ""VERIFY_GRASP"", ""success"": true, ""message"": ""object lifted 133 mm"", ""duration_ms"": 0.0}, {""state"": ""DETECT_TARGET"", ""success"": true, ""message"": ""target container bowl_0 base=[0.5  0.   0.14]"", ""duration_ms"": 0.1}, {""state"": ""PLAN_PLACE"", ""success"": true, ""message"": ""release above [0.5  0.   0.14] +0.07m"", ""duration_ms"": 0.0}, {""state"": ""EXECUTE_PLACE"", ""success"": true, ""message"": ""released"", ""duration_ms"": 104.6}, {""state"": ""VERIFY_DONE"", ""success"": true, ""message"": ""object placed 5 mm from target"", ""duration_ms"": 0.0}]"
98,sim_gt,20260712,0.39515,-0.11264,1,,241.5,0.3,139.1,0.1,101.8,0.0,0.0,135.9,18.1,"[{""state"": ""DETECT_SOURCE"", ""success"": true, ""message"": ""selected cup_0 conf=1.00 base=[ 0.395 -0.113  0.165] (0 ROI pts)"", ""duration_ms"": 0.3}, {""state"": ""PLAN_PICK"", ""success"": true, ""message"": ""grasp=[ 0.395 -0.113  0.165] pre=[ 0.299 -0.085  0.165]"", ""duration_ms"": 0.1}, {""state"": ""EXECUTE_PICK"", ""success"": true, ""message"": ""grasp executed"", ""duration_ms"": 139.1}, {""state"": ""VERIFY_GRASP"", ""success"": true, ""message"": ""object lifted 136 mm"", ""duration_ms"": 0.0}, {""state"": ""DETECT_TARGET"", ""success"": true, ""message"": ""target container bowl_0 base=[0.5  0.   0.14]"", ""duration_ms"": 0.1}, {""state"": ""PLAN_PLACE"", ""success"": true, ""message"": ""release above [0.5  0.   0.14] +0.07m"", ""duration_ms"": 0.0}, {""state"": ""EXECUTE_PLACE"", ""success"": true, ""message"": ""released"", ""duration_ms"": 101.8}, {""state"": ""VERIFY_DONE"", ""success"": true, ""message"": ""object placed 18 mm from target"", ""duration_ms"": 0.0}]"
99,sim_gt,20260712,0.35362,-0.13811,1,,239.1,0.2,131.1,0.1,107.6,0.0,0.0,133.8,6.2,"[{""state"": ""DETECT_SOURCE"", ""success"": true, ""message"": ""selected cup_0 conf=1.00 base=[ 0.354 -0.138  0.165] (0 ROI pts)"", ""duration_ms"": 0.2}, {""state"": ""PLAN_PICK"", ""success"": true, ""message"": ""grasp=[ 0.354 -0.138  0.165] pre=[ 0.26  -0.102  0.165]"", ""duration_ms"": 0.1}, {""state"": ""EXECUTE_PICK"", ""success"": true, ""message"": ""grasp executed"", ""duration_ms"": 131.1}, {""state"": ""VERIFY_GRASP"", ""success"": true, ""message"": ""object lifted 134 mm"", ""duration_ms"": 0.0}, {""state"": ""DETECT_TARGET"", ""success"": true, ""message"": ""target container bowl_0 base=[0.5  0.   0.14]"", ""duration_ms"": 0.1}, {""state"": ""PLAN_PLACE"", ""success"": true, ""message"": ""release above [0.5  0.   0.14] +0.07m"", ""duration_ms"": 0.0}, {""state"": ""EXECUTE_PLACE"", ""success"": true, ""message"": ""released"", ""duration_ms"": 107.6}, {""state"": ""VERIFY_DONE"", ""success"": true, ""message"": ""object placed 6 mm from target"", ""duration_ms"": 0.0}]"
100,sim_gt,20260712,0.3587,-0.15582,1,,240.2,0.3,133.7,0.1,106.0,0.0,0.0,133.5,16.3,"[{""state"": ""DETECT_SOURCE"", ""success"": true, ""message"": ""selected cup_0 conf=1.00 base=[ 0.359 -0.156  0.165] (0 ROI pts)"", ""duration_ms"": 0.3}, {""state"": ""PLAN_PICK"", ""success"": true, ""message"": ""grasp=[ 0.359 -0.156  0.165] pre=[ 0.267 -0.116  0.165]"", ""duration_ms"": 0.1}, {""state"": ""EXECUTE_PICK"", ""success"": true, ""message"": ""grasp executed"", ""duration_ms"": 133.7}, {""state"": ""VERIFY_GRASP"", ""success"": true, ""message"": ""object lifted 134 mm"", ""duration_ms"": 0.0}, {""state"": ""DETECT_TARGET"", ""success"": true, ""message"": ""target container bowl_0 base=[0.5  0.   0.14]"", ""duration_ms"": 0.1}, {""state"": ""PLAN_PLACE"", ""success"": true, ""message"": ""release above [0.5  0.   0.14] +0.07m"", ""duration_ms"": 0.0}, {""state"": ""EXECUTE_PLACE"", ""success"": true, ""message"": ""released"", ""duration_ms"": 106.0}, {""state"": ""VERIFY_DONE"", ""success"": true, ""message"": ""object placed 16 mm from target"", ""duration_ms"": 0.0}]"
