trial,backend,seed,cup_x_m,cup_y_m,success,failed_state,task_duration_ms,detect_source_ms,execute_pick_ms,detect_target_ms,execute_place_ms,source_center_error_mm,target_center_error_mm,lift_height_mm,placement_error_mm,state_log_json
1,yolo,20260712,0.3954,-0.13339,1,,1555.7,1258.1,166.6,0.2,130.6,20.1,32.7,129.2,1.7,"[{""state"": ""DETECT_SOURCE"", ""success"": true, ""message"": ""selected cup_0 conf=0.61 base=[ 0.414 -0.14   0.167] (1748 ROI pts)"", ""duration_ms"": 1258.1}, {""state"": ""PLAN_PICK"", ""success"": true, ""message"": ""grasp=[ 0.414 -0.14   0.167] pre=[ 0.32  -0.108  0.167]"", ""duration_ms"": 0.2}, {""state"": ""EXECUTE_PICK"", ""success"": true, ""message"": ""grasp executed"", ""duration_ms"": 166.6}, {""state"": ""VERIFY_GRASP"", ""success"": true, ""message"": ""object lifted 129 mm"", ""duration_ms"": 0.0}, {""state"": ""DETECT_TARGET"", ""success"": true, ""message"": ""target container bowl_0 base=[ 0.532 -0.007  0.14 ]"", ""duration_ms"": 0.2}, {""state"": ""PLAN_PLACE"", ""success"": true, ""message"": ""release above [ 0.532 -0.007  0.14 ] +0.07m"", ""duration_ms"": 0.1}, {""state"": ""EXECUTE_PLACE"", ""success"": true, ""message"": ""released"", ""duration_ms"": 130.6}, {""state"": ""VERIFY_DONE"", ""success"": true, ""message"": ""object placed 2 mm from target"", ""duration_ms"": 0.0}]"
2,yolo,20260712,0.37859,-0.11278,1,,1695.3,1282.9,226.4,0.2,185.4,17.7,28.9,114.1,63.0,"[{""state"": ""DETECT_SOURCE"", ""success"": true, ""message"": ""selected cup_0 conf=0.51 base=[ 0.396 -0.118  0.167] (1739 ROI pts)"", ""duration_ms"": 1282.9}, {""state"": ""PLAN_PICK"", ""success"": true, ""message"": ""grasp=[ 0.396 -0.118  0.167] pre=[ 0.3   -0.089  0.167]"", ""duration_ms"": 0.2}, {""state"": ""EXECUTE_PICK"", ""success"": true, ""message"": ""grasp executed"", ""duration_ms"": 226.4}, {""state"": ""VERIFY_GRASP"", ""success"": true, ""message"": ""object lifted 114 mm"", ""duration_ms"": 0.0}, {""state"": ""DETECT_TARGET"", ""success"": true, ""message"": ""target container bowl_0 base=[ 0.528 -0.008  0.14 ]"", ""duration_ms"": 0.2}, {""state"": ""PLAN_PLACE"", ""success"": true, ""message"": ""release above [ 0.528 -0.008  0.14 ] +0.07m"", ""duration_ms"": 0.1}, {""state"": ""EXECUTE_PLACE"", ""success"": true, ""message"": ""released"", ""duration_ms"": 185.4}, {""state"": ""VERIFY_DONE"", ""success"": true, ""message"": ""object placed 63 mm from target"", ""duration_ms"": 0.1}]"
3,yolo,20260712,0.40955,-0.15783,1,,1224.3,952.6,146.1,0.1,125.3,11.9,28.9,106.3,58.6,"[{""state"": ""DETECT_SOURCE"", ""success"": true, ""message"": ""selected cup_0 conf=0.65 base=[ 0.421 -0.161  0.165] (1395 ROI pts)"", ""duration_ms"": 952.6}, {""state"": ""PLAN_PICK"", ""success"": true, ""message"": ""grasp=[ 0.421 -0.161  0.165] pre=[ 0.328 -0.125  0.165]"", ""duration_ms"": 0.1}, {""state"": ""EXECUTE_PICK"", ""success"": true, ""message"": ""grasp executed"", ""duration_ms"": 146.1}, {""state"": ""VERIFY_GRASP"", ""success"": true, ""message"": ""object lifted 106 mm"", ""duration_ms"": 0.0}, {""state"": ""DETECT_TARGET"", ""success"": true, ""message"": ""target container bowl_0 base=[ 0.528 -0.008  0.14 ]"", ""duration_ms"": 0.1}, {""state"": ""PLAN_PLACE"", ""success"": true, ""message"": ""release above [ 0.528 -0.008  0.14 ] +0.07m"", ""duration_ms"": 0.0}, {""state"": ""EXECUTE_PLACE"", ""success"": true, ""message"": ""released"", ""duration_ms"": 125.3}, {""state"": ""VERIFY_DONE"", ""success"": true, ""message"": ""object placed 59 mm from target"", ""duration_ms"": 0.0}]"
4,yolo,20260712,0.37344,-0.1023,1,,1387.7,1067.0,172.0,0.1,148.3,16.3,29.6,105.6,47.8,"[{""state"": ""DETECT_SOURCE"", ""success"": true, ""message"": ""selected cup_0 conf=0.72 base=[ 0.389 -0.107  0.167] (1692 ROI pts)"", ""duration_ms"": 1067.0}, {""state"": ""PLAN_PICK"", ""success"": true, ""message"": ""grasp=[ 0.389 -0.107  0.167] pre=[ 0.293 -0.08   0.167]"", ""duration_ms"": 0.1}, {""state"": ""EXECUTE_PICK"", ""success"": true, ""message"": ""grasp executed"", ""duration_ms"": 172.0}, {""state"": ""VERIFY_GRASP"", ""success"": true, ""message"": ""object lifted 106 mm"", ""duration_ms"": 0.0}, {""state"": ""DETECT_TARGET"", ""success"": true, ""message"": ""target container bowl_0 base=[ 0.528 -0.009  0.14 ]"", ""duration_ms"": 0.1}, {""state"": ""PLAN_PLACE"", ""success"": true, ""message"": ""release above [ 0.528 -0.009  0.14 ] +0.07m"", ""duration_ms"": 0.0}, {""state"": ""EXECUTE_PLACE"", ""success"": true, ""message"": ""released"", ""duration_ms"": 148.3}, {""state"": ""VERIFY_DONE"", ""success"": true, ""message"": ""object placed 48 mm from target"", ""duration_ms"": 0.0}]"
5,yolo,20260712,0.34271,-0.1095,1,,1515.8,1010.2,369.4,0.1,135.7,17.4,29.0,123.9,16.5,"[{""state"": ""DETECT_SOURCE"", ""success"": true, ""message"": ""selected cup_0 conf=0.60 base=[ 0.359 -0.115  0.166] (2091 ROI pts)"", ""duration_ms"": 1010.2}, {""state"": ""PLAN_PICK"", ""success"": true, ""message"": ""grasp=[ 0.359 -0.115  0.166] pre=[ 0.264 -0.085  0.166]"", ""duration_ms"": 0.3}, {""state"": ""EXECUTE_PICK"", ""success"": true, ""message"": ""grasp executed"", ""duration_ms"": 369.4}, {""state"": ""VERIFY_GRASP"", ""success"": true, ""message"": ""object lifted 124 mm"", ""duration_ms"": 0.0}, {""state"": ""DETECT_TARGET"", ""success"": true, ""message"": ""target container bowl_0 base=[ 0.528 -0.009  0.14 ]"", ""duration_ms"": 0.1}, {""state"": ""PLAN_PLACE"", ""success"": true, ""message"": ""release above [ 0.528 -0.009  0.14 ] +0.07m"", ""duration_ms"": 0.1}, {""state"": ""EXECUTE_PLACE"", ""success"": true, ""message"": ""released"", ""duration_ms"": 135.7}, {""state"": ""VERIFY_DONE"", ""success"": true, ""message"": ""object placed 17 mm from target"", ""duration_ms"": 0.0}]"
6,yolo,20260712,0.35233,-0.07561,1,,1106.4,798.7,159.2,0.1,148.0,13.4,29.3,114.8,18.0,"[{""state"": ""DETECT_SOURCE"", ""success"": true, ""message"": ""selected cup_0 conf=0.69 base=[ 0.365 -0.079  0.166] (1800 ROI pts)"", ""duration_ms"": 798.7}, {""state"": ""PLAN_PICK"", ""success"": true, ""message"": ""grasp=[ 0.365 -0.079  0.166] pre=[ 0.267 -0.058  0.166]"", ""duration_ms"": 0.1}, {""state"": ""EXECUTE_PICK"", ""success"": true, ""message"": ""grasp executed"", ""duration_ms"": 159.2}, {""state"": ""VERIFY_GRASP"", ""success"": true, ""message"": ""object lifted 115 mm"", ""duration_ms"": 0.0}, {""state"": ""DETECT_TARGET"", ""success"": true, ""message"": ""target container bowl_0 base=[0.529 0.    0.14 ]"", ""duration_ms"": 0.1}, {""state"": ""PLAN_PLACE"", ""success"": true, ""message"": ""release above [0.529 0.    0.14 ] +0.07m"", ""duration_ms"": 0.1}, {""state"": ""EXECUTE_PLACE"", ""success"": true, ""message"": ""released"", ""duration_ms"": 148.0}, {""state"": ""VERIFY_DONE"", ""success"": true, ""message"": ""object placed 18 mm from target"", ""duration_ms"": 0.0}]"
7,yolo,20260712,0.41527,-0.10725,0,VERIFY_GRASP,1130.0,825.3,304.5,0,0,16.6,,-139.1,,"[{""state"": ""DETECT_SOURCE"", ""success"": true, ""message"": ""selected cup_0 conf=0.69 base=[ 0.431 -0.111  0.167] (1419 ROI pts)"", ""duration_ms"": 825.3}, {""state"": ""PLAN_PICK"", ""success"": true, ""message"": ""grasp=[ 0.431 -0.111  0.167] pre=[ 0.334 -0.086  0.167]"", ""duration_ms"": 0.1}, {""state"": ""EXECUTE_PICK"", ""success"": true, ""message"": ""grasp executed"", ""duration_ms"": 138.5}, {""state"": ""VERIFY_GRASP"", ""success"": false, ""message"": ""object only rose -139 mm (< 30 mm)"", ""duration_ms"": 0.0}, {""state"": ""EXECUTE_PICK"", ""success"": true, ""message"": ""grasp executed"", ""duration_ms"": 79.9}, {""state"": ""VERIFY_GRASP"", ""success"": false, ""message"": ""object only rose -139 mm (< 30 mm)"", ""duration_ms"": 0.0}, {""state"": ""EXECUTE_PICK"", ""success"": true, ""message"": ""grasp executed"", ""duration_ms"": 86.1}, {""state"": ""VERIFY_GRASP"", ""success"": false, ""message"": ""object only rose -139 mm (< 30 mm)"", ""duration_ms"": 0.0}]"
8,yolo,20260712,0.41299,-0.10158,0,VERIFY_GRASP,1240.5,925.2,315.0,0,0,16.0,,-139.1,,"[{""state"": ""DETECT_SOURCE"", ""success"": true, ""message"": ""selected cup_0 conf=0.66 base=[ 0.428 -0.105  0.168] (1376 ROI pts)"", ""duration_ms"": 925.2}, {""state"": ""PLAN_PICK"", ""success"": true, ""message"": ""grasp=[ 0.428 -0.105  0.168] pre=[ 0.331 -0.082  0.168]"", ""duration_ms"": 0.1}, {""state"": ""EXECUTE_PICK"", ""success"": true, ""message"": ""grasp executed"", ""duration_ms"": 155.1}, {""state"": ""VERIFY_GRASP"", ""success"": false, ""message"": ""object only rose -19 mm (< 30 mm)"", ""duration_ms"": 0.0}, {""state"": ""EXECUTE_PICK"", ""success"": true, ""message"": ""grasp executed"", ""duration_ms"": 80.5}, {""state"": ""VERIFY_GRASP"", ""success"": false, ""message"": ""object only rose -139 mm (< 30 mm)"", ""duration_ms"": 0.0}, {""state"": ""EXECUTE_PICK"", ""success"": true, ""message"": ""grasp executed"", ""duration_ms"": 79.4}, {""state"": ""VERIFY_GRASP"", ""success"": false, ""message"": ""object only rose -139 mm (< 30 mm)"", ""duration_ms"": 0.0}]"
9,yolo,20260712,0.35444,-0.15678,1,,1086.6,823.7,129.6,0.1,133.0,9.8,28.9,121.2,11.5,"[{""state"": ""DETECT_SOURCE"", ""success"": true, ""message"": ""selected cup_0 conf=0.41 base=[ 0.362 -0.151  0.162] (1300 ROI pts)"", ""duration_ms"": 823.7}, {""state"": ""PLAN_PICK"", ""success"": true, ""message"": ""grasp=[ 0.362 -0.151  0.162] pre=[ 0.27  -0.113  0.162]"", ""duration_ms"": 0.1}, {""state"": ""EXECUTE_PICK"", ""success"": true, ""message"": ""grasp executed"", ""duration_ms"": 129.6}, {""state"": ""VERIFY_GRASP"", ""success"": true, ""message"": ""object lifted 121 mm"", ""duration_ms"": 0.0}, {""state"": ""DETECT_TARGET"", ""success"": true, ""message"": ""target container bowl_0 base=[ 0.528 -0.008  0.14 ]"", ""duration_ms"": 0.1}, {""state"": ""PLAN_PLACE"", ""success"": true, ""message"": ""release above [ 0.528 -0.008  0.14 ] +0.07m"", ""duration_ms"": 0.0}, {""state"": ""EXECUTE_PLACE"", ""success"": true, ""message"": ""released"", ""duration_ms"": 133.0}, {""state"": ""VERIFY_DONE"", ""success"": true, ""message"": ""object placed 12 mm from target"", ""duration_ms"": 0.0}]"
10,yolo,20260712,0.37951,-0.12111,1,,1075.6,821.0,134.3,0.1,120.1,19.0,29.0,112.7,62.3,"[{""state"": ""DETECT_SOURCE"", ""success"": true, ""message"": ""selected cup_0 conf=0.51 base=[ 0.398 -0.126  0.166] (1786 ROI pts)"", ""duration_ms"": 821.0}, {""state"": ""PLAN_PICK"", ""success"": true, ""message"": ""grasp=[ 0.398 -0.126  0.166] pre=[ 0.302 -0.096  0.166]"", ""duration_ms"": 0.1}, {""state"": ""EXECUTE_PICK"", ""success"": true, ""message"": ""grasp executed"", ""duration_ms"": 134.3}, {""state"": ""VERIFY_GRASP"", ""success"": true, ""message"": ""object lifted 113 mm"", ""duration_ms"": 0.0}, {""state"": ""DETECT_TARGET"", ""success"": true, ""message"": ""target container bowl_0 base=[ 0.528 -0.009  0.14 ]"", ""duration_ms"": 0.1}, {""state"": ""PLAN_PLACE"", ""success"": true, ""message"": ""release above [ 0.528 -0.009  0.14 ] +0.07m"", ""duration_ms"": 0.0}, {""state"": ""EXECUTE_PLACE"", ""success"": true, ""message"": ""released"", ""duration_ms"": 120.1}, {""state"": ""VERIFY_DONE"", ""success"": true, ""message"": ""object placed 62 mm from target"", ""duration_ms"": 0.0}]"
11,yolo,20260712,0.36361,-0.15511,1,,1012.5,781.3,114.8,0.2,116.0,8.3,28.9,122.0,13.5,"[{""state"": ""DETECT_SOURCE"", ""success"": true, ""message"": ""selected cup_0 conf=0.57 base=[ 0.371 -0.152  0.162] (1372 ROI pts)"", ""duration_ms"": 781.3}, {""state"": ""PLAN_PICK"", ""success"": true, ""message"": ""grasp=[ 0.371 -0.152  0.162] pre=[ 0.279 -0.114  0.162]"", ""duration_ms"": 0.1}, {""state"": ""EXECUTE_PICK"", ""success"": true, ""message"": ""grasp executed"", ""duration_ms"": 114.8}, {""state"": ""VERIFY_GRASP"", ""success"": true, ""message"": ""object lifted 122 mm"", ""duration_ms"": 0.0}, {""state"": ""DETECT_TARGET"", ""success"": true, ""message"": ""target container bowl_0 base=[ 0.528 -0.008  0.14 ]"", ""duration_ms"": 0.2}, {""state"": ""PLAN_PLACE"", ""success"": true, ""message"": ""release above [ 0.528 -0.008  0.14 ] +0.07m"", ""duration_ms"": 0.0}, {""state"": ""EXECUTE_PLACE"", ""success"": true, ""message"": ""released"", ""duration_ms"": 116.0}, {""state"": ""VERIFY_DONE"", ""success"": true, ""message"": ""object placed 14 mm from target"", ""duration_ms"": 0.0}]"
12,yolo,20260712,0.37066,-0.09567,1,,1011.3,764.5,115.9,0.2,130.4,15.9,30.0,118.7,44.3,"[{""state"": ""DETECT_SOURCE"", ""success"": true, ""message"": ""selected cup_0 conf=0.68 base=[ 0.386 -0.1    0.167] (1692 ROI pts)"", ""duration_ms"": 764.5}, {""state"": ""PLAN_PICK"", ""success"": true, ""message"": ""grasp=[ 0.386 -0.1    0.167] pre=[ 0.289 -0.075  0.167]"", ""duration_ms"": 0.1}, {""state"": ""EXECUTE_PICK"", ""success"": true, ""message"": ""grasp executed"", ""duration_ms"": 115.9}, {""state"": ""VERIFY_GRASP"", ""success"": true, ""message"": ""object lifted 119 mm"", ""duration_ms"": 0.0}, {""state"": ""DETECT_TARGET"", ""success"": true, ""message"": ""target container bowl_0 base=[ 0.529 -0.009  0.14 ]"", ""duration_ms"": 0.2}, {""state"": ""PLAN_PLACE"", ""success"": true, ""message"": ""release above [ 0.529 -0.009  0.14 ] +0.07m"", ""duration_ms"": 0.0}, {""state"": ""EXECUTE_PLACE"", ""success"": true, ""message"": ""released"", ""duration_ms"": 130.4}, {""state"": ""VERIFY_DONE"", ""success"": true, ""message"": ""object placed 44 mm from target"", ""duration_ms"": 0.0}]"
13,yolo,20260712,0.34118,-0.08975,1,,1041.0,793.0,130.2,0.1,117.5,14.8,32.1,112.6,32.6,"[{""state"": ""DETECT_SOURCE"", ""success"": true, ""message"": ""selected cup_0 conf=0.76 base=[ 0.355 -0.094  0.164] (2067 ROI pts)"", ""duration_ms"": 793.0}, {""state"": ""PLAN_PICK"", ""success"": true, ""message"": ""grasp=[ 0.355 -0.094  0.164] pre=[ 0.259 -0.068  0.164]"", ""duration_ms"": 0.1}, {""state"": ""EXECUTE_PICK"", ""success"": true, ""message"": ""grasp executed"", ""duration_ms"": 130.2}, {""state"": ""VERIFY_GRASP"", ""success"": true, ""message"": ""object lifted 113 mm"", ""duration_ms"": 0.0}, {""state"": ""DETECT_TARGET"", ""success"": true, ""message"": ""target container bowl_0 base=[ 0.532 -0.006  0.14 ]"", ""duration_ms"": 0.1}, {""state"": ""PLAN_PLACE"", ""success"": true, ""message"": ""release above [ 0.532 -0.006  0.14 ] +0.07m"", ""duration_ms"": 0.0}, {""state"": ""EXECUTE_PLACE"", ""success"": true, ""message"": ""released"", ""duration_ms"": 117.5}, {""state"": ""VERIFY_DONE"", ""success"": true, ""message"": ""object placed 33 mm from target"", ""duration_ms"": 0.1}]"
14,yolo,20260712,0.41654,-0.08353,0,DETECT_SOURCE,780.5,780.5,0,0,0,,,,,"[{""state"": ""DETECT_SOURCE"", ""success"": false, ""message"": ""no 'cup' detected (saw 2 objects)"", ""duration_ms"": 780.5}]"
15,yolo,20260712,0.36074,-0.07307,1,,1054.6,804.9,124.8,0.1,124.5,9.8,29.3,132.2,20.5,"[{""state"": ""DETECT_SOURCE"", ""success"": true, ""message"": ""selected cup_0 conf=0.76 base=[ 0.37  -0.075  0.162] (1617 ROI pts)"", ""duration_ms"": 804.9}, {""state"": ""PLAN_PICK"", ""success"": true, ""message"": ""grasp=[ 0.37  -0.075  0.162] pre=[ 0.272 -0.055  0.162]"", ""duration_ms"": 0.1}, {""state"": ""EXECUTE_PICK"", ""success"": true, ""message"": ""grasp executed"", ""duration_ms"": 124.8}, {""state"": ""VERIFY_GRASP"", ""success"": true, ""message"": ""object lifted 132 mm"", ""duration_ms"": 0.0}, {""state"": ""DETECT_TARGET"", ""success"": true, ""message"": ""target container bowl_0 base=[0.529 0.004 0.14 ]"", ""duration_ms"": 0.1}, {""state"": ""PLAN_PLACE"", ""success"": true, ""message"": ""release above [0.529 0.004 0.14 ] +0.07m"", ""duration_ms"": 0.0}, {""state"": ""EXECUTE_PLACE"", ""success"": true, ""message"": ""released"", ""duration_ms"": 124.5}, {""state"": ""VERIFY_DONE"", ""success"": true, ""message"": ""object placed 21 mm from target"", ""duration_ms"": 0.0}]"
16,yolo,20260712,0.39244,-0.12535,0,DETECT_SOURCE,781.7,781.7,0,0,0,,,,,"[{""state"": ""DETECT_SOURCE"", ""success"": false, ""message"": ""no 'cup' detected (saw 2 objects)"", ""duration_ms"": 781.7}]"
17,yolo,20260712,0.37325,-0.09183,1,,980.3,761.3,129.8,0.2,88.8,15.9,29.8,135.3,22.0,"[{""state"": ""DETECT_SOURCE"", ""success"": true, ""message"": ""selected cup_0 conf=0.69 base=[ 0.388 -0.096  0.168] (1692 ROI pts)"", ""duration_ms"": 761.3}, {""state"": ""PLAN_PICK"", ""success"": true, ""message"": ""grasp=[ 0.388 -0.096  0.168] pre=[ 0.291 -0.072  0.168]"", ""duration_ms"": 0.1}, {""state"": ""EXECUTE_PICK"", ""success"": true, ""message"": ""grasp executed"", ""duration_ms"": 129.8}, {""state"": ""VERIFY_GRASP"", ""success"": true, ""message"": ""object lifted 135 mm"", ""duration_ms"": 0.0}, {""state"": ""DETECT_TARGET"", ""success"": true, ""message"": ""target container bowl_0 base=[ 0.528 -0.009  0.14 ]"", ""duration_ms"": 0.2}, {""state"": ""PLAN_PLACE"", ""success"": true, ""message"": ""release above [ 0.528 -0.009  0.14 ] +0.07m"", ""duration_ms"": 0.0}, {""state"": ""EXECUTE_PLACE"", ""success"": true, ""message"": ""released"", ""duration_ms"": 88.8}, {""state"": ""VERIFY_DONE"", ""success"": true, ""message"": ""object placed 22 mm from target"", ""duration_ms"": 0.0}]"
18,yolo,20260712,0.34637,-0.11667,1,,1020.0,774.8,130.7,0.1,114.1,19.0,31.8,108.5,65.4,"[{""state"": ""DETECT_SOURCE"", ""success"": true, ""message"": ""selected cup_0 conf=0.64 base=[ 0.364 -0.123  0.166] (2100 ROI pts)"", ""duration_ms"": 774.8}, {""state"": ""PLAN_PICK"", ""success"": true, ""message"": ""grasp=[ 0.364 -0.123  0.166] pre=[ 0.27  -0.091  0.166]"", ""duration_ms"": 0.1}, {""state"": ""EXECUTE_PICK"", ""success"": true, ""message"": ""grasp executed"", ""duration_ms"": 130.7}, {""state"": ""VERIFY_GRASP"", ""success"": true, ""message"": ""object lifted 108 mm"", ""duration_ms"": 0.0}, {""state"": ""DETECT_TARGET"", ""success"": true, ""message"": ""target container bowl_0 base=[ 0.531 -0.006  0.14 ]"", ""duration_ms"": 0.1}, {""state"": ""PLAN_PLACE"", ""success"": true, ""message"": ""release above [ 0.531 -0.006  0.14 ] +0.07m"", ""duration_ms"": 0.0}, {""state"": ""EXECUTE_PLACE"", ""success"": true, ""message"": ""released"", ""duration_ms"": 114.1}, {""state"": ""VERIFY_DONE"", ""success"": true, ""message"": ""object placed 65 mm from target"", ""duration_ms"": 0.0}]"
19,yolo,20260712,0.41502,-0.13915,0,DETECT_SOURCE,760.5,760.5,0,0,0,,,,,"[{""state"": ""DETECT_SOURCE"", ""success"": false, ""message"": ""no 'cup' detected (saw 2 objects)"", ""duration_ms"": 760.5}]"
20,yolo,20260712,0.40853,-0.10332,1,,1021.6,767.9,145.3,0.1,108.2,16.5,28.9,141.9,9.4,"[{""state"": ""DETECT_SOURCE"", ""success"": true, ""message"": ""selected cup_0 conf=0.67 base=[ 0.424 -0.108  0.168] (1419 ROI pts)"", ""duration_ms"": 767.9}, {""state"": ""PLAN_PICK"", ""success"": true, ""message"": ""grasp=[ 0.424 -0.108  0.168] pre=[ 0.327 -0.083  0.168]"", ""duration_ms"": 0.1}, {""state"": ""EXECUTE_PICK"", ""success"": true, ""message"": ""grasp executed"", ""duration_ms"": 145.3}, {""state"": ""VERIFY_GRASP"", ""success"": true, ""message"": ""object lifted 142 mm"", ""duration_ms"": 0.0}, {""state"": ""DETECT_TARGET"", ""success"": true, ""message"": ""target container bowl_0 base=[ 0.528 -0.009  0.14 ]"", ""duration_ms"": 0.1}, {""state"": ""PLAN_PLACE"", ""success"": true, ""message"": ""release above [ 0.528 -0.009  0.14 ] +0.07m"", ""duration_ms"": 0.0}, {""state"": ""EXECUTE_PLACE"", ""success"": true, ""message"": ""released"", ""duration_ms"": 108.2}, {""state"": ""VERIFY_DONE"", ""success"": true, ""message"": ""object placed 9 mm from target"", ""duration_ms"": 0.0}]"
21,yolo,20260712,0.37841,-0.13925,1,,1036.6,775.0,132.2,0.1,129.0,14.6,31.8,109.4,60.3,"[{""state"": ""DETECT_SOURCE"", ""success"": true, ""message"": ""selected cup_0 conf=0.56 base=[ 0.392 -0.144  0.166] (1728 ROI pts)"", ""duration_ms"": 775.0}, {""state"": ""PLAN_PICK"", ""success"": true, ""message"": ""grasp=[ 0.392 -0.144  0.166] pre=[ 0.298 -0.11   0.166]"", ""duration_ms"": 0.1}, {""state"": ""EXECUTE_PICK"", ""success"": true, ""message"": ""grasp executed"", ""duration_ms"": 132.2}, {""state"": ""VERIFY_GRASP"", ""success"": true, ""message"": ""object lifted 109 mm"", ""duration_ms"": 0.0}, {""state"": ""DETECT_TARGET"", ""success"": true, ""message"": ""target container bowl_0 base=[ 0.531 -0.006  0.14 ]"", ""duration_ms"": 0.1}, {""state"": ""PLAN_PLACE"", ""success"": true, ""message"": ""release above [ 0.531 -0.006  0.14 ] +0.07m"", ""duration_ms"": 0.0}, {""state"": ""EXECUTE_PLACE"", ""success"": true, ""message"": ""released"", ""duration_ms"": 129.0}, {""state"": ""VERIFY_DONE"", ""success"": true, ""message"": ""object placed 60 mm from target"", ""duration_ms"": 0.0}]"
22,yolo,20260712,0.39121,-0.06571,1,,1021.6,777.5,128.5,0.1,115.3,13.7,29.3,140.6,50.5,"[{""state"": ""DETECT_SOURCE"", ""success"": true, ""message"": ""selected cup_0 conf=0.67 base=[ 0.404 -0.068  0.168] (1364 ROI pts)"", ""duration_ms"": 777.5}, {""state"": ""PLAN_PICK"", ""success"": true, ""message"": ""grasp=[ 0.404 -0.068  0.168] pre=[ 0.306 -0.051  0.168]"", ""duration_ms"": 0.1}, {""state"": ""EXECUTE_PICK"", ""success"": true, ""message"": ""grasp executed"", ""duration_ms"": 128.5}, {""state"": ""VERIFY_GRASP"", ""success"": true, ""message"": ""object lifted 141 mm"", ""duration_ms"": 0.0}, {""state"": ""DETECT_TARGET"", ""success"": true, ""message"": ""target container bowl_0 base=[0.527 0.01  0.14 ]"", ""duration_ms"": 0.1}, {""state"": ""PLAN_PLACE"", ""success"": true, ""message"": ""release above [0.527 0.01  0.14 ] +0.07m"", ""duration_ms"": 0.0}, {""state"": ""EXECUTE_PLACE"", ""success"": true, ""message"": ""released"", ""duration_ms"": 115.3}, {""state"": ""VERIFY_DONE"", ""success"": true, ""message"": ""object placed 50 mm from target"", ""duration_ms"": 0.0}]"
23,yolo,20260712,0.40026,-0.08551,1,,1032.7,785.3,135.6,0.2,111.4,15.8,28.6,116.0,45.5,"[{""state"": ""DETECT_SOURCE"", ""success"": true, ""message"": ""selected cup_0 conf=0.61 base=[ 0.404 -0.097  0.168] (1530 ROI pts)"", ""duration_ms"": 785.3}, {""state"": ""PLAN_PICK"", ""success"": true, ""message"": ""grasp=[ 0.404 -0.097  0.168] pre=[ 0.307 -0.074  0.168]"", ""duration_ms"": 0.1}, {""state"": ""EXECUTE_PICK"", ""success"": true, ""message"": ""grasp executed"", ""duration_ms"": 135.6}, {""state"": ""VERIFY_GRASP"", ""success"": true, ""message"": ""object lifted 116 mm"", ""duration_ms"": 0.0}, {""state"": ""DETECT_TARGET"", ""success"": true, ""message"": ""target container bowl_0 base=[ 0.527 -0.008  0.14 ]"", ""duration_ms"": 0.2}, {""state"": ""PLAN_PLACE"", ""success"": true, ""message"": ""release above [ 0.527 -0.008  0.14 ] +0.07m"", ""duration_ms"": 0.0}, {""state"": ""EXECUTE_PLACE"", ""success"": true, ""message"": ""released"", ""duration_ms"": 111.4}, {""state"": ""VERIFY_DONE"", ""success"": true, ""message"": ""object placed 45 mm from target"", ""duration_ms"": 0.1}]"
24,yolo,20260712,0.36779,-0.10874,1,,950.4,729.9,116.8,0.2,103.3,17.4,28.7,128.5,6.6,"[{""state"": ""DETECT_SOURCE"", ""success"": true, ""message"": ""selected cup_0 conf=0.53 base=[ 0.384 -0.114  0.165] (1824 ROI pts)"", ""duration_ms"": 729.9}, {""state"": ""PLAN_PICK"", ""success"": true, ""message"": ""grasp=[ 0.384 -0.114  0.165] pre=[ 0.289 -0.085  0.165]"", ""duration_ms"": 0.1}, {""state"": ""EXECUTE_PICK"", ""success"": true, ""message"": ""grasp executed"", ""duration_ms"": 116.8}, {""state"": ""VERIFY_GRASP"", ""success"": true, ""message"": ""object lifted 128 mm"", ""duration_ms"": 0.0}, {""state"": ""DETECT_TARGET"", ""success"": true, ""message"": ""target container bowl_0 base=[ 0.527 -0.008  0.14 ]"", ""duration_ms"": 0.2}, {""state"": ""PLAN_PLACE"", ""success"": true, ""message"": ""release above [ 0.527 -0.008  0.14 ] +0.07m"", ""duration_ms"": 0.0}, {""state"": ""EXECUTE_PLACE"", ""success"": true, ""message"": ""released"", ""duration_ms"": 103.3}, {""state"": ""VERIFY_DONE"", ""success"": true, ""message"": ""object placed 7 mm from target"", ""duration_ms"": 0.0}]"
25,yolo,20260712,0.40495,-0.0848,0,DETECT_SOURCE,715.7,715.7,0,0,0,,,,,"[{""state"": ""DETECT_SOURCE"", ""success"": false, ""message"": ""no 'cup' detected (saw 2 objects)"", ""duration_ms"": 715.7}]"
26,yolo,20260712,0.38984,-0.12765,1,,922.7,725.5,109.1,0.1,87.7,18.5,31.9,126.3,8.5,"[{""state"": ""DETECT_SOURCE"", ""success"": true, ""message"": ""selected cup_0 conf=0.41 base=[ 0.407 -0.133  0.166] (1739 ROI pts)"", ""duration_ms"": 725.5}, {""state"": ""PLAN_PICK"", ""success"": true, ""message"": ""grasp=[ 0.407 -0.133  0.166] pre=[ 0.312 -0.102  0.166]"", ""duration_ms"": 0.1}, {""state"": ""EXECUTE_PICK"", ""success"": true, ""message"": ""grasp executed"", ""duration_ms"": 109.1}, {""state"": ""VERIFY_GRASP"", ""success"": true, ""message"": ""object lifted 126 mm"", ""duration_ms"": 0.1}, {""state"": ""DETECT_TARGET"", ""success"": true, ""message"": ""target container bowl_0 base=[ 0.531 -0.006  0.14 ]"", ""duration_ms"": 0.1}, {""state"": ""PLAN_PLACE"", ""success"": true, ""message"": ""release above [ 0.531 -0.006  0.14 ] +0.07m"", ""duration_ms"": 0.0}, {""state"": ""EXECUTE_PLACE"", ""success"": true, ""message"": ""released"", ""duration_ms"": 87.7}, {""state"": ""VERIFY_DONE"", ""success"": true, ""message"": ""object placed 9 mm from target"", ""duration_ms"": 0.0}]"
27,yolo,20260712,0.39333,-0.12524,1,,920.3,718.7,106.9,0.2,94.3,20.0,28.8,129.2,3.1,"[{""state"": ""DETECT_SOURCE"", ""success"": true, ""message"": ""selected cup_0 conf=0.36 base=[ 0.412 -0.131  0.167] (1702 ROI pts)"", ""duration_ms"": 718.7}, {""state"": ""PLAN_PICK"", ""success"": true, ""message"": ""grasp=[ 0.412 -0.131  0.167] pre=[ 0.317 -0.101  0.167]"", ""duration_ms"": 0.1}, {""state"": ""EXECUTE_PICK"", ""success"": true, ""message"": ""grasp executed"", ""duration_ms"": 106.9}, {""state"": ""VERIFY_GRASP"", ""success"": true, ""message"": ""object lifted 129 mm"", ""duration_ms"": 0.0}, {""state"": ""DETECT_TARGET"", ""success"": true, ""message"": ""target container bowl_0 base=[ 0.528 -0.008  0.14 ]"", ""duration_ms"": 0.2}, {""state"": ""PLAN_PLACE"", ""success"": true, ""message"": ""release above [ 0.528 -0.008  0.14 ] +0.07m"", ""duration_ms"": 0.0}, {""state"": ""EXECUTE_PLACE"", ""success"": true, ""message"": ""released"", ""duration_ms"": 94.3}, {""state"": ""VERIFY_DONE"", ""success"": true, ""message"": ""object placed 3 mm from target"", ""duration_ms"": 0.0}]"
28,yolo,20260712,0.37135,-0.11193,1,,962.8,728.9,121.0,0.2,112.5,17.7,28.9,112.2,44.5,"[{""state"": ""DETECT_SOURCE"", ""success"": true, ""message"": ""selected cup_0 conf=0.53 base=[ 0.388 -0.117  0.168] (1786 ROI pts)"", ""duration_ms"": 728.9}, {""state"": ""PLAN_PICK"", ""success"": true, ""message"": ""grasp=[ 0.388 -0.117  0.168] pre=[ 0.292 -0.088  0.168]"", ""duration_ms"": 0.1}, {""state"": ""EXECUTE_PICK"", ""success"": true, ""message"": ""grasp executed"", ""duration_ms"": 121.0}, {""state"": ""VERIFY_GRASP"", ""success"": true, ""message"": ""object lifted 112 mm"", ""duration_ms"": 0.0}, {""state"": ""DETECT_TARGET"", ""success"": true, ""message"": ""target container bowl_0 base=[ 0.528 -0.008  0.14 ]"", ""duration_ms"": 0.2}, {""state"": ""PLAN_PLACE"", ""success"": true, ""message"": ""release above [ 0.528 -0.008  0.14 ] +0.07m"", ""duration_ms"": 0.0}, {""state"": ""EXECUTE_PLACE"", ""success"": true, ""message"": ""released"", ""duration_ms"": 112.5}, {""state"": ""VERIFY_DONE"", ""success"": true, ""message"": ""object placed 45 mm from target"", ""duration_ms"": 0.0}]"
29,yolo,20260712,0.40418,-0.09631,0,VERIFY_GRASP,1020.0,701.6,318.3,0,0,15.9,,-139.1,,"[{""state"": ""DETECT_SOURCE"", ""success"": true, ""message"": ""selected cup_0 conf=0.54 base=[ 0.419 -0.1    0.167] (1452 ROI pts)"", ""duration_ms"": 701.6}, {""state"": ""PLAN_PICK"", ""success"": true, ""message"": ""grasp=[ 0.419 -0.1    0.167] pre=[ 0.322 -0.077  0.167]"", ""duration_ms"": 0.1}, {""state"": ""EXECUTE_PICK"", ""success"": true, ""message"": ""grasp executed"", ""duration_ms"": 124.7}, {""state"": ""VERIFY_GRASP"", ""success"": false, ""message"": ""object only rose -32 mm (< 30 mm)"", ""duration_ms"": 0.0}, {""state"": ""EXECUTE_PICK"", ""success"": true, ""message"": ""grasp executed"", ""duration_ms"": 123.3}, {""state"": ""VERIFY_GRASP"", ""success"": false, ""message"": ""object only rose -19 mm (< 30 mm)"", ""duration_ms"": 0.0}, {""state"": ""EXECUTE_PICK"", ""success"": true, ""message"": ""grasp executed"", ""duration_ms"": 70.3}, {""state"": ""VERIFY_GRASP"", ""success"": false, ""message"": ""object only rose -139 mm (< 30 mm)"", ""duration_ms"": 0.0}]"
30,yolo,20260712,0.38908,-0.07451,1,,909.5,721.6,108.1,0.1,79.5,13.9,29.2,140.3,7.0,"[{""state"": ""DETECT_SOURCE"", ""success"": true, ""message"": ""selected cup_0 conf=0.74 base=[ 0.403 -0.077  0.166] (1472 ROI pts)"", ""duration_ms"": 721.6}, {""state"": ""PLAN_PICK"", ""success"": true, ""message"": ""grasp=[ 0.403 -0.077  0.166] pre=[ 0.304 -0.058  0.166]"", ""duration_ms"": 0.1}, {""state"": ""EXECUTE_PICK"", ""success"": true, ""message"": ""grasp executed"", ""duration_ms"": 108.1}, {""state"": ""VERIFY_GRASP"", ""success"": true, ""message"": ""object lifted 140 mm"", ""duration_ms"": 0.0}, {""state"": ""DETECT_TARGET"", ""success"": true, ""message"": ""target container bowl_0 base=[0.529 0.005 0.14 ]"", ""duration_ms"": 0.1}, {""state"": ""PLAN_PLACE"", ""success"": true, ""message"": ""release above [0.529 0.005 0.14 ] +0.07m"", ""duration_ms"": 0.0}, {""state"": ""EXECUTE_PLACE"", ""success"": true, ""message"": ""released"", ""duration_ms"": 79.5}, {""state"": ""VERIFY_DONE"", ""success"": true, ""message"": ""object placed 7 mm from target"", ""duration_ms"": 0.0}]"
31,yolo,20260712,0.40028,-0.13848,1,,903.7,702.9,112.3,0.1,88.2,20.0,32.7,129.6,10.3,"[{""state"": ""DETECT_SOURCE"", ""success"": true, ""message"": ""selected cup_0 conf=0.54 base=[ 0.419 -0.145  0.163] (1786 ROI pts)"", ""duration_ms"": 702.9}, {""state"": ""PLAN_PICK"", ""success"": true, ""message"": ""grasp=[ 0.419 -0.145  0.163] pre=[ 0.325 -0.112  0.163]"", ""duration_ms"": 0.1}, {""state"": ""EXECUTE_PICK"", ""success"": true, ""message"": ""grasp executed"", ""duration_ms"": 112.3}, {""state"": ""VERIFY_GRASP"", ""success"": true, ""message"": ""object lifted 130 mm"", ""duration_ms"": 0.0}, {""state"": ""DETECT_TARGET"", ""success"": true, ""message"": ""target container bowl_0 base=[ 0.532 -0.007  0.14 ]"", ""duration_ms"": 0.1}, {""state"": ""PLAN_PLACE"", ""success"": true, ""message"": ""release above [ 0.532 -0.007  0.14 ] +0.07m"", ""duration_ms"": 0.0}, {""state"": ""EXECUTE_PLACE"", ""success"": true, ""message"": ""released"", ""duration_ms"": 88.2}, {""state"": ""VERIFY_DONE"", ""success"": true, ""message"": ""object placed 10 mm from target"", ""duration_ms"": 0.0}]"
32,yolo,20260712,0.3524,-0.12334,1,,935.2,720.9,114.4,0.1,99.5,17.1,31.8,126.7,11.6,"[{""state"": ""DETECT_SOURCE"", ""success"": true, ""message"": ""selected cup_0 conf=0.56 base=[ 0.368 -0.129  0.166] (2000 ROI pts)"", ""duration_ms"": 720.9}, {""state"": ""PLAN_PICK"", ""success"": true, ""message"": ""grasp=[ 0.368 -0.129  0.166] pre=[ 0.274 -0.096  0.166]"", ""duration_ms"": 0.1}, {""state"": ""EXECUTE_PICK"", ""success"": true, ""message"": ""grasp executed"", ""duration_ms"": 114.4}, {""state"": ""VERIFY_GRASP"", ""success"": true, ""message"": ""object lifted 127 mm"", ""duration_ms"": 0.0}, {""state"": ""DETECT_TARGET"", ""success"": true, ""message"": ""target container bowl_0 base=[ 0.531 -0.006  0.14 ]"", ""duration_ms"": 0.1}, {""state"": ""PLAN_PLACE"", ""success"": true, ""message"": ""release above [ 0.531 -0.006  0.14 ] +0.07m"", ""duration_ms"": 0.0}, {""state"": ""EXECUTE_PLACE"", ""success"": true, ""message"": ""released"", ""duration_ms"": 99.5}, {""state"": ""VERIFY_DONE"", ""success"": true, ""message"": ""object placed 12 mm from target"", ""duration_ms"": 0.0}]"
33,yolo,20260712,0.41981,-0.06623,0,VERIFY_GRASP,956.0,732.8,223.0,0,0,18.1,,-120.0,,"[{""state"": ""DETECT_SOURCE"", ""success"": true, ""message"": ""selected cup_0 conf=0.58 base=[ 0.349 -0.061  0.137] (1080 ROI pts)"", ""duration_ms"": 732.8}, {""state"": ""PLAN_PICK"", ""success"": true, ""message"": ""grasp=[ 0.349 -0.061  0.15 ] pre=[ 0.25  -0.044  0.15 ]"", ""duration_ms"": 0.1}, {""state"": ""EXECUTE_PICK"", ""success"": true, ""message"": ""grasp executed"", ""duration_ms"": 88.9}, {""state"": ""VERIFY_GRASP"", ""success"": false, ""message"": ""object only rose 0 mm (< 30 mm)"", ""duration_ms"": 0.0}, {""state"": ""EXECUTE_PICK"", ""success"": true, ""message"": ""grasp executed"", ""duration_ms"": 69.7}, {""state"": ""VERIFY_GRASP"", ""success"": false, ""message"": ""object only rose -120 mm (< 30 mm)"", ""duration_ms"": 0.0}, {""state"": ""EXECUTE_PICK"", ""success"": true, ""message"": ""grasp executed"", ""duration_ms"": 64.4}, {""state"": ""VERIFY_GRASP"", ""success"": false, ""message"": ""object only rose -120 mm (< 30 mm)"", ""duration_ms"": 0.0}]"
34,yolo,20260712,0.40035,-0.13815,1,,923.0,712.6,110.4,0.1,99.7,19.7,32.8,113.3,54.9,"[{""state"": ""DETECT_SOURCE"", ""success"": true, ""message"": ""selected cup_0 conf=0.50 base=[ 0.419 -0.145  0.163] (1786 ROI pts)"", ""duration_ms"": 712.6}, {""state"": ""PLAN_PICK"", ""success"": true, ""message"": ""grasp=[ 0.419 -0.145  0.163] pre=[ 0.324 -0.112  0.163]"", ""duration_ms"": 0.1}, {""state"": ""EXECUTE_PICK"", ""success"": true, ""message"": ""grasp executed"", ""duration_ms"": 110.4}, {""state"": ""VERIFY_GRASP"", ""success"": true, ""message"": ""object lifted 113 mm"", ""duration_ms"": 0.0}, {""state"": ""DETECT_TARGET"", ""success"": true, ""message"": ""target container bowl_0 base=[ 0.532 -0.007  0.14 ]"", ""duration_ms"": 0.1}, {""state"": ""PLAN_PLACE"", ""success"": true, ""message"": ""release above [ 0.532 -0.007  0.14 ] +0.07m"", ""duration_ms"": 0.0}, {""state"": ""EXECUTE_PLACE"", ""success"": true, ""message"": ""released"", ""duration_ms"": 99.7}, {""state"": ""VERIFY_DONE"", ""success"": true, ""message"": ""object placed 55 mm from target"", ""duration_ms"": 0.0}]"
35,yolo,20260712,0.35966,-0.12847,1,,923.1,701.9,120.0,0.1,100.8,15.6,29.2,109.8,51.4,"[{""state"": ""DETECT_SOURCE"", ""success"": true, ""message"": ""selected cup_0 conf=0.68 base=[ 0.374 -0.134  0.165] (1950 ROI pts)"", ""duration_ms"": 701.9}, {""state"": ""PLAN_PICK"", ""success"": true, ""message"": ""grasp=[ 0.374 -0.134  0.165] pre=[ 0.28  -0.1    0.165]"", ""duration_ms"": 0.1}, {""state"": ""EXECUTE_PICK"", ""success"": true, ""message"": ""grasp executed"", ""duration_ms"": 120.0}, {""state"": ""VERIFY_GRASP"", ""success"": true, ""message"": ""object lifted 110 mm"", ""duration_ms"": 0.0}, {""state"": ""DETECT_TARGET"", ""success"": true, ""message"": ""target container bowl_0 base=[ 0.528 -0.008  0.14 ]"", ""duration_ms"": 0.1}, {""state"": ""PLAN_PLACE"", ""success"": true, ""message"": ""release above [ 0.528 -0.008  0.14 ] +0.07m"", ""duration_ms"": 0.0}, {""state"": ""EXECUTE_PLACE"", ""success"": true, ""message"": ""released"", ""duration_ms"": 100.8}, {""state"": ""VERIFY_DONE"", ""success"": true, ""message"": ""object placed 51 mm from target"", ""duration_ms"": 0.0}]"
36,yolo,20260712,0.36562,-0.1389,1,,955.6,727.5,120.5,0.1,107.3,12.0,31.7,109.7,13.3,"[{""state"": ""DETECT_SOURCE"", ""success"": true, ""message"": ""selected cup_0 conf=0.52 base=[ 0.377 -0.142  0.165] (1715 ROI pts)"", ""duration_ms"": 727.5}, {""state"": ""PLAN_PICK"", ""success"": true, ""message"": ""grasp=[ 0.377 -0.142  0.165] pre=[ 0.284 -0.107  0.165]"", ""duration_ms"": 0.1}, {""state"": ""EXECUTE_PICK"", ""success"": true, ""message"": ""grasp executed"", ""duration_ms"": 120.5}, {""state"": ""VERIFY_GRASP"", ""success"": true, ""message"": ""object lifted 110 mm"", ""duration_ms"": 0.0}, {""state"": ""DETECT_TARGET"", ""success"": true, ""message"": ""target container bowl_0 base=[ 0.531 -0.006  0.14 ]"", ""duration_ms"": 0.1}, {""state"": ""PLAN_PLACE"", ""success"": true, ""message"": ""release above [ 0.531 -0.006  0.14 ] +0.07m"", ""duration_ms"": 0.0}, {""state"": ""EXECUTE_PLACE"", ""success"": true, ""message"": ""released"", ""duration_ms"": 107.3}, {""state"": ""VERIFY_DONE"", ""success"": true, ""message"": ""object placed 13 mm from target"", ""duration_ms"": 0.0}]"
37,yolo,20260712,0.4121,-0.06719,0,VERIFY_GRASP,946.3,722.9,223.2,0,0,17.6,,-120.0,,"[{""state"": ""DETECT_SOURCE"", ""success"": true, ""message"": ""selected cup_0 conf=0.58 base=[ 0.343 -0.061  0.136] (1147 ROI pts)"", ""duration_ms"": 722.9}, {""state"": ""PLAN_PICK"", ""success"": true, ""message"": ""grasp=[ 0.343 -0.061  0.15 ] pre=[ 0.245 -0.043  0.15 ]"", ""duration_ms"": 0.1}, {""state"": ""EXECUTE_PICK"", ""success"": true, ""message"": ""grasp executed"", ""duration_ms"": 88.0}, {""state"": ""VERIFY_GRASP"", ""success"": false, ""message"": ""object only rose 0 mm (< 30 mm)"", ""duration_ms"": 0.0}, {""state"": ""EXECUTE_PICK"", ""success"": true, ""message"": ""grasp executed"", ""duration_ms"": 69.1}, {""state"": ""VERIFY_GRASP"", ""success"": false, ""message"": ""object only rose -120 mm (< 30 mm)"", ""duration_ms"": 0.0}, {""state"": ""EXECUTE_PICK"", ""success"": true, ""message"": ""grasp executed"", ""duration_ms"": 66.1}, {""state"": ""VERIFY_GRASP"", ""success"": false, ""message"": ""object only rose -120 mm (< 30 mm)"", ""duration_ms"": 0.0}]"
38,yolo,20260712,0.41525,-0.1075,0,VERIFY_GRASP,967.0,721.6,245.2,0,0,16.6,,-139.1,,"[{""state"": ""DETECT_SOURCE"", ""success"": true, ""message"": ""selected cup_0 conf=0.67 base=[ 0.431 -0.112  0.167] (1419 ROI pts)"", ""duration_ms"": 721.6}, {""state"": ""PLAN_PICK"", ""success"": true, ""message"": ""grasp=[ 0.431 -0.112  0.167] pre=[ 0.334 -0.086  0.167]"", ""duration_ms"": 0.1}, {""state"": ""EXECUTE_PICK"", ""success"": true, ""message"": ""grasp executed"", ""duration_ms"": 102.5}, {""state"": ""VERIFY_GRASP"", ""success"": false, ""message"": ""object only rose -19 mm (< 30 mm)"", ""duration_ms"": 0.0}, {""state"": ""EXECUTE_PICK"", ""success"": true, ""message"": ""grasp executed"", ""duration_ms"": 73.9}, {""state"": ""VERIFY_GRASP"", ""success"": false, ""message"": ""object only rose -19 mm (< 30 mm)"", ""duration_ms"": 0.0}, {""state"": ""EXECUTE_PICK"", ""success"": true, ""message"": ""grasp executed"", ""duration_ms"": 68.8}, {""state"": ""VERIFY_GRASP"", ""success"": false, ""message"": ""object only rose -139 mm (< 30 mm)"", ""duration_ms"": 0.0}]"
39,yolo,20260712,0.41003,-0.10639,0,VERIFY_GRASP,958.6,688.5,269.9,0,0,16.7,,-19.1,,"[{""state"": ""DETECT_SOURCE"", ""success"": true, ""message"": ""selected cup_0 conf=0.65 base=[ 0.426 -0.111  0.167] (1496 ROI pts)"", ""duration_ms"": 688.5}, {""state"": ""PLAN_PICK"", ""success"": true, ""message"": ""grasp=[ 0.426 -0.111  0.167] pre=[ 0.329 -0.086  0.167]"", ""duration_ms"": 0.1}, {""state"": ""EXECUTE_PICK"", ""success"": true, ""message"": ""grasp executed"", ""duration_ms"": 102.7}, {""state"": ""VERIFY_GRASP"", ""success"": false, ""message"": ""object only rose -19 mm (< 30 mm)"", ""duration_ms"": 0.0}, {""state"": ""EXECUTE_PICK"", ""success"": true, ""message"": ""grasp executed"", ""duration_ms"": 92.6}, {""state"": ""VERIFY_GRASP"", ""success"": false, ""message"": ""object only rose -19 mm (< 30 mm)"", ""duration_ms"": 0.0}, {""state"": ""EXECUTE_PICK"", ""success"": true, ""message"": ""grasp executed"", ""duration_ms"": 74.6}, {""state"": ""VERIFY_GRASP"", ""success"": false, ""message"": ""object only rose -19 mm (< 30 mm)"", ""duration_ms"": 0.0}]"
40,yolo,20260712,0.38035,-0.12175,1,,918.2,691.8,119.4,0.1,106.7,19.2,31.8,113.2,50.5,"[{""state"": ""DETECT_SOURCE"", ""success"": true, ""message"": ""selected cup_0 conf=0.47 base=[ 0.399 -0.127  0.166] (1786 ROI pts)"", ""duration_ms"": 691.8}, {""state"": ""PLAN_PICK"", ""success"": true, ""message"": ""grasp=[ 0.399 -0.127  0.166] pre=[ 0.303 -0.097  0.166]"", ""duration_ms"": 0.1}, {""state"": ""EXECUTE_PICK"", ""success"": true, ""message"": ""grasp executed"", ""duration_ms"": 119.4}, {""state"": ""VERIFY_GRASP"", ""success"": true, ""message"": ""object lifted 113 mm"", ""duration_ms"": 0.0}, {""state"": ""DETECT_TARGET"", ""success"": true, ""message"": ""target container bowl_0 base=[ 0.531 -0.006  0.14 ]"", ""duration_ms"": 0.1}, {""state"": ""PLAN_PLACE"", ""success"": true, ""message"": ""release above [ 0.531 -0.006  0.14 ] +0.07m"", ""duration_ms"": 0.0}, {""state"": ""EXECUTE_PLACE"", ""success"": true, ""message"": ""released"", ""duration_ms"": 106.7}, {""state"": ""VERIFY_DONE"", ""success"": true, ""message"": ""object placed 51 mm from target"", ""duration_ms"": 0.0}]"
41,yolo,20260712,0.38328,-0.07157,1,,950.3,740.2,113.9,0.1,96.0,13.9,28.4,130.5,12.4,"[{""state"": ""DETECT_SOURCE"", ""success"": true, ""message"": ""selected cup_0 conf=0.67 base=[ 0.397 -0.074  0.167] (1518 ROI pts)"", ""duration_ms"": 740.2}, {""state"": ""PLAN_PICK"", ""success"": true, ""message"": ""grasp=[ 0.397 -0.074  0.167] pre=[ 0.298 -0.056  0.167]"", ""duration_ms"": 0.1}, {""state"": ""EXECUTE_PICK"", ""success"": true, ""message"": ""grasp executed"", ""duration_ms"": 113.9}, {""state"": ""VERIFY_GRASP"", ""success"": true, ""message"": ""object lifted 131 mm"", ""duration_ms"": 0.0}, {""state"": ""DETECT_TARGET"", ""success"": true, ""message"": ""target container bowl_0 base=[0.528 0.005 0.14 ]"", ""duration_ms"": 0.1}, {""state"": ""PLAN_PLACE"", ""success"": true, ""message"": ""release above [0.528 0.005 0.14 ] +0.07m"", ""duration_ms"": 0.0}, {""state"": ""EXECUTE_PLACE"", ""success"": true, ""message"": ""released"", ""duration_ms"": 96.0}, {""state"": ""VERIFY_DONE"", ""success"": true, ""message"": ""object placed 12 mm from target"", ""duration_ms"": 0.0}]"
42,yolo,20260712,0.3584,-0.10227,1,,961.0,731.8,121.0,0.1,107.7,16.7,30.2,109.6,72.6,"[{""state"": ""DETECT_SOURCE"", ""success"": true, ""message"": ""selected cup_0 conf=0.61 base=[ 0.374 -0.107  0.167] (1862 ROI pts)"", ""duration_ms"": 731.8}, {""state"": ""PLAN_PICK"", ""success"": true, ""message"": ""grasp=[ 0.374 -0.107  0.167] pre=[ 0.278 -0.08   0.167]"", ""duration_ms"": 0.1}, {""state"": ""EXECUTE_PICK"", ""success"": true, ""message"": ""grasp executed"", ""duration_ms"": 121.0}, {""state"": ""VERIFY_GRASP"", ""success"": true, ""message"": ""object lifted 110 mm"", ""duration_ms"": 0.0}, {""state"": ""DETECT_TARGET"", ""success"": true, ""message"": ""target container bowl_0 base=[ 0.529 -0.009  0.14 ]"", ""duration_ms"": 0.1}, {""state"": ""PLAN_PLACE"", ""success"": true, ""message"": ""release above [ 0.529 -0.009  0.14 ] +0.07m"", ""duration_ms"": 0.0}, {""state"": ""EXECUTE_PLACE"", ""success"": true, ""message"": ""released"", ""duration_ms"": 107.7}, {""state"": ""VERIFY_DONE"", ""success"": true, ""message"": ""object placed 73 mm from target"", ""duration_ms"": 0.0}]"
43,yolo,20260712,0.39367,-0.08945,1,,957.3,720.2,131.3,0.1,105.6,15.2,26.6,107.8,24.7,"[{""state"": ""DETECT_SOURCE"", ""success"": true, ""message"": ""selected cup_0 conf=0.73 base=[ 0.408 -0.093  0.166] (1518 ROI pts)"", ""duration_ms"": 720.2}, {""state"": ""PLAN_PICK"", ""success"": true, ""message"": ""grasp=[ 0.408 -0.093  0.166] pre=[ 0.311 -0.071  0.166]"", ""duration_ms"": 0.1}, {""state"": ""EXECUTE_PICK"", ""success"": true, ""message"": ""grasp executed"", ""duration_ms"": 131.3}, {""state"": ""VERIFY_GRASP"", ""success"": true, ""message"": ""object lifted 108 mm"", ""duration_ms"": 0.0}, {""state"": ""DETECT_TARGET"", ""success"": true, ""message"": ""target container bowl_0 base=[ 0.526 -0.006  0.14 ]"", ""duration_ms"": 0.1}, {""state"": ""PLAN_PLACE"", ""success"": true, ""message"": ""release above [ 0.526 -0.006  0.14 ] +0.07m"", ""duration_ms"": 0.0}, {""state"": ""EXECUTE_PLACE"", ""success"": true, ""message"": ""released"", ""duration_ms"": 105.6}, {""state"": ""VERIFY_DONE"", ""success"": true, ""message"": ""object placed 25 mm from target"", ""duration_ms"": 0.0}]"
44,yolo,20260712,0.35126,-0.15008,1,,923.1,704.7,111.7,0.2,106.3,8.2,28.9,116.4,21.2,"[{""state"": ""DETECT_SOURCE"", ""success"": true, ""message"": ""selected cup_0 conf=0.64 base=[ 0.358 -0.147  0.163] (1428 ROI pts)"", ""duration_ms"": 704.7}, {""state"": ""PLAN_PICK"", ""success"": true, ""message"": ""grasp=[ 0.358 -0.147  0.163] pre=[ 0.266 -0.109  0.163]"", ""duration_ms"": 0.1}, {""state"": ""EXECUTE_PICK"", ""success"": true, ""message"": ""grasp executed"", ""duration_ms"": 111.7}, {""state"": ""VERIFY_GRASP"", ""success"": true, ""message"": ""object lifted 116 mm"", ""duration_ms"": 0.0}, {""state"": ""DETECT_TARGET"", ""success"": true, ""message"": ""target container bowl_0 base=[ 0.528 -0.008  0.14 ]"", ""duration_ms"": 0.2}, {""state"": ""PLAN_PLACE"", ""success"": true, ""message"": ""release above [ 0.528 -0.008  0.14 ] +0.07m"", ""duration_ms"": 0.0}, {""state"": ""EXECUTE_PLACE"", ""success"": true, ""message"": ""released"", ""duration_ms"": 106.3}, {""state"": ""VERIFY_DONE"", ""success"": true, ""message"": ""object placed 21 mm from target"", ""duration_ms"": 0.0}]"
45,yolo,20260712,0.37434,-0.13175,1,,924.1,696.7,118.0,0.1,109.1,17.4,29.4,112.5,56.6,"[{""state"": ""DETECT_SOURCE"", ""success"": true, ""message"": ""selected cup_0 conf=0.57 base=[ 0.391 -0.137  0.166] (1824 ROI pts)"", ""duration_ms"": 696.7}, {""state"": ""PLAN_PICK"", ""success"": true, ""message"": ""grasp=[ 0.391 -0.137  0.166] pre=[ 0.296 -0.104  0.166]"", ""duration_ms"": 0.1}, {""state"": ""EXECUTE_PICK"", ""success"": true, ""message"": ""grasp executed"", ""duration_ms"": 118.0}, {""state"": ""VERIFY_GRASP"", ""success"": true, ""message"": ""object lifted 113 mm"", ""duration_ms"": 0.0}, {""state"": ""DETECT_TARGET"", ""success"": true, ""message"": ""target container bowl_0 base=[ 0.528 -0.008  0.14 ]"", ""duration_ms"": 0.1}, {""state"": ""PLAN_PLACE"", ""success"": true, ""message"": ""release above [ 0.528 -0.008  0.14 ] +0.07m"", ""duration_ms"": 0.0}, {""state"": ""EXECUTE_PLACE"", ""success"": true, ""message"": ""released"", ""duration_ms"": 109.1}, {""state"": ""VERIFY_DONE"", ""success"": true, ""message"": ""object placed 57 mm from target"", ""duration_ms"": 0.0}]"
46,yolo,20260712,0.39149,-0.13922,1,,916.4,714.1,106.9,0.1,95.2,17.8,29.3,127.8,3.3,"[{""state"": ""DETECT_SOURCE"", ""success"": true, ""message"": ""selected cup_0 conf=0.49 base=[ 0.408 -0.145  0.166] (1739 ROI pts)"", ""duration_ms"": 714.1}, {""state"": ""PLAN_PICK"", ""success"": true, ""message"": ""grasp=[ 0.408 -0.145  0.166] pre=[ 0.314 -0.112  0.166]"", ""duration_ms"": 0.1}, {""state"": ""EXECUTE_PICK"", ""success"": true, ""message"": ""grasp executed"", ""duration_ms"": 106.9}, {""state"": ""VERIFY_GRASP"", ""success"": true, ""message"": ""object lifted 128 mm"", ""duration_ms"": 0.0}, {""state"": ""DETECT_TARGET"", ""success"": true, ""message"": ""target container bowl_0 base=[ 0.528 -0.008  0.14 ]"", ""duration_ms"": 0.1}, {""state"": ""PLAN_PLACE"", ""success"": true, ""message"": ""release above [ 0.528 -0.008  0.14 ] +0.07m"", ""duration_ms"": 0.0}, {""state"": ""EXECUTE_PLACE"", ""success"": true, ""message"": ""released"", ""duration_ms"": 95.2}, {""state"": ""VERIFY_DONE"", ""success"": true, ""message"": ""object placed 3 mm from target"", ""duration_ms"": 0.0}]"
47,yolo,20260712,0.37534,-0.06839,1,,935.8,730.0,105.4,0.1,100.1,13.2,28.0,138.3,9.1,"[{""state"": ""DETECT_SOURCE"", ""success"": true, ""message"": ""selected cup_0 conf=0.62 base=[ 0.388 -0.071  0.166] (1551 ROI pts)"", ""duration_ms"": 730.0}, {""state"": ""PLAN_PICK"", ""success"": true, ""message"": ""grasp=[ 0.388 -0.071  0.166] pre=[ 0.29  -0.053  0.166]"", ""duration_ms"": 0.1}, {""state"": ""EXECUTE_PICK"", ""success"": true, ""message"": ""grasp executed"", ""duration_ms"": 105.4}, {""state"": ""VERIFY_GRASP"", ""success"": true, ""message"": ""object lifted 138 mm"", ""duration_ms"": 0.0}, {""state"": ""DETECT_TARGET"", ""success"": true, ""message"": ""target container bowl_0 base=[0.527 0.007 0.14 ]"", ""duration_ms"": 0.1}, {""state"": ""PLAN_PLACE"", ""success"": true, ""message"": ""release above [0.527 0.007 0.14 ] +0.07m"", ""duration_ms"": 0.0}, {""state"": ""EXECUTE_PLACE"", ""success"": true, ""message"": ""released"", ""duration_ms"": 100.1}, {""state"": ""VERIFY_DONE"", ""success"": true, ""message"": ""object placed 9 mm from target"", ""duration_ms"": 0.0}]"
48,yolo,20260712,0.34965,-0.15298,1,,954.1,717.7,122.0,0.1,114.0,8.7,28.9,112.5,58.8,"[{""state"": ""DETECT_SOURCE"", ""success"": true, ""message"": ""selected cup_0 conf=0.37 base=[ 0.356 -0.149  0.162] (1377 ROI pts)"", ""duration_ms"": 717.7}, {""state"": ""PLAN_PICK"", ""success"": true, ""message"": ""grasp=[ 0.356 -0.149  0.162] pre=[ 0.264 -0.11   0.162]"", ""duration_ms"": 0.1}, {""state"": ""EXECUTE_PICK"", ""success"": true, ""message"": ""grasp executed"", ""duration_ms"": 122.0}, {""state"": ""VERIFY_GRASP"", ""success"": true, ""message"": ""object lifted 112 mm"", ""duration_ms"": 0.0}, {""state"": ""DETECT_TARGET"", ""success"": true, ""message"": ""target container bowl_0 base=[ 0.528 -0.008  0.14 ]"", ""duration_ms"": 0.1}, {""state"": ""PLAN_PLACE"", ""success"": true, ""message"": ""release above [ 0.528 -0.008  0.14 ] +0.07m"", ""duration_ms"": 0.0}, {""state"": ""EXECUTE_PLACE"", ""success"": true, ""message"": ""released"", ""duration_ms"": 114.0}, {""state"": ""VERIFY_DONE"", ""success"": true, ""message"": ""object placed 59 mm from target"", ""duration_ms"": 0.0}]"
49,yolo,20260712,0.41417,-0.09313,0,DETECT_SOURCE,689.7,689.7,0,0,0,,,,,"[{""state"": ""DETECT_SOURCE"", ""success"": false, ""message"": ""no 'cup' detected (saw 2 objects)"", ""duration_ms"": 689.7}]"
50,yolo,20260712,0.40729,-0.07525,0,DETECT_SOURCE,706.6,706.6,0,0,0,,,,,"[{""state"": ""DETECT_SOURCE"", ""success"": false, ""message"": ""no 'cup' detected (saw 2 objects)"", ""duration_ms"": 706.6}]"
51,yolo,20260712,0.41693,-0.09457,0,DETECT_SOURCE,746.2,746.2,0,0,0,,,,,"[{""state"": ""DETECT_SOURCE"", ""success"": false, ""message"": ""no 'cup' detected (saw 2 objects)"", ""duration_ms"": 746.2}]"
52,yolo,20260712,0.35528,-0.06533,1,,942.4,715.3,118.0,0.1,108.7,13.2,28.1,114.8,34.2,"[{""state"": ""DETECT_SOURCE"", ""success"": true, ""message"": ""selected cup_0 conf=0.66 base=[ 0.368 -0.068  0.168] (1715 ROI pts)"", ""duration_ms"": 715.3}, {""state"": ""PLAN_PICK"", ""success"": true, ""message"": ""grasp=[ 0.368 -0.068  0.168] pre=[ 0.27  -0.05   0.168]"", ""duration_ms"": 0.1}, {""state"": ""EXECUTE_PICK"", ""success"": true, ""message"": ""grasp executed"", ""duration_ms"": 118.0}, {""state"": ""VERIFY_GRASP"", ""success"": true, ""message"": ""object lifted 115 mm"", ""duration_ms"": 0.0}, {""state"": ""DETECT_TARGET"", ""success"": true, ""message"": ""target container bowl_0 base=[0.527 0.008 0.14 ]"", ""duration_ms"": 0.1}, {""state"": ""PLAN_PLACE"", ""success"": true, ""message"": ""release above [0.527 0.008 0.14 ] +0.07m"", ""duration_ms"": 0.0}, {""state"": ""EXECUTE_PLACE"", ""success"": true, ""message"": ""released"", ""duration_ms"": 108.7}, {""state"": ""VERIFY_DONE"", ""success"": true, ""message"": ""object placed 34 mm from target"", ""duration_ms"": 0.0}]"
53,yolo,20260712,0.37324,-0.10349,1,,953.1,717.3,122.9,0.1,112.7,16.9,29.5,111.8,14.8,"[{""state"": ""DETECT_SOURCE"", ""success"": true, ""message"": ""selected cup_0 conf=0.68 base=[ 0.389 -0.108  0.167] (1739 ROI pts)"", ""duration_ms"": 717.3}, {""state"": ""PLAN_PICK"", ""success"": true, ""message"": ""grasp=[ 0.389 -0.108  0.167] pre=[ 0.293 -0.081  0.167]"", ""duration_ms"": 0.1}, {""state"": ""EXECUTE_PICK"", ""success"": true, ""message"": ""grasp executed"", ""duration_ms"": 122.9}, {""state"": ""VERIFY_GRASP"", ""success"": true, ""message"": ""object lifted 112 mm"", ""duration_ms"": 0.0}, {""state"": ""DETECT_TARGET"", ""success"": true, ""message"": ""target container bowl_0 base=[ 0.528 -0.009  0.14 ]"", ""duration_ms"": 0.1}, {""state"": ""PLAN_PLACE"", ""success"": true, ""message"": ""release above [ 0.528 -0.009  0.14 ] +0.07m"", ""duration_ms"": 0.0}, {""state"": ""EXECUTE_PLACE"", ""success"": true, ""message"": ""released"", ""duration_ms"": 112.7}, {""state"": ""VERIFY_DONE"", ""success"": true, ""message"": ""object placed 15 mm from target"", ""duration_ms"": 0.0}]"
54,yolo,20260712,0.37242,-0.10591,1,,924.6,698.2,122.5,0.2,103.5,17.1,29.5,109.7,49.5,"[{""state"": ""DETECT_SOURCE"", ""success"": true, ""message"": ""selected cup_0 conf=0.59 base=[ 0.389 -0.111  0.167] (1739 ROI pts)"", ""duration_ms"": 698.2}, {""state"": ""PLAN_PICK"", ""success"": true, ""message"": ""grasp=[ 0.389 -0.111  0.167] pre=[ 0.293 -0.083  0.167]"", ""duration_ms"": 0.1}, {""state"": ""EXECUTE_PICK"", ""success"": true, ""message"": ""grasp executed"", ""duration_ms"": 122.5}, {""state"": ""VERIFY_GRASP"", ""success"": true, ""message"": ""object lifted 110 mm"", ""duration_ms"": 0.0}, {""state"": ""DETECT_TARGET"", ""success"": true, ""message"": ""target container bowl_0 base=[ 0.528 -0.009  0.14 ]"", ""duration_ms"": 0.2}, {""state"": ""PLAN_PLACE"", ""success"": true, ""message"": ""release above [ 0.528 -0.009  0.14 ] +0.07m"", ""duration_ms"": 0.0}, {""state"": ""EXECUTE_PLACE"", ""success"": true, ""message"": ""released"", ""duration_ms"": 103.5}, {""state"": ""VERIFY_DONE"", ""success"": true, ""message"": ""object placed 50 mm from target"", ""duration_ms"": 0.0}]"
55,yolo,20260712,0.35178,-0.10078,1,,926.3,707.6,113.8,0.1,104.5,16.6,30.4,124.9,8.8,"[{""state"": ""DETECT_SOURCE"", ""success"": true, ""message"": ""selected cup_0 conf=0.63 base=[ 0.368 -0.105  0.166] (1950 ROI pts)"", ""duration_ms"": 707.6}, {""state"": ""PLAN_PICK"", ""success"": true, ""message"": ""grasp=[ 0.368 -0.105  0.166] pre=[ 0.272 -0.078  0.166]"", ""duration_ms"": 0.1}, {""state"": ""EXECUTE_PICK"", ""success"": true, ""message"": ""grasp executed"", ""duration_ms"": 113.8}, {""state"": ""VERIFY_GRASP"", ""success"": true, ""message"": ""object lifted 125 mm"", ""duration_ms"": 0.0}, {""state"": ""DETECT_TARGET"", ""success"": true, ""message"": ""target container bowl_0 base=[ 0.529 -0.009  0.14 ]"", ""duration_ms"": 0.1}, {""state"": ""PLAN_PLACE"", ""success"": true, ""message"": ""release above [ 0.529 -0.009  0.14 ] +0.07m"", ""duration_ms"": 0.0}, {""state"": ""EXECUTE_PLACE"", ""success"": true, ""message"": ""released"", ""duration_ms"": 104.5}, {""state"": ""VERIFY_DONE"", ""success"": true, ""message"": ""object placed 9 mm from target"", ""duration_ms"": 0.0}]"
56,yolo,20260712,0.39044,-0.13825,1,,937.6,720.0,109.7,0.1,107.5,18.0,29.4,124.7,18.3,"[{""state"": ""DETECT_SOURCE"", ""success"": true, ""message"": ""selected cup_0 conf=0.38 base=[ 0.407 -0.144  0.166] (1739 ROI pts)"", ""duration_ms"": 720.0}, {""state"": ""PLAN_PICK"", ""success"": true, ""message"": ""grasp=[ 0.407 -0.144  0.166] pre=[ 0.313 -0.111  0.166]"", ""duration_ms"": 0.1}, {""state"": ""EXECUTE_PICK"", ""success"": true, ""message"": ""grasp executed"", ""duration_ms"": 109.7}, {""state"": ""VERIFY_GRASP"", ""success"": true, ""message"": ""object lifted 125 mm"", ""duration_ms"": 0.0}, {""state"": ""DETECT_TARGET"", ""success"": true, ""message"": ""target container bowl_0 base=[ 0.528 -0.008  0.14 ]"", ""duration_ms"": 0.1}, {""state"": ""PLAN_PLACE"", ""success"": true, ""message"": ""release above [ 0.528 -0.008  0.14 ] +0.07m"", ""duration_ms"": 0.0}, {""state"": ""EXECUTE_PLACE"", ""success"": true, ""message"": ""released"", ""duration_ms"": 107.5}, {""state"": ""VERIFY_DONE"", ""success"": true, ""message"": ""object placed 18 mm from target"", ""duration_ms"": 0.0}]"
57,yolo,20260712,0.3653,-0.15066,0,VERIFY_DONE,879.5,710.4,104.1,0.1,64.7,7.7,28.9,98.3,335.2,"[{""state"": ""DETECT_SOURCE"", ""success"": true, ""message"": ""selected cup_0 conf=0.53 base=[ 0.373 -0.15   0.165] (1440 ROI pts)"", ""duration_ms"": 710.4}, {""state"": ""PLAN_PICK"", ""success"": true, ""message"": ""grasp=[ 0.373 -0.15   0.165] pre=[ 0.28  -0.113  0.165]"", ""duration_ms"": 0.1}, {""state"": ""EXECUTE_PICK"", ""success"": true, ""message"": ""grasp executed"", ""duration_ms"": 104.1}, {""state"": ""VERIFY_GRASP"", ""success"": true, ""message"": ""object lifted 98 mm"", ""duration_ms"": 0.0}, {""state"": ""DETECT_TARGET"", ""success"": true, ""message"": ""target container bowl_0 base=[ 0.528 -0.008  0.14 ]"", ""duration_ms"": 0.1}, {""state"": ""PLAN_PLACE"", ""success"": true, ""message"": ""release above [ 0.528 -0.008  0.14 ] +0.07m"", ""duration_ms"": 0.0}, {""state"": ""EXECUTE_PLACE"", ""success"": true, ""message"": ""released"", ""duration_ms"": 64.7}, {""state"": ""VERIFY_DONE"", ""success"": false, ""message"": ""object landed 335 mm from target (> 90 mm)"", ""duration_ms"": 0.0}]"
58,yolo,20260712,0.34047,-0.15745,0,DETECT_SOURCE,749.3,749.3,0,0,0,,,,,"[{""state"": ""DETECT_SOURCE"", ""success"": false, ""message"": ""no 'cup' detected (saw 2 objects)"", ""duration_ms"": 749.3}]"
59,yolo,20260712,0.34253,-0.11008,1,,897.6,688.1,110.7,0.1,98.4,17.5,28.8,123.8,16.3,"[{""state"": ""DETECT_SOURCE"", ""success"": true, ""message"": ""selected cup_0 conf=0.61 base=[ 0.359 -0.116  0.166] (2091 ROI pts)"", ""duration_ms"": 688.1}, {""state"": ""PLAN_PICK"", ""success"": true, ""message"": ""grasp=[ 0.359 -0.116  0.166] pre=[ 0.264 -0.085  0.166]"", ""duration_ms"": 0.1}, {""state"": ""EXECUTE_PICK"", ""success"": true, ""message"": ""grasp executed"", ""duration_ms"": 110.7}, {""state"": ""VERIFY_GRASP"", ""success"": true, ""message"": ""object lifted 124 mm"", ""duration_ms"": 0.0}, {""state"": ""DETECT_TARGET"", ""success"": true, ""message"": ""target container bowl_0 base=[ 0.527 -0.009  0.14 ]"", ""duration_ms"": 0.1}, {""state"": ""PLAN_PLACE"", ""success"": true, ""message"": ""release above [ 0.527 -0.009  0.14 ] +0.07m"", ""duration_ms"": 0.0}, {""state"": ""EXECUTE_PLACE"", ""success"": true, ""message"": ""released"", ""duration_ms"": 98.4}, {""state"": ""VERIFY_DONE"", ""success"": true, ""message"": ""object placed 16 mm from target"", ""duration_ms"": 0.0}]"
60,yolo,20260712,0.38844,-0.13178,1,,946.9,720.1,117.5,0.1,109.1,20.7,31.9,111.8,53.2,"[{""state"": ""DETECT_SOURCE"", ""success"": true, ""message"": ""selected cup_0 conf=0.57 base=[ 0.408 -0.138  0.168] (1748 ROI pts)"", ""duration_ms"": 720.1}, {""state"": ""PLAN_PICK"", ""success"": true, ""message"": ""grasp=[ 0.408 -0.138  0.168] pre=[ 0.313 -0.106  0.168]"", ""duration_ms"": 0.1}, {""state"": ""EXECUTE_PICK"", ""success"": true, ""message"": ""grasp executed"", ""duration_ms"": 117.5}, {""state"": ""VERIFY_GRASP"", ""success"": true, ""message"": ""object lifted 112 mm"", ""duration_ms"": 0.0}, {""state"": ""DETECT_TARGET"", ""success"": true, ""message"": ""target container bowl_0 base=[ 0.531 -0.006  0.14 ]"", ""duration_ms"": 0.1}, {""state"": ""PLAN_PLACE"", ""success"": true, ""message"": ""release above [ 0.531 -0.006  0.14 ] +0.07m"", ""duration_ms"": 0.0}, {""state"": ""EXECUTE_PLACE"", ""success"": true, ""message"": ""released"", ""duration_ms"": 109.1}, {""state"": ""VERIFY_DONE"", ""success"": true, ""message"": ""object placed 53 mm from target"", ""duration_ms"": 0.0}]"
61,yolo,20260712,0.35128,-0.08856,1,,942.4,718.9,121.5,0.1,101.6,14.9,32.3,111.9,60.3,"[{""state"": ""DETECT_SOURCE"", ""success"": true, ""message"": ""selected cup_0 conf=0.75 base=[ 0.366 -0.092  0.166] (1850 ROI pts)"", ""duration_ms"": 718.9}, {""state"": ""PLAN_PICK"", ""success"": true, ""message"": ""grasp=[ 0.366 -0.092  0.166] pre=[ 0.269 -0.068  0.166]"", ""duration_ms"": 0.1}, {""state"": ""EXECUTE_PICK"", ""success"": true, ""message"": ""grasp executed"", ""duration_ms"": 121.5}, {""state"": ""VERIFY_GRASP"", ""success"": true, ""message"": ""object lifted 112 mm"", ""duration_ms"": 0.0}, {""state"": ""DETECT_TARGET"", ""success"": true, ""message"": ""target container bowl_0 base=[ 0.532 -0.006  0.14 ]"", ""duration_ms"": 0.1}, {""state"": ""PLAN_PLACE"", ""success"": true, ""message"": ""release above [ 0.532 -0.006  0.14 ] +0.07m"", ""duration_ms"": 0.0}, {""state"": ""EXECUTE_PLACE"", ""success"": true, ""message"": ""released"", ""duration_ms"": 101.6}, {""state"": ""VERIFY_DONE"", ""success"": true, ""message"": ""object placed 60 mm from target"", ""duration_ms"": 0.0}]"
62,yolo,20260712,0.36135,-0.11694,1,,939.9,715.7,117.4,0.2,106.5,17.7,28.7,106.3,52.0,"[{""state"": ""DETECT_SOURCE"", ""success"": true, ""message"": ""selected cup_0 conf=0.54 base=[ 0.378 -0.123  0.163] (2000 ROI pts)"", ""duration_ms"": 715.7}, {""state"": ""PLAN_PICK"", ""success"": true, ""message"": ""grasp=[ 0.378 -0.123  0.163] pre=[ 0.283 -0.092  0.163]"", ""duration_ms"": 0.1}, {""state"": ""EXECUTE_PICK"", ""success"": true, ""message"": ""grasp executed"", ""duration_ms"": 117.4}, {""state"": ""VERIFY_GRASP"", ""success"": true, ""message"": ""object lifted 106 mm"", ""duration_ms"": 0.0}, {""state"": ""DETECT_TARGET"", ""success"": true, ""message"": ""target container bowl_0 base=[ 0.527 -0.009  0.14 ]"", ""duration_ms"": 0.2}, {""state"": ""PLAN_PLACE"", ""success"": true, ""message"": ""release above [ 0.527 -0.009  0.14 ] +0.07m"", ""duration_ms"": 0.0}, {""state"": ""EXECUTE_PLACE"", ""success"": true, ""message"": ""released"", ""duration_ms"": 106.5}, {""state"": ""VERIFY_DONE"", ""success"": true, ""message"": ""object placed 52 mm from target"", ""duration_ms"": 0.0}]"
63,yolo,20260712,0.4133,-0.14142,1,,899.7,708.1,106.7,0.2,84.6,19.8,29.2,124.9,11.7,"[{""state"": ""DETECT_SOURCE"", ""success"": true, ""message"": ""selected cup_0 conf=0.37 base=[ 0.432 -0.148  0.166] (1584 ROI pts)"", ""duration_ms"": 708.1}, {""state"": ""PLAN_PICK"", ""success"": true, ""message"": ""grasp=[ 0.432 -0.148  0.166] pre=[ 0.337 -0.116  0.166]"", ""duration_ms"": 0.1}, {""state"": ""EXECUTE_PICK"", ""success"": true, ""message"": ""grasp executed"", ""duration_ms"": 106.7}, {""state"": ""VERIFY_GRASP"", ""success"": true, ""message"": ""object lifted 125 mm"", ""duration_ms"": 0.0}, {""state"": ""DETECT_TARGET"", ""success"": true, ""message"": ""target container bowl_0 base=[ 0.528 -0.008  0.14 ]"", ""duration_ms"": 0.2}, {""state"": ""PLAN_PLACE"", ""success"": true, ""message"": ""release above [ 0.528 -0.008  0.14 ] +0.07m"", ""duration_ms"": 0.0}, {""state"": ""EXECUTE_PLACE"", ""success"": true, ""message"": ""released"", ""duration_ms"": 84.6}, {""state"": ""VERIFY_DONE"", ""success"": true, ""message"": ""object placed 12 mm from target"", ""duration_ms"": 0.0}]"
64,yolo,20260712,0.38915,-0.14516,1,,943.6,722.7,115.3,0.1,105.3,14.4,31.8,110.3,24.0,"[{""state"": ""DETECT_SOURCE"", ""success"": true, ""message"": ""selected cup_0 conf=0.56 base=[ 0.403 -0.15   0.167] (1564 ROI pts)"", ""duration_ms"": 722.7}, {""state"": ""PLAN_PICK"", ""success"": true, ""message"": ""grasp=[ 0.403 -0.15   0.167] pre=[ 0.309 -0.115  0.167]"", ""duration_ms"": 0.1}, {""state"": ""EXECUTE_PICK"", ""success"": true, ""message"": ""grasp executed"", ""duration_ms"": 115.3}, {""state"": ""VERIFY_GRASP"", ""success"": true, ""message"": ""object lifted 110 mm"", ""duration_ms"": 0.0}, {""state"": ""DETECT_TARGET"", ""success"": true, ""message"": ""target container bowl_0 base=[ 0.531 -0.006  0.14 ]"", ""duration_ms"": 0.1}, {""state"": ""PLAN_PLACE"", ""success"": true, ""message"": ""release above [ 0.531 -0.006  0.14 ] +0.07m"", ""duration_ms"": 0.0}, {""state"": ""EXECUTE_PLACE"", ""success"": true, ""message"": ""released"", ""duration_ms"": 105.3}, {""state"": ""VERIFY_DONE"", ""success"": true, ""message"": ""object placed 24 mm from target"", ""duration_ms"": 0.0}]"
65,yolo,20260712,0.41541,-0.12893,1,,903.9,712.8,108.1,0.1,82.7,19.2,32.1,122.1,2.0,"[{""state"": ""DETECT_SOURCE"", ""success"": true, ""message"": ""selected cup_0 conf=0.44 base=[ 0.434 -0.134  0.166] (1505 ROI pts)"", ""duration_ms"": 712.8}, {""state"": ""PLAN_PICK"", ""success"": true, ""message"": ""grasp=[ 0.434 -0.134  0.166] pre=[ 0.338 -0.105  0.166]"", ""duration_ms"": 0.1}, {""state"": ""EXECUTE_PICK"", ""success"": true, ""message"": ""grasp executed"", ""duration_ms"": 108.1}, {""state"": ""VERIFY_GRASP"", ""success"": true, ""message"": ""object lifted 122 mm"", ""duration_ms"": 0.0}, {""state"": ""DETECT_TARGET"", ""success"": true, ""message"": ""target container bowl_0 base=[ 0.531 -0.007  0.14 ]"", ""duration_ms"": 0.1}, {""state"": ""PLAN_PLACE"", ""success"": true, ""message"": ""release above [ 0.531 -0.007  0.14 ] +0.07m"", ""duration_ms"": 0.0}, {""state"": ""EXECUTE_PLACE"", ""success"": true, ""message"": ""released"", ""duration_ms"": 82.7}, {""state"": ""VERIFY_DONE"", ""success"": true, ""message"": ""object placed 2 mm from target"", ""duration_ms"": 0.0}]"
66,yolo,20260712,0.34621,-0.06514,1,,952.5,724.5,118.2,0.1,109.4,13.1,28.0,116.9,5.2,"[{""state"": ""DETECT_SOURCE"", ""success"": true, ""message"": ""selected cup_0 conf=0.68 base=[ 0.359 -0.068  0.166] (1836 ROI pts)"", ""duration_ms"": 724.5}, {""state"": ""PLAN_PICK"", ""success"": true, ""message"": ""grasp=[ 0.359 -0.068  0.166] pre=[ 0.261 -0.049  0.166]"", ""duration_ms"": 0.1}, {""state"": ""EXECUTE_PICK"", ""success"": true, ""message"": ""grasp executed"", ""duration_ms"": 118.2}, {""state"": ""VERIFY_GRASP"", ""success"": true, ""message"": ""object lifted 117 mm"", ""duration_ms"": 0.0}, {""state"": ""DETECT_TARGET"", ""success"": true, ""message"": ""target container bowl_0 base=[0.527 0.007 0.14 ]"", ""duration_ms"": 0.1}, {""state"": ""PLAN_PLACE"", ""success"": true, ""message"": ""release above [0.527 0.007 0.14 ] +0.07m"", ""duration_ms"": 0.0}, {""state"": ""EXECUTE_PLACE"", ""success"": true, ""message"": ""released"", ""duration_ms"": 109.4}, {""state"": ""VERIFY_DONE"", ""success"": true, ""message"": ""object placed 5 mm from target"", ""duration_ms"": 0.0}]"
67,yolo,20260712,0.39613,-0.11075,1,,951.8,724.0,122.5,0.2,104.9,17.4,28.6,104.8,43.0,"[{""state"": ""DETECT_SOURCE"", ""success"": true, ""message"": ""selected cup_0 conf=0.71 base=[ 0.413 -0.115  0.167] (1575 ROI pts)"", ""duration_ms"": 724.0}, {""state"": ""PLAN_PICK"", ""success"": true, ""message"": ""grasp=[ 0.413 -0.115  0.167] pre=[ 0.317 -0.088  0.167]"", ""duration_ms"": 0.1}, {""state"": ""EXECUTE_PICK"", ""success"": true, ""message"": ""grasp executed"", ""duration_ms"": 122.5}, {""state"": ""VERIFY_GRASP"", ""success"": true, ""message"": ""object lifted 105 mm"", ""duration_ms"": 0.0}, {""state"": ""DETECT_TARGET"", ""success"": true, ""message"": ""target container bowl_0 base=[ 0.527 -0.008  0.14 ]"", ""duration_ms"": 0.2}, {""state"": ""PLAN_PLACE"", ""success"": true, ""message"": ""release above [ 0.527 -0.008  0.14 ] +0.07m"", ""duration_ms"": 0.0}, {""state"": ""EXECUTE_PLACE"", ""success"": true, ""message"": ""released"", ""duration_ms"": 104.9}, {""state"": ""VERIFY_DONE"", ""success"": true, ""message"": ""object placed 43 mm from target"", ""duration_ms"": 0.0}]"
68,yolo,20260712,0.37977,-0.11305,1,,949.2,716.3,119.6,0.1,113.0,17.8,28.8,113.9,51.0,"[{""state"": ""DETECT_SOURCE"", ""success"": true, ""message"": ""selected cup_0 conf=0.54 base=[ 0.397 -0.118  0.166] (1739 ROI pts)"", ""duration_ms"": 716.3}, {""state"": ""PLAN_PICK"", ""success"": true, ""message"": ""grasp=[ 0.397 -0.118  0.166] pre=[ 0.301 -0.09   0.166]"", ""duration_ms"": 0.1}, {""state"": ""EXECUTE_PICK"", ""success"": true, ""message"": ""grasp executed"", ""duration_ms"": 119.6}, {""state"": ""VERIFY_GRASP"", ""success"": true, ""message"": ""object lifted 114 mm"", ""duration_ms"": 0.0}, {""state"": ""DETECT_TARGET"", ""success"": true, ""message"": ""target container bowl_0 base=[ 0.527 -0.008  0.14 ]"", ""duration_ms"": 0.1}, {""state"": ""PLAN_PLACE"", ""success"": true, ""message"": ""release above [ 0.527 -0.008  0.14 ] +0.07m"", ""duration_ms"": 0.0}, {""state"": ""EXECUTE_PLACE"", ""success"": true, ""message"": ""released"", ""duration_ms"": 113.0}, {""state"": ""VERIFY_DONE"", ""success"": true, ""message"": ""object placed 51 mm from target"", ""duration_ms"": 0.0}]"
69,yolo,20260712,0.36543,-0.07557,1,,906.9,707.4,111.5,0.1,87.6,14.1,29.2,139.0,18.3,"[{""state"": ""DETECT_SOURCE"", ""success"": true, ""message"": ""selected cup_0 conf=0.81 base=[ 0.379 -0.079  0.168] (1598 ROI pts)"", ""duration_ms"": 707.4}, {""state"": ""PLAN_PICK"", ""success"": true, ""message"": ""grasp=[ 0.379 -0.079  0.168] pre=[ 0.281 -0.058  0.168]"", ""duration_ms"": 0.1}, {""state"": ""EXECUTE_PICK"", ""success"": true, ""message"": ""grasp executed"", ""duration_ms"": 111.5}, {""state"": ""VERIFY_GRASP"", ""success"": true, ""message"": ""object lifted 139 mm"", ""duration_ms"": 0.0}, {""state"": ""DETECT_TARGET"", ""success"": true, ""message"": ""target container bowl_0 base=[0.529 0.002 0.14 ]"", ""duration_ms"": 0.1}, {""state"": ""PLAN_PLACE"", ""success"": true, ""message"": ""release above [0.529 0.002 0.14 ] +0.07m"", ""duration_ms"": 0.0}, {""state"": ""EXECUTE_PLACE"", ""success"": true, ""message"": ""released"", ""duration_ms"": 87.6}, {""state"": ""VERIFY_DONE"", ""success"": true, ""message"": ""object placed 18 mm from target"", ""duration_ms"": 0.0}]"
70,yolo,20260712,0.40445,-0.07428,0,DETECT_SOURCE,723.8,723.8,0,0,0,,,,,"[{""state"": ""DETECT_SOURCE"", ""success"": false, ""message"": ""no 'cup' detected (saw 2 objects)"", ""duration_ms"": 723.8}]"
71,yolo,20260712,0.37286,-0.09326,1,,905.8,689.1,121.7,0.1,94.7,15.7,29.8,138.9,11.4,"[{""state"": ""DETECT_SOURCE"", ""success"": true, ""message"": ""selected cup_0 conf=0.66 base=[ 0.388 -0.097  0.167] (1692 ROI pts)"", ""duration_ms"": 689.1}, {""state"": ""PLAN_PICK"", ""success"": true, ""message"": ""grasp=[ 0.388 -0.097  0.167] pre=[ 0.291 -0.073  0.167]"", ""duration_ms"": 0.1}, {""state"": ""EXECUTE_PICK"", ""success"": true, ""message"": ""grasp executed"", ""duration_ms"": 121.7}, {""state"": ""VERIFY_GRASP"", ""success"": true, ""message"": ""object lifted 139 mm"", ""duration_ms"": 0.0}, {""state"": ""DETECT_TARGET"", ""success"": true, ""message"": ""target container bowl_0 base=[ 0.528 -0.009  0.14 ]"", ""duration_ms"": 0.1}, {""state"": ""PLAN_PLACE"", ""success"": true, ""message"": ""release above [ 0.528 -0.009  0.14 ] +0.07m"", ""duration_ms"": 0.0}, {""state"": ""EXECUTE_PLACE"", ""success"": true, ""message"": ""released"", ""duration_ms"": 94.7}, {""state"": ""VERIFY_DONE"", ""success"": true, ""message"": ""object placed 11 mm from target"", ""duration_ms"": 0.0}]"
72,yolo,20260712,0.40492,-0.11782,1,,942.3,710.5,119.9,0.1,111.5,18.4,28.6,113.5,59.6,"[{""state"": ""DETECT_SOURCE"", ""success"": true, ""message"": ""selected cup_0 conf=0.54 base=[ 0.422 -0.123  0.168] (1540 ROI pts)"", ""duration_ms"": 710.5}, {""state"": ""PLAN_PICK"", ""success"": true, ""message"": ""grasp=[ 0.422 -0.123  0.168] pre=[ 0.326 -0.095  0.168]"", ""duration_ms"": 0.1}, {""state"": ""EXECUTE_PICK"", ""success"": true, ""message"": ""grasp executed"", ""duration_ms"": 119.9}, {""state"": ""VERIFY_GRASP"", ""success"": true, ""message"": ""object lifted 114 mm"", ""duration_ms"": 0.0}, {""state"": ""DETECT_TARGET"", ""success"": true, ""message"": ""target container bowl_0 base=[ 0.527 -0.008  0.14 ]"", ""duration_ms"": 0.1}, {""state"": ""PLAN_PLACE"", ""success"": true, ""message"": ""release above [ 0.527 -0.008  0.14 ] +0.07m"", ""duration_ms"": 0.0}, {""state"": ""EXECUTE_PLACE"", ""success"": true, ""message"": ""released"", ""duration_ms"": 111.5}, {""state"": ""VERIFY_DONE"", ""success"": true, ""message"": ""object placed 60 mm from target"", ""duration_ms"": 0.0}]"
73,yolo,20260712,0.41434,-0.06431,0,VERIFY_GRASP,988.8,701.5,287.1,0,0,16.6,,29.1,,"[{""state"": ""DETECT_SOURCE"", ""success"": true, ""message"": ""selected cup_0 conf=0.59 base=[ 0.344 -0.053  0.137] (1080 ROI pts)"", ""duration_ms"": 701.5}, {""state"": ""PLAN_PICK"", ""success"": true, ""message"": ""grasp=[ 0.344 -0.053  0.15 ] pre=[ 0.245 -0.038  0.15 ]"", ""duration_ms"": 0.1}, {""state"": ""EXECUTE_PICK"", ""success"": true, ""message"": ""grasp executed"", ""duration_ms"": 106.1}, {""state"": ""VERIFY_GRASP"", ""success"": false, ""message"": ""object only rose 29 mm (< 30 mm)"", ""duration_ms"": 0.0}, {""state"": ""EXECUTE_PICK"", ""success"": true, ""message"": ""grasp executed"", ""duration_ms"": 97.3}, {""state"": ""VERIFY_GRASP"", ""success"": false, ""message"": ""object only rose 29 mm (< 30 mm)"", ""duration_ms"": 0.0}, {""state"": ""EXECUTE_PICK"", ""success"": true, ""message"": ""grasp executed"", ""duration_ms"": 83.7}, {""state"": ""VERIFY_GRASP"", ""success"": false, ""message"": ""object only rose 29 mm (< 30 mm)"", ""duration_ms"": 0.0}]"
74,yolo,20260712,0.34064,-0.14582,1,,953.9,731.5,111.1,0.2,110.9,8.2,28.9,114.6,43.5,"[{""state"": ""DETECT_SOURCE"", ""success"": true, ""message"": ""selected cup_0 conf=0.56 base=[ 0.348 -0.143  0.163] (1508 ROI pts)"", ""duration_ms"": 731.5}, {""state"": ""PLAN_PICK"", ""success"": true, ""message"": ""grasp=[ 0.348 -0.143  0.163] pre=[ 0.255 -0.105  0.163]"", ""duration_ms"": 0.1}, {""state"": ""EXECUTE_PICK"", ""success"": true, ""message"": ""grasp executed"", ""duration_ms"": 111.1}, {""state"": ""VERIFY_GRASP"", ""success"": true, ""message"": ""object lifted 115 mm"", ""duration_ms"": 0.0}, {""state"": ""DETECT_TARGET"", ""success"": true, ""message"": ""target container bowl_0 base=[ 0.528 -0.008  0.14 ]"", ""duration_ms"": 0.2}, {""state"": ""PLAN_PLACE"", ""success"": true, ""message"": ""release above [ 0.528 -0.008  0.14 ] +0.07m"", ""duration_ms"": 0.0}, {""state"": ""EXECUTE_PLACE"", ""success"": true, ""message"": ""released"", ""duration_ms"": 110.9}, {""state"": ""VERIFY_DONE"", ""success"": true, ""message"": ""object placed 43 mm from target"", ""duration_ms"": 0.0}]"
75,yolo,20260712,0.349,-0.08755,1,,970.8,722.5,121.7,0.1,126.2,14.2,32.4,109.8,48.1,"[{""state"": ""DETECT_SOURCE"", ""success"": true, ""message"": ""selected cup_0 conf=0.69 base=[ 0.363 -0.091  0.166] (1887 ROI pts)"", ""duration_ms"": 722.5}, {""state"": ""PLAN_PICK"", ""success"": true, ""message"": ""grasp=[ 0.363 -0.091  0.166] pre=[ 0.266 -0.067  0.166]"", ""duration_ms"": 0.1}, {""state"": ""EXECUTE_PICK"", ""success"": true, ""message"": ""grasp executed"", ""duration_ms"": 121.7}, {""state"": ""VERIFY_GRASP"", ""success"": true, ""message"": ""object lifted 110 mm"", ""duration_ms"": 0.0}, {""state"": ""DETECT_TARGET"", ""success"": true, ""message"": ""target container bowl_0 base=[ 0.532 -0.006  0.14 ]"", ""duration_ms"": 0.1}, {""state"": ""PLAN_PLACE"", ""success"": true, ""message"": ""release above [ 0.532 -0.006  0.14 ] +0.07m"", ""duration_ms"": 0.0}, {""state"": ""EXECUTE_PLACE"", ""success"": true, ""message"": ""released"", ""duration_ms"": 126.2}, {""state"": ""VERIFY_DONE"", ""success"": true, ""message"": ""object placed 48 mm from target"", ""duration_ms"": 0.0}]"
76,yolo,20260712,0.39381,-0.09392,1,,944.3,717.9,131.4,0.1,94.6,15.5,28.5,106.0,12.8,"[{""state"": ""DETECT_SOURCE"", ""success"": true, ""message"": ""selected cup_0 conf=0.64 base=[ 0.409 -0.098  0.167] (1485 ROI pts)"", ""duration_ms"": 717.9}, {""state"": ""PLAN_PICK"", ""success"": true, ""message"": ""grasp=[ 0.409 -0.098  0.167] pre=[ 0.311 -0.074  0.167]"", ""duration_ms"": 0.1}, {""state"": ""EXECUTE_PICK"", ""success"": true, ""message"": ""grasp executed"", ""duration_ms"": 131.4}, {""state"": ""VERIFY_GRASP"", ""success"": true, ""message"": ""object lifted 106 mm"", ""duration_ms"": 0.0}, {""state"": ""DETECT_TARGET"", ""success"": true, ""message"": ""target container bowl_0 base=[ 0.527 -0.008  0.14 ]"", ""duration_ms"": 0.1}, {""state"": ""PLAN_PLACE"", ""success"": true, ""message"": ""release above [ 0.527 -0.008  0.14 ] +0.07m"", ""duration_ms"": 0.0}, {""state"": ""EXECUTE_PLACE"", ""success"": true, ""message"": ""released"", ""duration_ms"": 94.6}, {""state"": ""VERIFY_DONE"", ""success"": true, ""message"": ""object placed 13 mm from target"", ""duration_ms"": 0.0}]"
77,yolo,20260712,0.34713,-0.14517,1,,923.0,727.0,96.6,0.1,99.1,7.4,28.9,107.6,49.1,"[{""state"": ""DETECT_SOURCE"", ""success"": true, ""message"": ""selected cup_0 conf=0.45 base=[ 0.354 -0.144  0.163] (1612 ROI pts)"", ""duration_ms"": 727.0}, {""state"": ""PLAN_PICK"", ""success"": true, ""message"": ""grasp=[ 0.354 -0.144  0.163] pre=[ 0.262 -0.106  0.163]"", ""duration_ms"": 0.1}, {""state"": ""EXECUTE_PICK"", ""success"": true, ""message"": ""grasp executed"", ""duration_ms"": 96.6}, {""state"": ""VERIFY_GRASP"", ""success"": true, ""message"": ""object lifted 108 mm"", ""duration_ms"": 0.0}, {""state"": ""DETECT_TARGET"", ""success"": true, ""message"": ""target container bowl_0 base=[ 0.528 -0.008  0.14 ]"", ""duration_ms"": 0.1}, {""state"": ""PLAN_PLACE"", ""success"": true, ""message"": ""release above [ 0.528 -0.008  0.14 ] +0.07m"", ""duration_ms"": 0.0}, {""state"": ""EXECUTE_PLACE"", ""success"": true, ""message"": ""released"", ""duration_ms"": 99.1}, {""state"": ""VERIFY_DONE"", ""success"": true, ""message"": ""object placed 49 mm from target"", ""duration_ms"": 0.0}]"
78,yolo,20260712,0.37354,-0.10079,1,,966.5,736.3,119.1,0.1,110.9,16.2,29.4,119.0,15.9,"[{""state"": ""DETECT_SOURCE"", ""success"": true, ""message"": ""selected cup_0 conf=0.66 base=[ 0.389 -0.105  0.167] (1692 ROI pts)"", ""duration_ms"": 736.3}, {""state"": ""PLAN_PICK"", ""success"": true, ""message"": ""grasp=[ 0.389 -0.105  0.167] pre=[ 0.293 -0.079  0.167]"", ""duration_ms"": 0.1}, {""state"": ""EXECUTE_PICK"", ""success"": true, ""message"": ""grasp executed"", ""duration_ms"": 119.1}, {""state"": ""VERIFY_GRASP"", ""success"": true, ""message"": ""object lifted 119 mm"", ""duration_ms"": 0.0}, {""state"": ""DETECT_TARGET"", ""success"": true, ""message"": ""target container bowl_0 base=[ 0.528 -0.009  0.14 ]"", ""duration_ms"": 0.1}, {""state"": ""PLAN_PLACE"", ""success"": true, ""message"": ""release above [ 0.528 -0.009  0.14 ] +0.07m"", ""duration_ms"": 0.0}, {""state"": ""EXECUTE_PLACE"", ""success"": true, ""message"": ""released"", ""duration_ms"": 110.9}, {""state"": ""VERIFY_DONE"", ""success"": true, ""message"": ""object placed 16 mm from target"", ""duration_ms"": 0.0}]"
79,yolo,20260712,0.38621,-0.14642,1,,914.1,688.1,116.1,0.1,109.5,12.7,31.8,112.6,50.0,"[{""state"": ""DETECT_SOURCE"", ""success"": true, ""message"": ""selected cup_0 conf=0.49 base=[ 0.398 -0.15   0.166] (1598 ROI pts)"", ""duration_ms"": 688.1}, {""state"": ""PLAN_PICK"", ""success"": true, ""message"": ""grasp=[ 0.398 -0.15   0.166] pre=[ 0.305 -0.115  0.166]"", ""duration_ms"": 0.2}, {""state"": ""EXECUTE_PICK"", ""success"": true, ""message"": ""grasp executed"", ""duration_ms"": 116.1}, {""state"": ""VERIFY_GRASP"", ""success"": true, ""message"": ""object lifted 113 mm"", ""duration_ms"": 0.0}, {""state"": ""DETECT_TARGET"", ""success"": true, ""message"": ""target container bowl_0 base=[ 0.531 -0.006  0.14 ]"", ""duration_ms"": 0.1}, {""state"": ""PLAN_PLACE"", ""success"": true, ""message"": ""release above [ 0.531 -0.006  0.14 ] +0.07m"", ""duration_ms"": 0.0}, {""state"": ""EXECUTE_PLACE"", ""success"": true, ""message"": ""released"", ""duration_ms"": 109.5}, {""state"": ""VERIFY_DONE"", ""success"": true, ""message"": ""object placed 50 mm from target"", ""duration_ms"": 0.0}]"
80,yolo,20260712,0.34349,-0.13033,1,,950.8,729.4,114.5,0.1,106.6,11.4,31.7,123.7,11.4,"[{""state"": ""DETECT_SOURCE"", ""success"": true, ""message"": ""selected cup_0 conf=0.71 base=[ 0.354 -0.134  0.165] (1872 ROI pts)"", ""duration_ms"": 729.4}, {""state"": ""PLAN_PICK"", ""success"": true, ""message"": ""grasp=[ 0.354 -0.134  0.165] pre=[ 0.261 -0.098  0.165]"", ""duration_ms"": 0.1}, {""state"": ""EXECUTE_PICK"", ""success"": true, ""message"": ""grasp executed"", ""duration_ms"": 114.5}, {""state"": ""VERIFY_GRASP"", ""success"": true, ""message"": ""object lifted 124 mm"", ""duration_ms"": 0.0}, {""state"": ""DETECT_TARGET"", ""success"": true, ""message"": ""target container bowl_0 base=[ 0.531 -0.006  0.14 ]"", ""duration_ms"": 0.1}, {""state"": ""PLAN_PLACE"", ""success"": true, ""message"": ""release above [ 0.531 -0.006  0.14 ] +0.07m"", ""duration_ms"": 0.0}, {""state"": ""EXECUTE_PLACE"", ""success"": true, ""message"": ""released"", ""duration_ms"": 106.6}, {""state"": ""VERIFY_DONE"", ""success"": true, ""message"": ""object placed 11 mm from target"", ""duration_ms"": 0.0}]"
81,yolo,20260712,0.34693,-0.13741,1,,968.5,753.0,105.3,0.1,109.8,8.4,31.7,115.3,21.3,"[{""state"": ""DETECT_SOURCE"", ""success"": true, ""message"": ""selected cup_0 conf=0.62 base=[ 0.355 -0.139  0.164] (1768 ROI pts)"", ""duration_ms"": 753.0}, {""state"": ""PLAN_PICK"", ""success"": true, ""message"": ""grasp=[ 0.355 -0.139  0.164] pre=[ 0.262 -0.102  0.164]"", ""duration_ms"": 0.1}, {""state"": ""EXECUTE_PICK"", ""success"": true, ""message"": ""grasp executed"", ""duration_ms"": 105.3}, {""state"": ""VERIFY_GRASP"", ""success"": true, ""message"": ""object lifted 115 mm"", ""duration_ms"": 0.0}, {""state"": ""DETECT_TARGET"", ""success"": true, ""message"": ""target container bowl_0 base=[ 0.531 -0.006  0.14 ]"", ""duration_ms"": 0.1}, {""state"": ""PLAN_PLACE"", ""success"": true, ""message"": ""release above [ 0.531 -0.006  0.14 ] +0.07m"", ""duration_ms"": 0.0}, {""state"": ""EXECUTE_PLACE"", ""success"": true, ""message"": ""released"", ""duration_ms"": 109.8}, {""state"": ""VERIFY_DONE"", ""success"": true, ""message"": ""object placed 21 mm from target"", ""duration_ms"": 0.0}]"
82,yolo,20260712,0.39082,-0.12911,1,,903.3,704.5,107.2,0.1,91.3,18.2,31.9,127.2,7.1,"[{""state"": ""DETECT_SOURCE"", ""success"": true, ""message"": ""selected cup_0 conf=0.46 base=[ 0.408 -0.135  0.165] (1739 ROI pts)"", ""duration_ms"": 704.5}, {""state"": ""PLAN_PICK"", ""success"": true, ""message"": ""grasp=[ 0.408 -0.135  0.165] pre=[ 0.313 -0.104  0.165]"", ""duration_ms"": 0.1}, {""state"": ""EXECUTE_PICK"", ""success"": true, ""message"": ""grasp executed"", ""duration_ms"": 107.2}, {""state"": ""VERIFY_GRASP"", ""success"": true, ""message"": ""object lifted 127 mm"", ""duration_ms"": 0.0}, {""state"": ""DETECT_TARGET"", ""success"": true, ""message"": ""target container bowl_0 base=[ 0.531 -0.006  0.14 ]"", ""duration_ms"": 0.1}, {""state"": ""PLAN_PLACE"", ""success"": true, ""message"": ""release above [ 0.531 -0.006  0.14 ] +0.07m"", ""duration_ms"": 0.0}, {""state"": ""EXECUTE_PLACE"", ""success"": true, ""message"": ""released"", ""duration_ms"": 91.3}, {""state"": ""VERIFY_DONE"", ""success"": true, ""message"": ""object placed 7 mm from target"", ""duration_ms"": 0.0}]"
83,yolo,20260712,0.36354,-0.11638,1,,950.8,723.8,119.2,0.1,107.5,18.5,28.7,111.9,52.5,"[{""state"": ""DETECT_SOURCE"", ""success"": true, ""message"": ""selected cup_0 conf=0.56 base=[ 0.381 -0.122  0.165] (1960 ROI pts)"", ""duration_ms"": 723.8}, {""state"": ""PLAN_PICK"", ""success"": true, ""message"": ""grasp=[ 0.381 -0.122  0.165] pre=[ 0.286 -0.092  0.165]"", ""duration_ms"": 0.1}, {""state"": ""EXECUTE_PICK"", ""success"": true, ""message"": ""grasp executed"", ""duration_ms"": 119.2}, {""state"": ""VERIFY_GRASP"", ""success"": true, ""message"": ""object lifted 112 mm"", ""duration_ms"": 0.0}, {""state"": ""DETECT_TARGET"", ""success"": true, ""message"": ""target container bowl_0 base=[ 0.527 -0.009  0.14 ]"", ""duration_ms"": 0.1}, {""state"": ""PLAN_PLACE"", ""success"": true, ""message"": ""release above [ 0.527 -0.009  0.14 ] +0.07m"", ""duration_ms"": 0.0}, {""state"": ""EXECUTE_PLACE"", ""success"": true, ""message"": ""released"", ""duration_ms"": 107.5}, {""state"": ""VERIFY_DONE"", ""success"": true, ""message"": ""object placed 53 mm from target"", ""duration_ms"": 0.0}]"
84,yolo,20260712,0.4131,-0.11406,1,,907.3,684.6,117.0,0.2,105.4,18.2,29.4,123.0,6.4,"[{""state"": ""DETECT_SOURCE"", ""success"": true, ""message"": ""selected cup_0 conf=0.57 base=[ 0.43  -0.119  0.168] (1462 ROI pts)"", ""duration_ms"": 684.6}, {""state"": ""PLAN_PICK"", ""success"": true, ""message"": ""grasp=[ 0.43  -0.119  0.168] pre=[ 0.334 -0.092  0.168]"", ""duration_ms"": 0.1}, {""state"": ""EXECUTE_PICK"", ""success"": true, ""message"": ""grasp executed"", ""duration_ms"": 117.0}, {""state"": ""VERIFY_GRASP"", ""success"": true, ""message"": ""object lifted 123 mm"", ""duration_ms"": 0.0}, {""state"": ""DETECT_TARGET"", ""success"": true, ""message"": ""target container bowl_0 base=[ 0.528 -0.009  0.14 ]"", ""duration_ms"": 0.2}, {""state"": ""PLAN_PLACE"", ""success"": true, ""message"": ""release above [ 0.528 -0.009  0.14 ] +0.07m"", ""duration_ms"": 0.0}, {""state"": ""EXECUTE_PLACE"", ""success"": true, ""message"": ""released"", ""duration_ms"": 105.4}, {""state"": ""VERIFY_DONE"", ""success"": true, ""message"": ""object placed 6 mm from target"", ""duration_ms"": 0.0}]"
85,yolo,20260712,0.38321,-0.09491,1,,949.1,725.7,121.6,0.2,101.4,16.3,29.6,143.4,4.4,"[{""state"": ""DETECT_SOURCE"", ""success"": true, ""message"": ""selected cup_0 conf=0.70 base=[ 0.399 -0.099  0.168] (1610 ROI pts)"", ""duration_ms"": 725.7}, {""state"": ""PLAN_PICK"", ""success"": true, ""message"": ""grasp=[ 0.399 -0.099  0.168] pre=[ 0.302 -0.075  0.168]"", ""duration_ms"": 0.1}, {""state"": ""EXECUTE_PICK"", ""success"": true, ""message"": ""grasp executed"", ""duration_ms"": 121.6}, {""state"": ""VERIFY_GRASP"", ""success"": true, ""message"": ""object lifted 143 mm"", ""duration_ms"": 0.0}, {""state"": ""DETECT_TARGET"", ""success"": true, ""message"": ""target container bowl_0 base=[ 0.528 -0.009  0.14 ]"", ""duration_ms"": 0.2}, {""state"": ""PLAN_PLACE"", ""success"": true, ""message"": ""release above [ 0.528 -0.009  0.14 ] +0.07m"", ""duration_ms"": 0.0}, {""state"": ""EXECUTE_PLACE"", ""success"": true, ""message"": ""released"", ""duration_ms"": 101.4}, {""state"": ""VERIFY_DONE"", ""success"": true, ""message"": ""object placed 4 mm from target"", ""duration_ms"": 0.0}]"
86,yolo,20260712,0.3444,-0.07254,1,,957.6,727.3,118.6,0.1,111.3,13.2,29.2,110.7,22.1,"[{""state"": ""DETECT_SOURCE"", ""success"": true, ""message"": ""selected cup_0 conf=0.65 base=[ 0.357 -0.076  0.166] (1872 ROI pts)"", ""duration_ms"": 727.3}, {""state"": ""PLAN_PICK"", ""success"": true, ""message"": ""grasp=[ 0.357 -0.076  0.166] pre=[ 0.259 -0.055  0.166]"", ""duration_ms"": 0.1}, {""state"": ""EXECUTE_PICK"", ""success"": true, ""message"": ""grasp executed"", ""duration_ms"": 118.6}, {""state"": ""VERIFY_GRASP"", ""success"": true, ""message"": ""object lifted 111 mm"", ""duration_ms"": 0.0}, {""state"": ""DETECT_TARGET"", ""success"": true, ""message"": ""target container bowl_0 base=[0.529 0.003 0.14 ]"", ""duration_ms"": 0.1}, {""state"": ""PLAN_PLACE"", ""success"": true, ""message"": ""release above [0.529 0.003 0.14 ] +0.07m"", ""duration_ms"": 0.0}, {""state"": ""EXECUTE_PLACE"", ""success"": true, ""message"": ""released"", ""duration_ms"": 111.3}, {""state"": ""VERIFY_DONE"", ""success"": true, ""message"": ""object placed 22 mm from target"", ""duration_ms"": 0.0}]"
87,yolo,20260712,0.3853,-0.11111,1,,931.7,713.5,115.9,0.1,102.0,18.3,28.8,119.1,43.2,"[{""state"": ""DETECT_SOURCE"", ""success"": true, ""message"": ""selected cup_0 conf=0.60 base=[ 0.403 -0.116  0.167] (1739 ROI pts)"", ""duration_ms"": 713.5}, {""state"": ""PLAN_PICK"", ""success"": true, ""message"": ""grasp=[ 0.403 -0.116  0.167] pre=[ 0.307 -0.088  0.167]"", ""duration_ms"": 0.1}, {""state"": ""EXECUTE_PICK"", ""success"": true, ""message"": ""grasp executed"", ""duration_ms"": 115.9}, {""state"": ""VERIFY_GRASP"", ""success"": true, ""message"": ""object lifted 119 mm"", ""duration_ms"": 0.0}, {""state"": ""DETECT_TARGET"", ""success"": true, ""message"": ""target container bowl_0 base=[ 0.528 -0.008  0.14 ]"", ""duration_ms"": 0.1}, {""state"": ""PLAN_PLACE"", ""success"": true, ""message"": ""release above [ 0.528 -0.008  0.14 ] +0.07m"", ""duration_ms"": 0.0}, {""state"": ""EXECUTE_PLACE"", ""success"": true, ""message"": ""released"", ""duration_ms"": 102.0}, {""state"": ""VERIFY_DONE"", ""success"": true, ""message"": ""object placed 43 mm from target"", ""duration_ms"": 0.0}]"
88,yolo,20260712,0.41183,-0.06921,0,VERIFY_GRASP,968.8,707.4,261.2,0,0,18.2,,0.0,,"[{""state"": ""DETECT_SOURCE"", ""success"": true, ""message"": ""selected cup_0 conf=0.41 base=[ 0.342 -0.063  0.136] (1147 ROI pts)"", ""duration_ms"": 707.4}, {""state"": ""PLAN_PICK"", ""success"": true, ""message"": ""grasp=[ 0.342 -0.063  0.15 ] pre=[ 0.244 -0.045  0.15 ]"", ""duration_ms"": 0.1}, {""state"": ""EXECUTE_PICK"", ""success"": true, ""message"": ""grasp executed"", ""duration_ms"": 86.2}, {""state"": ""VERIFY_GRASP"", ""success"": false, ""message"": ""object only rose 0 mm (< 30 mm)"", ""duration_ms"": 0.0}, {""state"": ""EXECUTE_PICK"", ""success"": true, ""message"": ""grasp executed"", ""duration_ms"": 81.8}, {""state"": ""VERIFY_GRASP"", ""success"": false, ""message"": ""object only rose -0 mm (< 30 mm)"", ""duration_ms"": 0.0}, {""state"": ""EXECUTE_PICK"", ""success"": true, ""message"": ""grasp executed"", ""duration_ms"": 93.2}, {""state"": ""VERIFY_GRASP"", ""success"": false, ""message"": ""object only rose 0 mm (< 30 mm)"", ""duration_ms"": 0.0}]"
89,yolo,20260712,0.35739,-0.12293,1,,942.9,715.6,118.3,0.1,108.7,19.0,31.8,111.2,56.2,"[{""state"": ""DETECT_SOURCE"", ""success"": true, ""message"": ""selected cup_0 conf=0.61 base=[ 0.375 -0.129  0.167] (2009 ROI pts)"", ""duration_ms"": 715.6}, {""state"": ""PLAN_PICK"", ""success"": true, ""message"": ""grasp=[ 0.375 -0.129  0.167] pre=[ 0.281 -0.097  0.167]"", ""duration_ms"": 0.1}, {""state"": ""EXECUTE_PICK"", ""success"": true, ""message"": ""grasp executed"", ""duration_ms"": 118.3}, {""state"": ""VERIFY_GRASP"", ""success"": true, ""message"": ""object lifted 111 mm"", ""duration_ms"": 0.0}, {""state"": ""DETECT_TARGET"", ""success"": true, ""message"": ""target container bowl_0 base=[ 0.531 -0.006  0.14 ]"", ""duration_ms"": 0.1}, {""state"": ""PLAN_PLACE"", ""success"": true, ""message"": ""release above [ 0.531 -0.006  0.14 ] +0.07m"", ""duration_ms"": 0.0}, {""state"": ""EXECUTE_PLACE"", ""success"": true, ""message"": ""released"", ""duration_ms"": 108.7}, {""state"": ""VERIFY_DONE"", ""success"": true, ""message"": ""object placed 56 mm from target"", ""duration_ms"": 0.0}]"
90,yolo,20260712,0.36082,-0.0935,1,,939.5,714.7,121.7,0.1,102.8,16.6,30.0,112.8,60.5,"[{""state"": ""DETECT_SOURCE"", ""success"": true, ""message"": ""selected cup_0 conf=0.65 base=[ 0.377 -0.098  0.168] (1776 ROI pts)"", ""duration_ms"": 714.7}, {""state"": ""PLAN_PICK"", ""success"": true, ""message"": ""grasp=[ 0.377 -0.098  0.168] pre=[ 0.28  -0.073  0.168]"", ""duration_ms"": 0.1}, {""state"": ""EXECUTE_PICK"", ""success"": true, ""message"": ""grasp executed"", ""duration_ms"": 121.7}, {""state"": ""VERIFY_GRASP"", ""success"": true, ""message"": ""object lifted 113 mm"", ""duration_ms"": 0.0}, {""state"": ""DETECT_TARGET"", ""success"": true, ""message"": ""target container bowl_0 base=[ 0.529 -0.009  0.14 ]"", ""duration_ms"": 0.1}, {""state"": ""PLAN_PLACE"", ""success"": true, ""message"": ""release above [ 0.529 -0.009  0.14 ] +0.07m"", ""duration_ms"": 0.0}, {""state"": ""EXECUTE_PLACE"", ""success"": true, ""message"": ""released"", ""duration_ms"": 102.8}, {""state"": ""VERIFY_DONE"", ""success"": true, ""message"": ""object placed 60 mm from target"", ""duration_ms"": 0.0}]"
91,yolo,20260712,0.3771,-0.10237,1,,936.3,713.5,119.9,0.1,102.5,16.6,29.3,108.2,14.7,"[{""state"": ""DETECT_SOURCE"", ""success"": true, ""message"": ""selected cup_0 conf=0.66 base=[ 0.393 -0.107  0.167] (1692 ROI pts)"", ""duration_ms"": 713.5}, {""state"": ""PLAN_PICK"", ""success"": true, ""message"": ""grasp=[ 0.393 -0.107  0.167] pre=[ 0.296 -0.081  0.167]"", ""duration_ms"": 0.1}, {""state"": ""EXECUTE_PICK"", ""success"": true, ""message"": ""grasp executed"", ""duration_ms"": 119.9}, {""state"": ""VERIFY_GRASP"", ""success"": true, ""message"": ""object lifted 108 mm"", ""duration_ms"": 0.0}, {""state"": ""DETECT_TARGET"", ""success"": true, ""message"": ""target container bowl_0 base=[ 0.528 -0.009  0.14 ]"", ""duration_ms"": 0.1}, {""state"": ""PLAN_PLACE"", ""success"": true, ""message"": ""release above [ 0.528 -0.009  0.14 ] +0.07m"", ""duration_ms"": 0.0}, {""state"": ""EXECUTE_PLACE"", ""success"": true, ""message"": ""released"", ""duration_ms"": 102.5}, {""state"": ""VERIFY_DONE"", ""success"": true, ""message"": ""object placed 15 mm from target"", ""duration_ms"": 0.0}]"
92,yolo,20260712,0.36624,-0.06295,1,,940.3,716.8,114.8,0.1,108.3,12.1,29.0,121.3,24.9,"[{""state"": ""DETECT_SOURCE"", ""success"": true, ""message"": ""selected cup_0 conf=0.67 base=[ 0.378 -0.065  0.167] (1584 ROI pts)"", ""duration_ms"": 716.8}, {""state"": ""PLAN_PICK"", ""success"": true, ""message"": ""grasp=[ 0.378 -0.065  0.167] pre=[ 0.279 -0.048  0.167]"", ""duration_ms"": 0.1}, {""state"": ""EXECUTE_PICK"", ""success"": true, ""message"": ""grasp executed"", ""duration_ms"": 114.8}, {""state"": ""VERIFY_GRASP"", ""success"": true, ""message"": ""object lifted 121 mm"", ""duration_ms"": 0.0}, {""state"": ""DETECT_TARGET"", ""success"": true, ""message"": ""target container bowl_0 base=[0.527 0.011 0.14 ]"", ""duration_ms"": 0.1}, {""state"": ""PLAN_PLACE"", ""success"": true, ""message"": ""release above [0.527 0.011 0.14 ] +0.07m"", ""duration_ms"": 0.0}, {""state"": ""EXECUTE_PLACE"", ""success"": true, ""message"": ""released"", ""duration_ms"": 108.3}, {""state"": ""VERIFY_DONE"", ""success"": true, ""message"": ""object placed 25 mm from target"", ""duration_ms"": 0.0}]"
93,yolo,20260712,0.40695,-0.15468,1,,923.4,706.7,117.4,0.1,99.0,13.2,31.8,106.0,62.6,"[{""state"": ""DETECT_SOURCE"", ""success"": true, ""message"": ""selected cup_0 conf=0.60 base=[ 0.419 -0.159  0.166] (1408 ROI pts)"", ""duration_ms"": 706.7}, {""state"": ""PLAN_PICK"", ""success"": true, ""message"": ""grasp=[ 0.419 -0.159  0.166] pre=[ 0.326 -0.123  0.166]"", ""duration_ms"": 0.1}, {""state"": ""EXECUTE_PICK"", ""success"": true, ""message"": ""grasp executed"", ""duration_ms"": 117.4}, {""state"": ""VERIFY_GRASP"", ""success"": true, ""message"": ""object lifted 106 mm"", ""duration_ms"": 0.0}, {""state"": ""DETECT_TARGET"", ""success"": true, ""message"": ""target container bowl_0 base=[ 0.531 -0.006  0.14 ]"", ""duration_ms"": 0.1}, {""state"": ""PLAN_PLACE"", ""success"": true, ""message"": ""release above [ 0.531 -0.006  0.14 ] +0.07m"", ""duration_ms"": 0.0}, {""state"": ""EXECUTE_PLACE"", ""success"": true, ""message"": ""released"", ""duration_ms"": 99.0}, {""state"": ""VERIFY_DONE"", ""success"": true, ""message"": ""object placed 63 mm from target"", ""duration_ms"": 0.0}]"
94,yolo,20260712,0.41648,-0.06858,0,VERIFY_GRASP,957.2,718.3,238.7,0,0,16.2,,-120.0,,"[{""state"": ""DETECT_SOURCE"", ""success"": true, ""message"": ""selected cup_0 conf=0.45 base=[ 0.349 -0.068  0.136] (1116 ROI pts)"", ""duration_ms"": 718.3}, {""state"": ""PLAN_PICK"", ""success"": true, ""message"": ""grasp=[ 0.349 -0.068  0.15 ] pre=[ 0.25  -0.049  0.15 ]"", ""duration_ms"": 0.1}, {""state"": ""EXECUTE_PICK"", ""success"": true, ""message"": ""grasp executed"", ""duration_ms"": 86.0}, {""state"": ""VERIFY_GRASP"", ""success"": false, ""message"": ""object only rose -0 mm (< 30 mm)"", ""duration_ms"": 0.0}, {""state"": ""EXECUTE_PICK"", ""success"": true, ""message"": ""grasp executed"", ""duration_ms"": 86.5}, {""state"": ""VERIFY_GRASP"", ""success"": false, ""message"": ""object only rose -0 mm (< 30 mm)"", ""duration_ms"": 0.0}, {""state"": ""EXECUTE_PICK"", ""success"": true, ""message"": ""grasp executed"", ""duration_ms"": 66.2}, {""state"": ""VERIFY_GRASP"", ""success"": false, ""message"": ""object only rose -120 mm (< 30 mm)"", ""duration_ms"": 0.0}]"
95,yolo,20260712,0.41059,-0.08007,0,DETECT_SOURCE,680.7,680.7,0,0,0,,,,,"[{""state"": ""DETECT_SOURCE"", ""success"": false, ""message"": ""no 'cup' detected (saw 2 objects)"", ""duration_ms"": 680.7}]"
96,yolo,20260712,0.3969,-0.12124,1,,894.2,697.6,110.7,0.2,85.5,18.5,28.9,125.9,6.6,"[{""state"": ""DETECT_SOURCE"", ""success"": true, ""message"": ""selected cup_0 conf=0.58 base=[ 0.415 -0.126  0.167] (1620 ROI pts)"", ""duration_ms"": 697.6}, {""state"": ""PLAN_PICK"", ""success"": true, ""message"": ""grasp=[ 0.415 -0.126  0.167] pre=[ 0.319 -0.097  0.167]"", ""duration_ms"": 0.1}, {""state"": ""EXECUTE_PICK"", ""success"": true, ""message"": ""grasp executed"", ""duration_ms"": 110.7}, {""state"": ""VERIFY_GRASP"", ""success"": true, ""message"": ""object lifted 126 mm"", ""duration_ms"": 0.0}, {""state"": ""DETECT_TARGET"", ""success"": true, ""message"": ""target container bowl_0 base=[ 0.528 -0.008  0.14 ]"", ""duration_ms"": 0.2}, {""state"": ""PLAN_PLACE"", ""success"": true, ""message"": ""release above [ 0.528 -0.008  0.14 ] +0.07m"", ""duration_ms"": 0.0}, {""state"": ""EXECUTE_PLACE"", ""success"": true, ""message"": ""released"", ""duration_ms"": 85.5}, {""state"": ""VERIFY_DONE"", ""success"": true, ""message"": ""object placed 7 mm from target"", ""duration_ms"": 0.0}]"
97,yolo,20260712,0.35534,-0.11037,1,,940.6,708.6,119.1,0.1,112.6,17.5,28.7,111.7,50.7,"[{""state"": ""DETECT_SOURCE"", ""success"": true, ""message"": ""selected cup_0 conf=0.51 base=[ 0.372 -0.116  0.165] (2000 ROI pts)"", ""duration_ms"": 708.6}, {""state"": ""PLAN_PICK"", ""success"": true, ""message"": ""grasp=[ 0.372 -0.116  0.165] pre=[ 0.276 -0.086  0.165]"", ""duration_ms"": 0.1}, {""state"": ""EXECUTE_PICK"", ""success"": true, ""message"": ""grasp executed"", ""duration_ms"": 119.1}, {""state"": ""VERIFY_GRASP"", ""success"": true, ""message"": ""object lifted 112 mm"", ""duration_ms"": 0.0}, {""state"": ""DETECT_TARGET"", ""success"": true, ""message"": ""target container bowl_0 base=[ 0.527 -0.009  0.14 ]"", ""duration_ms"": 0.1}, {""state"": ""PLAN_PLACE"", ""success"": true, ""message"": ""release above [ 0.527 -0.009  0.14 ] +0.07m"", ""duration_ms"": 0.0}, {""state"": ""EXECUTE_PLACE"", ""success"": true, ""message"": ""released"", ""duration_ms"": 112.6}, {""state"": ""VERIFY_DONE"", ""success"": true, ""message"": ""object placed 51 mm from target"", ""duration_ms"": 0.0}]"
98,yolo,20260712,0.39515,-0.11264,1,,949.7,717.8,120.5,0.1,111.0,18.9,28.9,113.7,59.5,"[{""state"": ""DETECT_SOURCE"", ""success"": true, ""message"": ""selected cup_0 conf=0.64 base=[ 0.413 -0.118  0.167] (1656 ROI pts)"", ""duration_ms"": 717.8}, {""state"": ""PLAN_PICK"", ""success"": true, ""message"": ""grasp=[ 0.413 -0.118  0.167] pre=[ 0.317 -0.09   0.167]"", ""duration_ms"": 0.1}, {""state"": ""EXECUTE_PICK"", ""success"": true, ""message"": ""grasp executed"", ""duration_ms"": 120.5}, {""state"": ""VERIFY_GRASP"", ""success"": true, ""message"": ""object lifted 114 mm"", ""duration_ms"": 0.0}, {""state"": ""DETECT_TARGET"", ""success"": true, ""message"": ""target container bowl_0 base=[ 0.528 -0.008  0.14 ]"", ""duration_ms"": 0.1}, {""state"": ""PLAN_PLACE"", ""success"": true, ""message"": ""release above [ 0.528 -0.008  0.14 ] +0.07m"", ""duration_ms"": 0.0}, {""state"": ""EXECUTE_PLACE"", ""success"": true, ""message"": ""released"", ""duration_ms"": 111.0}, {""state"": ""VERIFY_DONE"", ""success"": true, ""message"": ""object placed 60 mm from target"", ""duration_ms"": 0.0}]"
99,yolo,20260712,0.35362,-0.13811,1,,915.2,713.1,101.8,0.1,99.9,9.4,31.7,125.5,5.4,"[{""state"": ""DETECT_SOURCE"", ""success"": true, ""message"": ""selected cup_0 conf=0.66 base=[ 0.363 -0.14   0.165] (1734 ROI pts)"", ""duration_ms"": 713.1}, {""state"": ""PLAN_PICK"", ""success"": true, ""message"": ""grasp=[ 0.363 -0.14   0.165] pre=[ 0.27  -0.104  0.165]"", ""duration_ms"": 0.1}, {""state"": ""EXECUTE_PICK"", ""success"": true, ""message"": ""grasp executed"", ""duration_ms"": 101.8}, {""state"": ""VERIFY_GRASP"", ""success"": true, ""message"": ""object lifted 125 mm"", ""duration_ms"": 0.0}, {""state"": ""DETECT_TARGET"", ""success"": true, ""message"": ""target container bowl_0 base=[ 0.531 -0.006  0.14 ]"", ""duration_ms"": 0.1}, {""state"": ""PLAN_PLACE"", ""success"": true, ""message"": ""release above [ 0.531 -0.006  0.14 ] +0.07m"", ""duration_ms"": 0.0}, {""state"": ""EXECUTE_PLACE"", ""success"": true, ""message"": ""released"", ""duration_ms"": 99.9}, {""state"": ""VERIFY_DONE"", ""success"": true, ""message"": ""object placed 5 mm from target"", ""duration_ms"": 0.0}]"
100,yolo,20260712,0.3587,-0.15582,0,DETECT_SOURCE,731.8,731.8,0,0,0,,,,,"[{""state"": ""DETECT_SOURCE"", ""success"": false, ""message"": ""no 'cup' detected (saw 2 objects)"", ""duration_ms"": 731.8}]"
